game_pk,excluded,n_innings,max_runs,highest_inning,home_sp_id_actual,away_sp_id_actual,inning_1_runs,inning_2_runs,inning_3_runs,inning_4_runs,inning_5_runs,inning_6_runs,inning_7_runs,inning_8_runs,inning_9_runs
824940,False,9,4.0,4,519242.0,622663.0,0.0,2.0,0.0,4.0,0.0,0.0,0.0,0.0,0.0
824860,False,9,3.0,5,669432.0,543135.0,0.0,2.0,2.0,2.0,3.0,1.0,0.0,1.0,0.0
824536,False,9,4.0,9,671096.0,694973.0,3.0,0.0,0.0,1.0,0.0,3.0,0.0,0.0,4.0
823483,True,10,,,,,,,,,,,,,
822835,True,10,,,,,,,,,,,,,
823889,False,9,4.0,1,645261.0,681343.0,4.0,2.0,2.0,0.0,0.0,1.0,0.0,1.0,0.0
823078,True,11,,,,,,,,,,,,,
823806,False,9,6.0,8,694819.0,656876.0,0.0,0.0,4.0,0.0,0.0,0.0,0.0,6.0,0.0
824211,False,9,3.0,tie,681347.0,676979.0,3.0,1.0,0.0,0.0,3.0,0.0,1.0,1.0,1.0
824698,False,9,5.0,3,571510.0,579328.0,0.0,0.0,5.0,0.0,0.0,2.0,1.0,0.0,0.0
825106,False,9,1.0,1,668678.0,669373.0,1.0,0.0,0.0,0.0,0.0,0.0,0.0,0.0,0.0
823321,False,9,4.0,8,601713.0,605288.0,1.0,0.0,0.0,0.0,1.0,1.0,1.0,4.0,0.0
823157,False,9,3.0,6,669923.0,693645.0,1.0,0.0,0.0,0.0,0.0,3.0,0.0,2.0,2.0
824136,False,9,7.0,6,702070.0,657746.0,0.0,3.0,1.0,1.0,1.0,7.0,4.0,2.0,3.0
823970,False,9,2.0,tie,808967.0,668909.0,0.0,0.0,2.0,0.0,0.0,0.0,0.0,2.0,1.0
824133,False,9,3.0,9,666142.0,671737.0,0.0,1.0,0.0,0.0,0.0,0.0,0.0,2.0,3.0
825105,False,9,8.0,5,669194.0,625643.0,1.0,0.0,2.0,0.0,8.0,2.0,0.0,0.0,6.0
823242,False,9,4.0,1,592662.0,656849.0,4.0,1.0,2.0,0.0,1.0,1.0,0.0,0.0,0.0
822758,False,9,6.0,3,571945.0,686218.0,3.0,0.0,6.0,2.0,4.0,0.0,1.0,2.0,1.0
824299,False,9,2.0,4,664285.0,700241.0,0.0,0.0,0.0,2.0,1.0,1.0,0.0,0.0,0.0
823568,False,9,3.0,1,701542.0,691587.0,3.0,2.0,0.0,0.0,1.0,1.0,1.0,2.0,0.0
824786,False,9,3.0,6,543243.0,650633.0,0.0,0.0,1.0,1.0,2.0,3.0,0.0,0.0,0.0
824621,True,10,,,,,,,,,,,,,
822919,False,9,4.0,2,669022.0,663903.0,0.0,4.0,0.0,0.0,0.0,1.0,1.0,0.0,2.0
824458,False,9,3.0,7,676282.0,690990.0,0.0,0.0,1.0,0.0,1.0,0.0,3.0,0.0,0.0
823732,False,9,7.0,7,641927.0,671212.0,2.0,0.0,0.0,4.0,0.0,0.0,7.0,1.0,0.0
824377,False,9,7.0,1,547179.0,605400.0,7.0,1.0,1.0,1.0,1.0,0.0,0.0,0.0,0.0
823406,False,9,4.0,2,656605.0,680694.0,0.0,4.0,0.0,0.0,3.0,0.0,1.0,0.0,1.0
824056,True,10,,,,,,,,,,,,,
825026,False,9,6.0,4,605488.0,664299.0,0.0,1.0,4.0,6.0,1.0,0.0,1.0,0.0,2.0
825103,False,9,2.0,9,593958.0,656550.0,0.0,0.0,0.0,0.0,0.0,0.0,0.0,0.0,2.0
823240,False,9,3.0,tie,641816.0,690997.0,2.0,0.0,0.0,3.0,0.0,2.0,3.0,1.0,2.0
824622,False,9,5.0,6,691799.0,689254.0,1.0,0.0,0.0,0.0,0.0,5.0,1.0,2.0,0.0
824132,False,9,3.0,3,679883.0,694477.0,2.0,0.0,3.0,0.0,0.0,0.0,2.0,0.0,0.0
824134,False,9,6.0,6,607625.0,701656.0,0.0,2.0,2.0,0.0,0.0,6.0,0.0,0.0,0.0
822757,False,9,3.0,tie,663623.0,607192.0,2.0,3.0,2.0,1.0,3.0,0.0,1.0,2.0,1.0
825027,False,9,3.0,tie,806960.0,837227.0,2.0,0.0,2.0,3.0,0.0,3.0,0.0,1.0,0.0
823404,False,9,3.0,4,669387.0,669358.0,0.0,0.0,0.0,3.0,0.0,0.0,0.0,1.0,1.0
824782,False,9,2.0,2,813349.0,681190.0,0.0,2.0,1.0,0.0,0.0,0.0,0.0,1.0,1.0
822920,False,9,2.0,1,677958.0,695076.0,2.0,0.0,0.0,0.0,0.0,0.0,0.0,0.0,0.0
823569,False,9,5.0,8,677960.0,676974.0,2.0,1.0,0.0,1.0,2.0,3.0,1.0,5.0,1.0
823730,False,9,4.0,2,690953.0,571927.0,0.0,4.0,1.0,0.0,2.0,0.0,0.0,1.0,0.0
825104,False,9,3.0,2,647336.0,693821.0,0.0,3.0,0.0,0.0,0.0,0.0,0.0,0.0,0.0
824378,False,9,1.0,tie,657514.0,666200.0,1.0,0.0,1.0,0.0,1.0,0.0,0.0,0.0,0.0
823239,False,9,5.0,5,694738.0,605280.0,0.0,3.0,0.0,0.0,5.0,0.0,1.0,0.0,0.0
824054,False,9,1.0,1,686799.0,676106.0,1.0,0.0,0.0,0.0,0.0,0.0,0.0,0.0,0.0
824459,False,9,1.0,8,677944.0,665795.0,0.0,0.0,0.0,0.0,0.0,0.0,0.0,1.0,0.0
824460,False,9,5.0,6,800048.0,684007.0,0.0,0.0,1.0,0.0,0.0,5.0,0.0,4.0,1.0
822756,False,9,4.0,tie,656492.0,808963.0,0.0,0.0,3.0,4.0,0.0,2.0,0.0,4.0,1.0
823405,False,9,4.0,2,677952.0,605135.0,2.0,4.0,0.0,1.0,0.0,2.0,1.0,0.0,0.0
824781,False,9,4.0,3,624133.0,621111.0,0.0,0.0,4.0,3.0,3.0,0.0,2.0,1.0,1.0
823566,False,9,4.0,tie,608331.0,664126.0,4.0,0.0,1.0,1.0,0.0,1.0,0.0,4.0,2.0
823729,True,10,,,,,,,,,,,,,
824620,False,9,1.0,tie,663436.0,641778.0,1.0,0.0,1.0,1.0,0.0,0.0,0.0,0.0,0.0
824131,False,9,5.0,7,663460.0,690986.0,3.0,0.0,2.0,1.0,0.0,0.0,5.0,0.0,2.0
822917,False,9,1.0,tie,683004.0,695505.0,0.0,0.0,0.0,1.0,0.0,0.0,1.0,1.0,0.0
824379,False,9,3.0,1,608372.0,592836.0,3.0,1.0,0.0,0.0,1.0,0.0,0.0,0.0,0.0
825025,True,10,,,,,,,,,,,,,
823238,False,9,4.0,8,657277.0,673540.0,0.0,1.0,0.0,0.0,0.0,2.0,0.0,4.0,0.0
824053,True,11,,,,,,,,,,,,,
825102,True,10,,,,,,,,,,,,,
824296,False,9,4.0,5,672456.0,681517.0,0.0,0.0,2.0,0.0,4.0,1.0,0.0,1.0,0.0
823002,False,9,5.0,2,663556.0,592791.0,0.0,5.0,1.0,0.0,0.0,1.0,2.0,0.0,1.0
824456,False,9,3.0,8,676440.0,608379.0,0.0,0.0,1.0,1.0,0.0,1.0,0.0,3.0,0.0
823401,False,9,2.0,5,696149.0,608566.0,0.0,0.0,0.0,1.0,2.0,1.0,0.0,1.0,0.0
823886,False,9,1.0,tie,676083.0,682227.0,0.0,0.0,0.0,1.0,0.0,0.0,0.0,1.0,0.0
822755,False,9,9.0,8,641793.0,669467.0,2.0,0.0,0.0,0.0,1.0,3.0,0.0,9.0,0.0
824783,False,9,6.0,4,678394.0,605540.0,1.0,0.0,2.0,6.0,1.0,0.0,0.0,2.0,2.0
822832,False,9,4.0,7,453286.0,680736.0,3.0,0.0,2.0,1.0,1.0,3.0,4.0,1.0,1.0
823728,False,9,5.0,4,657746.0,663554.0,0.0,0.0,3.0,5.0,0.0,0.0,0.0,2.0,0.0
824619,False,9,1.0,tie,691799.0,687064.0,0.0,0.0,0.0,1.0,0.0,1.0,0.0,0.0,1.0
822918,False,9,2.0,1,594798.0,669302.0,2.0,0.0,0.0,0.0,0.0,1.0,0.0,0.0,0.0
824376,False,9,8.0,5,663372.0,675989.0,2.0,0.0,0.0,1.0,8.0,2.0,1.0,2.0,0.0
824052,False,9,3.0,4,667755.0,519242.0,2.0,0.0,0.0,3.0,2.0,0.0,0.0,0.0,1.0
823237,False,9,4.0,7,605288.0,691725.0,0.0,0.0,3.0,1.0,2.0,0.0,4.0,0.0,0.0
824457,False,9,1.0,tie,668909.0,702070.0,0.0,1.0,0.0,0.0,1.0,0.0,0.0,0.0,1.0
824618,False,9,3.0,8,681343.0,669432.0,0.0,0.0,2.0,0.0,1.0,0.0,0.0,3.0,0.0
823648,True,10,,,,,,,,,,,,,
823402,False,9,5.0,8,694973.0,601713.0,0.0,0.0,0.0,0.0,2.0,0.0,1.0,5.0,0.0
822999,False,9,3.0,8,669438.0,665871.0,0.0,2.0,2.0,0.0,0.0,1.0,1.0,3.0,2.0
823887,True,10,,,,,,,,,,,,,
822754,True,10,,,,,,,,,,,,,
824780,False,9,3.0,6,676979.0,694819.0,0.0,0.0,0.0,0.0,0.0,3.0,2.0,0.0,0.0
823567,False,9,4.0,8,693645.0,650644.0,0.0,1.0,3.0,0.0,0.0,0.0,0.0,4.0,0.0
822831,False,9,2.0,3,592332.0,808967.0,0.0,0.0,2.0,0.0,1.0,1.0,0.0,0.0,1.0
823727,False,9,4.0,5,671737.0,669373.0,0.0,0.0,0.0,0.0,4.0,0.0,1.0,0.0,1.0
822916,False,9,4.0,5,543135.0,669923.0,1.0,0.0,0.0,0.0,4.0,0.0,0.0,0.0,0.0
824375,False,9,2.0,tie,607536.0,681347.0,0.0,2.0,0.0,2.0,0.0,0.0,2.0,0.0,0.0
824051,False,9,3.0,4,579328.0,625643.0,2.0,1.0,0.0,3.0,0.0,0.0,0.0,1.0,2.0
823235,False,9,2.0,tie,592662.0,650911.0,1.0,0.0,0.0,0.0,2.0,1.0,0.0,2.0,0.0
823403,False,9,6.0,7,656605.0,650633.0,0.0,0.0,0.0,0.0,0.0,0.0,6.0,0.0,4.0
824455,False,9,5.0,8,676282.0,666142.0,3.0,1.0,0.0,1.0,2.0,0.0,0.0,5.0,0.0
824779,False,9,3.0,3,543243.0,675660.0,0.0,0.0,3.0,0.0,0.0,0.0,2.0,0.0,0.0
824617,False,9,2.0,tie,680732.0,680694.0,0.0,2.0,2.0,0.0,1.0,2.0,0.0,0.0,1.0
822915,False,9,3.0,5,669022.0,693433.0,0.0,0.0,0.0,0.0,3.0,0.0,0.0,0.0,0.0
822833,False,9,3.0,7,656302.0,660271.0,0.0,0.0,1.0,1.0,0.0,1.0,3.0,1.0,0.0
824374,False,9,6.0,2,547179.0,664299.0,1.0,6.0,0.0,1.0,0.0,1.0,0.0,1.0,0.0
823234,False,9,3.0,6,641816.0,605400.0,0.0,0.0,0.0,0.0,0.0,3.0,0.0,2.0,0.0
822753,False,9,2.0,tie,571945.0,700241.0,0.0,2.0,1.0,0.0,1.0,0.0,1.0,0.0,2.0
824050,False,9,3.0,tie,672282.0,656550.0,1.0,3.0,3.0,0.0,2.0,1.0,0.0,0.0,0.0
823646,False,9,4.0,2,656849.0,669194.0,1.0,4.0,0.0,0.0,0.0,1.0,0.0,3.0,0.0
823000,False,9,5.0,5,671212.0,607067.0,1.0,0.0,1.0,0.0,5.0,0.0,0.0,1.0,0.0
823885,False,9,4.0,1,691587.0,663903.0,4.0,2.0,2.0,0.0,2.0,0.0,1.0,0.0,0.0
823564,False,9,2.0,tie,701542.0,622663.0,2.0,0.0,0.0,2.0,0.0,0.0,0.0,0.0,1.0
823726,False,9,6.0,1,641927.0,664285.0,6.0,0.0,0.0,1.0,0.0,3.0,4.0,0.0,0.0
823884,False,9,3.0,4,676974.0,695076.0,1.0,0.0,0.0,3.0,1.0,1.0,1.0,2.0,0.0
823565,False,9,1.0,7,677960.0,605488.0,0.0,0.0,0.0,0.0,0.0,0.0,1.0,0.0,0.0
823724,False,9,2.0,8,690953.0,656427.0,0.0,0.0,0.0,1.0,0.0,0.0,1.0,2.0,0.0
823645,False,9,4.0,7,690997.0,593958.0,1.0,0.0,0.0,0.0,0.0,0.0,4.0,3.0,0.0
824130,False,9,1.0,tie,607625.0,641743.0,0.0,0.0,0.0,1.0,0.0,0.0,1.0,0.0,0.0
823319,True,12,,,,,,,,,,,,,
824695,False,9,2.0,7,684007.0,669387.0,0.0,0.0,0.0,0.0,0.0,0.0,2.0,0.0,0.0
823482,False,9,5.0,5,666200.0,647336.0,4.0,0.0,0.0,0.0,5.0,0.0,0.0,0.0,0.0
824297,False,9,1.0,tie,672456.0,663978.0,0.0,1.0,0.0,0.0,1.0,0.0,0.0,0.0,0.0
824534,False,9,6.0,8,695505.0,686799.0,0.0,1.0,1.0,2.0,1.0,1.0,0.0,6.0,0.0
822829,False,9,6.0,4,571578.0,680573.0,3.0,0.0,0.0,6.0,1.0,2.0,1.0,1.0,0.0
823643,False,9,3.0,9,605280.0,669372.0,0.0,0.0,1.0,0.0,0.0,0.0,0.0,0.0,3.0
822997,False,9,4.0,1,571927.0,661563.0,4.0,1.0,0.0,0.0,0.0,2.0,0.0,1.0,0.0
824858,False,9,3.0,tie,669358.0,694738.0,0.0,0.0,1.0,3.0,0.0,0.0,3.0,0.0,2.0
824941,False,9,6.0,6,693821.0,677944.0,0.0,0.0,1.0,1.0,1.0,6.0,2.0,5.0,0.0
824128,False,9,1.0,tie,663460.0,663436.0,0.0,0.0,0.0,1.0,0.0,0.0,1.0,0.0,0.0
823808,False,9,5.0,1,676879.0,663623.0,5.0,0.0,0.0,0.0,0.0,0.0,1.0,0.0,4.0
823076,False,9,2.0,tie,669160.0,813349.0,0.0,1.0,0.0,2.0,2.0,0.0,0.0,0.0,0.0
823318,False,9,3.0,9,621111.0,608372.0,0.0,0.0,0.0,0.0,2.0,0.0,0.0,2.0,3.0
823156,False,9,4.0,7,676106.0,837227.0,3.0,3.0,0.0,0.0,2.0,0.0,4.0,3.0,0.0
823968,False,9,4.0,9,607192.0,677958.0,0.0,1.0,3.0,1.0,2.0,2.0,0.0,2.0,4.0
823480,False,9,4.0,3,592836.0,694297.0,2.0,0.0,4.0,0.0,0.0,0.0,0.0,1.0,0.0
824294,False,9,3.0,3,663554.0,676083.0,2.0,0.0,3.0,1.0,0.0,0.0,0.0,1.0,0.0
824697,True,11,,,,,,,,,,,,,
822830,False,9,7.0,3,641778.0,657746.0,2.0,0.0,7.0,0.0,0.0,0.0,0.0,0.0,2.0
824535,False,9,4.0,1,682227.0,691946.0,4.0,1.0,1.0,2.0,0.0,0.0,0.0,2.0,0.0
823644,False,9,5.0,3,673540.0,682052.0,1.0,2.0,5.0,0.0,2.0,2.0,1.0,4.0,0.0
824129,False,9,1.0,tie,608379.0,607200.0,1.0,0.0,0.0,0.0,0.0,0.0,0.0,1.0,0.0
822996,True,10,,,,,,,,,,,,,
823805,False,9,2.0,tie,690986.0,656492.0,0.0,0.0,0.0,0.0,2.0,0.0,0.0,0.0,2.0
824857,False,9,3.0,4,605135.0,657277.0,0.0,2.0,1.0,3.0,0.0,0.0,1.0,1.0,0.0
823074,False,9,5.0,9,681517.0,624133.0,0.0,0.0,0.0,2.0,0.0,0.0,0.0,1.0,5.0
824939,False,9,3.0,9,527048.0,800048.0,1.0,0.0,0.0,0.0,0.0,1.0,0.0,1.0,3.0
823316,False,9,5.0,3,608566.0,663372.0,2.0,0.0,5.0,3.0,0.0,3.0,0.0,1.0,0.0
823967,False,9,5.0,1,686218.0,683004.0,5.0,0.0,1.0,0.0,0.0,2.0,0.0,1.0,0.0
823155,False,9,5.0,5,622491.0,621121.0,2.0,3.0,3.0,1.0,5.0,0.0,0.0,0.0,1.0
824859,False,9,3.0,5,700249.0,605288.0,2.0,0.0,0.0,0.0,3.0,1.0,1.0,0.0,1.0
823479,False,9,4.0,6,647315.0,668678.0,0.0,1.0,0.0,0.0,0.0,4.0,0.0,2.0,0.0
822828,False,9,5.0,3,453286.0,671737.0,1.0,3.0,5.0,0.0,0.0,0.0,1.0,0.0,0.0
824533,False,9,4.0,8,671096.0,667755.0,3.0,2.0,0.0,2.0,0.0,0.0,1.0,4.0,3.0
823642,False,9,1.0,3,642547.0,650644.0,0.0,0.0,1.0,0.0,0.0,0.0,0.0,0.0,0.0
824293,False,9,3.0,tie,669373.0,645261.0,3.0,0.0,0.0,0.0,1.0,3.0,1.0,1.0,1.0
822998,False,9,3.0,7,656876.0,693645.0,1.0,2.0,0.0,0.0,0.0,0.0,3.0,1.0,2.0
824126,False,9,4.0,4,702070.0,691799.0,0.0,2.0,3.0,4.0,0.0,1.0,1.0,0.0,0.0
823804,False,9,7.0,7,605540.0,641793.0,0.0,0.0,1.0,3.0,1.0,0.0,7.0,2.0,0.0
823075,False,9,4.0,4,669467.0,678394.0,2.0,2.0,0.0,4.0,0.0,1.0,0.0,1.0,2.0
824696,False,9,4.0,2,592791.0,696149.0,1.0,4.0,2.0,0.0,2.0,0.0,1.0,2.0,1.0
823317,False,9,3.0,5,601713.0,607536.0,1.0,1.0,0.0,1.0,3.0,2.0,1.0,0.0,0.0
823154,False,9,2.0,tie,669302.0,675989.0,1.0,1.0,2.0,0.0,1.0,2.0,0.0,0.0,0.0
823966,False,9,2.0,tie,808963.0,594798.0,1.0,0.0,2.0,0.0,0.0,1.0,1.0,2.0,0.0
824938,False,9,4.0,tie,519242.0,676440.0,0.0,3.0,0.0,2.0,4.0,1.0,0.0,4.0,0.0
823153,False,9,3.0,tie,669923.0,681347.0,3.0,0.0,2.0,0.0,3.0,0.0,0.0,0.0,0.0
824856,False,9,8.0,6,665152.0,669194.0,1.0,0.0,2.0,2.0,0.0,8.0,2.0,1.0,0.0
823400,False,9,10.0,6,694973.0,676917.0,1.0,4.0,1.0,0.0,0.0,10.0,4.0,1.0,0.0
823481,False,9,5.0,tie,650911.0,665871.0,1.0,1.0,2.0,2.0,5.0,3.0,1.0,5.0,0.0
823563,False,9,4.0,tie,701542.0,579328.0,2.0,2.0,0.0,4.0,3.0,4.0,1.0,2.0,3.0
824937,False,9,6.0,4,656550.0,691587.0,0.0,0.0,0.0,6.0,4.0,3.0,0.0,1.0,0.0
823725,False,9,7.0,2,641927.0,676979.0,4.0,7.0,3.0,0.0,2.0,1.0,2.0,0.0,0.0
823073,False,9,4.0,8,669461.0,668909.0,2.0,0.0,0.0,3.0,0.0,3.0,0.0,4.0,0.0
825024,False,9,5.0,8,622663.0,543135.0,3.0,0.0,1.0,0.0,0.0,0.0,0.0,5.0,0.0
823964,False,9,3.0,3,680736.0,656849.0,1.0,0.0,3.0,0.0,0.0,0.0,0.0,0.0,0.0
824853,False,9,4.0,5,669432.0,518876.0,0.0,1.0,1.0,0.0,4.0,0.0,0.0,1.0,0.0
824292,False,9,2.0,8,664285.0,666142.0,0.0,1.0,0.0,0.0,0.0,0.0,0.0,2.0,0.0
823398,False,9,4.0,1,656605.0,676571.0,4.0,0.0,1.0,3.0,1.0,0.0,0.0,0.0,0.0
824531,False,9,1.0,tie,663903.0,592662.0,0.0,0.0,1.0,1.0,1.0,0.0,0.0,0.0,0.0
823478,False,9,4.0,6,605400.0,702303.0,0.0,3.0,2.0,0.0,1.0,4.0,0.0,1.0,3.0
823562,False,9,3.0,1,677960.0,672282.0,3.0,0.0,0.0,1.0,0.0,2.0,0.0,2.0,0.0
824935,False,9,4.0,tie,625643.0,676974.0,1.0,4.0,2.0,0.0,0.0,0.0,0.0,4.0,0.0
823723,False,9,3.0,4,690953.0,543243.0,1.0,0.0,1.0,3.0,0.0,1.0,0.0,0.0,0.0
824616,False,9,4.0,3,702273.0,663556.0,3.0,0.0,4.0,0.0,0.0,2.0,2.0,0.0,2.0
823802,True,10,,,,,,,,,,,,,
823072,True,10,,,,,,,,,,,,,
824210,False,9,6.0,3,676467.0,547179.0,1.0,3.0,6.0,1.0,1.0,0.0,0.0,1.0,0.0
823315,False,9,3.0,3,650633.0,693433.0,0.0,1.0,3.0,0.0,0.0,0.0,0.0,1.0,0.0
825022,False,9,2.0,3,605488.0,669022.0,1.0,0.0,2.0,0.0,0.0,0.0,0.0,0.0,0.0
823965,False,9,2.0,1,808967.0,690997.0,2.0,0.0,0.0,0.0,0.0,0.0,0.0,1.0,0.0
824855,True,10,,,,,,,,,,,,,
823071,False,9,3.0,tie,669160.0,677944.0,1.0,1.0,0.0,0.0,0.0,3.0,3.0,0.0,0.0
823722,False,9,5.0,3,680573.0,813349.0,1.0,0.0,5.0,0.0,2.0,2.0,0.0,0.0,4.0
824291,False,9,1.0,tie,656427.0,607625.0,0.0,0.0,1.0,0.0,1.0,0.0,0.0,1.0,0.0
823399,False,9,2.0,1,682254.0,663623.0,2.0,0.0,0.0,0.0,0.0,0.0,0.0,0.0,0.0
824532,False,9,5.0,2,695076.0,641816.0,4.0,5.0,0.0,1.0,0.0,0.0,1.0,0.0,0.0
823477,False,9,4.0,6,666200.0,684007.0,1.0,0.0,3.0,0.0,2.0,4.0,1.0,0.0,2.0
823561,False,9,3.0,5,661563.0,686799.0,1.0,2.0,1.0,0.0,3.0,0.0,0.0,0.0,2.0
824936,False,9,3.0,tie,693821.0,663978.0,0.0,2.0,0.0,0.0,0.0,1.0,3.0,3.0,0.0
824615,False,9,4.0,7,680732.0,642121.0,0.0,0.0,1.0,0.0,2.0,1.0,4.0,0.0,3.0
823803,False,9,2.0,8,694477.0,656302.0,1.0,0.0,0.0,0.0,0.0,0.0,0.0,2.0,0.0
824209,False,9,2.0,1,681293.0,500779.0,2.0,1.0,1.0,0.0,0.0,0.0,0.0,0.0,0.0
823314,False,9,5.0,9,681190.0,676106.0,0.0,2.0,0.0,2.0,2.0,2.0,0.0,0.0,5.0
825021,False,9,3.0,8,669372.0,677958.0,1.0,1.0,2.0,0.0,0.0,2.0,2.0,3.0,0.0
823963,False,9,5.0,8,660271.0,605280.0,0.0,2.0,0.0,0.0,1.0,1.0,0.0,5.0,1.0
823396,True,10,,,,,,,,,,,,,
824530,False,9,3.0,7,695505.0,694738.0,0.0,0.0,0.0,0.0,0.0,0.0,3.0,0.0,0.0
824289,False,9,7.0,7,672456.0,663460.0,0.0,1.0,0.0,2.0,4.0,1.0,7.0,0.0,4.0
823560,False,9,5.0,6,608331.0,608718.0,3.0,0.0,2.0,0.0,0.0,5.0,1.0,4.0,0.0
823801,False,9,1.0,tie,687075.0,571578.0,0.0,0.0,1.0,1.0,0.0,0.0,1.0,0.0,0.0
824614,False,9,3.0,9,673929.0,571927.0,0.0,0.0,1.0,1.0,0.0,1.0,1.0,1.0,3.0
825023,False,9,4.0,tie,682052.0,683004.0,0.0,0.0,1.0,0.0,4.0,1.0,2.0,3.0,4.0
824453,False,9,2.0,tie,800048.0,669358.0,2.0,0.0,0.0,0.0,1.0,1.0,0.0,0.0,2.0
824208,False,9,2.0,1,680802.0,675848.0,2.0,0.0,1.0,1.0,1.0,0.0,0.0,0.0,0.0
823313,False,9,4.0,2,621111.0,622491.0,0.0,4.0,0.0,0.0,0.0,2.0,1.0,0.0,0.0
824693,False,9,5.0,2,665795.0,673540.0,4.0,5.0,0.0,1.0,0.0,0.0,3.0,3.0,0.0
824454,False,9,6.0,8,676440.0,605135.0,0.0,0.0,0.0,0.0,0.0,0.0,4.0,6.0,0.0
823476,False,9,4.0,2,592836.0,527048.0,2.0,4.0,1.0,0.0,0.0,0.0,0.0,1.0,1.0
822752,False,9,6.0,2,641793.0,657277.0,0.0,6.0,1.0,4.0,0.0,1.0,2.0,0.0,1.0
823397,False,9,3.0,6,696149.0,607259.0,0.0,1.0,0.0,0.0,0.0,3.0,0.0,2.0,0.0
823559,False,9,3.0,8,693645.0,608379.0,0.0,0.0,0.0,2.0,0.0,1.0,0.0,3.0,0.0
823883,True,10,,,,,,,,,,,,,
824778,True,10,,,,,,,,,,,,,
824207,False,9,4.0,3,663567.0,681517.0,1.0,0.0,4.0,1.0,1.0,0.0,3.0,3.0,0.0
823720,False,9,2.0,4,657746.0,682227.0,0.0,0.0,0.0,2.0,1.0,0.0,0.0,0.0,0.0
824373,False,9,2.0,tie,608372.0,607192.0,1.0,1.0,2.0,2.0,2.0,0.0,0.0,0.0,0.0
824048,False,9,3.0,tie,667755.0,663362.0,0.0,3.0,0.0,3.0,2.0,0.0,0.0,0.0,0.0
823152,False,9,2.0,9,669302.0,594798.0,1.0,0.0,1.0,0.0,0.0,0.0,1.0,0.0,2.0
825101,False,9,2.0,tie,647336.0,680755.0,0.0,0.0,0.0,2.0,2.0,1.0,2.0,2.0,0.0
825019,False,9,4.0,7,650644.0,663436.0,1.0,0.0,2.0,1.0,2.0,0.0,4.0,1.0,0.0
823558,False,9,5.0,3,701542.0,702070.0,0.0,0.0,5.0,2.0,0.0,3.0,4.0,1.0,2.0
823721,False,9,2.0,1,671737.0,671096.0,2.0,1.0,1.0,1.0,1.0,0.0,1.0,1.0,1.0
824694,False,9,3.0,6,592791.0,642547.0,0.0,2.0,0.0,0.0,0.0,3.0,0.0,1.0,0.0
823394,True,13,,,,,,,,,,,,,
822751,True,12,,,,,,,,,,,,,
825020,True,11,,,,,,,,,,,,,
824775,False,9,3.0,4,678394.0,669373.0,1.0,0.0,0.0,3.0,1.0,0.0,0.0,0.0,0.0
823882,False,9,2.0,tie,645261.0,605540.0,0.0,1.0,0.0,1.0,2.0,2.0,0.0,0.0,1.0
824451,False,9,3.0,5,668909.0,665152.0,0.0,0.0,0.0,1.0,3.0,0.0,0.0,2.0,0.0
824206,False,9,3.0,tie,621121.0,669467.0,3.0,0.0,2.0,0.0,0.0,1.0,1.0,2.0,3.0
823151,False,9,3.0,8,669923.0,543135.0,1.0,0.0,0.0,2.0,0.0,2.0,0.0,3.0,2.0
823474,False,9,3.0,3,650911.0,519242.0,0.0,1.0,3.0,0.0,0.0,0.0,0.0,0.0,0.0
824372,False,9,3.0,1,663372.0,686218.0,3.0,2.0,0.0,0.0,0.0,2.0,0.0,0.0,0.0
825098,False,9,4.0,8,668678.0,453286.0,2.0,0.0,0.0,0.0,1.0,1.0,0.0,4.0,0.0
824049,False,9,3.0,8,579328.0,608566.0,0.0,0.0,0.0,0.0,0.0,0.0,0.0,3.0,2.0
822750,False,9,3.0,5,676571.0,592662.0,0.0,0.0,0.0,0.0,3.0,0.0,0.0,0.0,0.0
823393,False,9,5.0,5,656605.0,663556.0,1.0,0.0,0.0,0.0,5.0,1.0,0.0,1.0,1.0
823556,False,9,3.0,tie,677960.0,666142.0,3.0,1.0,0.0,0.0,3.0,0.0,0.0,0.0,0.0
824452,False,9,5.0,5,676282.0,669432.0,0.0,0.0,1.0,4.0,5.0,0.0,0.0,2.0,0.0
823881,False,9,3.0,tie,691587.0,694819.0,3.0,0.0,0.0,0.0,0.0,3.0,0.0,2.0,0.0
824205,True,10,,,,,,,,,,,,,
823718,True,10,,,,,,,,,,,,,
824691,True,10,,,,,,,,,,,,,
824371,False,9,3.0,tie,547179.0,808963.0,0.0,0.0,2.0,2.0,2.0,1.0,3.0,3.0,2.0
825018,False,9,4.0,2,605488.0,702273.0,1.0,4.0,0.0,0.0,3.0,0.0,3.0,0.0,0.0
824047,False,9,2.0,7,700712.0,650633.0,0.0,0.0,0.0,1.0,0.0,0.0,2.0,0.0,0.0
823150,False,9,2.0,tie,693433.0,669022.0,1.0,2.0,0.0,0.0,2.0,0.0,2.0,0.0,0.0
825100,False,9,8.0,1,669194.0,592332.0,8.0,1.0,1.0,1.0,0.0,1.0,2.0,0.0,0.0
824777,False,9,4.0,5,676979.0,664285.0,2.0,0.0,0.0,0.0,4.0,0.0,0.0,0.0,2.0
823475,False,9,3.0,5,691725.0,656550.0,2.0,0.0,1.0,0.0,3.0,0.0,0.0,0.0,0.0
824776,False,9,3.0,tie,543243.0,656427.0,0.0,2.0,1.0,1.0,0.0,2.0,3.0,2.0,3.0
824450,False,9,4.0,4,677944.0,681293.0,3.0,0.0,1.0,4.0,1.0,0.0,1.0,0.0,1.0
822994,False,9,3.0,1,669947.0,695076.0,3.0,0.0,1.0,0.0,0.0,2.0,1.0,0.0,0.0
823879,False,9,3.0,6,676974.0,700241.0,0.0,0.0,0.0,2.0,1.0,3.0,0.0,1.0,1.0
822749,False,9,6.0,6,663623.0,693821.0,2.0,0.0,0.0,3.0,0.0,6.0,0.0,0.0,2.0
824125,True,12,,,,,,,,,,,,,
824692,False,9,4.0,2,607067.0,605400.0,0.0,4.0,1.0,1.0,0.0,0.0,0.0,0.0,0.0
824370,False,9,4.0,9,500779.0,680736.0,1.0,2.0,2.0,1.0,0.0,1.0,1.0,3.0,4.0
824046,False,9,3.0,3,672282.0,656302.0,1.0,0.0,3.0,0.0,0.0,1.0,1.0,0.0,1.0
823149,False,9,3.0,8,676106.0,669372.0,2.0,1.0,0.0,1.0,0.0,2.0,0.0,3.0,1.0
824448,False,9,6.0,8,800048.0,680802.0,1.0,1.0,0.0,0.0,3.0,0.0,1.0,6.0,1.0
822995,False,9,6.0,6,571927.0,695505.0,2.0,2.0,0.0,0.0,1.0,6.0,2.0,0.0,5.0
823880,False,9,2.0,tie,663978.0,669160.0,2.0,0.0,1.0,2.0,1.0,0.0,0.0,2.0,0.0
824290,False,9,7.0,8,672456.0,690986.0,0.0,3.0,0.0,1.0,0.0,0.0,2.0,7.0,3.0
822747,False,9,4.0,8,656492.0,625643.0,3.0,2.0,1.0,0.0,2.0,0.0,3.0,4.0,0.0
824773,False,9,2.0,6,813349.0,661563.0,0.0,1.0,0.0,0.0,0.0,2.0,0.0,1.0,0.0
823640,False,9,3.0,3,690997.0,680573.0,0.0,0.0,3.0,0.0,0.0,2.0,1.0,0.0,2.0
824127,False,9,4.0,2,663460.0,669358.0,0.0,4.0,0.0,0.0,2.0,0.0,1.0,3.0,1.0
824690,False,9,3.0,tie,684007.0,666200.0,0.0,0.0,0.0,0.0,1.0,3.0,3.0,3.0,1.0
822914,False,9,3.0,5,677958.0,669387.0,1.0,2.0,0.0,0.0,3.0,0.0,0.0,0.0,0.0
824369,False,9,1.0,6,623474.0,681190.0,0.0,0.0,0.0,0.0,0.0,1.0,0.0,0.0,0.0
824045,False,9,3.0,8,686799.0,571578.0,0.0,0.0,0.0,0.0,1.0,1.0,0.0,3.0,1.0
823148,False,9,1.0,tie,622491.0,682052.0,1.0,0.0,1.0,1.0,1.0,1.0,1.0,0.0,1.0
825099,False,9,6.0,9,518876.0,680732.0,4.0,3.0,0.0,1.0,2.0,0.0,0.0,0.0,6.0
823236,False,9,3.0,1,694738.0,808967.0,3.0,0.0,0.0,1.0,0.0,0.0,0.0,0.0,0.0
823878,False,9,2.0,2,676083.0,681517.0,0.0,2.0,0.0,1.0,1.0,0.0,0.0,0.0,1.0
824449,False,9,2.0,1,676440.0,663567.0,2.0,0.0,0.0,0.0,0.0,0.0,0.0,0.0,0.0
822993,False,9,3.0,2,607259.0,682227.0,0.0,3.0,1.0,0.0,2.0,0.0,1.0,0.0,0.0
824123,False,9,9.0,6,608379.0,605135.0,3.0,0.0,0.0,2.0,0.0,9.0,0.0,0.0,0.0
824044,False,9,7.0,7,667755.0,641778.0,0.0,0.0,1.0,1.0,1.0,0.0,7.0,0.0,0.0
823147,False,9,3.0,1,669302.0,650644.0,3.0,0.0,2.0,0.0,0.0,1.0,1.0,0.0,2.0
824286,False,9,2.0,tie,663554.0,669084.0,0.0,0.0,1.0,2.0,2.0,0.0,0.0,2.0,0.0
822748,False,9,5.0,1,641793.0,800311.0,5.0,3.0,1.0,3.0,0.0,2.0,0.0,0.0,0.0
824774,False,9,3.0,1,624133.0,608331.0,3.0,0.0,1.0,0.0,0.0,0.0,0.0,0.0,1.0
823641,False,9,2.0,4,605280.0,687570.0,1.0,0.0,0.0,2.0,0.0,1.0,0.0,1.0,0.0
824688,False,9,3.0,2,571510.0,679775.0,1.0,3.0,2.0,0.0,2.0,0.0,0.0,1.0,0.0
822913,False,9,4.0,9,683004.0,677952.0,1.0,2.0,0.0,0.0,3.0,0.0,0.0,2.0,4.0
824367,False,9,4.0,2,608372.0,621111.0,1.0,4.0,0.0,1.0,0.0,1.0,2.0,1.0,1.0
825097,False,9,4.0,2,593958.0,641743.0,2.0,4.0,3.0,3.0,0.0,3.0,3.0,0.0,0.0
823231,False,9,3.0,7,641816.0,660271.0,0.0,0.0,0.0,0.0,0.0,0.0,3.0,0.0,0.0
822745,False,9,4.0,7,676917.0,702275.0,1.0,0.0,0.0,3.0,0.0,0.0,4.0,0.0,1.0
824288,False,9,3.0,7,669373.0,687075.0,2.0,0.0,0.0,1.0,0.0,1.0,3.0,1.0,1.0
824689,True,10,,,,,,,,,,,,,
824368,False,9,6.0,2,663372.0,663362.0,1.0,6.0,0.0,2.0,1.0,1.0,1.0,1.0,5.0
825096,False,9,3.0,9,647336.0,663436.0,1.0,0.0,1.0,0.0,0.0,0.0,0.0,0.0,3.0
823233,False,9,2.0,4,657277.0,607192.0,0.0,1.0,0.0,2.0,0.0,0.0,0.0,0.0,0.0
824770,False,9,3.0,7,801139.0,693645.0,0.0,1.0,0.0,0.0,2.0,0.0,3.0,0.0,0.0
823639,False,9,7.0,8,681035.0,657746.0,4.0,3.0,0.0,2.0,0.0,1.0,0.0,7.0,1.0
822912,False,9,4.0,4,594798.0,696149.0,0.0,0.0,2.0,4.0,1.0,0.0,0.0,0.0,0.0
824529,False,9,4.0,7,671096.0,664285.0,0.0,1.0,3.0,1.0,2.0,1.0,4.0,3.0,2.0
824854,False,9,4.0,1,687064.0,678394.0,4.0,2.0,1.0,2.0,2.0,1.0,1.0,0.0,0.0
822827,False,9,7.0,1,453286.0,668909.0,7.0,1.0,2.0,0.0,1.0,3.0,0.0,0.0,0.0
823638,False,9,2.0,tie,642547.0,547179.0,0.0,1.0,0.0,0.0,1.0,1.0,2.0,2.0,0.0
822992,False,9,2.0,7,656876.0,671737.0,1.0,0.0,1.0,1.0,1.0,1.0,2.0,0.0,1.0
824932,False,9,4.0,3,656550.0,691725.0,0.0,0.0,4.0,0.0,1.0,3.0,0.0,0.0,0.0
824124,False,9,5.0,4,702070.0,579328.0,0.0,0.0,0.0,5.0,0.0,0.0,3.0,1.0,0.0
824611,False,9,2.0,tie,663542.0,676571.0,0.0,1.0,0.0,1.0,2.0,1.0,2.0,2.0,0.0
823800,False,9,2.0,8,605540.0,694973.0,0.0,0.0,1.0,1.0,1.0,1.0,0.0,2.0,0.0
822909,False,9,3.0,tie,543135.0,622663.0,3.0,0.0,0.0,1.0,3.0,0.0,0.0,0.0,2.0
824204,False,9,6.0,7,621121.0,701542.0,3.0,2.0,0.0,2.0,0.0,3.0,6.0,0.0,0.0
823069,False,9,3.0,4,669467.0,669923.0,0.0,1.0,0.0,3.0,0.0,1.0,0.0,0.0,0.0
823962,False,9,3.0,tie,686218.0,592791.0,0.0,0.0,3.0,1.0,0.0,0.0,3.0,1.0,2.0
823232,False,9,3.0,tie,605288.0,645261.0,3.0,1.0,1.0,3.0,3.0,1.0,0.0,1.0,0.0
824851,False,9,10.0,9,669432.0,676979.0,0.0,3.0,0.0,1.0,3.0,0.0,1.0,0.0,10.0
823070,False,9,4.0,tie,669461.0,693433.0,4.0,3.0,4.0,1.0,1.0,1.0,2.0,2.0,2.0
822826,False,9,3.0,6,592332.0,676282.0,0.0,0.0,1.0,1.0,0.0,3.0,2.0,0.0,1.0
823229,False,9,3.0,6,592662.0,691587.0,0.0,0.0,1.0,0.0,1.0,3.0,0.0,2.0,1.0
822989,False,9,3.0,7,663556.0,641927.0,0.0,0.0,0.0,2.0,0.0,0.0,3.0,1.0,1.0
824613,True,10,,,,,,,,,,,,,
825093,False,9,4.0,tie,668678.0,608566.0,0.0,4.0,0.0,0.0,1.0,0.0,4.0,0.0,1.0
822910,False,9,4.0,3,669022.0,605488.0,0.0,1.0,4.0,0.0,0.0,2.0,0.0,0.0,0.0
824121,False,9,4.0,8,666142.0,700712.0,0.0,2.0,2.0,1.0,0.0,1.0,3.0,4.0,0.0
824203,False,9,3.0,tie,681347.0,677960.0,1.0,0.0,1.0,0.0,1.0,1.0,3.0,1.0,3.0
823799,True,10,,,,,,,,,,,,,
824527,False,9,5.0,1,663903.0,656427.0,5.0,2.0,0.0,1.0,0.0,2.0,0.0,1.0,0.0
823960,False,9,7.0,4,808963.0,607067.0,0.0,1.0,3.0,7.0,1.0,4.0,0.0,0.0,0.0
824933,True,10,,,,,,,,,,,,,
824852,False,9,4.0,5,680694.0,813349.0,0.0,0.0,0.0,0.0,4.0,3.0,0.0,1.0,0.0
824934,False,9,3.0,tie,519242.0,605400.0,3.0,3.0,0.0,0.0,0.0,0.0,0.0,2.0,0.0
822824,False,9,2.0,tie,571578.0,677944.0,2.0,0.0,0.0,0.0,2.0,2.0,0.0,0.0,0.0
824528,False,9,4.0,7,695076.0,672456.0,2.0,1.0,0.0,1.0,1.0,0.0,4.0,2.0,0.0
823635,False,9,1.0,tie,690997.0,500779.0,0.0,0.0,0.0,1.0,1.0,1.0,1.0,0.0,0.0
823637,False,9,2.0,3,673540.0,801403.0,0.0,1.0,2.0,0.0,0.0,0.0,0.0,0.0,0.0
822991,False,9,4.0,3,643377.0,680573.0,0.0,0.0,4.0,0.0,0.0,0.0,2.0,0.0,0.0
824612,True,10,,,,,,,,,,,,,
824202,False,9,3.0,tie,681293.0,661563.0,2.0,0.0,2.0,0.0,3.0,1.0,0.0,0.0,3.0
823797,False,9,5.0,4,690986.0,669387.0,0.0,0.0,0.0,5.0,0.0,0.0,0.0,0.0,0.0
823068,False,9,1.0,tie,700241.0,676106.0,0.0,0.0,1.0,1.0,0.0,1.0,1.0,0.0,1.0
822911,False,9,2.0,1,677958.0,669372.0,2.0,0.0,0.0,0.0,0.0,1.0,0.0,0.0,0.0
825094,False,9,6.0,7,669194.0,650633.0,0.0,1.0,2.0,0.0,4.0,2.0,6.0,4.0,0.0
823230,False,9,3.0,tie,694738.0,676974.0,0.0,3.0,1.0,0.0,0.0,2.0,3.0,0.0,0.0
824122,True,10,,,,,,,,,,,,,
823959,False,9,3.0,1,680736.0,684007.0,3.0,0.0,0.0,0.0,0.0,2.0,1.0,0.0,0.0
824446,False,9,2.0,tie,800048.0,571927.0,0.0,0.0,0.0,0.0,2.0,1.0,0.0,2.0,0.0
823395,False,9,4.0,9,682254.0,669160.0,1.0,1.0,0.0,0.0,0.0,0.0,0.0,0.0,4.0
822825,False,9,2.0,5,656302.0,624133.0,0.0,0.0,0.0,1.0,2.0,1.0,0.0,1.0,0.0
823719,False,9,5.0,8,687570.0,622491.0,0.0,1.0,4.0,2.0,2.0,1.0,0.0,5.0,0.0
824609,False,9,8.0,7,641743.0,686799.0,1.0,2.0,0.0,1.0,1.0,0.0,8.0,0.0,2.0
822906,False,9,3.0,3,683004.0,608331.0,0.0,0.0,3.0,1.0,0.0,0.0,1.0,0.0,1.0
823311,False,9,5.0,3,681190.0,571510.0,3.0,1.0,5.0,0.0,2.0,0.0,2.0,1.0,2.0
823961,False,9,3.0,tie,808967.0,663978.0,2.0,0.0,0.0,1.0,3.0,0.0,0.0,0.0,3.0
824447,False,9,1.0,5,676440.0,607259.0,0.0,0.0,0.0,0.0,1.0,0.0,0.0,0.0,0.0
824849,False,9,3.0,5,669358.0,678906.0,2.0,0.0,0.0,0.0,3.0,0.0,1.0,2.0,0.0
824526,False,9,3.0,tie,695505.0,607536.0,3.0,0.0,2.0,0.0,1.0,0.0,0.0,3.0,0.0
823390,False,9,5.0,8,677952.0,681517.0,0.0,1.0,2.0,0.0,3.0,3.0,3.0,5.0,1.0
823473,False,9,4.0,6,666200.0,641816.0,0.0,0.0,0.0,1.0,0.0,4.0,0.0,2.0,0.0
822823,False,9,2.0,3,702056.0,801139.0,0.0,0.0,2.0,0.0,1.0,0.0,0.0,0.0,0.0
823636,False,9,7.0,4,605280.0,641793.0,1.0,0.0,0.0,7.0,0.0,0.0,0.0,0.0,0.0
824931,False,9,2.0,tie,527048.0,663554.0,0.0,0.0,2.0,0.0,0.0,0.0,1.0,2.0,2.0
823716,False,9,3.0,8,657746.0,669302.0,0.0,0.0,0.0,0.0,1.0,1.0,1.0,3.0,2.0
824610,False,9,3.0,4,663436.0,667755.0,0.0,1.0,0.0,3.0,0.0,1.0,1.0,1.0,0.0
823798,False,9,8.0,6,694477.0,518876.0,0.0,1.0,0.0,2.0,4.0,8.0,0.0,0.0,0.0
822908,False,9,3.0,9,594798.0,693645.0,1.0,0.0,0.0,0.0,0.0,0.0,1.0,0.0,3.0
825017,True,10,,,,,,,,,,,,,
823310,False,9,4.0,7,621111.0,665795.0,0.0,3.0,0.0,1.0,0.0,3.0,4.0,0.0,0.0
823956,False,9,1.0,tie,660271.0,676083.0,0.0,1.0,0.0,0.0,1.0,0.0,0.0,1.0,0.0
824445,False,9,2.0,5,668909.0,656876.0,0.0,0.0,1.0,0.0,2.0,0.0,1.0,0.0,0.0
824608,True,10,,,,,,,,,,,,,
823717,False,9,3.0,9,671737.0,669923.0,0.0,0.0,1.0,2.0,0.0,0.0,1.0,1.0,3.0
822907,False,9,2.0,5,543135.0,695684.0,0.0,0.0,0.0,0.0,2.0,0.0,1.0,0.0,0.0
822821,False,9,3.0,3,641778.0,678394.0,1.0,0.0,3.0,2.0,2.0,0.0,0.0,1.0,0.0
823958,False,9,2.0,2,607192.0,645261.0,0.0,2.0,0.0,0.0,1.0,1.0,0.0,1.0,0.0
823312,False,9,3.0,5,663362.0,592791.0,0.0,1.0,0.0,2.0,3.0,1.0,0.0,2.0,0.0
824525,False,9,7.0,9,682227.0,608372.0,3.0,0.0,1.0,0.0,1.0,0.0,3.0,0.0,7.0
823392,False,9,4.0,7,696149.0,669467.0,0.0,0.0,1.0,0.0,3.0,0.0,4.0,1.0,0.0
823633,False,9,7.0,4,656849.0,676917.0,2.0,0.0,1.0,7.0,1.0,1.0,3.0,0.0,1.0
824930,False,9,2.0,tie,702275.0,669373.0,2.0,2.0,1.0,0.0,0.0,0.0,0.0,0.0,2.0
823796,False,9,4.0,4,687075.0,593958.0,1.0,0.0,1.0,4.0,0.0,0.0,0.0,0.0,2.0
825015,False,9,3.0,4,622663.0,608379.0,1.0,1.0,0.0,3.0,0.0,1.0,0.0,0.0,1.0
824929,False,9,2.0,tie,693821.0,664285.0,0.0,1.0,1.0,0.0,0.0,1.0,0.0,2.0,2.0
824848,False,9,6.0,7,605135.0,663567.0,0.0,0.0,0.0,1.0,4.0,0.0,6.0,2.0,0.0
824850,False,9,7.0,4,687064.0,621121.0,5.0,1.0,0.0,7.0,1.0,0.0,1.0,0.0,1.0
823391,False,9,5.0,8,694973.0,690928.0,3.0,0.0,1.0,1.0,3.0,0.0,1.0,5.0,1.0
823472,False,9,3.0,1,650911.0,657277.0,3.0,0.0,0.0,0.0,0.0,0.0,0.0,0.0,2.0
823471,True,10,,,,,,,,,,,,,
824524,False,9,2.0,tie,671096.0,547179.0,2.0,1.0,0.0,0.0,2.0,1.0,0.0,2.0,2.0
823634,False,9,4.0,3,642547.0,571945.0,0.0,2.0,4.0,0.0,0.0,1.0,0.0,2.0,0.0
823795,False,9,3.0,tie,605540.0,647336.0,3.0,0.0,3.0,3.0,0.0,3.0,1.0,1.0,0.0
825016,False,9,5.0,2,605488.0,702070.0,2.0,5.0,0.0,0.0,0.0,0.0,1.0,1.0,0.0
823714,False,9,3.0,tie,641927.0,592332.0,0.0,0.0,0.0,3.0,0.0,2.0,0.0,3.0,0.0
824686,False,9,4.0,6,607067.0,668678.0,3.0,0.0,1.0,3.0,0.0,4.0,0.0,0.0,0.0
824287,False,9,3.0,tie,656427.0,669022.0,1.0,0.0,3.0,3.0,1.0,0.0,0.0,1.0,0.0
823389,False,9,4.0,5,656605.0,663903.0,1.0,0.0,2.0,1.0,4.0,2.0,0.0,0.0,0.0
822744,False,9,2.0,tie,663623.0,694819.0,1.0,0.0,1.0,0.0,2.0,0.0,1.0,2.0,0.0
823557,False,9,5.0,2,701542.0,700249.0,1.0,5.0,0.0,0.0,0.0,0.0,2.0,1.0,0.0
824772,False,9,4.0,3,687562.0,681347.0,0.0,0.0,4.0,0.0,0.0,0.0,0.0,0.0,0.0
822990,False,9,1.0,tie,663556.0,592662.0,0.0,1.0,0.0,1.0,0.0,1.0,0.0,0.0,0.0
823877,False,9,4.0,7,691587.0,554430.0,1.0,0.0,0.0,2.0,0.0,0.0,4.0,3.0,1.0
823713,False,9,2.0,tie,680573.0,571578.0,0.0,2.0,2.0,2.0,2.0,0.0,2.0,0.0,0.0
823066,False,9,3.0,tie,669461.0,686218.0,3.0,1.0,1.0,0.0,0.0,1.0,3.0,0.0,0.0
824366,False,9,5.0,1,500779.0,656550.0,5.0,1.0,0.0,1.0,0.0,0.0,1.0,4.0,2.0
824041,False,9,3.0,6,700712.0,681035.0,2.0,0.0,1.0,0.0,0.0,3.0,1.0,0.0,0.0
825012,False,9,4.0,7,669372.0,676282.0,2.0,2.0,0.0,2.0,3.0,0.0,4.0,0.0,0.0
823309,False,9,6.0,2,608566.0,702273.0,0.0,6.0,0.0,0.0,1.0,0.0,0.0,3.0,0.0
823146,False,9,6.0,1,693433.0,666142.0,6.0,0.0,0.0,0.0,1.0,3.0,2.0,1.0,0.0
823554,False,9,4.0,7,677960.0,680694.0,0.0,1.0,2.0,3.0,1.0,2.0,4.0,0.0,0.0
823715,False,9,8.0,8,687570.0,656302.0,1.0,4.0,0.0,0.0,1.0,1.0,0.0,8.0,0.0
824685,False,9,1.0,tie,684007.0,669194.0,0.0,1.0,0.0,0.0,0.0,0.0,0.0,1.0,0.0
825014,False,9,5.0,5,682052.0,677944.0,2.0,0.0,1.0,1.0,5.0,2.0,3.0,4.0,2.0
823388,False,9,7.0,1,669387.0,695076.0,7.0,6.0,0.0,5.0,1.0,2.0,0.0,3.0,0.0
822746,False,9,3.0,1,656492.0,690986.0,3.0,0.0,0.0,1.0,0.0,0.0,0.0,1.0,0.0
824771,False,9,4.0,4,813349.0,681293.0,1.0,0.0,0.0,4.0,2.0,0.0,2.0,0.0,0.0
823876,False,9,2.0,3,676974.0,691725.0,0.0,0.0,2.0,0.0,1.0,1.0,0.0,0.0,0.0
822988,False,9,3.0,5,643377.0,694738.0,0.0,0.0,0.0,1.0,3.0,1.0,0.0,1.0,0.0
823067,False,9,3.0,3,700241.0,808963.0,0.0,0.0,3.0,0.0,0.0,0.0,0.0,0.0,2.0
824284,False,9,3.0,1,672456.0,677958.0,3.0,2.0,0.0,1.0,0.0,0.0,0.0,0.0,0.0
824365,False,9,3.0,4,657514.0,519242.0,2.0,1.0,1.0,3.0,2.0,0.0,0.0,0.0,1.0
823308,False,9,2.0,tie,650633.0,680732.0,0.0,0.0,0.0,0.0,0.0,2.0,2.0,0.0,0.0
824042,True,10,,,,,,,,,,,,,
823144,True,10,,,,,,,,,,,,,
823711,False,9,3.0,5,657746.0,702056.0,1.0,0.0,0.0,0.0,3.0,1.0,0.0,0.0,2.0
824769,True,10,,,,,,,,,,,,,
823387,False,9,1.0,8,677952.0,695505.0,0.0,0.0,0.0,0.0,0.0,0.0,0.0,1.0,0.0
823555,False,9,7.0,8,608331.0,694346.0,1.0,0.0,3.0,2.0,0.0,1.0,0.0,7.0,0.0
822742,False,9,3.0,5,676571.0,701656.0,0.0,0.0,0.0,0.0,3.0,0.0,1.0,0.0,1.0
822987,True,10,,,,,,,,,,,,,
823875,False,9,6.0,1,663978.0,666200.0,6.0,0.0,1.0,0.0,0.0,0.0,2.0,0.0,0.0
823065,False,9,2.0,2,669160.0,680736.0,0.0,2.0,0.0,0.0,1.0,0.0,0.0,1.0,1.0
824687,False,9,3.0,tie,571510.0,518876.0,0.0,3.0,2.0,0.0,3.0,0.0,2.0,0.0,2.0
824364,False,9,4.0,5,607536.0,675911.0,1.0,3.0,1.0,2.0,4.0,2.0,0.0,1.0,3.0
825013,False,9,4.0,5,650644.0,800048.0,0.0,1.0,0.0,0.0,4.0,3.0,0.0,0.0,0.0
824043,False,9,3.0,8,686799.0,605280.0,1.0,0.0,0.0,2.0,0.0,0.0,0.0,3.0,0.0
823145,False,9,3.0,4,622491.0,663460.0,0.0,0.0,1.0,3.0,0.0,1.0,0.0,0.0,0.0
823307,False,9,3.0,4,656288.0,641743.0,0.0,0.0,1.0,3.0,0.0,0.0,2.0,1.0,0.0
824285,False,9,5.0,7,663947.0,683004.0,0.0,0.0,0.0,0.0,2.0,1.0,5.0,0.0,0.0
824363,False,9,4.0,6,608372.0,623211.0,0.0,0.0,0.0,0.0,0.0,4.0,2.0,0.0,0.0
824283,False,9,5.0,7,663947.0,801139.0,0.0,0.0,0.0,0.0,0.0,2.0,5.0,2.0,0.0
822984,False,9,3.0,1,607259.0,641778.0,3.0,0.0,1.0,0.0,0.0,2.0,0.0,0.0,0.0
823874,False,9,1.0,3,676083.0,605400.0,0.0,0.0,1.0,0.0,0.0,0.0,0.0,0.0,0.0
823552,False,9,6.0,8,693645.0,669358.0,2.0,0.0,1.0,0.0,0.0,4.0,0.0,6.0,0.0
824684,False,9,5.0,4,665795.0,695534.0,0.0,0.0,1.0,5.0,0.0,0.0,0.0,1.0,2.0
824120,False,9,4.0,4,608379.0,676440.0,0.0,2.0,0.0,4.0,0.0,1.0,1.0,0.0,0.0
823064,False,9,3.0,4,681517.0,694477.0,0.0,1.0,0.0,3.0,0.0,1.0,1.0,1.0,2.0
824201,False,9,4.0,3,595345.0,808967.0,3.0,2.0,4.0,0.0,2.0,0.0,0.0,0.0,0.0
824039,False,9,3.0,4,667755.0,663436.0,2.0,0.0,0.0,3.0,0.0,0.0,0.0,1.0,0.0
823143,False,9,8.0,6,669302.0,702275.0,1.0,0.0,0.0,0.0,0.0,8.0,0.0,0.0,0.0
823228,False,9,3.0,1,686790.0,681190.0,3.0,0.0,0.0,0.0,0.0,1.0,0.0,0.0,1.0
824281,False,9,5.0,tie,664285.0,663558.0,5.0,0.0,5.0,2.0,1.0,0.0,0.0,0.0,0.0
822986,False,9,2.0,8,656876.0,592332.0,1.0,1.0,1.0,1.0,1.0,0.0,0.0,2.0,0.0
823469,False,9,5.0,7,650911.0,622663.0,0.0,0.0,1.0,0.0,0.0,0.0,5.0,3.0,1.0
823873,False,9,4.0,1,645261.0,605135.0,4.0,2.0,3.0,0.0,2.0,0.0,2.0,1.0,2.0
822743,False,9,4.0,4,676917.0,671737.0,1.0,2.0,0.0,4.0,1.0,0.0,2.0,3.0,1.0
823553,False,9,4.0,1,695684.0,594798.0,4.0,2.0,0.0,0.0,0.0,1.0,2.0,1.0,1.0
824682,True,10,,,,,,,,,,,,,
824119,False,9,5.0,4,663568.0,668909.0,2.0,0.0,0.0,5.0,0.0,1.0,0.0,0.0,0.0
824200,False,9,1.0,tie,663567.0,660271.0,0.0,1.0,1.0,0.0,0.0,0.0,0.0,1.0,0.0
824040,False,9,4.0,1,691951.0,607200.0,4.0,0.0,0.0,0.0,2.0,0.0,1.0,0.0,0.0
825092,False,9,5.0,6,593958.0,696149.0,2.0,0.0,0.0,0.0,0.0,5.0,0.0,2.0,0.0
823142,False,9,2.0,tie,669923.0,693821.0,0.0,0.0,2.0,2.0,0.0,0.0,0.0,0.0,1.0
823227,False,9,5.0,4,657277.0,621111.0,2.0,3.0,0.0,5.0,1.0,1.0,1.0,2.0,0.0
822985,False,9,2.0,4,663556.0,571578.0,0.0,0.0,0.0,2.0,0.0,0.0,0.0,1.0,0.0
823063,False,9,4.0,1,669467.0,687075.0,4.0,0.0,0.0,0.0,1.0,0.0,0.0,1.0,2.0
824198,False,9,5.0,3,621121.0,607192.0,1.0,1.0,5.0,1.0,3.0,0.0,2.0,0.0,1.0
823226,False,9,2.0,tie,605288.0,699134.0,0.0,0.0,0.0,1.0,1.0,0.0,2.0,2.0,0.0
824036,False,9,6.0,2,700712.0,702273.0,0.0,6.0,0.0,2.0,0.0,0.0,1.0,1.0,0.0
823141,False,9,2.0,8,693433.0,527048.0,0.0,0.0,1.0,0.0,0.0,1.0,0.0,2.0,0.0
824282,False,9,2.0,tie,656427.0,543243.0,0.0,0.0,2.0,2.0,0.0,0.0,0.0,0.0,0.0
823470,False,9,4.0,8,554430.0,605488.0,0.0,0.0,1.0,0.0,2.0,2.0,0.0,4.0,0.0
823872,False,9,6.0,1,691587.0,687064.0,6.0,0.0,0.0,1.0,1.0,0.0,2.0,1.0,0.0
822740,False,9,7.0,8,571945.0,641927.0,0.0,0.0,1.0,1.0,3.0,3.0,2.0,7.0,0.0
823550,False,9,3.0,3,701542.0,543135.0,1.0,0.0,3.0,2.0,0.0,1.0,0.0,0.0,0.0
824683,True,10,,,,,,,,,,,,,
824118,False,9,2.0,5,666142.0,676282.0,0.0,0.0,1.0,0.0,2.0,0.0,0.0,1.0,0.0
824361,False,9,8.0,6,547179.0,642547.0,1.0,0.0,0.0,3.0,0.0,8.0,0.0,0.0,3.0
825091,False,9,1.0,1,647336.0,694973.0,1.0,0.0,0.0,0.0,0.0,0.0,0.0,0.0,0.0
823551,False,9,6.0,6,621112.0,669022.0,1.0,0.0,1.0,0.0,1.0,6.0,1.0,1.0,0.0
822741,False,9,4.0,5,663623.0,680573.0,0.0,2.0,2.0,0.0,4.0,1.0,3.0,0.0,0.0
824117,False,9,5.0,7,607625.0,677944.0,3.0,0.0,1.0,0.0,1.0,2.0,5.0,1.0,0.0
824681,False,9,7.0,4,684007.0,695076.0,0.0,1.0,0.0,7.0,0.0,1.0,0.0,1.0,1.0
824362,False,9,4.0,8,500779.0,681035.0,0.0,2.0,0.0,1.0,0.0,1.0,0.0,4.0,0.0
825090,False,9,2.0,tie,668678.0,656605.0,2.0,0.0,1.0,0.0,2.0,1.0,0.0,0.0,0.0
823467,False,9,4.0,1,691725.0,669372.0,4.0,0.0,3.0,2.0,2.0,0.0,2.0,0.0,0.0
823870,False,9,2.0,tie,676974.0,700249.0,2.0,0.0,2.0,1.0,0.0,0.0,0.0,1.0,1.0
824767,False,9,6.0,2,687562.0,643377.0,0.0,6.0,0.0,0.0,0.0,2.0,0.0,2.0,2.0
823306,False,9,1.0,tie,650633.0,669461.0,1.0,0.0,0.0,1.0,0.0,0.0,1.0,0.0,0.0
824522,False,9,5.0,9,666157.0,681347.0,0.0,2.0,0.0,0.0,0.0,2.0,0.0,1.0,5.0
823466,True,11,,,,,,,,,,,,,
824846,False,9,3.0,5,680694.0,682052.0,0.0,0.0,0.0,1.0,3.0,1.0,0.0,1.0,1.0
822822,False,9,2.0,3,656302.0,672282.0,0.0,0.0,2.0,0.0,0.0,0.0,0.0,0.0,0.0
824768,False,9,1.0,tie,813349.0,669947.0,0.0,0.0,1.0,1.0,0.0,0.0,0.0,0.0,0.0
823871,False,9,5.0,1,702281.0,656492.0,5.0,0.0,0.0,0.0,0.0,0.0,0.0,0.0,0.0
824443,False,9,4.0,1,800048.0,687570.0,4.0,0.0,0.0,0.0,0.0,1.0,3.0,1.0,1.0
824116,False,9,2.0,tie,663460.0,672456.0,0.0,2.0,0.0,0.0,0.0,2.0,0.0,2.0,1.0
824607,False,9,8.0,3,680732.0,676106.0,1.0,1.0,8.0,0.0,1.0,0.0,3.0,5.0,1.0
823794,False,9,4.0,2,694819.0,608331.0,0.0,4.0,1.0,0.0,0.0,0.0,1.0,0.0,0.0
822904,False,9,3.0,7,677958.0,676962.0,1.0,0.0,0.0,2.0,1.0,1.0,3.0,0.0,0.0
825088,True,10,,,,,,,,,,,,,
823303,False,9,6.0,5,656288.0,700241.0,0.0,0.0,0.0,0.0,6.0,0.0,0.0,0.0,0.0
823957,False,9,2.0,2,686218.0,519242.0,0.0,2.0,0.0,0.0,1.0,1.0,0.0,0.0,0.0
823225,False,9,3.0,7,592662.0,669387.0,0.0,2.0,0.0,1.0,0.0,0.0,3.0,0.0,1.0
822820,False,9,7.0,5,702056.0,686799.0,0.0,0.0,0.0,1.0,7.0,0.0,2.0,5.0,0.0
824847,False,9,3.0,3,669358.0,650644.0,1.0,0.0,3.0,0.0,1.0,0.0,0.0,2.0,1.0
824523,False,9,4.0,5,695505.0,681293.0,0.0,0.0,0.0,0.0,4.0,0.0,0.0,0.0,0.0
823869,False,9,4.0,8,676083.0,663992.0,3.0,0.0,1.0,2.0,0.0,1.0,1.0,4.0,3.0
823468,False,9,5.0,3,605400.0,607536.0,0.0,1.0,5.0,3.0,1.0,0.0,0.0,2.0,0.0
824444,True,11,,,,,,,,,,,,,
822905,False,9,2.0,tie,683004.0,665795.0,0.0,2.0,0.0,2.0,1.0,1.0,0.0,0.0,0.0
824115,False,9,3.0,4,608379.0,572143.0,2.0,0.0,0.0,3.0,0.0,0.0,0.0,1.0,0.0
824606,False,9,2.0,tie,641743.0,622491.0,2.0,0.0,2.0,0.0,2.0,0.0,0.0,1.0,0.0
823792,True,10,,,,,,,,,,,,,
825089,False,9,2.0,3,518876.0,605280.0,0.0,1.0,2.0,0.0,0.0,0.0,0.0,0.0,0.0
823304,False,9,3.0,5,681190.0,669160.0,0.0,0.0,0.0,1.0,3.0,0.0,0.0,2.0,0.0
823224,False,9,6.0,7,694738.0,677952.0,0.0,0.0,0.0,0.0,3.0,2.0,6.0,0.0,5.0
823955,False,9,4.0,2,605483.0,675911.0,1.0,4.0,0.0,0.0,1.0,0.0,0.0,1.0,2.0
823868,False,9,3.0,8,645261.0,676917.0,0.0,0.0,2.0,1.0,1.0,0.0,0.0,3.0,0.0
824845,False,9,1.0,tie,669211.0,622663.0,0.0,1.0,1.0,0.0,0.0,1.0,0.0,0.0,0.0
824765,False,9,2.0,tie,801139.0,607259.0,1.0,0.0,2.0,0.0,0.0,2.0,0.0,0.0,0.0
823463,False,9,3.0,2,650911.0,608372.0,2.0,3.0,0.0,0.0,0.0,1.0,0.0,0.0,0.0
822819,False,9,4.0,5,693686.0,667755.0,1.0,0.0,0.0,0.0,4.0,1.0,0.0,0.0,1.0
824520,False,9,3.0,4,671096.0,678906.0,0.0,0.0,0.0,3.0,1.0,1.0,0.0,0.0,0.0
824440,False,9,5.0,5,668909.0,702193.0,0.0,0.0,2.0,0.0,5.0,1.0,0.0,1.0,0.0
824605,False,9,2.0,8,663436.0,669302.0,1.0,0.0,0.0,0.0,0.0,0.0,0.0,2.0,0.0
823793,False,9,3.0,4,701656.0,607074.0,1.0,1.0,0.0,3.0,0.0,1.0,0.0,0.0,1.0
822902,False,9,2.0,8,594798.0,592791.0,0.0,0.0,0.0,1.0,0.0,0.0,0.0,2.0,0.0
823221,True,12,,,,,,,,,,,,,
825085,False,9,4.0,6,593958.0,623211.0,0.0,2.0,0.0,0.0,0.0,4.0,0.0,0.0,0.0
823305,True,10,,,,,,,,,,,,,
823954,False,9,4.0,2,680736.0,693821.0,0.0,4.0,0.0,0.0,0.0,0.0,0.0,3.0,2.0
824113,False,9,3.0,2,702070.0,669724.0,0.0,3.0,2.0,1.0,0.0,2.0,1.0,0.0,0.0
824441,False,9,5.0,3,676282.0,608718.0,0.0,2.0,5.0,0.0,0.0,0.0,0.0,1.0,1.0
824844,False,9,3.0,7,687064.0,677960.0,0.0,0.0,2.0,0.0,0.0,0.0,3.0,0.0,0.0
822818,False,9,5.0,2,592332.0,656876.0,3.0,5.0,0.0,1.0,1.0,0.0,3.0,0.0,0.0
822901,False,9,1.0,1,596001.0,647336.0,1.0,0.0,0.0,0.0,0.0,0.0,0.0,0.0,0.0
824199,False,9,2.0,2,663567.0,669923.0,0.0,2.0,1.0,0.0,1.0,0.0,0.0,0.0,0.0
823953,False,9,3.0,tie,808963.0,686790.0,0.0,1.0,0.0,2.0,0.0,3.0,3.0,0.0,3.0
824442,False,9,1.0,tie,677944.0,700712.0,0.0,0.0,1.0,0.0,1.0,1.0,1.0,1.0,0.0
824843,False,9,5.0,3,669432.0,701542.0,1.0,0.0,5.0,0.0,0.0,2.0,0.0,0.0,0.0
824521,False,9,4.0,5,663903.0,571945.0,0.0,0.0,2.0,3.0,4.0,0.0,0.0,2.0,3.0
823385,False,9,1.0,tie,694973.0,547179.0,1.0,0.0,0.0,0.0,1.0,0.0,1.0,0.0,1.0
824764,False,9,1.0,tie,663558.0,554430.0,1.0,1.0,0.0,0.0,0.0,0.0,1.0,0.0,0.0
822817,True,10,,,,,,,,,,,,,
823632,False,9,3.0,tie,642547.0,656427.0,0.0,3.0,1.0,1.0,0.0,3.0,2.0,2.0,0.0
824927,False,9,4.0,5,656550.0,607067.0,0.0,0.0,1.0,2.0,4.0,0.0,0.0,0.0,0.0
824604,False,9,5.0,5,607200.0,663568.0,2.0,0.0,0.0,0.0,5.0,3.0,0.0,1.0,0.0
823712,False,9,3.0,5,641927.0,691587.0,0.0,0.0,0.0,0.0,3.0,0.0,0.0,0.0,0.0
823790,False,9,7.0,4,687075.0,699134.0,0.0,0.0,1.0,7.0,0.0,1.0,0.0,1.0,0.0
822903,False,9,4.0,5,669022.0,668678.0,1.0,2.0,0.0,1.0,4.0,0.0,0.0,0.0,3.0
824197,False,9,4.0,4,837227.0,693433.0,0.0,3.0,1.0,4.0,1.0,0.0,1.0,0.0,2.0
825011,False,9,4.0,1,605488.0,669467.0,4.0,3.0,0.0,0.0,0.0,2.0,0.0,1.0,0.0
823951,False,9,3.0,7,808967.0,605288.0,1.0,0.0,2.0,0.0,2.0,0.0,3.0,0.0,0.0
824841,False,9,2.0,tie,680694.0,608331.0,0.0,1.0,2.0,0.0,2.0,2.0,0.0,0.0,0.0
824438,False,9,2.0,tie,800048.0,672282.0,2.0,0.0,1.0,0.0,2.0,1.0,0.0,0.0,0.0
824519,True,10,,,,,,,,,,,,,
823386,False,9,6.0,5,656605.0,500779.0,0.0,2.0,1.0,0.0,6.0,1.0,0.0,1.0,3.0
824763,False,9,2.0,6,543243.0,691725.0,0.0,1.0,1.0,0.0,0.0,2.0,0.0,0.0,0.0
822815,True,10,,,,,,,,,,,,,
823631,True,10,,,,,,,,,,,,,
824928,False,9,3.0,8,702275.0,684007.0,0.0,0.0,0.0,1.0,1.0,0.0,0.0,3.0,0.0
824603,False,9,3.0,4,702273.0,607625.0,0.0,2.0,1.0,3.0,2.0,0.0,1.0,0.0,2.0
823710,False,9,4.0,4,680573.0,676974.0,3.0,2.0,1.0,4.0,2.0,1.0,0.0,1.0,0.0
823791,False,9,3.0,9,694819.0,650633.0,0.0,0.0,0.0,0.0,1.0,0.0,0.0,0.0,3.0
822900,False,9,6.0,9,677958.0,669194.0,0.0,0.0,0.0,0.0,3.0,1.0,1.0,0.0,6.0
824195,True,10,,,,,,,,,,,,,
825010,False,9,4.0,5,669372.0,669461.0,0.0,0.0,0.0,1.0,4.0,0.0,2.0,1.0,0.0
823952,False,9,2.0,tie,660271.0,592662.0,0.0,0.0,2.0,2.0,0.0,0.0,0.0,0.0,0.0
823383,False,9,3.0,tie,682254.0,801403.0,3.0,0.0,3.0,2.0,1.0,0.0,0.0,0.0,0.0
824517,False,9,5.0,8,695505.0,656492.0,0.0,2.0,0.0,4.0,3.0,0.0,2.0,5.0,0.0
823630,False,9,3.0,tie,690997.0,672456.0,3.0,0.0,1.0,2.0,3.0,1.0,1.0,2.0,0.0
823709,False,9,5.0,2,805673.0,666129.0,0.0,5.0,1.0,0.0,0.0,0.0,0.0,4.0,0.0
823789,False,9,3.0,tie,690986.0,656288.0,3.0,3.0,0.0,1.0,0.0,0.0,0.0,0.0,1.0
824196,False,9,4.0,6,681347.0,622491.0,3.0,0.0,1.0,2.0,0.0,4.0,0.0,1.0,0.0
825008,False,9,3.0,7,682052.0,700241.0,1.0,0.0,0.0,0.0,1.0,2.0,3.0,0.0,2.0
824762,False,9,4.0,8,624133.0,666200.0,0.0,0.0,0.0,0.0,0.0,0.0,0.0,4.0,0.0
824926,False,9,1.0,tie,519242.0,676962.0,0.0,0.0,0.0,0.0,0.0,1.0,0.0,1.0,0.0
824602,False,9,3.0,1,641743.0,663460.0,3.0,0.0,2.0,1.0,0.0,0.0,1.0,1.0,0.0
823950,False,9,3.0,6,686218.0,694738.0,1.0,1.0,0.0,0.0,2.0,3.0,0.0,0.0,0.0
823384,True,10,,,,,,,,,,,,,
822739,False,9,2.0,tie,641793.0,669358.0,0.0,0.0,0.0,1.0,0.0,2.0,0.0,0.0,2.0
824280,False,9,2.0,2,669724.0,702056.0,0.0,2.0,1.0,0.0,0.0,1.0,0.0,0.0,1.0
824439,False,9,7.0,8,676440.0,671096.0,0.0,2.0,0.0,0.0,1.0,1.0,0.0,7.0,2.0
822983,False,9,3.0,2,693855.0,676083.0,2.0,3.0,0.0,2.0,0.0,2.0,0.0,0.0,0.0
823707,False,9,2.0,8,657746.0,689441.0,1.0,0.0,0.0,0.0,0.0,1.0,1.0,2.0,0.0
824925,True,10,,,,,,,,,,,,,
823629,False,9,3.0,3,605280.0,693645.0,0.0,0.0,3.0,0.0,1.0,0.0,1.0,0.0,2.0
824601,False,9,4.0,tie,680732.0,665795.0,1.0,1.0,0.0,1.0,4.0,1.0,2.0,4.0,1.0
824194,False,9,1.0,tie,681293.0,683004.0,0.0,0.0,1.0,0.0,0.0,0.0,0.0,1.0,0.0
823061,True,11,,,,,,,,,,,,,
824360,False,9,7.0,1,607536.0,518876.0,7.0,0.0,0.0,1.0,0.0,0.0,2.0,0.0,0.0
824037,False,9,4.0,4,686799.0,694361.0,0.0,0.0,0.0,4.0,0.0,2.0,0.0,0.0,0.0
823140,False,9,1.0,tie,676106.0,681190.0,0.0,0.0,0.0,1.0,0.0,0.0,1.0,0.0,0.0
825009,False,9,5.0,5,650644.0,641816.0,0.0,1.0,0.0,1.0,5.0,0.0,0.0,0.0,0.0
824278,True,10,,,,,,,,,,,,,
823060,False,9,3.0,5,681517.0,702070.0,1.0,0.0,0.0,0.0,3.0,0.0,0.0,1.0,1.0
824359,False,9,2.0,tie,608372.0,593958.0,2.0,2.0,0.0,0.0,1.0,0.0,0.0,1.0,0.0
822737,False,9,10.0,7,676917.0,605135.0,0.0,3.0,1.0,0.0,0.0,0.0,10.0,2.0,0.0
823382,False,9,3.0,1,696149.0,650911.0,3.0,2.0,0.0,0.0,0.0,0.0,0.0,1.0,0.0
822981,True,10,,,,,,,,,,,,,
824435,False,9,3.0,5,676282.0,663978.0,0.0,2.0,1.0,0.0,3.0,2.0,2.0,1.0,0.0
824193,False,9,2.0,tie,678906.0,594798.0,2.0,0.0,0.0,2.0,0.0,0.0,1.0,0.0,0.0
824600,False,9,3.0,1,663436.0,592791.0,3.0,0.0,2.0,0.0,2.0,2.0,0.0,0.0,2.0
823706,False,9,1.0,tie,687570.0,701656.0,0.0,0.0,1.0,1.0,0.0,1.0,0.0,0.0,0.0
823139,False,9,5.0,4,669302.0,621111.0,0.0,1.0,0.0,5.0,1.0,0.0,2.0,2.0,0.0
824924,False,9,2.0,8,693821.0,801139.0,1.0,0.0,0.0,1.0,1.0,0.0,0.0,2.0,0.0
823627,False,9,3.0,5,623211.0,607074.0,0.0,1.0,2.0,1.0,3.0,0.0,2.0,0.0,0.0
824038,False,9,7.0,6,667755.0,680736.0,1.0,0.0,0.0,0.0,0.0,7.0,0.0,4.0,5.0
825007,False,9,3.0,tie,622663.0,686790.0,1.0,0.0,2.0,0.0,3.0,0.0,1.0,3.0,0.0
822982,False,9,3.0,4,656876.0,691587.0,1.0,0.0,2.0,3.0,1.0,1.0,0.0,1.0,0.0
822738,False,9,3.0,tie,663992.0,687064.0,1.0,3.0,1.0,3.0,0.0,0.0,1.0,0.0,1.0
823381,False,9,3.0,6,694973.0,554430.0,0.0,0.0,0.0,0.0,2.0,3.0,0.0,1.0,0.0
824923,False,9,3.0,1,656550.0,678394.0,3.0,2.0,0.0,1.0,1.0,0.0,0.0,1.0,1.0
824436,False,9,3.0,3,668909.0,663903.0,2.0,0.0,3.0,2.0,1.0,0.0,2.0,2.0,1.0
824279,False,9,2.0,tie,656427.0,592332.0,2.0,0.0,2.0,0.0,0.0,0.0,0.0,1.0,0.0
823628,True,10,,,,,,,,,,,,,
824192,False,9,5.0,7,663567.0,543135.0,0.0,0.0,0.0,0.0,2.0,0.0,5.0,0.0,1.0
824599,True,10,,,,,,,,,,,,,
823708,False,9,2.0,tie,641927.0,688107.0,1.0,1.0,2.0,1.0,2.0,0.0,0.0,1.0,1.0
823058,False,9,1.0,tie,669467.0,663568.0,1.0,0.0,0.0,1.0,0.0,0.0,0.0,0.0,0.0
824358,False,9,5.0,4,547179.0,647336.0,0.0,0.0,2.0,5.0,2.0,1.0,0.0,4.0,0.0
825006,False,9,8.0,8,605488.0,605288.0,0.0,0.0,1.0,1.0,1.0,0.0,0.0,8.0,0.0
824034,False,9,6.0,4,680570.0,808963.0,0.0,2.0,0.0,6.0,0.0,0.0,0.0,0.0,3.0
823138,False,9,8.0,6,669923.0,608337.0,1.0,0.0,0.0,0.0,1.0,8.0,1.0,0.0,0.0
824277,False,9,3.0,6,664285.0,677944.0,1.0,0.0,2.0,0.0,2.0,3.0,0.0,1.0,1.0
822980,False,9,7.0,5,663556.0,669432.0,1.0,5.0,1.0,2.0,7.0,4.0,1.0,1.0,0.0
823465,False,9,3.0,8,691725.0,666157.0,2.0,2.0,0.0,0.0,0.0,1.0,1.0,3.0,0.0
823867,False,9,6.0,5,676974.0,702275.0,0.0,1.0,0.0,5.0,6.0,0.0,0.0,0.0,0.0
822734,True,12,,,,,,,,,,,,,
823549,False,9,5.0,4,677960.0,571578.0,1.0,0.0,0.0,5.0,1.0,1.0,4.0,0.0,1.0
824114,False,9,2.0,tie,607625.0,543243.0,0.0,0.0,0.0,0.0,0.0,2.0,2.0,0.0,0.0
823705,False,9,3.0,tie,696070.0,837227.0,0.0,1.0,0.0,2.0,0.0,3.0,3.0,0.0,0.0
824680,False,9,6.0,5,684007.0,687075.0,0.0,1.0,0.0,4.0,6.0,1.0,0.0,0.0,0.0
824357,False,9,3.0,8,500779.0,669022.0,2.0,1.0,2.0,2.0,1.0,2.0,0.0,3.0,0.0
824035,False,9,3.0,9,700712.0,669372.0,0.0,0.0,0.0,0.0,0.0,0.0,0.0,0.0,3.0
823301,False,9,1.0,1,650633.0,808967.0,1.0,0.0,0.0,0.0,0.0,0.0,0.0,0.0,0.0
825087,False,9,5.0,5,668678.0,592662.0,4.0,2.0,3.0,0.0,5.0,0.0,0.0,0.0,0.0
823137,False,9,3.0,8,693433.0,702273.0,1.0,0.0,1.0,0.0,0.0,1.0,1.0,3.0,0.0
823865,False,9,5.0,1,666129.0,527048.0,5.0,0.0,1.0,0.0,1.0,1.0,0.0,3.0,1.0
824276,False,9,3.0,tie,672456.0,800048.0,0.0,3.0,0.0,3.0,0.0,0.0,1.0,0.0,0.0
822979,False,9,2.0,tie,643377.0,680694.0,2.0,0.0,0.0,0.0,0.0,1.0,0.0,2.0,0.0
823464,False,9,2.0,tie,666200.0,695505.0,0.0,0.0,1.0,2.0,0.0,0.0,2.0,0.0,0.0
822736,False,9,6.0,2,656492.0,690997.0,3.0,6.0,3.0,2.0,0.0,0.0,1.0,0.0,0.0
823548,False,9,6.0,4,701542.0,656302.0,0.0,0.0,0.0,6.0,2.0,0.0,0.0,0.0,1.0
824112,False,9,4.0,9,663559.0,624133.0,2.0,1.0,0.0,0.0,0.0,0.0,0.0,1.0,4.0
823704,False,9,2.0,1,805673.0,669920.0,2.0,0.0,0.0,0.0,0.0,0.0,0.0,1.0,0.0
824677,False,9,4.0,8,676962.0,694819.0,1.0,0.0,2.0,0.0,0.0,0.0,0.0,4.0,0.0
823059,True,10,,,,,,,,,,,,,
824356,False,9,3.0,2,671111.0,641302.0,2.0,3.0,0.0,2.0,1.0,0.0,1.0,1.0,0.0
824033,False,9,7.0,3,672282.0,682052.0,0.0,0.0,7.0,3.0,0.0,2.0,1.0,6.0,1.0
823302,False,9,4.0,1,656288.0,686218.0,4.0,0.0,2.0,0.0,1.0,1.0,0.0,0.0,1.0
825086,False,9,4.0,9,669194.0,694738.0,1.0,3.0,0.0,0.0,0.0,0.0,0.0,0.0,4.0
823136,False,9,2.0,9,682243.0,641743.0,1.0,0.0,0.0,0.0,0.0,0.0,0.0,0.0,2.0
823462,False,9,4.0,6,605400.0,671096.0,1.0,3.0,0.0,1.0,0.0,4.0,2.0,0.0,2.0
822977,False,9,4.0,8,571927.0,669358.0,0.0,1.0,1.0,0.0,0.0,2.0,0.0,4.0,0.0
823703,False,9,3.0,4,657746.0,681347.0,0.0,2.0,0.0,3.0,0.0,0.0,0.0,0.0,0.0
824355,False,9,4.0,4,607536.0,683004.0,1.0,0.0,0.0,4.0,2.0,0.0,0.0,0.0,2.0
825084,False,9,3.0,5,518876.0,641816.0,2.0,1.0,2.0,1.0,3.0,0.0,0.0,0.0,0.0
823134,False,9,3.0,7,676106.0,680732.0,0.0,1.0,1.0,1.0,1.0,0.0,3.0,1.0,1.0
824273,True,10,,,,,,,,,,,,,
823866,False,9,5.0,6,676083.0,519242.0,1.0,3.0,0.0,0.0,0.0,5.0,0.0,1.0,0.0
822735,False,9,4.0,8,641793.0,804267.0,3.0,2.0,1.0,0.0,0.0,2.0,0.0,4.0,0.0
823547,False,9,2.0,7,693645.0,702056.0,0.0,0.0,0.0,0.0,0.0,0.0,2.0,0.0,1.0
824111,False,9,2.0,tie,608379.0,813349.0,1.0,2.0,0.0,0.0,2.0,0.0,2.0,0.0,0.0
824678,False,9,3.0,2,665795.0,690986.0,0.0,3.0,1.0,0.0,0.0,0.0,1.0,0.0,0.0
823057,False,9,4.0,8,700241.0,669387.0,0.0,1.0,0.0,1.0,0.0,1.0,0.0,4.0,0.0
823299,False,9,1.0,tie,681190.0,660271.0,1.0,1.0,0.0,0.0,1.0,0.0,0.0,0.0,1.0
824032,True,10,,,,,,,,,,,,,
824274,False,9,2.0,tie,663554.0,676282.0,0.0,0.0,2.0,0.0,0.0,0.0,0.0,2.0,0.0
823056,False,9,2.0,tie,669160.0,677952.0,1.0,0.0,1.0,1.0,0.0,2.0,2.0,1.0,0.0
822733,False,9,2.0,3,676917.0,656849.0,0.0,0.0,2.0,0.0,1.0,0.0,0.0,0.0,0.0
823864,False,9,2.0,tie,645261.0,675911.0,2.0,1.0,1.0,1.0,2.0,1.0,1.0,2.0,1.0
823545,False,9,1.0,tie,607074.0,680755.0,1.0,0.0,0.0,0.0,0.0,0.0,1.0,0.0,0.0
824031,True,10,,,,,,,,,,,,,
825083,False,9,1.0,tie,593958.0,688642.0,0.0,0.0,0.0,0.0,0.0,1.0,0.0,1.0,1.0
824679,False,9,2.0,tie,592791.0,681293.0,0.0,0.0,1.0,2.0,1.0,2.0,0.0,0.0,0.0
823461,False,9,1.0,9,650911.0,668909.0,0.0,0.0,0.0,0.0,0.0,0.0,0.0,0.0,1.0
823546,False,9,5.0,8,543037.0,607259.0,0.0,0.0,0.0,0.0,1.0,0.0,0.0,5.0,0.0
822816,False,9,4.0,8,592332.0,696149.0,1.0,0.0,3.0,0.0,0.0,0.0,0.0,4.0,0.0
824761,False,9,4.0,tie,801139.0,687570.0,4.0,3.0,0.0,2.0,0.0,0.0,4.0,0.0,1.0
823863,False,9,1.0,tie,691587.0,668964.0,1.0,1.0,0.0,1.0,0.0,0.0,0.0,0.0,0.0
824842,False,9,5.0,4,669211.0,656427.0,1.0,0.0,4.0,5.0,0.0,1.0,0.0,0.0,0.0
824922,True,11,,,,,,,,,,,,,
824110,False,9,2.0,7,702070.0,669302.0,0.0,0.0,0.0,0.0,0.0,0.0,2.0,0.0,0.0
823788,False,9,4.0,1,701656.0,680736.0,4.0,1.0,0.0,0.0,0.0,0.0,1.0,0.0,0.0
824029,False,9,4.0,1,680570.0,594798.0,4.0,0.0,2.0,3.0,0.0,1.0,2.0,2.0,1.0
825082,False,9,1.0,tie,647336.0,608372.0,0.0,1.0,0.0,1.0,1.0,0.0,0.0,1.0,1.0
823298,False,9,4.0,1,621111.0,605488.0,4.0,0.0,0.0,1.0,1.0,0.0,1.0,3.0,0.0
823223,False,9,9.0,4,686790.0,663436.0,0.0,0.0,0.0,9.0,3.0,1.0,0.0,0.0,0.0
824518,False,9,2.0,tie,663978.0,669467.0,0.0,1.0,2.0,1.0,0.0,0.0,2.0,1.0,2.0
824516,True,11,,,,,,,,,,,,,
824674,False,9,2.0,1,607067.0,678906.0,2.0,0.0,0.0,1.0,0.0,0.0,0.0,0.0,0.0
822814,False,9,4.0,6,571578.0,694973.0,1.0,0.0,0.0,0.0,0.0,4.0,1.0,1.0,0.0
823458,False,9,2.0,4,554430.0,677944.0,0.0,0.0,0.0,2.0,0.0,1.0,0.0,0.0,0.0
823222,False,9,9.0,5,605288.0,663542.0,0.0,0.0,0.0,3.0,9.0,0.0,0.0,1.0,0.0
824109,False,9,3.0,1,663568.0,669923.0,3.0,0.0,1.0,0.0,0.0,1.0,0.0,0.0,0.0
824760,False,9,2.0,tie,663558.0,671737.0,2.0,0.0,0.0,1.0,2.0,0.0,0.0,0.0,1.0
824920,False,9,1.0,tie,656550.0,663623.0,0.0,0.0,0.0,1.0,1.0,0.0,0.0,0.0,0.0
823862,False,9,2.0,2,676974.0,642547.0,0.0,2.0,1.0,0.0,1.0,0.0,0.0,0.0,1.0
823787,False,9,4.0,tie,688107.0,808963.0,3.0,0.0,0.0,4.0,0.0,0.0,0.0,3.0,4.0
823300,False,9,1.0,tie,608337.0,669372.0,0.0,1.0,1.0,0.0,0.0,0.0,0.0,0.0,0.0
824030,False,9,2.0,tie,700712.0,543135.0,2.0,1.0,0.0,0.0,1.0,0.0,1.0,2.0,0.0
825080,False,9,4.0,4,668678.0,547179.0,0.0,0.0,3.0,4.0,0.0,1.0,0.0,1.0,0.0
822813,False,9,2.0,6,656302.0,656605.0,1.0,1.0,0.0,1.0,0.0,2.0,0.0,0.0,0.0
824839,False,9,3.0,9,687064.0,664285.0,0.0,0.0,0.0,2.0,0.0,1.0,0.0,2.0,3.0
824840,False,9,2.0,tie,669432.0,675512.0,2.0,0.0,0.0,1.0,2.0,0.0,0.0,0.0,0.0
824759,False,9,3.0,tie,543243.0,641927.0,1.0,1.0,2.0,3.0,0.0,3.0,0.0,0.0,1.0
823459,False,9,1.0,tie,691725.0,800048.0,0.0,0.0,0.0,0.0,1.0,1.0,1.0,1.0,0.0
823544,False,9,2.0,9,677960.0,656876.0,0.0,0.0,0.0,0.0,0.0,0.0,0.0,0.0,2.0
823861,False,9,4.0,9,663969.0,681035.0,0.0,0.0,0.0,0.0,0.0,0.0,0.0,0.0,4.0
824108,False,9,4.0,5,607625.0,693433.0,1.0,0.0,0.0,0.0,4.0,1.0,3.0,2.0,3.0
823786,False,9,4.0,5,687075.0,808967.0,0.0,1.0,0.0,1.0,4.0,0.0,0.0,0.0,0.0
824676,False,9,5.0,5,684007.0,663567.0,0.0,4.0,1.0,0.0,5.0,0.0,2.0,0.0,1.0
823220,False,9,6.0,5,592662.0,702273.0,3.0,0.0,2.0,1.0,6.0,0.0,1.0,0.0,0.0
825081,False,9,4.0,2,669194.0,500779.0,2.0,4.0,1.0,0.0,0.0,2.0,0.0,1.0,0.0
823297,False,9,2.0,2,650633.0,665622.0,1.0,2.0,0.0,1.0,0.0,1.0,1.0,0.0,1.0
824921,False,9,1.0,tie,527048.0,656492.0,0.0,0.0,0.0,0.0,1.0,0.0,0.0,1.0,1.0
824028,False,9,1.0,tie,672282.0,669022.0,0.0,1.0,1.0,0.0,0.0,0.0,0.0,0.0,1.0
823380,False,9,1.0,tie,669387.0,676962.0,0.0,0.0,1.0,0.0,1.0,0.0,1.0,0.0,0.0
824838,True,13,,,,,,,,,,,,,
824598,False,9,2.0,tie,641743.0,805673.0,2.0,2.0,0.0,0.0,0.0,0.0,0.0,0.0,0.0
823784,False,9,3.0,1,694819.0,669461.0,3.0,0.0,0.0,0.0,0.0,2.0,1.0,0.0,0.0
824107,False,9,3.0,2,608379.0,701542.0,0.0,3.0,0.0,0.0,0.0,1.0,0.0,1.0,2.0
823625,False,9,4.0,4,690997.0,666157.0,0.0,2.0,1.0,4.0,0.0,1.0,1.0,0.0,0.0
823219,False,9,3.0,5,694738.0,518876.0,0.0,0.0,1.0,2.0,3.0,2.0,0.0,0.0,0.0
824437,False,9,4.0,2,676440.0,676571.0,3.0,4.0,1.0,1.0,1.0,2.0,0.0,0.0,0.0
823296,False,9,2.0,7,656288.0,666200.0,1.0,0.0,0.0,0.0,0.0,0.0,2.0,0.0,0.0
822899,False,9,5.0,7,677958.0,837227.0,1.0,0.0,0.0,1.0,2.0,0.0,5.0,0.0,0.0
822812,False,9,4.0,6,702056.0,676083.0,1.0,0.0,0.0,0.0,2.0,4.0,0.0,3.0,0.0
823948,False,9,5.0,7,686218.0,685299.0,0.0,0.0,1.0,2.0,0.0,0.0,5.0,0.0,0.0
825005,False,9,6.0,3,650644.0,622491.0,0.0,0.0,6.0,1.0,0.0,0.0,0.0,1.0,3.0
824434,False,9,4.0,tie,676282.0,676917.0,0.0,4.0,0.0,0.0,1.0,0.0,0.0,0.0,4.0
824837,False,9,3.0,tie,669358.0,643377.0,1.0,3.0,0.0,0.0,3.0,0.0,0.0,0.0,0.0
824275,False,9,5.0,8,672456.0,686799.0,0.0,1.0,2.0,3.0,3.0,1.0,0.0,5.0,1.0
823379,False,9,5.0,1,677952.0,696136.0,5.0,1.0,0.0,0.0,3.0,1.0,1.0,2.0,0.0
824758,False,9,4.0,6,624133.0,675911.0,2.0,0.0,0.0,0.0,2.0,4.0,1.0,2.0,2.0
822811,False,9,6.0,6,680755.0,645261.0,0.0,1.0,1.0,0.0,1.0,6.0,0.0,0.0,0.0
823624,False,9,3.0,tie,656849.0,695505.0,2.0,0.0,0.0,3.0,0.0,3.0,0.0,1.0,0.0
824597,True,11,,,,,,,,,,,,,
824106,False,9,5.0,3,663559.0,693645.0,4.0,1.0,5.0,0.0,1.0,0.0,1.0,2.0,2.0
823785,False,9,5.0,5,690986.0,700241.0,0.0,0.0,0.0,1.0,5.0,0.0,0.0,0.0,0.0
822898,False,9,8.0,1,683004.0,669920.0,8.0,0.0,4.0,1.0,0.0,0.0,0.0,3.0,1.0
825004,False,9,3.0,2,695611.0,676106.0,0.0,3.0,0.0,1.0,0.0,0.0,0.0,0.0,1.0
823294,False,9,2.0,tie,681190.0,605400.0,1.0,1.0,2.0,2.0,0.0,0.0,0.0,1.0,0.0
823216,False,9,3.0,tie,641816.0,593958.0,1.0,3.0,1.0,0.0,0.0,1.0,3.0,2.0,1.0
823949,False,9,5.0,tie,641778.0,607536.0,2.0,1.0,2.0,4.0,2.0,5.0,0.0,0.0,5.0
822809,False,9,1.0,tie,592332.0,691587.0,1.0,0.0,0.0,0.0,1.0,1.0,0.0,0.0,0.0
824432,False,9,3.0,5,668909.0,676571.0,0.0,0.0,1.0,0.0,3.0,0.0,0.0,0.0,1.0
823783,False,9,2.0,8,694477.0,669160.0,0.0,0.0,0.0,1.0,0.0,0.0,0.0,2.0,0.0
825003,False,9,3.0,tie,605488.0,669302.0,3.0,0.0,0.0,2.0,0.0,1.0,0.0,3.0,1.0
823217,False,9,2.0,tie,686790.0,647336.0,0.0,0.0,2.0,0.0,0.0,2.0,1.0,0.0,0.0
823295,False,9,2.0,6,621111.0,650911.0,0.0,0.0,0.0,0.0,0.0,2.0,0.0,0.0,1.0
824836,False,9,5.0,1,694346.0,571927.0,5.0,0.0,1.0,0.0,2.0,2.0,2.0,1.0,0.0
824270,False,9,1.0,tie,663554.0,667755.0,1.0,1.0,0.0,0.0,1.0,0.0,1.0,0.0,0.0
823376,False,9,6.0,7,696149.0,592791.0,2.0,1.0,3.0,2.0,0.0,0.0,6.0,0.0,0.0
824756,False,9,6.0,4,813349.0,693821.0,0.0,0.0,0.0,6.0,0.0,0.0,1.0,1.0,0.0
823626,False,9,1.0,tie,623211.0,671096.0,1.0,1.0,1.0,0.0,1.0,1.0,1.0,0.0,0.0
824596,False,9,5.0,tie,689818.0,687570.0,1.0,2.0,1.0,0.0,5.0,1.0,5.0,2.0,0.0
824104,False,9,3.0,7,702070.0,543037.0,0.0,0.0,0.0,2.0,0.0,0.0,3.0,2.0,0.0
822897,False,9,3.0,8,594798.0,681347.0,1.0,1.0,1.0,1.0,0.0,0.0,0.0,3.0,0.0
823947,False,9,2.0,tie,660271.0,608372.0,2.0,0.0,0.0,2.0,0.0,0.0,0.0,1.0,0.0
824272,False,9,3.0,5,656427.0,680570.0,0.0,1.0,0.0,0.0,3.0,0.0,0.0,2.0,2.0
824595,False,9,4.0,3,663436.0,680573.0,1.0,0.0,4.0,1.0,1.0,0.0,1.0,0.0,0.0
824757,False,9,5.0,6,801139.0,519242.0,0.0,0.0,0.0,4.0,0.0,5.0,1.0,0.0,2.0
824834,False,9,1.0,tie,605135.0,571578.0,0.0,0.0,1.0,1.0,0.0,0.0,0.0,1.0,0.0
823378,False,9,4.0,6,694973.0,607067.0,0.0,0.0,0.0,1.0,0.0,4.0,0.0,3.0,1.0
822896,False,9,3.0,1,543135.0,681293.0,3.0,1.0,2.0,0.0,0.0,0.0,0.0,0.0,0.0
824515,False,9,4.0,6,663978.0,656550.0,1.0,3.0,0.0,2.0,1.0,4.0,0.0,0.0,0.0
822732,False,9,3.0,1,687606.0,608337.0,3.0,1.0,2.0,2.0,1.0,1.0,2.0,0.0,0.0
823377,False,9,4.0,1,683003.0,671737.0,4.0,2.0,3.0,0.0,0.0,0.0,0.0,0.0,2.0
824835,False,9,4.0,7,669432.0,671936.0,0.0,0.0,2.0,1.0,2.0,0.0,4.0,2.0,0.0
824433,False,9,4.0,1,677944.0,701719.0,4.0,0.0,0.0,0.0,3.0,0.0,0.0,0.0,0.0
822978,False,9,7.0,7,607259.0,700712.0,1.0,0.0,1.0,0.0,1.0,0.0,7.0,3.0,0.0
823623,True,10,,,,,,,,,,,,,
823055,False,9,6.0,1,669467.0,684007.0,6.0,1.0,0.0,1.0,1.0,0.0,0.0,1.0,1.0
824594,True,10,,,,,,,,,,,,,
822894,False,9,4.0,1,669022.0,663568.0,4.0,0.0,0.0,0.0,2.0,2.0,0.0,1.0,1.0
824191,True,10,,,,,,,,,,,,,
824353,False,9,7.0,9,547179.0,657277.0,0.0,1.0,1.0,2.0,0.0,0.0,0.0,3.0,7.0
825002,False,9,5.0,1,622663.0,607074.0,5.0,1.0,1.0,1.0,0.0,0.0,1.0,0.0,1.0
823135,True,10,,,,,,,,,,,,,
823946,False,9,1.0,tie,680736.0,554430.0,1.0,1.0,1.0,0.0,1.0,1.0,0.0,1.0,0.0
824593,False,9,3.0,8,641743.0,664285.0,2.0,0.0,1.0,0.0,0.0,0.0,2.0,3.0,0.0
822731,False,9,6.0,7,656492.0,650633.0,0.0,1.0,1.0,1.0,1.0,0.0,6.0,3.0,0.0
822893,False,9,4.0,7,677958.0,607625.0,1.0,0.0,0.0,2.0,0.0,0.0,4.0,3.0,3.0
824833,False,9,6.0,9,687064.0,702056.0,0.0,0.0,1.0,2.0,0.0,0.0,0.0,2.0,6.0
823375,False,9,7.0,2,656605.0,641927.0,1.0,7.0,1.0,5.0,1.0,0.0,2.0,2.0,0.0
824431,False,9,6.0,9,800048.0,543243.0,1.0,0.0,0.0,1.0,0.0,1.0,0.0,1.0,6.0
822975,False,9,7.0,9,656876.0,672282.0,5.0,0.0,0.0,1.0,3.0,0.0,1.0,0.0,7.0
823622,False,9,3.0,4,681035.0,663969.0,0.0,0.0,0.0,3.0,1.0,1.0,2.0,0.0,0.0
824190,False,9,4.0,5,663567.0,687075.0,1.0,3.0,0.0,0.0,4.0,0.0,0.0,3.0,0.0
823054,False,9,2.0,tie,681517.0,676962.0,0.0,0.0,0.0,1.0,1.0,2.0,0.0,1.0,2.0
824513,False,9,3.0,2,663903.0,527048.0,0.0,3.0,1.0,0.0,1.0,0.0,1.0,0.0,1.0
824352,False,9,3.0,7,663372.0,605288.0,2.0,0.0,0.0,2.0,1.0,0.0,3.0,2.0,1.0
825000,False,9,3.0,9,669372.0,677960.0,2.0,0.0,0.0,1.0,0.0,1.0,2.0,1.0,3.0
823132,False,9,2.0,tie,693433.0,669194.0,0.0,2.0,2.0,0.0,0.0,1.0,0.0,0.0,1.0
823945,False,9,3.0,8,808963.0,666200.0,0.0,2.0,0.0,1.0,0.0,0.0,1.0,3.0,0.0
824832,False,9,5.0,3,680694.0,693686.0,0.0,1.0,5.0,0.0,0.0,3.0,1.0,4.0,0.0
822729,False,9,3.0,7,641793.0,656288.0,0.0,0.0,0.0,1.0,2.0,0.0,3.0,0.0,0.0
823373,False,9,5.0,5,677952.0,805673.0,0.0,2.0,2.0,0.0,5.0,2.0,0.0,0.0,1.0
824430,False,9,6.0,7,676440.0,624133.0,1.0,2.0,0.0,0.0,4.0,0.0,6.0,0.0,0.0
822976,False,9,3.0,7,663556.0,686799.0,1.0,1.0,2.0,0.0,0.0,0.0,3.0,0.0,0.0
824512,False,9,2.0,tie,666157.0,675911.0,2.0,0.0,1.0,1.0,2.0,2.0,1.0,0.0,1.0
823621,False,9,5.0,6,690997.0,667463.0,1.0,2.0,0.0,3.0,0.0,5.0,0.0,0.0,0.0
824592,False,9,2.0,7,680732.0,672456.0,1.0,0.0,0.0,0.0,0.0,0.0,2.0,0.0,0.0
824187,False,9,2.0,4,837227.0,694819.0,0.0,0.0,0.0,2.0,0.0,0.0,0.0,0.0,0.0
822895,False,9,4.0,1,683004.0,608379.0,4.0,0.0,0.0,2.0,0.0,0.0,1.0,2.0,0.0
824354,False,9,9.0,5,685299.0,592662.0,1.0,2.0,0.0,4.0,9.0,1.0,3.0,3.0,2.0
825001,False,9,13.0,3,682052.0,701542.0,3.0,0.0,13.0,0.0,0.0,0.0,4.0,1.0,0.0
823133,True,10,,,,,,,,,,,,,
823944,False,9,2.0,tie,808967.0,691725.0,0.0,1.0,1.0,2.0,2.0,1.0,1.0,1.0,1.0
823053,False,9,3.0,3,669461.0,696136.0,2.0,0.0,3.0,0.0,0.0,1.0,0.0,0.0,0.0
822974,False,9,6.0,8,643377.0,680744.0,2.0,0.0,4.0,2.0,1.0,4.0,0.0,6.0,0.0
822730,False,9,3.0,tie,676917.0,645261.0,1.0,2.0,1.0,0.0,0.0,3.0,0.0,0.0,3.0
824510,False,9,5.0,1,680689.0,679883.0,5.0,0.0,0.0,0.0,2.0,1.0,1.0,0.0,2.0
823702,False,9,7.0,5,657746.0,689818.0,1.0,0.0,1.0,4.0,7.0,0.0,0.0,0.0,2.0
823781,False,9,9.0,2,675660.0,694738.0,0.0,9.0,0.0,1.0,0.0,2.0,2.0,4.0,0.0
823050,False,9,1.0,tie,700241.0,594798.0,0.0,0.0,0.0,1.0,1.0,1.0,0.0,0.0,0.0
824027,False,9,7.0,8,667755.0,607536.0,1.0,0.0,6.0,0.0,2.0,0.0,0.0,7.0,1.0
825078,False,9,2.0,8,593958.0,686218.0,0.0,0.0,1.0,0.0,0.0,1.0,1.0,2.0,0.0
823131,True,10,,,,,,,,,,,,,
822971,False,9,3.0,2,571927.0,656427.0,2.0,3.0,0.0,0.0,0.0,2.0,1.0,0.0,0.0
823460,False,9,2.0,tie,605400.0,681190.0,0.0,0.0,2.0,2.0,0.0,1.0,0.0,0.0,0.0
824754,False,9,2.0,3,813349.0,669358.0,1.0,1.0,2.0,1.0,1.0,0.0,0.0,0.0,0.0
822728,False,9,4.0,5,663992.0,669199.0,0.0,0.0,0.0,0.0,4.0,1.0,2.0,0.0,3.0
823541,False,9,4.0,4,693645.0,676282.0,0.0,0.0,3.0,4.0,2.0,0.0,1.0,3.0,0.0
824511,True,10,,,,,,,,,,,,,
824918,False,9,2.0,tie,693821.0,592332.0,2.0,2.0,1.0,0.0,0.0,2.0,0.0,0.0,0.0
823700,False,9,4.0,tie,687570.0,663436.0,0.0,0.0,4.0,4.0,1.0,0.0,1.0,0.0,0.0
823782,False,9,6.0,8,690986.0,686790.0,3.0,0.0,0.0,0.0,0.0,1.0,1.0,6.0,0.0
823052,False,9,3.0,tie,669160.0,543135.0,0.0,1.0,0.0,1.0,2.0,1.0,3.0,0.0,3.0
824675,False,9,1.0,tie,592791.0,695611.0,1.0,0.0,1.0,1.0,0.0,0.0,0.0,0.0,0.0
824189,False,9,4.0,6,681347.0,696149.0,2.0,2.0,1.0,1.0,0.0,4.0,0.0,3.0,3.0
824026,False,9,5.0,4,680570.0,608372.0,0.0,3.0,0.0,5.0,2.0,0.0,0.0,0.0,0.0
825079,False,9,5.0,7,647336.0,641778.0,2.0,2.0,1.0,0.0,1.0,0.0,5.0,0.0,0.0
823129,False,9,3.0,tie,669302.0,623211.0,0.0,2.0,3.0,1.0,3.0,2.0,0.0,0.0,0.0
822727,False,9,2.0,8,674841.0,676974.0,0.0,1.0,1.0,0.0,0.0,0.0,0.0,2.0,1.0
822973,False,9,3.0,4,607259.0,675512.0,2.0,2.0,1.0,3.0,0.0,0.0,0.0,0.0,1.0
823701,False,9,4.0,1,671737.0,607200.0,4.0,0.0,0.0,0.0,0.0,1.0,0.0,3.0,0.0
823130,False,9,4.0,4,669923.0,642547.0,2.0,0.0,0.0,4.0,1.0,0.0,0.0,1.0,0.0
823456,False,9,3.0,7,650911.0,621111.0,0.0,0.0,0.0,0.0,1.0,0.0,3.0,1.0,0.0
824755,False,9,5.0,5,801139.0,605135.0,1.0,0.0,2.0,0.0,5.0,0.0,1.0,0.0,0.0
823540,False,9,3.0,4,543037.0,668909.0,0.0,2.0,0.0,3.0,0.0,2.0,0.0,1.0,1.0
824509,False,9,3.0,9,695505.0,663568.0,2.0,0.0,0.0,0.0,2.0,0.0,0.0,0.0,3.0
824917,False,9,4.0,3,656550.0,571578.0,1.0,1.0,4.0,0.0,0.0,0.0,3.0,0.0,1.0
823780,False,9,1.0,5,688107.0,657277.0,0.0,0.0,0.0,0.0,1.0,0.0,0.0,0.0,0.0
823051,False,9,3.0,3,669467.0,669022.0,1.0,0.0,3.0,0.0,1.0,1.0,2.0,0.0,0.0
824671,True,10,,,,,,,,,,,,,
824188,False,9,7.0,8,681293.0,694973.0,0.0,0.0,2.0,4.0,1.0,1.0,5.0,7.0,0.0
824024,False,9,6.0,2,700712.0,547179.0,0.0,6.0,0.0,3.0,3.0,2.0,0.0,1.0,0.0
825077,False,9,3.0,3,668678.0,660271.0,0.0,2.0,3.0,0.0,0.0,0.0,2.0,0.0,0.0
823457,False,9,5.0,7,554430.0,608337.0,0.0,0.0,0.0,1.0,2.0,0.0,5.0,0.0,2.0
824753,False,9,6.0,1,678394.0,669432.0,6.0,0.0,0.0,0.0,2.0,1.0,0.0,0.0,1.0
823542,False,9,2.0,4,607074.0,677944.0,0.0,0.0,0.0,2.0,0.0,0.0,1.0,0.0,0.0
823779,False,9,8.0,7,689441.0,605288.0,4.0,0.0,3.0,0.0,2.0,0.0,8.0,1.0,3.0
824919,False,9,4.0,tie,519242.0,689254.0,0.0,0.0,4.0,0.0,0.0,0.0,0.0,1.0,4.0
823698,False,9,4.0,6,702193.0,607625.0,2.0,2.0,1.0,2.0,1.0,4.0,0.0,0.0,2.0
824672,False,9,4.0,tie,684007.0,669372.0,0.0,0.0,0.0,1.0,0.0,4.0,4.0,0.0,4.0
824185,False,9,5.0,6,678906.0,683003.0,1.0,0.0,0.0,0.0,0.0,5.0,0.0,0.0,0.0
825076,False,9,2.0,tie,669194.0,680736.0,0.0,0.0,0.0,0.0,2.0,0.0,0.0,2.0,1.0
824673,False,9,8.0,6,665795.0,592662.0,2.0,0.0,0.0,6.0,1.0,8.0,0.0,2.0,2.0
824271,False,9,3.0,tie,664285.0,693433.0,1.0,0.0,3.0,0.0,0.0,0.0,3.0,3.0,0.0
823455,False,9,7.0,2,666200.0,641743.0,0.0,7.0,1.0,1.0,1.0,1.0,3.0,0.0,0.0
823538,False,9,3.0,5,677960.0,543243.0,1.0,0.0,2.0,2.0,3.0,0.0,0.0,0.0,0.0
822810,False,9,5.0,6,702056.0,687064.0,2.0,0.0,0.0,0.0,2.0,5.0,0.0,3.0,4.0
823860,False,9,3.0,1,687473.0,656876.0,3.0,0.0,0.0,0.0,1.0,1.0,1.0,0.0,0.0
824914,False,9,5.0,3,527048.0,656605.0,0.0,1.0,5.0,0.0,3.0,0.0,0.0,0.0,0.0
824186,False,9,3.0,1,663567.0,678022.0,3.0,0.0,2.0,0.0,0.0,1.0,0.0,0.0,0.0
823049,False,9,6.0,6,681517.0,663903.0,5.0,0.0,1.0,0.0,1.0,6.0,0.0,0.0,0.0
822892,False,9,3.0,6,677958.0,800048.0,1.0,0.0,0.0,1.0,0.0,3.0,0.0,0.0,0.0
823699,False,9,4.0,6,805673.0,608379.0,2.0,0.0,1.0,0.0,0.0,4.0,0.0,0.0,1.0
824350,True,10,,,,,,,,,,,,,
825073,False,9,5.0,tie,518876.0,656492.0,2.0,0.0,5.0,0.0,1.0,5.0,0.0,1.0,1.0
823293,False,9,2.0,5,650633.0,681035.0,0.0,1.0,1.0,0.0,2.0,0.0,0.0,0.0,1.0
823943,False,9,1.0,9,808963.0,672282.0,0.0,0.0,0.0,0.0,0.0,0.0,0.0,0.0,1.0
824269,False,9,2.0,3,672456.0,682243.0,0.0,1.0,2.0,1.0,0.0,0.0,0.0,0.0,0.0
823697,False,9,2.0,9,657746.0,679883.0,1.0,0.0,0.0,0.0,1.0,0.0,0.0,1.0,2.0
823048,False,9,3.0,tie,669461.0,666157.0,0.0,3.0,3.0,2.0,1.0,0.0,0.0,2.0,0.0
824669,True,10,,,,,,,,,,,,,
822808,False,9,4.0,3,680755.0,680694.0,0.0,2.0,4.0,0.0,1.0,2.0,1.0,0.0,0.0
823454,False,9,4.0,1,691725.0,685126.0,4.0,0.0,2.0,1.0,0.0,2.0,0.0,0.0,0.0
825075,False,9,2.0,tie,593958.0,641793.0,2.0,0.0,0.0,0.0,1.0,0.0,2.0,0.0,2.0
824184,False,9,6.0,5,837227.0,695034.0,1.0,5.0,3.0,0.0,6.0,0.0,0.0,0.0,0.0
824915,False,9,4.0,5,675911.0,677952.0,2.0,0.0,1.0,2.0,4.0,0.0,0.0,0.0,0.0
823859,False,9,2.0,tie,669199.0,663556.0,0.0,0.0,0.0,0.0,2.0,2.0,0.0,1.0,2.0
822891,False,9,4.0,5,683004.0,676440.0,0.0,0.0,0.0,1.0,4.0,0.0,0.0,1.0,0.0
824351,False,9,3.0,7,688642.0,694819.0,1.0,1.0,0.0,0.0,1.0,0.0,3.0,2.0,0.0
823942,False,9,10.0,1,808967.0,686799.0,10.0,0.0,0.0,0.0,0.0,0.0,0.0,0.0,1.0
823292,False,9,3.0,7,656288.0,690997.0,0.0,1.0,1.0,0.0,0.0,0.0,3.0,0.0,0.0
824916,False,9,3.0,7,693821.0,682254.0,1.0,0.0,1.0,0.0,0.0,0.0,3.0,0.0,0.0
823453,False,9,5.0,5,605400.0,656457.0,1.0,4.0,2.0,0.0,5.0,2.0,0.0,0.0,0.0
823537,False,9,5.0,8,693645.0,624133.0,0.0,0.0,0.0,0.0,1.0,1.0,0.0,5.0,0.0
822807,False,9,5.0,6,,,0.0,0.0,0.0,0.0,4.0,5.0,0.0,1.0,0.0
824268,False,9,3.0,7,656427.0,622491.0,0.0,0.0,1.0,1.0,0.0,2.0,3.0,0.0,2.0
823857,False,9,2.0,tie,645261.0,643377.0,0.0,0.0,1.0,0.0,0.0,2.0,2.0,0.0,0.0
824183,False,9,3.0,3,681347.0,695611.0,0.0,0.0,3.0,1.0,1.0,0.0,0.0,0.0,0.0
823696,False,9,4.0,tie,687570.0,702070.0,0.0,1.0,0.0,1.0,4.0,0.0,0.0,1.0,4.0
823047,False,9,3.0,5,700241.0,695076.0,0.0,0.0,2.0,0.0,3.0,0.0,1.0,2.0,0.0
822890,False,9,4.0,3,594798.0,676282.0,2.0,0.0,4.0,1.0,0.0,1.0,0.0,2.0,0.0
824349,False,9,7.0,6,607536.0,675660.0,2.0,1.0,0.0,0.0,1.0,7.0,0.0,0.0,5.0
825074,False,9,2.0,5,647336.0,676917.0,1.0,1.0,0.0,1.0,2.0,0.0,1.0,0.0,0.0
823941,False,9,6.0,7,686218.0,667755.0,0.0,2.0,1.0,2.0,2.0,4.0,6.0,0.0,1.0
823291,False,9,4.0,5,681190.0,623211.0,1.0,1.0,0.0,0.0,4.0,2.0,0.0,1.0,1.0
824670,True,10,,,,,,,,,,,,,
824829,False,9,5.0,5,694346.0,676106.0,0.0,0.0,1.0,0.0,5.0,0.0,1.0,2.0,0.0
822972,False,9,1.0,tie,693855.0,813349.0,1.0,0.0,1.0,0.0,1.0,0.0,0.0,1.0,0.0
824427,True,10,,,,,,,,,,,,,
822806,False,9,4.0,3,571578.0,650911.0,0.0,2.0,4.0,0.0,1.0,0.0,0.0,0.0,0.0
824025,True,10,,,,,,,,,,,,,
823289,False,9,3.0,8,621111.0,671096.0,0.0,0.0,1.0,0.0,1.0,1.0,2.0,3.0,0.0
823218,False,9,3.0,9,657277.0,663992.0,0.0,0.0,0.0,0.0,0.0,2.0,0.0,2.0,3.0
824998,True,12,,,,,,,,,,,,,
824830,True,10,,,,,,,,,,,,,
823374,False,9,10.0,7,694973.0,641778.0,2.0,1.0,0.0,0.0,0.0,1.0,10.0,0.0,1.0
822969,False,9,3.0,4,607259.0,801139.0,0.0,0.0,1.0,3.0,0.0,1.0,0.0,2.0,0.0
824267,False,9,4.0,5,675512.0,671737.0,2.0,1.0,2.0,0.0,4.0,3.0,2.0,0.0,0.0
823858,False,9,7.0,8,676974.0,668678.0,2.0,1.0,1.0,1.0,0.0,3.0,1.0,7.0,0.0
824429,False,9,2.0,tie,677944.0,543037.0,0.0,2.0,2.0,0.0,0.0,0.0,0.0,1.0,0.0
822805,False,9,3.0,9,656302.0,554430.0,1.0,0.0,0.0,0.0,0.0,1.0,0.0,0.0,3.0
823620,False,9,4.0,3,642547.0,669160.0,0.0,0.0,4.0,0.0,2.0,0.0,1.0,0.0,0.0
824999,False,9,3.0,tie,669372.0,688107.0,3.0,2.0,0.0,1.0,3.0,3.0,0.0,0.0,0.0
822970,False,9,6.0,8,656876.0,687562.0,0.0,0.0,1.0,0.0,3.0,1.0,0.0,6.0,1.0
824428,False,9,3.0,tie,800048.0,607074.0,1.0,3.0,0.0,2.0,0.0,3.0,2.0,0.0,1.0
823215,False,9,6.0,9,592662.0,656492.0,0.0,0.0,2.0,0.0,0.0,5.0,3.0,5.0,6.0
823287,False,9,3.0,8,650633.0,663903.0,1.0,0.0,0.0,2.0,1.0,0.0,1.0,3.0,1.0
824831,False,9,4.0,7,687064.0,669923.0,0.0,0.0,0.0,0.0,0.0,3.0,4.0,2.0,0.0
823372,False,9,5.0,8,683003.0,660271.0,0.0,0.0,0.0,3.0,0.0,4.0,3.0,5.0,2.0
824266,False,9,5.0,5,664285.0,702474.0,0.0,1.0,1.0,0.0,5.0,0.0,2.0,0.0,1.0
823856,False,9,6.0,4,687473.0,669194.0,0.0,0.0,1.0,6.0,1.0,0.0,0.0,0.0,0.0
822804,False,9,4.0,7,453286.0,666200.0,1.0,0.0,3.0,2.0,0.0,1.0,4.0,0.0,0.0
823618,False,9,5.0,4,681810.0,669467.0,2.0,0.0,2.0,5.0,1.0,0.0,0.0,0.0,1.0
824103,True,10,,,,,,,,,,,,,
824590,False,9,2.0,4,663436.0,519242.0,0.0,0.0,0.0,2.0,0.0,0.0,1.0,0.0,0.0
824348,False,9,2.0,tie,547179.0,684007.0,0.0,0.0,0.0,1.0,0.0,0.0,0.0,2.0,2.0
824996,False,9,3.0,7,678022.0,687075.0,1.0,1.0,1.0,0.0,0.0,1.0,3.0,0.0,0.0
824022,True,10,,,,,,,,,,,,,
823619,False,9,4.0,1,681035.0,690928.0,4.0,3.0,0.0,0.0,1.0,0.0,1.0,0.0,0.0
824265,False,9,3.0,tie,672456.0,805673.0,1.0,0.0,0.0,3.0,1.0,2.0,1.0,3.0,0.0
823855,False,9,1.0,tie,663969.0,518876.0,1.0,0.0,0.0,1.0,0.0,0.0,0.0,0.0,0.0
824101,False,9,2.0,4,608379.0,677958.0,1.0,1.0,1.0,2.0,0.0,1.0,0.0,0.0,0.0
824346,False,9,5.0,4,663372.0,665795.0,0.0,0.0,1.0,5.0,2.0,0.0,2.0,1.0,1.0
823371,False,9,4.0,5,656605.0,680736.0,0.0,0.0,3.0,2.0,4.0,0.0,2.0,3.0,0.0
824827,False,9,6.0,3,680694.0,693433.0,1.0,0.0,6.0,4.0,1.0,0.0,0.0,0.0,0.0
823370,False,9,4.0,7,677952.0,645261.0,0.0,0.0,1.0,0.0,3.0,0.0,4.0,3.0,0.0
822726,False,9,5.0,2,641793.0,682243.0,0.0,5.0,0.0,1.0,3.0,0.0,0.0,2.0,1.0
824826,False,9,4.0,tie,669358.0,656288.0,4.0,4.0,0.0,1.0,1.0,0.0,0.0,0.0,0.0
824425,False,9,2.0,2,676440.0,656427.0,0.0,2.0,1.0,0.0,0.0,1.0,0.0,1.0,0.0
824752,False,9,4.0,5,543243.0,683004.0,3.0,0.0,0.0,0.0,4.0,0.0,1.0,3.0,0.0
824507,False,9,3.0,9,,,0.0,1.0,2.0,0.0,0.0,1.0,0.0,0.0,3.0
823617,False,9,6.0,2,690997.0,675911.0,2.0,6.0,0.0,1.0,1.0,0.0,0.0,2.0,0.0
822803,False,9,5.0,5,702056.0,677960.0,3.0,2.0,0.0,0.0,5.0,2.0,0.0,1.0,0.0
824588,False,9,7.0,5,641743.0,808963.0,1.0,2.0,0.0,0.0,7.0,0.0,0.0,0.0,0.0
823778,False,9,3.0,5,694819.0,621383.0,1.0,1.0,0.0,0.0,3.0,1.0,0.0,0.0,0.0
824102,False,9,14.0,1,679883.0,837227.0,14.0,0.0,0.0,0.0,0.0,0.0,0.0,3.0,1.0
823695,False,9,7.0,7,657746.0,681517.0,2.0,2.0,0.0,0.0,1.0,2.0,7.0,3.0,0.0
824020,False,9,2.0,tie,,,2.0,0.0,2.0,0.0,2.0,0.0,0.0,0.0,1.0
824997,False,9,6.0,6,695611.0,807743.0,0.0,0.0,0.0,0.0,2.0,6.0,1.0,1.0,0.0
823211,False,9,3.0,5,694738.0,665871.0,0.0,0.0,0.0,2.0,3.0,0.0,0.0,0.0,1.0
823694,False,9,5.0,7,687570.0,669461.0,2.0,2.0,0.0,2.0,2.0,0.0,5.0,1.0,1.0
822802,False,9,2.0,9,592332.0,693645.0,0.0,0.0,1.0,1.0,0.0,0.0,0.0,0.0,2.0
824828,False,9,6.0,1,694346.0,681190.0,6.0,0.0,0.0,0.0,2.0,0.0,2.0,1.0,1.0
822725,False,9,5.0,5,676917.0,622491.0,3.0,0.0,0.0,0.0,5.0,0.0,3.0,0.0,0.0
823369,False,9,2.0,3,696149.0,669199.0,1.0,0.0,2.0,0.0,0.0,1.0,0.0,1.0,0.0
824508,False,9,1.0,tie,695076.0,647336.0,1.0,0.0,1.0,0.0,0.0,0.0,0.0,1.0,0.0
824426,False,9,2.0,3,676282.0,669373.0,1.0,1.0,2.0,0.0,0.0,0.0,0.0,0.0,0.0
824749,False,9,3.0,tie,624133.0,594798.0,0.0,0.0,3.0,1.0,0.0,0.0,2.0,3.0,0.0
823616,False,9,1.0,tie,640455.0,527048.0,0.0,1.0,0.0,1.0,0.0,1.0,0.0,1.0,0.0
824587,False,9,3.0,1,680732.0,808967.0,3.0,0.0,1.0,0.0,0.0,1.0,0.0,2.0,1.0
824100,False,9,4.0,6,702070.0,681347.0,0.0,1.0,2.0,3.0,2.0,4.0,0.0,2.0,1.0
823776,False,9,5.0,6,675660.0,605400.0,0.0,1.0,0.0,4.0,1.0,5.0,2.0,4.0,0.0
824995,False,9,3.0,tie,683155.0,607536.0,2.0,0.0,1.0,3.0,3.0,3.0,0.0,0.0,0.0
823213,False,9,3.0,3,686790.0,676962.0,1.0,0.0,3.0,1.0,2.0,0.0,0.0,0.0,0.0
824019,False,9,4.0,7,667755.0,643377.0,0.0,0.0,0.0,1.0,0.0,3.0,4.0,0.0,0.0
823368,False,9,2.0,tie,694973.0,676974.0,0.0,2.0,0.0,1.0,0.0,0.0,0.0,2.0,1.0
824823,False,9,3.0,7,669432.0,621111.0,0.0,2.0,0.0,0.0,1.0,0.0,3.0,0.0,1.0
822722,False,9,5.0,4,676571.0,676106.0,2.0,0.0,0.0,5.0,0.0,0.0,1.0,3.0,0.0
822801,False,9,5.0,9,571578.0,701542.0,0.0,2.0,1.0,1.0,0.0,2.0,0.0,0.0,5.0
824506,False,9,3.0,6,671096.0,668678.0,1.0,0.0,2.0,0.0,0.0,3.0,0.0,1.0,1.0
823615,False,9,5.0,1,642547.0,693821.0,5.0,0.0,0.0,0.0,2.0,0.0,0.0,2.0,0.0
824099,False,9,3.0,3,663568.0,681293.0,1.0,0.0,3.0,0.0,0.0,0.0,0.0,0.0,0.0
823693,False,9,3.0,tie,671737.0,700241.0,0.0,0.0,0.0,3.0,0.0,2.0,3.0,1.0,0.0
824586,False,9,6.0,6,663542.0,686218.0,1.0,0.0,0.0,0.0,0.0,6.0,1.0,1.0,1.0
823777,False,9,3.0,4,690986.0,650911.0,1.0,0.0,0.0,3.0,0.0,0.0,0.0,0.0,0.0
824994,False,9,8.0,5,605488.0,608372.0,6.0,4.0,0.0,4.0,8.0,0.0,5.0,5.0,0.0
823212,False,9,3.0,5,657277.0,669020.0,0.0,0.0,0.0,0.0,3.0,0.0,1.0,2.0,0.0
824021,False,9,5.0,8,680570.0,668984.0,0.0,1.0,2.0,1.0,2.0,0.0,0.0,5.0,0.0
824751,False,9,5.0,2,813349.0,543135.0,1.0,5.0,0.0,2.0,0.0,1.0,0.0,1.0,0.0
823452,False,9,2.0,tie,554430.0,687473.0,0.0,1.0,2.0,0.0,2.0,0.0,0.0,2.0,0.0
822724,False,9,7.0,5,674841.0,687765.0,0.0,0.0,2.0,1.0,7.0,0.0,0.0,0.0,0.0
824505,False,9,6.0,2,695505.0,668964.0,3.0,6.0,0.0,0.0,0.0,0.0,0.0,3.0,0.0
823046,False,9,2.0,4,669160.0,593974.0,0.0,0.0,0.0,2.0,1.0,0.0,0.0,0.0,0.0
824666,False,9,4.0,8,684007.0,547179.0,1.0,0.0,0.0,0.0,0.0,2.0,0.0,4.0,2.0
822887,False,9,3.0,1,669022.0,702474.0,3.0,0.0,2.0,0.0,0.0,1.0,0.0,0.0,0.0
824181,False,9,6.0,3,678906.0,623454.0,1.0,1.0,6.0,0.0,1.0,0.0,2.0,0.0,1.0
825071,False,9,2.0,tie,669194.0,700712.0,2.0,0.0,0.0,1.0,1.0,0.0,2.0,0.0,1.0
824993,False,9,5.0,7,669372.0,683003.0,0.0,3.0,0.0,3.0,1.0,0.0,5.0,1.0,0.0
823938,False,9,4.0,2,641778.0,607259.0,2.0,4.0,0.0,0.0,0.0,0.0,1.0,0.0,0.0
823451,False,9,4.0,2,666200.0,663969.0,3.0,4.0,0.0,1.0,0.0,0.0,2.0,0.0,0.0
822723,False,9,5.0,7,656492.0,608379.0,0.0,0.0,2.0,0.0,2.0,0.0,5.0,0.0,1.0
824750,False,9,2.0,tie,801139.0,656302.0,0.0,0.0,1.0,0.0,2.0,1.0,0.0,1.0,2.0
823535,False,9,6.0,4,543037.0,663436.0,1.0,1.0,4.0,6.0,0.0,1.0,0.0,1.0,0.0
824504,False,9,4.0,1,663903.0,673540.0,4.0,0.0,1.0,0.0,1.0,2.0,0.0,0.0,0.0
824912,False,9,3.0,1,656550.0,605288.0,3.0,2.0,0.0,0.0,2.0,0.0,0.0,1.0,1.0
823775,False,9,2.0,7,688107.0,677944.0,0.0,0.0,0.0,1.0,0.0,0.0,2.0,0.0,0.0
823045,False,9,2.0,tie,669467.0,650633.0,0.0,2.0,0.0,0.0,2.0,1.0,0.0,0.0,0.0
824667,False,9,3.0,4,665795.0,663372.0,1.0,1.0,0.0,3.0,2.0,0.0,0.0,0.0,0.0
822888,False,9,6.0,4,677958.0,805673.0,2.0,0.0,3.0,6.0,1.0,0.0,0.0,0.0,2.0
824182,False,9,4.0,8,686613.0,664285.0,0.0,1.0,0.0,0.0,1.0,0.0,0.0,4.0,0.0
825070,False,9,2.0,5,518876.0,672282.0,0.0,1.0,1.0,1.0,2.0,1.0,0.0,1.0,0.0
824991,False,9,4.0,1,678022.0,656605.0,4.0,0.0,0.0,1.0,0.0,3.0,2.0,0.0,1.0
823128,False,9,2.0,7,669302.0,687064.0,1.0,0.0,1.0,0.0,0.0,0.0,2.0,0.0,0.0
823939,False,9,1.0,6,680736.0,656876.0,0.0,0.0,0.0,0.0,0.0,1.0,0.0,0.0,0.0
824503,False,9,4.0,tie,666157.0,690997.0,0.0,0.0,4.0,0.0,4.0,0.0,0.0,2.0,0.0
822721,False,9,4.0,6,641793.0,679883.0,1.0,1.0,2.0,0.0,0.0,4.0,0.0,0.0,0.0
823450,False,9,6.0,2,691725.0,645261.0,4.0,6.0,0.0,0.0,0.0,4.0,0.0,1.0,1.0
824178,False,9,2.0,5,663567.0,663554.0,0.0,0.0,1.0,0.0,2.0,1.0,1.0,0.0,1.0
823044,False,9,3.0,9,681517.0,699134.0,1.0,0.0,0.0,1.0,2.0,0.0,0.0,0.0,3.0
823940,False,9,5.0,5,660271.0,663556.0,0.0,0.0,0.0,2.0,5.0,2.0,0.0,0.0,0.0
825072,False,9,5.0,2,593958.0,691951.0,1.0,5.0,1.0,0.0,2.0,0.0,0.0,0.0,0.0
824746,False,9,2.0,3,687562.0,680755.0,0.0,0.0,2.0,0.0,0.0,0.0,0.0,1.0,0.0
823536,False,9,5.0,5,607074.0,641743.0,2.0,2.0,3.0,0.0,5.0,0.0,1.0,1.0,1.0
824913,False,9,5.0,9,702275.0,687931.0,1.0,4.0,0.0,0.0,0.0,2.0,0.0,0.0,5.0
823774,False,9,6.0,4,687075.0,668909.0,3.0,2.0,0.0,6.0,0.0,0.0,0.0,2.0,0.0
824668,False,9,7.0,2,665871.0,807743.0,0.0,7.0,1.0,1.0,1.0,0.0,0.0,3.0,1.0
824992,False,9,6.0,7,650644.0,677952.0,3.0,2.0,0.0,2.0,0.0,2.0,6.0,0.0,1.0
823127,False,9,3.0,9,669923.0,680694.0,0.0,0.0,2.0,1.0,0.0,1.0,1.0,0.0,3.0
824748,False,9,2.0,tie,543243.0,702056.0,1.0,1.0,0.0,0.0,0.0,0.0,2.0,2.0,1.0
823772,False,9,2.0,7,675660.0,800048.0,0.0,1.0,1.0,1.0,0.0,1.0,2.0,0.0,0.0
822889,False,9,4.0,1,683004.0,657746.0,4.0,0.0,0.0,2.0,0.0,3.0,0.0,2.0,1.0
823125,False,9,3.0,1,693433.0,669358.0,3.0,0.0,0.0,0.0,0.0,0.0,0.0,0.0,0.0
823448,False,9,3.0,tie,605400.0,640455.0,3.0,0.0,2.0,1.0,0.0,0.0,3.0,0.0,1.0
823533,False,9,4.0,8,677960.0,663542.0,0.0,1.0,1.0,0.0,0.0,0.0,0.0,4.0,0.0
824098,False,9,6.0,2,702070.0,669461.0,3.0,6.0,0.0,5.0,1.0,1.0,3.0,1.0,0.0
824989,False,9,5.0,1,695611.0,696270.0,5.0,0.0,0.0,0.0,0.0,0.0,0.0,0.0,0.0
824663,False,9,7.0,1,676962.0,592332.0,7.0,0.0,1.0,0.0,0.0,5.0,5.0,0.0,0.0
824264,False,9,3.0,tie,669373.0,685126.0,3.0,0.0,0.0,0.0,1.0,3.0,0.0,0.0,0.0
823534,False,9,4.0,2,693645.0,695076.0,0.0,4.0,0.0,0.0,0.0,0.0,0.0,1.0,0.0
822966,False,9,4.0,3,643377.0,676571.0,0.0,1.0,4.0,1.0,0.0,0.0,0.0,1.0,0.0
823853,False,9,2.0,tie,669199.0,694738.0,1.0,1.0,0.0,0.0,1.0,2.0,2.0,0.0,0.0
824910,False,9,2.0,6,527048.0,694819.0,0.0,0.0,1.0,0.0,0.0,2.0,1.0,0.0,1.0
822886,False,9,11.0,1,594798.0,681190.0,11.0,0.0,0.0,2.0,0.0,1.0,0.0,2.0,0.0
824179,False,9,4.0,3,837227.0,676440.0,1.0,0.0,4.0,0.0,0.0,3.0,2.0,2.0,0.0
824345,False,9,5.0,8,607536.0,696149.0,0.0,0.0,1.0,1.0,0.0,0.0,0.0,5.0,0.0
824990,True,10,,,,,,,,,,,,,
825069,False,9,5.0,8,647336.0,687570.0,0.0,1.0,2.0,1.0,4.0,1.0,0.0,5.0,0.0
823936,False,9,3.0,tie,808963.0,694346.0,2.0,1.0,0.0,0.0,0.0,3.0,2.0,0.0,3.0
823124,False,9,4.0,7,682243.0,624133.0,0.0,1.0,0.0,0.0,0.0,0.0,4.0,0.0,3.0
824263,False,9,2.0,6,675512.0,656794.0,1.0,0.0,0.0,0.0,1.0,2.0,1.0,0.0,0.0
823532,False,9,5.0,8,701542.0,671096.0,1.0,0.0,2.0,0.0,4.0,0.0,0.0,5.0,0.0
824665,False,9,6.0,8,607067.0,571578.0,0.0,3.0,0.0,0.0,0.0,2.0,3.0,6.0,0.0
822885,True,10,,,,,,,,,,,,,
822967,False,9,2.0,tie,693855.0,676917.0,1.0,2.0,1.0,0.0,1.0,0.0,0.0,0.0,2.0
823854,False,9,5.0,4,676974.0,686790.0,1.0,2.0,0.0,5.0,0.0,0.0,0.0,1.0,0.0
824909,False,9,2.0,tie,519242.0,690986.0,0.0,0.0,0.0,0.0,1.0,2.0,2.0,0.0,2.0
824180,False,9,3.0,5,681293.0,676282.0,1.0,1.0,2.0,0.0,3.0,0.0,2.0,0.0,0.0
823447,False,9,8.0,3,650911.0,642547.0,1.0,2.0,8.0,1.0,2.0,0.0,4.0,0.0,0.0
824342,False,9,2.0,1,608372.0,694973.0,2.0,0.0,1.0,0.0,0.0,0.0,0.0,0.0,0.0
824988,False,9,4.0,6,669372.0,700712.0,0.0,2.0,0.0,0.0,0.0,4.0,1.0,0.0,0.0
823937,False,9,2.0,tie,808967.0,669432.0,0.0,1.0,0.0,2.0,0.0,0.0,0.0,0.0,2.0
823126,False,9,3.0,6,676106.0,813349.0,1.0,0.0,0.0,2.0,0.0,3.0,0.0,0.0,0.0
825068,False,9,12.0,5,668678.0,671737.0,2.0,0.0,0.0,4.0,12.0,0.0,5.0,1.0,0.0
823531,False,9,3.0,4,695684.0,695505.0,0.0,0.0,1.0,3.0,0.0,0.0,0.0,0.0,1.0
824908,False,9,8.0,2,693821.0,688107.0,1.0,8.0,0.0,1.0,0.0,0.0,1.0,0.0,2.0
822968,False,9,2.0,tie,607259.0,674841.0,0.0,0.0,2.0,1.0,0.0,2.0,2.0,0.0,0.0
824260,True,10,,,,,,,,,,,,,
823852,False,9,1.0,tie,687473.0,657277.0,0.0,1.0,1.0,1.0,0.0,0.0,0.0,0.0,0.0
824177,False,9,1.0,tie,678906.0,677944.0,1.0,0.0,0.0,1.0,1.0,0.0,0.0,0.0,0.0
824095,False,9,8.0,2,663568.0,669160.0,7.0,8.0,0.0,1.0,3.0,1.0,0.0,0.0,2.0
822883,False,9,4.0,4,543135.0,593974.0,0.0,0.0,3.0,4.0,0.0,0.0,0.0,0.0,0.0
824343,False,9,3.0,tie,547179.0,683003.0,0.0,1.0,0.0,2.0,1.0,2.0,3.0,3.0,2.0
825067,False,9,3.0,7,703615.0,702474.0,0.0,2.0,0.0,0.0,0.0,0.0,3.0,0.0,1.0
824987,False,9,4.0,1,678022.0,672282.0,4.0,3.0,0.0,1.0,1.0,0.0,2.0,3.0,2.0
823934,False,9,4.0,7,686218.0,687064.0,3.0,1.0,1.0,2.0,0.0,0.0,4.0,2.0,0.0
823123,False,9,1.0,tie,669302.0,801139.0,0.0,1.0,1.0,0.0,1.0,1.0,0.0,0.0,0.0
823449,False,9,3.0,2,554430.0,656849.0,2.0,3.0,1.0,0.0,1.0,1.0,0.0,0.0,0.0
824261,False,9,3.0,3,664285.0,543037.0,0.0,1.0,3.0,1.0,1.0,0.0,2.0,0.0,0.0
822964,False,9,2.0,5,656876.0,608379.0,0.0,1.0,0.0,0.0,2.0,0.0,0.0,0.0,0.0
823851,False,9,3.0,8,663969.0,641302.0,0.0,0.0,0.0,2.0,1.0,1.0,0.0,3.0,0.0
822720,False,9,3.0,7,656492.0,641835.0,1.0,1.0,0.0,0.0,0.0,0.0,3.0,0.0,0.0
822800,False,9,1.0,tie,656302.0,686613.0,1.0,1.0,0.0,1.0,0.0,1.0,1.0,1.0,0.0
824502,True,10,,,,,,,,,,,,,
823692,False,9,2.0,1,805673.0,694361.0,2.0,0.0,0.0,0.0,0.0,1.0,0.0,0.0,0.0
824585,False,9,4.0,tie,641743.0,668909.0,0.0,1.0,1.0,0.0,0.0,1.0,4.0,0.0,4.0
823040,False,9,2.0,4,669467.0,518876.0,0.0,0.0,1.0,2.0,0.0,1.0,1.0,0.0,0.0
824344,False,9,3.0,9,663372.0,687562.0,0.0,0.0,0.0,0.0,0.0,2.0,0.0,0.0,3.0
824016,False,9,3.0,4,691951.0,680694.0,1.0,0.0,0.0,3.0,1.0,0.0,1.0,0.0,1.0
823288,False,9,1.0,4,650633.0,656550.0,0.0,0.0,0.0,1.0,0.0,0.0,0.0,0.0,0.0
822799,True,11,,,,,,,,,,,,,
823365,False,9,2.0,7,656605.0,669923.0,0.0,1.0,1.0,1.0,0.0,0.0,2.0,0.0,0.0
822963,False,9,6.0,8,663556.0,679883.0,3.0,0.0,0.0,0.0,4.0,0.0,0.0,6.0,4.0
823849,False,9,4.0,5,645261.0,615698.0,0.0,2.0,0.0,1.0,4.0,0.0,0.0,1.0,2.0
824262,False,9,4.0,6,663554.0,607074.0,0.0,0.0,2.0,1.0,0.0,4.0,0.0,0.0,0.0
822718,False,9,9.0,9,676571.0,666200.0,0.0,1.0,0.0,4.0,2.0,0.0,1.0,6.0,9.0
823614,False,9,7.0,2,673540.0,665795.0,0.0,7.0,0.0,2.0,0.0,0.0,1.0,2.0,3.0
824501,False,9,1.0,tie,666157.0,687075.0,0.0,0.0,0.0,0.0,0.0,1.0,0.0,1.0,0.0
823690,False,9,6.0,9,696070.0,680736.0,1.0,1.0,2.0,3.0,0.0,1.0,1.0,0.0,6.0
824584,False,9,1.0,tie,680732.0,800048.0,0.0,0.0,0.0,1.0,1.0,1.0,0.0,0.0,0.0
823043,False,9,7.0,9,681517.0,593958.0,0.0,0.0,0.0,0.0,0.0,0.0,0.0,0.0,7.0
824340,False,9,2.0,tie,807743.0,543243.0,1.0,2.0,0.0,0.0,1.0,2.0,0.0,0.0,1.0
824017,False,9,3.0,5,696270.0,669358.0,2.0,0.0,0.0,0.0,3.0,0.0,1.0,0.0,0.0
823286,True,10,,,,,,,,,,,,,
823210,False,9,2.0,2,592662.0,650644.0,0.0,2.0,1.0,0.0,0.0,0.0,1.0,0.0,0.0
823850,False,9,2.0,tie,691587.0,594798.0,0.0,0.0,0.0,2.0,1.0,0.0,0.0,2.0,1.0
823613,False,9,4.0,8,690997.0,665871.0,0.0,0.0,0.0,3.0,3.0,3.0,0.0,4.0,0.0
823611,False,9,4.0,tie,640455.0,684007.0,0.0,4.0,0.0,4.0,0.0,3.0,0.0,1.0,3.0
824583,True,10,,,,,,,,,,,,,
824341,False,9,3.0,tie,607536.0,624133.0,1.0,2.0,2.0,3.0,1.0,0.0,3.0,2.0,0.0
824018,True,10,,,,,,,,,,,,,
823367,False,9,5.0,4,677952.0,693433.0,1.0,0.0,0.0,5.0,0.0,0.0,4.0,2.0,0.0
822965,False,9,3.0,3,643377.0,702070.0,0.0,0.0,3.0,2.0,2.0,0.0,0.0,0.0,1.0
824259,False,9,2.0,6,669373.0,677960.0,1.0,1.0,1.0,1.0,0.0,2.0,0.0,0.0,0.0
822719,False,9,3.0,4,687223.0,605400.0,1.0,1.0,0.0,3.0,0.0,2.0,0.0,0.0,2.0
822798,False,9,2.0,1,702056.0,681347.0,2.0,0.0,0.0,0.0,0.0,0.0,0.0,1.0,1.0
824500,False,9,4.0,7,695076.0,675660.0,0.0,0.0,3.0,0.0,0.0,1.0,4.0,3.0,0.0
823691,False,9,4.0,2,657746.0,660271.0,0.0,4.0,3.0,0.0,0.0,0.0,0.0,0.0,0.0
823041,False,9,7.0,4,669461.0,683352.0,0.0,1.0,0.0,7.0,0.0,0.0,2.0,1.0,2.0
823284,False,9,4.0,6,676664.0,527048.0,0.0,0.0,1.0,1.0,1.0,4.0,0.0,0.0,0.0
823208,False,9,2.0,9,641816.0,695611.0,0.0,0.0,0.0,0.0,0.0,0.0,0.0,1.0,2.0
822961,False,9,5.0,8,668984.0,607625.0,2.0,0.0,0.0,3.0,2.0,0.0,1.0,5.0,2.0
823366,False,9,2.0,tie,696149.0,682243.0,1.0,0.0,2.0,0.0,1.0,0.0,0.0,2.0,0.0
823209,False,9,5.0,6,694738.0,605488.0,0.0,0.0,0.0,1.0,2.0,5.0,2.0,1.0,4.0
824258,False,9,2.0,9,675512.0,837227.0,0.0,0.0,0.0,0.0,0.0,1.0,0.0,0.0,2.0
822717,False,9,5.0,9,676917.0,650911.0,4.0,0.0,1.0,0.0,0.0,2.0,3.0,0.0,5.0
822797,False,9,5.0,3,592332.0,669022.0,1.0,0.0,5.0,0.0,3.0,0.0,0.0,0.0,2.0
823612,True,10,,,,,,,,,,,,,
824747,False,9,4.0,5,813349.0,693645.0,1.0,0.0,0.0,1.0,4.0,0.0,1.0,2.0,0.0
824255,False,9,5.0,4,672456.0,681293.0,0.0,0.0,3.0,5.0,0.0,0.0,0.0,0.0,0.0
823363,False,9,4.0,2,694973.0,671096.0,1.0,4.0,0.0,0.0,1.0,2.0,0.0,2.0,0.0
824824,False,9,2.0,4,669432.0,674841.0,0.0,0.0,0.0,2.0,1.0,0.0,1.0,0.0,0.0
822796,False,9,4.0,8,571578.0,543135.0,3.0,0.0,2.0,0.0,0.0,0.0,0.0,4.0,0.0
824423,False,9,1.0,tie,676282.0,622491.0,1.0,0.0,1.0,0.0,0.0,0.0,1.0,1.0,0.0
822962,False,9,4.0,1,607259.0,668678.0,4.0,0.0,0.0,0.0,0.0,0.0,3.0,0.0,0.0
823610,False,9,1.0,tie,804267.0,554430.0,1.0,0.0,0.0,1.0,0.0,0.0,1.0,0.0,0.0
824743,False,9,2.0,tie,801139.0,701542.0,1.0,2.0,1.0,0.0,0.0,1.0,0.0,2.0,0.0
824582,False,9,10.0,3,689818.0,674444.0,0.0,0.0,10.0,2.0,2.0,4.0,5.0,0.0,0.0
823773,False,9,3.0,6,694819.0,607067.0,0.0,0.0,0.0,0.0,1.0,3.0,2.0,2.0,0.0
823688,True,10,,,,,,,,,,,,,
823039,False,9,2.0,tie,700241.0,676974.0,0.0,0.0,0.0,0.0,0.0,0.0,0.0,2.0,2.0
824014,False,9,9.0,5,700712.0,669372.0,0.0,0.0,0.0,1.0,9.0,0.0,2.0,0.0,0.0
823285,False,9,4.0,tie,621111.0,808963.0,0.0,4.0,0.0,0.0,0.0,0.0,0.0,4.0,0.0
823206,False,9,1.0,tie,686790.0,625643.0,1.0,1.0,1.0,0.0,1.0,0.0,0.0,0.0,0.0
824257,False,9,5.0,3,664285.0,678906.0,0.0,2.0,5.0,2.0,1.0,0.0,1.0,3.0,0.0
824745,False,9,2.0,3,687562.0,543037.0,1.0,1.0,2.0,0.0,1.0,0.0,0.0,0.0,0.0
822794,False,9,7.0,5,656302.0,615698.0,1.0,0.0,0.0,0.0,7.0,3.0,0.0,0.0,0.0
823364,False,9,4.0,3,683003.0,695505.0,1.0,0.0,4.0,1.0,2.0,2.0,2.0,1.0,3.0
823609,False,9,4.0,6,681035.0,641835.0,0.0,0.0,2.0,0.0,0.0,4.0,2.0,0.0,0.0
824581,False,9,2.0,7,663436.0,608379.0,0.0,0.0,0.0,0.0,0.0,0.0,2.0,0.0,1.0
822960,False,9,2.0,tie,642121.0,703615.0,2.0,0.0,0.0,0.0,2.0,1.0,0.0,1.0,0.0
824825,True,10,,,,,,,,,,,,,
824421,False,9,3.0,tie,677944.0,669302.0,0.0,0.0,0.0,3.0,1.0,0.0,0.0,3.0,0.0
823689,False,9,3.0,tie,702474.0,547179.0,2.0,0.0,1.0,0.0,1.0,1.0,3.0,2.0,3.0
823770,False,9,4.0,6,690986.0,656849.0,1.0,0.0,0.0,2.0,1.0,4.0,1.0,0.0,1.0
823038,False,9,2.0,4,669467.0,687473.0,1.0,0.0,1.0,2.0,0.0,1.0,1.0,0.0,0.0
823283,False,9,10.0,6,606996.0,808967.0,0.0,1.0,0.0,0.0,1.0,10.0,1.0,4.0,1.0
823207,False,9,3.0,3,657277.0,693821.0,0.0,2.0,3.0,0.0,0.0,0.0,0.0,0.0,0.0
824015,False,9,2.0,tie,672282.0,678022.0,0.0,1.0,0.0,2.0,0.0,1.0,1.0,2.0,0.0
824821,False,9,3.0,tie,680694.0,641793.0,2.0,0.0,3.0,0.0,2.0,0.0,3.0,0.0,0.0
823362,False,9,4.0,tie,656605.0,663903.0,0.0,4.0,0.0,2.0,3.0,0.0,0.0,4.0,0.0
822795,False,9,2.0,8,669456.0,677958.0,1.0,0.0,0.0,0.0,0.0,1.0,0.0,2.0,1.0
824256,True,10,,,,,,,,,,,,,
824422,False,9,5.0,8,668909.0,676106.0,0.0,1.0,2.0,0.0,1.0,1.0,0.0,5.0,1.0
822959,False,9,2.0,2,656876.0,518876.0,1.0,2.0,0.0,0.0,1.0,1.0,0.0,1.0,0.0
823608,False,9,3.0,tie,672335.0,666200.0,0.0,0.0,3.0,0.0,1.0,3.0,2.0,0.0,0.0
823686,False,9,1.0,tie,687570.0,663372.0,1.0,1.0,0.0,1.0,0.0,1.0,1.0,0.0,0.0
824580,False,9,4.0,2,641743.0,679883.0,3.0,4.0,1.0,1.0,0.0,0.0,0.0,0.0,0.0
823769,True,10,,,,,,,,,,,,,
823037,False,9,2.0,2,681517.0,663969.0,0.0,2.0,0.0,0.0,1.0,0.0,0.0,0.0,0.0
824011,False,9,4.0,2,691951.0,650644.0,0.0,4.0,0.0,0.0,1.0,0.0,0.0,0.0,0.0
823204,False,9,2.0,6,592662.0,519242.0,0.0,0.0,0.0,0.0,0.0,2.0,1.0,1.0,1.0
823281,False,9,3.0,5,650633.0,686218.0,0.0,0.0,1.0,1.0,3.0,1.0,0.0,0.0,0.0
824744,True,10,,,,,,,,,,,,,
824822,False,9,4.0,9,669358.0,680732.0,1.0,0.0,3.0,0.0,0.0,0.0,0.0,2.0,4.0
823444,False,9,6.0,5,605400.0,677952.0,2.0,0.0,3.0,2.0,6.0,0.0,0.0,2.0,3.0
823529,False,9,4.0,2,677960.0,663554.0,1.0,4.0,0.0,2.0,0.0,0.0,0.0,3.0,0.0
822792,False,9,1.0,tie,702056.0,640455.0,1.0,0.0,0.0,0.0,1.0,0.0,1.0,0.0,0.0
824741,False,9,5.0,1,624133.0,571945.0,5.0,1.0,1.0,0.0,0.0,2.0,0.0,0.0,0.0
824420,False,9,3.0,7,800048.0,641302.0,0.0,0.0,0.0,1.0,2.0,1.0,3.0,0.0,2.0
823771,False,9,2.0,tie,688107.0,666157.0,1.0,0.0,0.0,0.0,2.0,2.0,1.0,2.0,0.0
824662,False,9,2.0,4,684007.0,656288.0,0.0,0.0,1.0,2.0,1.0,0.0,0.0,0.0,1.0
824176,False,9,3.0,9,663567.0,805673.0,0.0,0.0,0.0,2.0,1.0,2.0,1.0,0.0,3.0
824339,False,9,5.0,tie,807743.0,645261.0,0.0,5.0,2.0,0.0,4.0,0.0,5.0,0.0,1.0
824986,False,9,5.0,2,695611.0,641778.0,0.0,5.0,0.0,3.0,0.0,3.0,0.0,1.0,1.0
823121,False,9,3.0,6,669923.0,696270.0,1.0,0.0,2.0,2.0,0.0,3.0,0.0,0.0,0.0
825065,False,9,4.0,5,593958.0,641816.0,1.0,0.0,0.0,0.0,4.0,1.0,0.0,1.0,2.0
824819,False,9,7.0,3,,,2.0,0.0,7.0,1.0,2.0,0.0,0.0,0.0,0.0
824418,False,9,2.0,tie,676440.0,594798.0,2.0,0.0,2.0,0.0,0.0,0.0,1.0,1.0,0.0
823445,False,9,3.0,tie,650911.0,696149.0,0.0,2.0,0.0,0.0,0.0,0.0,3.0,3.0,0.0
823528,False,9,5.0,1,693645.0,669373.0,5.0,0.0,2.0,0.0,0.0,4.0,0.0,0.0,1.0
822793,False,9,1.0,tie,592332.0,690997.0,0.0,0.0,0.0,0.0,1.0,0.0,1.0,0.0,1.0
824742,False,9,4.0,8,813349.0,676917.0,1.0,0.0,0.0,0.0,1.0,0.0,3.0,4.0,0.0
824907,False,9,4.0,4,527048.0,669461.0,0.0,0.0,1.0,4.0,0.0,1.0,1.0,1.0,0.0
824096,False,9,8.0,3,702070.0,643377.0,1.0,0.0,8.0,0.0,2.0,2.0,0.0,1.0,0.0
823768,False,9,4.0,4,687075.0,695076.0,1.0,1.0,0.0,4.0,1.0,1.0,0.0,1.0,0.0
824661,False,9,4.0,tie,571510.0,676664.0,2.0,4.0,2.0,0.0,3.0,1.0,0.0,4.0,0.0
824175,False,9,6.0,4,681347.0,657746.0,3.0,0.0,0.0,6.0,1.0,0.0,0.0,0.0,0.0
824338,False,9,3.0,tie,685299.0,691587.0,2.0,1.0,3.0,0.0,0.0,3.0,3.0,3.0,2.0
824984,False,9,5.0,7,605488.0,680736.0,3.0,0.0,3.0,0.0,0.0,1.0,5.0,0.0,0.0
823122,False,9,6.0,7,693433.0,667755.0,0.0,0.0,0.0,0.0,0.0,5.0,6.0,0.0,0.0
825066,False,9,3.0,tie,694297.0,694738.0,3.0,0.0,3.0,0.0,0.0,2.0,1.0,1.0,0.0
824818,False,9,4.0,5,665152.0,702273.0,1.0,0.0,0.0,0.0,4.0,1.0,0.0,1.0,0.0
824419,False,9,5.0,2,676282.0,669022.0,0.0,5.0,1.0,0.0,0.0,2.0,2.0,3.0,0.0
824740,False,9,5.0,4,801139.0,695418.0,2.0,0.0,0.0,5.0,0.0,0.0,3.0,2.0,0.0
823530,True,11,,,,,,,,,,,,,
824660,False,9,9.0,8,607067.0,621111.0,3.0,1.0,5.0,0.0,6.0,2.0,0.0,9.0,0.0
822791,False,9,4.0,tie,680755.0,642547.0,1.0,0.0,4.0,0.0,0.0,0.0,4.0,2.0,1.0
823446,False,9,5.0,2,554430.0,694973.0,0.0,5.0,3.0,2.0,2.0,0.0,2.0,2.0,0.0
824905,False,9,3.0,8,625643.0,700241.0,2.0,0.0,1.0,0.0,0.0,0.0,0.0,3.0,0.0
824094,False,9,2.0,1,607625.0,663556.0,2.0,0.0,0.0,0.0,0.0,1.0,0.0,1.0,0.0
824174,False,9,3.0,tie,837227.0,671737.0,3.0,3.0,0.0,0.0,2.0,2.0,0.0,1.0,0.0
823767,False,9,2.0,tie,675660.0,671096.0,2.0,2.0,0.0,0.0,0.0,0.0,2.0,0.0,0.0
824337,False,9,4.0,5,607536.0,676974.0,1.0,0.0,0.0,2.0,4.0,0.0,2.0,0.0,0.0
824985,False,9,3.0,5,669372.0,676263.0,0.0,1.0,1.0,2.0,3.0,0.0,0.0,1.0,0.0
825064,False,9,4.0,8,668678.0,686790.0,0.0,0.0,0.0,0.0,3.0,3.0,0.0,4.0,0.0
823442,False,9,2.0,tie,660604.0,683003.0,0.0,0.0,1.0,0.0,1.0,0.0,2.0,2.0,1.0
823765,False,9,4.0,4,694819.0,695505.0,1.0,0.0,0.0,4.0,1.0,1.0,1.0,1.0,0.0
824335,False,9,7.0,6,547179.0,687473.0,3.0,0.0,3.0,3.0,0.0,7.0,0.0,2.0,0.0
824416,False,9,3.0,tie,677944.0,663436.0,0.0,0.0,2.0,0.0,3.0,3.0,1.0,0.0,2.0
824906,False,9,8.0,1,694462.0,669160.0,8.0,0.0,0.0,0.0,0.0,0.0,7.0,0.0,1.0
824093,False,9,3.0,2,663568.0,693855.0,1.0,3.0,0.0,0.0,2.0,0.0,1.0,0.0,0.0
822884,False,9,3.0,tie,543135.0,664285.0,0.0,3.0,0.0,2.0,3.0,1.0,3.0,2.0,0.0
823119,False,9,1.0,6,682243.0,700712.0,0.0,0.0,0.0,0.0,0.0,1.0,0.0,0.0,0.0
823935,False,9,6.0,2,808963.0,681190.0,2.0,6.0,2.0,4.0,2.0,1.0,0.0,1.0,1.0
824659,False,9,5.0,4,656849.0,669467.0,0.0,3.0,3.0,5.0,3.0,2.0,2.0,0.0,0.0
822714,False,9,4.0,tie,656492.0,656605.0,1.0,1.0,4.0,0.0,0.0,0.0,2.0,2.0,4.0
823527,False,9,2.0,tie,543037.0,702474.0,2.0,0.0,2.0,1.0,0.0,0.0,2.0,0.0,0.0
824498,False,9,2.0,3,663903.0,669432.0,1.0,0.0,2.0,0.0,0.0,0.0,0.0,0.0,0.0
824417,True,10,,,,,,,,,,,,,
824904,False,9,3.0,3,656550.0,681035.0,0.0,2.0,3.0,0.0,1.0,0.0,0.0,1.0,1.0
824336,False,9,7.0,5,663372.0,657277.0,3.0,2.0,3.0,1.0,7.0,1.0,0.0,1.0,0.0
824173,False,9,2.0,6,681293.0,607259.0,0.0,0.0,0.0,0.0,0.0,2.0,1.0,1.0,0.0
824013,False,9,3.0,3,672282.0,687562.0,0.0,1.0,3.0,0.0,1.0,0.0,0.0,2.0,0.0
824982,False,9,6.0,1,678022.0,663969.0,6.0,1.0,2.0,3.0,0.0,1.0,0.0,2.0,2.0
825062,True,11,,,,,,,,,,,,,
823933,False,9,4.0,7,660271.0,650633.0,1.0,0.0,0.0,1.0,0.0,1.0,4.0,0.0,0.0
823120,False,9,2.0,3,622491.0,656302.0,0.0,0.0,2.0,0.0,0.0,0.0,0.0,0.0,0.0
822716,False,9,4.0,2,687223.0,677952.0,2.0,4.0,0.0,0.0,0.0,0.0,0.0,2.0,0.0
823526,False,9,4.0,8,694341.0,805673.0,3.0,2.0,0.0,2.0,3.0,0.0,1.0,4.0,0.0
822882,False,9,2.0,1,615698.0,656427.0,2.0,1.0,0.0,0.0,0.0,0.0,0.0,0.0,0.0
823118,False,9,5.0,2,669302.0,669456.0,0.0,5.0,0.0,0.0,2.0,4.0,0.0,0.0,0.0
824499,False,9,5.0,4,668881.0,687064.0,4.0,3.0,0.0,5.0,0.0,0.0,1.0,0.0,0.0
824171,False,9,4.0,7,686613.0,656876.0,3.0,2.0,3.0,3.0,1.0,0.0,4.0,0.0,2.0
824415,False,9,1.0,tie,800048.0,680732.0,1.0,0.0,0.0,0.0,1.0,0.0,0.0,1.0,1.0
824658,False,9,1.0,tie,684007.0,681517.0,1.0,0.0,1.0,0.0,0.0,0.0,0.0,1.0,0.0
824903,False,9,4.0,tie,519242.0,640455.0,0.0,1.0,4.0,1.0,1.0,4.0,2.0,4.0,0.0
824334,False,9,7.0,1,807743.0,592662.0,7.0,1.0,1.0,0.0,0.0,0.0,0.0,0.0,1.0
824092,False,9,4.0,4,608379.0,666200.0,0.0,0.0,0.0,4.0,0.0,1.0,1.0,1.0,0.0
824012,False,9,4.0,5,691951.0,543243.0,3.0,1.0,0.0,0.0,4.0,0.0,0.0,1.0,0.0
824983,False,9,3.0,tie,650644.0,645261.0,0.0,0.0,3.0,0.0,1.0,0.0,3.0,0.0,2.0
825063,False,9,3.0,1,518876.0,605540.0,3.0,0.0,0.0,0.0,2.0,0.0,0.0,1.0,1.0
823932,False,9,1.0,tie,808967.0,593974.0,0.0,0.0,1.0,0.0,0.0,1.0,0.0,1.0,0.0
824902,False,9,11.0,9,527048.0,690997.0,4.0,4.0,0.0,0.0,0.0,0.0,0.0,0.0,11.0
822715,False,9,6.0,8,676917.0,696149.0,0.0,3.0,3.0,1.0,1.0,0.0,0.0,6.0,2.0
824497,False,9,2.0,5,666157.0,680694.0,0.0,0.0,0.0,0.0,2.0,1.0,0.0,1.0,1.0
823525,False,9,2.0,tie,677960.0,657746.0,1.0,0.0,0.0,1.0,2.0,2.0,0.0,0.0,1.0
824413,False,9,5.0,1,676440.0,669684.0,5.0,1.0,3.0,0.0,3.0,1.0,0.0,0.0,0.0
824656,False,9,7.0,6,665871.0,669461.0,2.0,0.0,0.0,0.0,0.0,7.0,0.0,1.0,0.0
824091,False,9,2.0,tie,679883.0,605400.0,2.0,0.0,0.0,0.0,2.0,0.0,1.0,2.0,0.0
824172,False,9,1.0,tie,663567.0,669438.0,0.0,0.0,0.0,1.0,0.0,1.0,0.0,0.0,0.0
822879,False,9,5.0,5,677958.0,663554.0,0.0,0.0,1.0,2.0,5.0,0.0,0.0,1.0,0.0
824333,False,9,3.0,tie,685299.0,641816.0,2.0,3.0,1.0,1.0,2.0,1.0,0.0,3.0,0.0
825061,False,9,4.0,7,593958.0,687075.0,1.0,0.0,0.0,0.0,0.0,0.0,4.0,0.0,0.0
824980,False,9,5.0,8,695611.0,691587.0,1.0,2.0,3.0,0.0,0.0,2.0,0.0,5.0,4.0
823117,False,9,2.0,4,676106.0,702056.0,0.0,0.0,1.0,2.0,0.0,0.0,0.0,1.0,0.0
823931,False,9,6.0,7,686218.0,676664.0,0.0,0.0,0.0,1.0,0.0,0.0,6.0,0.0,0.0
824010,False,9,3.0,tie,696270.0,624133.0,2.0,3.0,3.0,0.0,0.0,0.0,2.0,1.0,1.0
824089,False,9,7.0,1,702070.0,650911.0,7.0,1.0,1.0,1.0,1.0,1.0,2.0,2.0,0.0
822958,False,9,4.0,5,643377.0,693645.0,0.0,0.0,0.0,0.0,4.0,0.0,0.0,1.0,1.0
822712,False,9,7.0,3,571945.0,681347.0,2.0,3.0,7.0,0.0,6.0,1.0,0.0,4.0,0.0
824900,True,10,,,,,,,,,,,,,
823036,False,9,4.0,7,669160.0,675660.0,0.0,0.0,2.0,0.0,0.0,1.0,4.0,0.0,0.0
823282,False,9,4.0,3,621111.0,694297.0,2.0,0.0,4.0,1.0,0.0,1.0,0.0,0.0,0.0
823205,False,9,6.0,6,694738.0,592332.0,1.0,0.0,0.0,1.0,1.0,6.0,0.0,2.0,0.0
823930,True,11,,,,,,,,,,,,,
823062,False,9,3.0,3,694335.0,694819.0,2.0,0.0,3.0,0.0,0.0,1.0,1.0,0.0,0.0
823035,False,9,7.0,7,690928.0,688107.0,0.0,0.0,1.0,0.0,2.0,2.0,7.0,0.0,0.0
824820,False,9,3.0,7,669358.0,571510.0,0.0,0.0,1.0,0.0,2.0,0.0,3.0,1.0,0.0
824254,False,9,4.0,6,669373.0,669372.0,2.0,0.0,1.0,0.0,0.0,4.0,1.0,0.0,0.0
823361,False,9,5.0,1,694973.0,694462.0,5.0,0.0,4.0,0.0,0.0,3.0,1.0,1.0,2.0
823847,True,10,,,,,,,,,,,,,
822956,False,9,4.0,4,693855.0,701542.0,0.0,2.0,3.0,4.0,0.0,0.0,1.0,0.0,0.0
822713,False,9,3.0,4,674841.0,837227.0,1.0,1.0,1.0,3.0,0.0,1.0,0.0,1.0,1.0
823607,False,9,9.0,7,672335.0,607625.0,3.0,4.0,0.0,6.0,5.0,0.0,9.0,1.0,0.0
824495,False,9,3.0,3,671096.0,554430.0,0.0,0.0,3.0,0.0,0.0,0.0,1.0,1.0,0.0
823687,False,9,3.0,2,671737.0,676282.0,0.0,3.0,0.0,0.0,0.0,0.0,1.0,0.0,0.0
824579,False,9,4.0,9,702273.0,801139.0,0.0,3.0,0.0,1.0,0.0,0.0,1.0,0.0,4.0
822881,False,9,5.0,8,594798.0,667755.0,2.0,2.0,0.0,0.0,0.0,0.0,2.0,5.0,0.0
823280,False,9,5.0,1,608566.0,668678.0,5.0,0.0,0.0,0.0,0.0,0.0,0.0,0.0,0.0
823203,False,9,6.0,3,686790.0,693686.0,0.0,4.0,6.0,0.0,1.0,0.0,0.0,0.0,1.0
823929,False,9,3.0,8,680736.0,547179.0,1.0,0.0,0.0,0.0,1.0,2.0,0.0,3.0,0.0
823202,False,9,5.0,1,657277.0,656302.0,5.0,0.0,0.0,0.0,0.0,0.0,0.0,2.0,3.0
824815,False,9,7.0,7,665152.0,607067.0,0.0,0.0,2.0,2.0,3.0,0.0,7.0,2.0,0.0
824253,False,9,3.0,5,675512.0,605488.0,1.0,2.0,0.0,1.0,3.0,0.0,0.0,0.0,0.0
823360,False,9,2.0,8,683003.0,656550.0,0.0,0.0,0.0,0.0,0.0,0.0,0.0,2.0,1.0
823848,False,9,1.0,tie,663969.0,669923.0,0.0,1.0,1.0,0.0,0.0,0.0,0.0,0.0,0.0
822957,False,9,1.0,tie,663556.0,543037.0,0.0,0.0,1.0,0.0,1.0,0.0,1.0,0.0,0.0
822710,False,9,4.0,5,656492.0,681293.0,0.0,0.0,2.0,3.0,4.0,0.0,0.0,1.0,0.0
823605,False,9,5.0,8,681035.0,674444.0,1.0,0.0,0.0,0.0,0.0,1.0,0.0,5.0,1.0
824496,False,9,5.0,tie,695505.0,660604.0,0.0,2.0,2.0,5.0,1.0,5.0,0.0,0.0,1.0
823684,False,9,6.0,4,687570.0,677944.0,0.0,0.0,0.0,6.0,0.0,0.0,4.0,0.0,1.0
824578,False,9,3.0,3,663436.0,687562.0,0.0,0.0,3.0,2.0,0.0,0.0,0.0,0.0,0.0
823032,False,9,2.0,tie,700241.0,690986.0,2.0,0.0,0.0,1.0,0.0,2.0,1.0,0.0,0.0
822880,False,9,4.0,5,669022.0,700712.0,1.0,0.0,0.0,2.0,4.0,2.0,0.0,3.0,2.0
823928,False,9,3.0,1,808963.0,687312.0,3.0,2.0,1.0,0.0,0.0,0.0,0.0,1.0,0.0
823279,False,9,4.0,tie,650633.0,703615.0,1.0,0.0,1.0,1.0,2.0,4.0,4.0,1.0,0.0
823359,False,9,5.0,4,656605.0,693821.0,1.0,0.0,4.0,5.0,0.0,1.0,0.0,0.0,4.0
823606,False,9,5.0,5,640455.0,608379.0,1.0,1.0,0.0,1.0,5.0,0.0,2.0,0.0,0.0
822954,False,9,8.0,3,656876.0,621112.0,1.0,0.0,8.0,1.0,0.0,4.0,1.0,1.0,0.0
824816,False,9,3.0,8,669432.0,656849.0,0.0,1.0,0.0,0.0,0.0,1.0,0.0,3.0,0.0
823683,False,9,3.0,7,641927.0,668909.0,0.0,1.0,0.0,0.0,1.0,1.0,3.0,0.0,1.0
824577,False,9,2.0,4,641743.0,663776.0,0.0,0.0,0.0,2.0,1.0,0.0,0.0,0.0,0.0
824251,False,9,3.0,5,664285.0,660761.0,0.0,0.0,1.0,0.0,3.0,0.0,1.0,0.0,0.0
823846,False,9,4.0,4,676083.0,682243.0,0.0,3.0,0.0,4.0,1.0,0.0,2.0,2.0,0.0
824494,False,9,1.0,8,663903.0,666200.0,0.0,0.0,0.0,0.0,0.0,0.0,0.0,1.0,0.0
823034,False,9,4.0,3,669467.0,701656.0,0.0,2.0,4.0,1.0,0.0,3.0,1.0,0.0,1.0
822877,False,9,5.0,7,543135.0,672282.0,2.0,0.0,3.0,1.0,0.0,1.0,5.0,0.0,1.0
823277,False,9,1.0,tie,656288.0,518876.0,0.0,1.0,0.0,1.0,1.0,1.0,0.0,0.0,0.0
823201,False,9,4.0,8,687931.0,663372.0,1.0,0.0,0.0,3.0,2.0,0.0,0.0,4.0,0.0
824252,False,9,5.0,6,656427.0,605400.0,0.0,0.0,3.0,1.0,0.0,5.0,3.0,0.0,0.0
822709,False,9,3.0,9,687223.0,677960.0,1.0,0.0,1.0,1.0,0.0,0.0,2.0,0.0,3.0
824817,False,9,3.0,tie,687064.0,679883.0,0.0,2.0,0.0,3.0,0.0,0.0,0.0,3.0,0.0
824493,False,9,3.0,7,668881.0,684007.0,0.0,0.0,0.0,0.0,1.0,0.0,3.0,0.0,0.0
822955,False,9,3.0,tie,607259.0,622491.0,0.0,0.0,1.0,1.0,3.0,1.0,3.0,0.0,0.0
823845,False,9,2.0,4,645261.0,800048.0,0.0,0.0,0.0,2.0,1.0,1.0,1.0,0.0,0.0
823604,False,9,3.0,9,690997.0,543243.0,2.0,0.0,1.0,0.0,0.0,0.0,2.0,0.0,3.0
824575,False,9,9.0,7,680732.0,682052.0,0.0,0.0,0.0,0.0,4.0,0.0,9.0,2.0,0.0
822878,False,9,4.0,8,615698.0,686613.0,2.0,0.0,0.0,0.0,1.0,1.0,2.0,4.0,0.0
823685,False,9,2.0,tie,805673.0,680570.0,1.0,0.0,0.0,2.0,2.0,2.0,0.0,0.0,0.0
823033,False,9,1.0,tie,681517.0,519242.0,0.0,0.0,0.0,0.0,1.0,1.0,0.0,1.0,0.0
823278,False,9,4.0,5,676664.0,669456.0,2.0,0.0,0.0,1.0,4.0,0.0,0.0,0.0,1.0
823927,False,9,4.0,1,669165.0,593958.0,4.0,0.0,0.0,2.0,2.0,2.0,0.0,1.0,1.0
823200,False,9,4.0,9,592662.0,685299.0,0.0,1.0,0.0,0.0,1.0,0.0,1.0,0.0,4.0
823357,False,9,5.0,7,677952.0,687075.0,2.0,2.0,1.0,0.0,3.0,0.0,5.0,0.0,0.0
823356,False,9,2.0,tie,696149.0,675660.0,0.0,0.0,0.0,2.0,2.0,1.0,0.0,0.0,0.0
823682,False,9,3.0,tie,657746.0,696270.0,0.0,3.0,2.0,0.0,0.0,0.0,3.0,0.0,0.0
824576,False,9,1.0,6,663542.0,695611.0,0.0,0.0,0.0,0.0,0.0,1.0,0.0,0.0,0.0
823198,False,9,3.0,6,641816.0,607536.0,0.0,0.0,1.0,0.0,1.0,3.0,0.0,1.0,0.0
822711,False,9,4.0,8,676571.0,693645.0,2.0,0.0,0.0,0.0,0.0,0.0,0.0,4.0,0.0
823603,False,9,2.0,tie,642547.0,700842.0,0.0,0.0,0.0,2.0,0.0,0.0,0.0,2.0,0.0
822953,False,9,3.0,7,643377.0,669302.0,0.0,2.0,1.0,0.0,0.0,0.0,3.0,1.0,0.0
823844,False,9,2.0,tie,691587.0,676440.0,0.0,0.0,0.0,2.0,0.0,0.0,1.0,2.0,0.0
824249,False,9,3.0,4,663554.0,650911.0,0.0,0.0,1.0,3.0,1.0,0.0,0.0,1.0,0.0
824813,False,9,2.0,4,680694.0,702070.0,0.0,1.0,0.0,2.0,1.0,1.0,1.0,1.0,0.0
822875,False,9,4.0,tie,677958.0,663567.0,2.0,0.0,4.0,2.0,0.0,0.0,0.0,0.0,4.0
824492,False,9,3.0,6,666157.0,665871.0,0.0,0.0,0.0,2.0,1.0,3.0,2.0,0.0,0.0
823030,False,9,3.0,1,669461.0,625643.0,3.0,0.0,0.0,1.0,0.0,0.0,1.0,0.0,0.0
823276,False,9,6.0,2,621111.0,702056.0,2.0,6.0,2.0,1.0,0.0,4.0,0.0,0.0,0.0
823926,False,9,7.0,6,808967.0,694297.0,0.0,0.0,0.0,1.0,0.0,7.0,1.0,2.0,0.0
823358,False,9,12.0,4,694973.0,688107.0,0.0,4.0,0.0,12.0,0.0,0.0,0.0,3.0,0.0
824814,False,9,5.0,6,669358.0,607625.0,0.0,3.0,1.0,0.0,0.0,5.0,1.0,0.0,0.0
822708,False,9,2.0,tie,676917.0,701542.0,1.0,0.0,0.0,0.0,2.0,1.0,1.0,2.0,1.0
824491,False,9,4.0,tie,671096.0,571510.0,2.0,0.0,4.0,2.0,0.0,0.0,4.0,0.0,0.0
823602,True,10,,,,,,,,,,,,,
822951,False,9,4.0,4,693855.0,676106.0,0.0,3.0,0.0,4.0,0.0,0.0,0.0,2.0,1.0
824250,False,9,4.0,6,669373.0,554430.0,0.0,0.0,1.0,0.0,0.0,4.0,0.0,0.0,0.0
823842,False,9,2.0,tie,663969.0,676282.0,2.0,0.0,1.0,0.0,1.0,0.0,1.0,0.0,2.0
823681,False,9,3.0,3,671737.0,667755.0,0.0,1.0,3.0,0.0,0.0,0.0,1.0,1.0,0.0
824574,False,9,7.0,1,702273.0,669372.0,7.0,0.0,0.0,0.0,3.0,0.0,0.0,0.0,0.0
823029,False,9,3.0,6,669160.0,664849.0,1.0,1.0,0.0,1.0,0.0,3.0,0.0,0.0,1.0
822876,False,9,3.0,tie,669022.0,664299.0,0.0,3.0,0.0,1.0,1.0,0.0,3.0,2.0,1.0
823199,False,9,2.0,8,686790.0,547179.0,1.0,0.0,0.0,1.0,0.0,0.0,0.0,2.0,0.0
823925,False,9,2.0,tie,686218.0,683352.0,1.0,0.0,2.0,0.0,2.0,2.0,0.0,0.0,1.0
823274,False,9,3.0,tie,608566.0,592332.0,1.0,3.0,0.0,2.0,0.0,0.0,0.0,3.0,0.0
823440,False,9,2.0,7,605400.0,681035.0,0.0,0.0,1.0,0.0,0.0,0.0,2.0,1.0,1.0
824766,False,9,6.0,6,687562.0,643377.0,0.0,2.0,0.0,1.0,0.0,6.0,1.0,0.0,0.0
824737,False,9,5.0,1,700842.0,669438.0,5.0,0.0,2.0,1.0,0.0,0.0,0.0,0.0,0.0
823524,False,9,2.0,7,543037.0,808963.0,0.0,0.0,0.0,1.0,0.0,0.0,2.0,0.0,0.0
824901,False,9,4.0,tie,519242.0,615698.0,0.0,2.0,0.0,4.0,2.0,0.0,4.0,4.0,0.0
822789,False,9,5.0,2,693686.0,641743.0,0.0,5.0,1.0,1.0,4.0,1.0,4.0,0.0,0.0
823766,True,10,,,,,,,,,,,,,
824655,False,9,4.0,3,607067.0,641927.0,1.0,0.0,4.0,0.0,0.0,1.0,1.0,0.0,0.0
824170,False,9,2.0,tie,663567.0,665152.0,1.0,0.0,2.0,0.0,0.0,0.0,0.0,2.0,0.0
824090,True,10,,,,,,,,,,,,,
824332,False,9,3.0,6,687312.0,663903.0,1.0,0.0,0.0,0.0,1.0,3.0,2.0,1.0,1.0
824009,False,9,2.0,9,672282.0,675512.0,1.0,0.0,0.0,0.0,0.0,0.0,0.0,0.0,2.0
824981,False,9,7.0,9,695611.0,676917.0,0.0,0.0,3.0,3.0,4.0,6.0,4.0,0.0,7.0
825060,False,9,3.0,8,518876.0,700241.0,2.0,1.0,1.0,0.0,1.0,0.0,0.0,3.0,1.0
823115,False,9,4.0,7,682243.0,694738.0,0.0,0.0,0.0,0.0,2.0,1.0,4.0,0.0,0.0
824414,False,9,3.0,6,668909.0,683003.0,0.0,2.0,1.0,0.0,0.0,3.0,0.0,2.0,0.0
824412,False,9,3.0,8,671106.0,682254.0,0.0,1.0,1.0,1.0,0.0,0.0,0.0,3.0,2.0
824657,False,9,3.0,2,571510.0,671737.0,1.0,3.0,2.0,0.0,0.0,0.0,2.0,0.0,0.0
823441,False,9,2.0,tie,666200.0,640455.0,2.0,1.0,0.0,0.0,2.0,2.0,0.0,0.0,0.0
822790,False,9,1.0,4,669456.0,663436.0,0.0,0.0,0.0,1.0,0.0,0.0,0.0,0.0,0.0
824331,False,9,4.0,2,608372.0,695076.0,2.0,4.0,3.0,0.0,1.0,2.0,1.0,0.0,0.0
824169,True,11,,,,,,,,,,,,,
824088,False,9,2.0,tie,677976.0,656288.0,2.0,0.0,2.0,1.0,0.0,2.0,0.0,0.0,0.0
825059,False,9,3.0,3,694297.0,669160.0,0.0,1.0,3.0,1.0,0.0,2.0,0.0,0.0,1.0
824738,False,9,5.0,7,663776.0,693855.0,0.0,4.0,1.0,3.0,0.0,0.0,5.0,0.0,0.0
824899,False,9,4.0,tie,702566.0,669022.0,1.0,4.0,3.0,0.0,0.0,4.0,1.0,0.0,0.0
823763,False,9,4.0,tie,675660.0,676974.0,0.0,4.0,1.0,0.0,0.0,4.0,2.0,0.0,3.0
823116,True,10,,,,,,,,,,,,,
824979,False,9,6.0,7,669372.0,641793.0,5.0,1.0,0.0,0.0,0.0,2.0,6.0,1.0,1.0
824008,False,9,4.0,1,680570.0,669373.0,4.0,2.0,0.0,0.0,1.0,0.0,0.0,0.0,0.0
822786,False,9,2.0,6,702056.0,680732.0,0.0,0.0,0.0,1.0,0.0,2.0,0.0,0.0,0.0
823523,False,9,6.0,8,693645.0,808967.0,0.0,0.0,2.0,1.0,1.0,0.0,0.0,6.0,0.0
823521,False,9,2.0,8,642232.0,694361.0,1.0,0.0,0.0,0.0,0.0,0.0,0.0,2.0,0.0
824739,False,9,3.0,3,543243.0,663556.0,0.0,2.0,3.0,0.0,2.0,0.0,0.0,0.0,0.0
823439,False,9,3.0,2,660604.0,690997.0,2.0,3.0,0.0,0.0,0.0,1.0,1.0,0.0,0.0
824897,False,9,3.0,tie,656550.0,543135.0,1.0,1.0,1.0,1.0,3.0,0.0,3.0,2.0,1.0
824411,False,9,3.0,6,676282.0,694973.0,0.0,1.0,1.0,0.0,1.0,3.0,0.0,0.0,2.0
824168,False,9,3.0,3,686613.0,687064.0,0.0,0.0,3.0,0.0,2.0,1.0,0.0,1.0,0.0
824086,False,9,6.0,9,702070.0,608566.0,1.0,4.0,3.0,1.0,0.0,1.0,0.0,5.0,6.0
823764,False,9,3.0,9,688107.0,691587.0,0.0,0.0,1.0,0.0,0.0,0.0,0.0,0.0,3.0
824653,False,9,4.0,3,684007.0,805673.0,2.0,1.0,4.0,3.0,0.0,0.0,0.0,1.0,0.0
824330,False,9,6.0,1,663372.0,668881.0,6.0,3.0,0.0,0.0,1.0,2.0,0.0,2.0,1.0
824978,False,9,3.0,5,682052.0,656492.0,0.0,0.0,2.0,1.0,3.0,0.0,0.0,0.0,1.0
824007,False,9,1.0,tie,696270.0,663554.0,1.0,1.0,0.0,0.0,1.0,1.0,0.0,0.0,1.0
823113,False,9,2.0,tie,669302.0,592662.0,2.0,0.0,0.0,2.0,2.0,1.0,2.0,0.0,0.0
825057,True,10,,,,,,,,,,,,,
824410,False,9,5.0,2,676440.0,657746.0,3.0,5.0,1.0,1.0,1.0,1.0,4.0,1.0,0.0
823522,False,9,6.0,3,677960.0,677952.0,4.0,3.0,6.0,0.0,0.0,0.0,0.0,0.0,0.0
822788,False,9,2.0,5,656302.0,607259.0,0.0,1.0,1.0,1.0,2.0,1.0,1.0,0.0,1.0
824736,False,9,3.0,6,801139.0,669358.0,1.0,1.0,2.0,0.0,1.0,3.0,2.0,1.0,0.0
823436,False,9,6.0,6,650911.0,686218.0,0.0,4.0,0.0,1.0,0.0,6.0,2.0,1.0,3.0
824898,False,9,2.0,5,693821.0,676664.0,0.0,0.0,0.0,1.0,2.0,1.0,1.0,0.0,0.0
824087,False,9,4.0,4,608379.0,686790.0,0.0,0.0,0.0,4.0,0.0,0.0,0.0,0.0,3.0
823762,False,9,3.0,tie,694819.0,642547.0,2.0,1.0,3.0,0.0,0.0,3.0,0.0,2.0,0.0
824654,True,10,,,,,,,,,,,,,
822874,False,9,5.0,9,594798.0,607200.0,1.0,1.0,1.0,0.0,4.0,0.0,1.0,0.0,5.0
824167,False,9,8.0,2,669854.0,676083.0,0.0,8.0,0.0,2.0,1.0,0.0,1.0,0.0,1.0
824328,False,9,3.0,tie,607536.0,674841.0,3.0,0.0,3.0,0.0,0.0,1.0,2.0,0.0,1.0
825058,False,9,3.0,7,683352.0,605488.0,0.0,1.0,0.0,0.0,1.0,2.0,3.0,0.0,0.0
823112,False,9,6.0,7,669923.0,671096.0,0.0,0.0,0.0,0.0,1.0,0.0,6.0,1.0,0.0
824006,False,9,2.0,tie,667755.0,681517.0,0.0,2.0,1.0,0.0,0.0,0.0,0.0,0.0,2.0
824409,False,9,2.0,tie,800048.0,696070.0,1.0,0.0,2.0,1.0,0.0,2.0,1.0,0.0,0.0
823437,False,9,2.0,4,554430.0,680736.0,1.0,0.0,0.0,2.0,0.0,0.0,0.0,0.0,0.0
822787,False,9,4.0,9,592332.0,656876.0,3.0,0.0,0.0,2.0,3.0,2.0,0.0,0.0,4.0
824895,False,9,3.0,4,625643.0,621111.0,1.0,2.0,0.0,3.0,1.0,1.0,1.0,2.0,0.0
824085,False,9,2.0,tie,679883.0,641816.0,0.0,0.0,1.0,0.0,2.0,2.0,0.0,0.0,0.0
823760,False,9,2.0,5,687075.0,804267.0,0.0,1.0,0.0,0.0,2.0,0.0,0.0,1.0,0.0
824652,False,9,6.0,1,656849.0,664285.0,6.0,0.0,1.0,0.0,2.0,0.0,2.0,0.0,2.0
822871,False,9,4.0,5,677958.0,702273.0,2.0,0.0,1.0,2.0,4.0,1.0,0.0,0.0,0.0
824165,False,9,4.0,5,837227.0,663969.0,1.0,1.0,0.0,0.0,4.0,0.0,2.0,0.0,0.0
824329,False,9,4.0,2,547179.0,687223.0,2.0,4.0,3.0,2.0,1.0,1.0,1.0,1.0,0.0
824005,False,9,5.0,1,700712.0,669461.0,5.0,0.0,0.0,0.0,1.0,0.0,0.0,0.0,0.0
825056,True,10,,,,,,,,,,,,,
823114,False,9,1.0,tie,622491.0,695505.0,1.0,0.0,0.0,1.0,1.0,0.0,1.0,1.0,1.0
823518,True,10,,,,,,,,,,,,,
823519,False,9,2.0,7,608331.0,696149.0,0.0,0.0,0.0,0.0,0.0,0.0,2.0,0.0,0.0
824735,False,9,4.0,1,687562.0,665152.0,4.0,0.0,2.0,2.0,0.0,1.0,0.0,0.0,0.0
824732,False,9,4.0,1,700842.0,680694.0,4.0,0.0,0.0,1.0,0.0,0.0,1.0,0.0,0.0
824083,False,9,7.0,7,607625.0,694738.0,0.0,0.0,0.0,0.0,0.0,1.0,7.0,0.0,1.0
823761,False,9,4.0,2,701656.0,681035.0,0.0,4.0,0.0,0.0,1.0,1.0,0.0,0.0,1.0
824327,False,9,6.0,7,687312.0,676917.0,0.0,0.0,0.0,0.0,1.0,0.0,6.0,1.0,0.0
825055,False,9,8.0,5,518876.0,695611.0,0.0,0.0,1.0,2.0,8.0,5.0,1.0,1.0,2.0
823110,False,9,4.0,4,676106.0,663903.0,0.0,1.0,0.0,4.0,0.0,0.0,3.0,0.0,0.0
824004,False,9,1.0,6,672282.0,690928.0,0.0,0.0,0.0,0.0,0.0,1.0,0.0,0.0,0.0
824408,False,9,5.0,4,677944.0,641927.0,2.0,2.0,2.0,5.0,0.0,0.0,0.0,4.0,1.0
823438,False,9,5.0,8,605400.0,641778.0,2.0,0.0,1.0,0.0,3.0,2.0,0.0,5.0,1.0
822784,False,9,3.0,6,680755.0,643377.0,1.0,1.0,0.0,0.0,0.0,3.0,1.0,0.0,0.0
824896,False,9,6.0,8,527048.0,650633.0,1.0,0.0,0.0,0.0,0.0,0.0,1.0,6.0,5.0
822873,False,9,3.0,4,641302.0,641743.0,0.0,2.0,0.0,3.0,0.0,1.0,0.0,0.0,0.0
824650,False,9,3.0,4,607067.0,672456.0,1.0,1.0,0.0,3.0,0.0,0.0,0.0,0.0,1.0
824166,False,9,3.0,8,663567.0,645261.0,0.0,1.0,1.0,2.0,0.0,0.0,0.0,3.0,0.0
824893,False,9,4.0,tie,519242.0,606996.0,0.0,4.0,0.0,4.0,0.0,0.0,1.0,2.0,0.0
824406,True,12,,,,,,,,,,,,,
822785,False,9,2.0,3,669456.0,668984.0,1.0,0.0,2.0,0.0,0.0,0.0,1.0,0.0,0.0
823042,False,9,5.0,tie,700241.0,694297.0,2.0,0.0,0.0,3.0,1.0,0.0,0.0,5.0,5.0
824247,False,9,3.0,7,675512.0,677976.0,0.0,0.0,0.0,0.0,0.0,2.0,3.0,2.0,0.0
823759,False,9,3.0,1,675660.0,608372.0,3.0,0.0,1.0,1.0,0.0,1.0,1.0,0.0,0.0
824248,False,9,2.0,1,669373.0,694360.0,2.0,0.0,0.0,1.0,0.0,0.0,0.0,0.0,0.0
823352,True,10,,,,,,,,,,,,,
822707,False,9,2.0,tie,687223.0,593958.0,0.0,2.0,0.0,2.0,0.0,0.0,1.0,0.0,0.0
823434,False,9,1.0,4,666200.0,693645.0,0.0,0.0,0.0,1.0,0.0,0.0,0.0,0.0,0.0
824812,True,10,,,,,,,,,,,,,
823601,False,9,3.0,8,640455.0,808963.0,0.0,1.0,0.0,1.0,0.0,0.0,1.0,3.0,0.0
822952,False,9,4.0,tie,663556.0,676282.0,0.0,2.0,0.0,4.0,0.0,1.0,1.0,4.0,2.0
823843,False,9,2.0,tie,687473.0,608566.0,0.0,1.0,0.0,1.0,2.0,0.0,0.0,2.0,0.0
824733,False,9,3.0,tie,663776.0,702056.0,1.0,0.0,2.0,0.0,0.0,1.0,3.0,3.0,0.0
824573,False,9,8.0,6,663436.0,681293.0,3.0,0.0,0.0,0.0,2.0,8.0,0.0,0.0,1.0
822872,False,9,2.0,tie,669022.0,682243.0,1.0,1.0,0.0,2.0,2.0,2.0,0.0,0.0,1.0
823680,False,9,1.0,tie,805673.0,682052.0,0.0,0.0,0.0,0.0,1.0,1.0,0.0,0.0,0.0
823031,False,9,2.0,tie,669160.0,695076.0,0.0,0.0,0.0,1.0,2.0,0.0,2.0,0.0,1.0
823196,True,10,,,,,,,,,,,,,
718692,False,9,2.0,8,425844.0,666201.0,0.0,0.0,0.0,0.0,0.0,1.0,0.0,2.0,0.0
718544,False,9,3.0,3,666200.0,657277.0,0.0,1.0,3.0,0.0,0.0,1.0,2.0,0.0,0.0
718384,False,9,8.0,4,605397.0,640455.0,2.0,1.0,4.0,8.0,3.0,0.0,5.0,4.0,0.0
718729,False,9,3.0,2,456501.0,641816.0,1.0,3.0,2.0,2.0,1.0,0.0,2.0,0.0,1.0
718722,False,9,3.0,tie,677960.0,669194.0,2.0,3.0,0.0,0.0,0.0,0.0,1.0,0.0,3.0
718693,False,9,6.0,8,656731.0,665795.0,0.0,0.0,2.0,1.0,0.0,1.0,2.0,6.0,0.0
718623,False,9,5.0,9,656605.0,664299.0,1.0,3.0,0.0,0.0,0.0,2.0,0.0,0.0,5.0
718426,False,9,4.0,8,657006.0,605483.0,0.0,2.0,0.0,0.0,0.0,0.0,0.0,4.0,0.0
718392,False,9,2.0,tie,666201.0,622491.0,0.0,2.0,2.0,0.0,0.0,1.0,0.0,0.0,0.0
718503,False,9,5.0,4,640455.0,673540.0,0.0,0.0,0.0,5.0,4.0,1.0,3.0,0.0,0.0
718391,False,9,2.0,tie,666200.0,573186.0,0.0,0.0,2.0,0.0,0.0,0.0,2.0,0.0,1.0
718675,False,9,1.0,tie,573186.0,543135.0,0.0,0.0,0.0,1.0,0.0,1.0,0.0,0.0,0.0
718475,False,9,3.0,3,650911.0,607536.0,0.0,1.0,3.0,1.0,1.0,1.0,0.0,0.0,0.0
718373,False,9,10.0,7,458681.0,676534.0,0.0,2.0,0.0,0.0,0.0,1.0,10.0,1.0,1.0
718607,False,9,3.0,tie,570632.0,656427.0,1.0,1.0,0.0,3.0,0.0,0.0,3.0,2.0,1.0
718518,False,9,2.0,4,669022.0,680694.0,0.0,0.0,1.0,2.0,0.0,0.0,0.0,0.0,1.0
718587,False,9,4.0,5,621244.0,656876.0,1.0,1.0,0.0,1.0,4.0,0.0,2.0,0.0,0.0
718423,False,9,2.0,tie,543101.0,571927.0,1.0,0.0,1.0,2.0,1.0,0.0,2.0,2.0,1.0
718754,False,9,7.0,3,621107.0,605513.0,1.0,0.0,7.0,3.0,0.0,1.0,2.0,0.0,0.0
718576,False,9,6.0,1,601713.0,542881.0,6.0,0.0,1.0,3.0,2.0,1.0,0.0,3.0,0.0
718705,False,9,2.0,tie,664285.0,666159.0,2.0,0.0,0.0,1.0,1.0,1.0,0.0,2.0,2.0
718358,False,9,4.0,tie,596295.0,669194.0,0.0,2.0,4.0,1.0,0.0,4.0,2.0,2.0,1.0
718507,False,9,1.0,4,607259.0,450203.0,0.0,0.0,0.0,1.0,0.0,0.0,0.0,0.0,0.0
718528,False,9,3.0,4,665795.0,622072.0,2.0,0.0,1.0,3.0,0.0,0.0,0.0,0.0,0.0
718397,False,9,3.0,2,571760.0,543037.0,0.0,3.0,0.0,0.0,0.0,2.0,0.0,0.0,1.0
718461,False,9,10.0,8,669203.0,678394.0,1.0,2.0,0.0,1.0,2.0,0.0,1.0,10.0,0.0
718680,False,9,2.0,2,502171.0,641745.0,0.0,2.0,0.0,1.0,0.0,0.0,0.0,1.0,0.0
718553,False,9,4.0,1,656302.0,680570.0,4.0,0.0,0.0,3.0,0.0,1.0,0.0,3.0,1.0
718585,True,11,,,,,,,,,,,,,
718742,False,9,3.0,6,605488.0,666214.0,0.0,0.0,0.0,1.0,0.0,3.0,0.0,1.0,1.0
718631,False,9,3.0,4,660761.0,571578.0,2.0,1.0,2.0,3.0,1.0,0.0,1.0,0.0,0.0
718668,False,9,4.0,9,663559.0,666157.0,1.0,0.0,0.0,0.0,0.0,0.0,0.0,0.0,4.0
718760,False,9,3.0,4,664353.0,608337.0,2.0,1.0,0.0,3.0,0.0,0.0,1.0,2.0,1.0
718632,False,9,4.0,2,672710.0,664285.0,1.0,4.0,1.0,3.0,0.0,0.0,1.0,0.0,0.0
718508,False,9,3.0,9,592789.0,453286.0,0.0,0.0,0.0,1.0,2.0,0.0,0.0,2.0,3.0
718408,False,9,5.0,2,663776.0,665622.0,1.0,5.0,2.0,0.0,3.0,1.0,0.0,2.0,0.0
718707,False,9,2.0,tie,676664.0,669456.0,0.0,0.0,2.0,2.0,1.0,1.0,0.0,0.0,1.0
718448,False,9,4.0,4,615698.0,596295.0,1.0,0.0,0.0,4.0,1.0,0.0,0.0,0.0,0.0
718684,True,10,,,,,,,,,,,,,
718435,False,9,5.0,9,680694.0,446372.0,0.0,3.0,4.0,0.0,1.0,0.0,0.0,1.0,5.0
718491,False,9,7.0,5,592767.0,628711.0,2.0,1.0,2.0,0.0,7.0,1.0,0.0,0.0,0.0
718443,False,9,3.0,tie,675911.0,665795.0,0.0,0.0,1.0,2.0,2.0,3.0,0.0,3.0,0.0
718622,False,9,5.0,8,666201.0,666159.0,0.0,4.0,0.0,1.0,2.0,0.0,0.0,5.0,0.0
718650,False,9,3.0,7,642547.0,663765.0,0.0,0.0,2.0,1.0,1.0,0.0,3.0,0.0,0.0
718660,False,9,4.0,3,641778.0,656756.0,2.0,0.0,4.0,0.0,0.0,0.0,0.0,0.0,0.0
718374,False,9,2.0,5,543135.0,666745.0,0.0,0.0,0.0,0.0,2.0,0.0,0.0,0.0,0.0
718734,False,9,3.0,tie,686610.0,542881.0,0.0,0.0,0.0,3.0,3.0,0.0,0.0,0.0,0.0
718393,False,9,2.0,1,608337.0,621107.0,2.0,1.0,0.0,1.0,0.0,0.0,0.0,0.0,1.0
718586,False,9,4.0,tie,656818.0,592836.0,1.0,1.0,4.0,0.0,0.0,0.0,1.0,0.0,4.0
718633,False,9,5.0,3,621381.0,645261.0,0.0,0.0,5.0,0.0,4.0,4.0,4.0,1.0,0.0
718615,True,10,,,,,,,,,,,,,
718740,False,9,4.0,9,,,0.0,0.0,0.0,0.0,1.0,3.0,0.0,1.0,4.0
718645,False,9,7.0,6,663372.0,641771.0,0.0,3.0,0.0,1.0,2.0,7.0,0.0,0.0,0.0
718716,False,9,6.0,7,570666.0,669713.0,2.0,0.0,1.0,1.0,0.0,1.0,6.0,5.0,1.0
718367,False,9,3.0,tie,680686.0,670912.0,2.0,3.0,3.0,0.0,0.0,0.0,0.0,0.0,1.0
718417,False,9,8.0,4,,,0.0,6.0,0.0,8.0,0.0,2.0,1.0,1.0,0.0
718686,False,9,3.0,8,543475.0,592332.0,2.0,1.0,0.0,1.0,1.0,0.0,1.0,3.0,0.0
718726,False,9,1.0,tie,592351.0,680694.0,0.0,0.0,0.0,1.0,1.0,0.0,0.0,0.0,0.0
718458,False,9,5.0,4,554430.0,570632.0,1.0,0.0,1.0,5.0,0.0,0.0,3.0,2.0,0.0
718706,False,9,5.0,5,622491.0,660761.0,1.0,0.0,0.0,2.0,5.0,0.0,3.0,2.0,0.0
718590,False,9,9.0,1,666745.0,657746.0,9.0,0.0,2.0,1.0,0.0,0.0,0.0,0.0,1.0
718731,False,9,7.0,5,642547.0,471911.0,0.0,0.0,1.0,2.0,7.0,0.0,0.0,0.0,0.0
718604,False,9,2.0,tie,,,2.0,0.0,1.0,0.0,2.0,0.0,1.0,0.0,1.0
718427,False,9,4.0,6,657746.0,641482.0,1.0,0.0,2.0,0.0,1.0,4.0,0.0,0.0,0.0
718573,False,9,3.0,tie,641771.0,668676.0,3.0,1.0,0.0,3.0,2.0,0.0,0.0,0.0,1.0
718368,False,9,3.0,tie,506433.0,502171.0,1.0,1.0,0.0,2.0,3.0,0.0,0.0,3.0,0.0
718658,False,9,4.0,9,596295.0,592866.0,0.0,0.0,3.0,0.0,3.0,1.0,1.0,1.0,4.0
718730,False,9,5.0,9,656629.0,543101.0,0.0,2.0,1.0,0.0,4.0,0.0,2.0,1.0,5.0
718375,False,9,5.0,1,665795.0,668873.0,5.0,2.0,1.0,1.0,0.0,2.0,0.0,2.0,0.0
718521,False,9,4.0,4,570632.0,592826.0,3.0,1.0,0.0,4.0,0.0,0.0,0.0,0.0,0.0
718422,False,9,3.0,8,669194.0,663903.0,1.0,0.0,0.0,2.0,2.0,0.0,1.0,3.0,0.0
718683,False,9,2.0,tie,518876.0,669160.0,0.0,1.0,2.0,0.0,0.0,2.0,2.0,0.0,0.0
718581,False,9,3.0,tie,677651.0,527048.0,1.0,0.0,3.0,0.0,3.0,0.0,0.0,0.0,1.0
718621,False,9,3.0,9,656849.0,677960.0,0.0,0.0,0.0,1.0,2.0,0.0,0.0,0.0,3.0
718762,False,9,3.0,tie,657376.0,502171.0,1.0,0.0,1.0,3.0,1.0,2.0,0.0,1.0,3.0
718717,False,9,4.0,8,506433.0,668678.0,0.0,1.0,0.0,2.0,3.0,3.0,0.0,4.0,1.0
718671,False,9,2.0,tie,518516.0,477132.0,2.0,1.0,1.0,1.0,0.0,2.0,0.0,2.0,0.0
718510,False,9,3.0,1,605182.0,592836.0,3.0,1.0,1.0,2.0,0.0,0.0,0.0,0.0,0.0
718416,False,9,3.0,4,669330.0,656557.0,1.0,1.0,0.0,3.0,0.0,2.0,0.0,1.0,0.0
718382,False,9,4.0,1,669160.0,656427.0,4.0,0.0,2.0,0.0,1.0,0.0,2.0,0.0,1.0
718404,False,9,1.0,2,621381.0,669923.0,0.0,1.0,0.0,0.0,0.0,0.0,0.0,0.0,0.0
718529,False,9,4.0,4,,,2.0,0.0,0.0,4.0,1.0,0.0,0.0,0.0,0.0
718747,False,9,3.0,3,666745.0,548389.0,0.0,0.0,3.0,1.0,0.0,0.0,2.0,0.0,0.0
718629,False,9,4.0,4,608566.0,571927.0,0.0,0.0,2.0,4.0,0.0,3.0,1.0,0.0,1.0
718644,True,10,,,,,,,,,,,,,
718430,False,9,3.0,tie,663559.0,594835.0,0.0,0.0,0.0,0.0,3.0,3.0,1.0,0.0,1.0
718702,False,9,3.0,7,446372.0,656605.0,0.0,0.0,0.0,1.0,0.0,1.0,3.0,0.0,0.0
718442,False,9,3.0,3,543243.0,666745.0,0.0,0.0,3.0,1.0,0.0,1.0,0.0,1.0,1.0
718546,True,10,,,,,,,,,,,,,
718377,False,9,2.0,tie,666205.0,668881.0,0.0,2.0,1.0,0.0,0.0,0.0,0.0,0.0,2.0
718669,False,9,4.0,8,657006.0,527048.0,1.0,0.0,2.0,1.0,0.0,2.0,2.0,4.0,1.0
718363,True,10,,,,,,,,,,,,,
718655,False,9,4.0,4,656876.0,621076.0,1.0,0.0,0.0,4.0,2.0,2.0,1.0,1.0,0.0
718362,False,9,7.0,3,543243.0,663903.0,0.0,1.0,7.0,0.0,0.0,1.0,1.0,0.0,2.0
718536,False,9,4.0,tie,666205.0,669713.0,1.0,1.0,1.0,4.0,0.0,0.0,0.0,4.0,0.0
718579,False,9,5.0,1,663903.0,450203.0,5.0,3.0,0.0,1.0,2.0,2.0,0.0,0.0,0.0
718512,False,9,5.0,3,663765.0,518516.0,3.0,2.0,5.0,1.0,3.0,4.0,0.0,1.0,0.0
718399,False,9,4.0,tie,641771.0,592826.0,1.0,1.0,2.0,4.0,0.0,4.0,1.0,0.0,4.0
718460,False,9,4.0,tie,671106.0,666200.0,0.0,0.0,4.0,0.0,1.0,0.0,2.0,4.0,0.0
718539,False,9,3.0,1,543475.0,594798.0,3.0,0.0,1.0,0.0,0.0,0.0,0.0,0.0,0.0
718681,False,9,5.0,4,675911.0,605483.0,1.0,0.0,1.0,5.0,0.0,1.0,0.0,4.0,1.0
718651,False,9,2.0,tie,669330.0,641482.0,1.0,0.0,1.0,0.0,2.0,2.0,0.0,2.0,0.0
718649,False,9,2.0,tie,641816.0,686613.0,0.0,0.0,2.0,1.0,2.0,0.0,0.0,1.0,0.0
718748,False,9,6.0,5,656557.0,608344.0,1.0,1.0,1.0,0.0,6.0,0.0,4.0,1.0,0.0
718696,False,9,3.0,8,664299.0,593958.0,0.0,2.0,1.0,2.0,0.0,0.0,2.0,3.0,0.0
718487,False,9,2.0,tie,593334.0,579328.0,2.0,1.0,0.0,0.0,0.0,2.0,0.0,2.0,0.0
718761,False,9,8.0,3,519242.0,665152.0,3.0,1.0,8.0,1.0,0.0,0.0,2.0,0.0,2.0
718744,False,9,1.0,tie,668933.0,592826.0,0.0,1.0,1.0,1.0,1.0,0.0,0.0,0.0,0.0
718588,False,9,2.0,tie,641482.0,686973.0,2.0,0.0,0.0,0.0,0.0,2.0,1.0,2.0,0.0
718405,False,9,5.0,7,666214.0,502043.0,0.0,1.0,2.0,0.0,2.0,1.0,5.0,0.0,0.0
718410,False,9,5.0,9,657140.0,666129.0,0.0,0.0,0.0,0.0,4.0,0.0,0.0,0.0,5.0
718463,False,9,1.0,tie,592826.0,668881.0,1.0,0.0,0.0,0.0,0.0,0.0,0.0,1.0,0.0
718459,True,10,,,,,,,,,,,,,
718432,False,9,4.0,4,670912.0,592789.0,3.0,2.0,0.0,4.0,1.0,2.0,0.0,3.0,0.0
718364,False,9,3.0,3,663773.0,657006.0,0.0,0.0,3.0,2.0,0.0,1.0,0.0,1.0,0.0
718447,False,9,4.0,3,665152.0,519242.0,0.0,1.0,4.0,3.0,1.0,0.0,0.0,0.0,0.0
718699,False,9,3.0,7,543037.0,605400.0,1.0,0.0,0.0,0.0,0.0,1.0,3.0,1.0,0.0
718685,False,9,2.0,tie,554430.0,668881.0,0.0,1.0,0.0,0.0,2.0,1.0,2.0,1.0,0.0
718431,False,9,3.0,6,676130.0,680686.0,0.0,1.0,1.0,0.0,0.0,3.0,0.0,0.0,0.0
718477,True,10,,,,,,,,,,,,,
824105,False,9,4.0,6,663568.0,543135.0,0.0,1.0,0.0,1.0,1.0,4.0,1.0,0.0,0.0
824591,True,10,,,,,,,,,,,,,
824347,False,9,3.0,tie,608372.0,607067.0,2.0,3.0,3.0,0.0,0.0,2.0,0.0,0.0,0.0
824023,False,9,5.0,2,700712.0,678906.0,2.0,5.0,0.0,0.0,0.0,0.0,1.0,3.0,0.0
823290,True,11,,,,,,,,,,,,,
823214,False,9,3.0,5,605288.0,674841.0,2.0,0.0,0.0,0.0,3.0,0.0,2.0,0.0,2.0
824097,False,9,4.0,4,607625.0,700241.0,1.0,0.0,1.0,4.0,1.0,1.0,0.0,0.0,3.0
718687,False,9,7.0,9,458681.0,622072.0,3.0,3.0,0.0,3.0,2.0,2.0,0.0,2.0,7.0
718752,False,9,6.0,7,543135.0,554430.0,2.0,0.0,2.0,2.0,4.0,0.0,6.0,3.0,0.0
718424,False,9,3.0,tie,668933.0,592351.0,0.0,2.0,0.0,0.0,3.0,0.0,0.0,0.0,3.0
718602,False,9,3.0,4,656288.0,669022.0,0.0,0.0,1.0,3.0,0.0,1.0,0.0,0.0,0.0
718653,False,9,1.0,2,670912.0,656629.0,0.0,1.0,0.0,0.0,0.0,0.0,0.0,0.0,0.0
718743,False,9,4.0,1,669022.0,694363.0,4.0,0.0,0.0,1.0,0.0,0.0,0.0,0.0,0.0
718401,False,9,6.0,6,571510.0,680570.0,0.0,4.0,0.0,0.0,0.0,6.0,0.0,0.0,0.0
718738,False,9,5.0,6,592791.0,641778.0,1.0,2.0,1.0,1.0,0.0,5.0,2.0,2.0,0.0
718486,False,9,4.0,1,676534.0,656629.0,4.0,3.0,3.0,2.0,0.0,0.0,0.0,0.0,3.0
718611,False,9,5.0,7,518876.0,669203.0,0.0,0.0,0.0,0.0,0.0,0.0,5.0,1.0,2.0
718514,False,9,4.0,7,663903.0,527048.0,1.0,2.0,1.0,2.0,0.0,2.0,4.0,0.0,3.0
718609,True,10,,,,,,,,,,,,,
718596,False,9,7.0,3,608344.0,670124.0,1.0,3.0,7.0,2.0,1.0,0.0,0.0,0.0,1.0
718513,False,9,3.0,6,605513.0,615698.0,0.0,0.0,0.0,0.0,0.0,3.0,1.0,1.0,0.0
718484,False,9,7.0,8,668678.0,607625.0,0.0,0.0,0.0,1.0,1.0,0.0,0.0,7.0,0.0
718639,False,9,5.0,3,669194.0,675627.0,3.0,1.0,5.0,3.0,2.0,0.0,0.0,2.0,1.0
718566,False,9,5.0,8,668933.0,621381.0,0.0,1.0,3.0,1.0,3.0,0.0,0.0,5.0,0.0
718538,False,9,5.0,7,656427.0,518876.0,1.0,0.0,0.0,0.0,0.0,1.0,5.0,2.0,0.0
718530,False,9,3.0,4,571510.0,683769.0,1.0,0.0,0.0,3.0,2.0,0.0,0.0,0.0,1.0
718605,False,9,2.0,8,543243.0,608337.0,0.0,0.0,0.0,1.0,0.0,0.0,0.0,2.0,1.0
718455,False,9,4.0,4,548389.0,656731.0,1.0,1.0,1.0,4.0,0.0,1.0,0.0,1.0,0.0
718724,False,9,8.0,1,676710.0,670912.0,8.0,1.0,1.0,2.0,0.0,1.0,0.0,0.0,0.0
718619,False,9,6.0,6,605400.0,666200.0,0.0,0.0,1.0,0.0,0.0,6.0,1.0,3.0,1.0
718466,False,9,5.0,tie,542881.0,425844.0,0.0,0.0,2.0,3.0,2.0,5.0,0.0,2.0,5.0
718445,False,9,5.0,3,666157.0,543135.0,1.0,3.0,5.0,1.0,0.0,0.0,0.0,2.0,1.0
718567,False,9,3.0,7,666129.0,669194.0,1.0,0.0,0.0,0.0,1.0,0.0,3.0,0.0,0.0
718541,False,9,1.0,6,593958.0,685410.0,0.0,0.0,0.0,0.0,0.0,1.0,0.0,0.0,0.0
718704,False,9,3.0,6,571578.0,663556.0,0.0,2.0,2.0,1.0,0.0,3.0,1.0,0.0,0.0
718646,True,12,,,,,,,,,,,,,
718409,False,9,3.0,8,657277.0,571945.0,0.0,0.0,0.0,0.0,0.0,0.0,2.0,3.0,1.0
718592,False,9,3.0,4,592866.0,615698.0,0.0,0.0,0.0,3.0,0.0,1.0,2.0,1.0,0.0
718757,False,9,11.0,3,660261.0,663776.0,0.0,0.0,11.0,0.0,1.0,1.0,1.0,0.0,0.0
718470,False,9,4.0,5,489119.0,676477.0,0.0,1.0,2.0,0.0,4.0,2.0,0.0,0.0,0.0
718481,False,9,3.0,tie,669923.0,571927.0,0.0,3.0,0.0,1.0,0.0,3.0,0.0,0.0,0.0
718608,False,9,3.0,7,448179.0,664353.0,0.0,0.0,1.0,1.0,0.0,0.0,3.0,2.0,0.0
718751,False,9,1.0,tie,543475.0,543243.0,1.0,0.0,0.0,0.0,0.0,1.0,0.0,0.0,0.0
718565,False,9,2.0,tie,660261.0,471911.0,0.0,2.0,0.0,1.0,0.0,0.0,2.0,0.0,0.0
718656,False,9,5.0,1,605200.0,592789.0,5.0,4.0,1.0,1.0,1.0,3.0,3.0,1.0,1.0
718677,False,9,3.0,6,650644.0,669302.0,1.0,0.0,1.0,1.0,2.0,3.0,0.0,0.0,0.0
718551,False,9,4.0,3,425844.0,657140.0,0.0,0.0,4.0,1.0,0.0,1.0,2.0,0.0,1.0
718468,False,9,5.0,7,641154.0,641771.0,2.0,2.0,1.0,1.0,1.0,0.0,5.0,0.0,2.0
718379,True,10,,,,,,,,,,,,,
718548,True,10,,,,,,,,,,,,,
718500,False,9,4.0,1,672710.0,596133.0,4.0,0.0,0.0,0.0,0.0,0.0,1.0,2.0,0.0
718501,False,9,7.0,8,677651.0,621244.0,0.0,2.0,0.0,0.0,0.0,0.0,0.0,7.0,0.0
718597,False,9,3.0,3,666157.0,663559.0,2.0,0.0,3.0,0.0,2.0,1.0,0.0,0.0,0.0
718670,False,9,3.0,7,663776.0,605135.0,2.0,0.0,0.0,2.0,0.0,0.0,3.0,0.0,0.0
718560,False,9,4.0,1,607625.0,642547.0,4.0,1.0,0.0,1.0,2.0,0.0,3.0,2.0,0.0
718595,False,9,4.0,7,543135.0,641745.0,1.0,3.0,1.0,2.0,0.0,0.0,4.0,0.0,0.0
718614,False,9,1.0,tie,660271.0,680686.0,0.0,0.0,0.0,1.0,0.0,1.0,0.0,0.0,0.0
718170,False,9,8.0,2,622072.0,641401.0,0.0,8.0,0.0,0.0,0.0,1.0,0.0,0.0,0.0
718212,False,9,3.0,tie,691587.0,668933.0,0.0,0.0,0.0,2.0,3.0,1.0,2.0,0.0,3.0
718088,False,9,2.0,7,592836.0,657006.0,0.0,0.0,0.0,0.0,0.0,0.0,2.0,0.0,1.0
718003,False,9,6.0,8,643493.0,664285.0,2.0,1.0,0.0,0.0,0.0,0.0,0.0,6.0,0.0
718184,False,9,4.0,tie,668678.0,543101.0,1.0,0.0,0.0,0.0,0.0,4.0,0.0,4.0,0.0
718115,False,9,3.0,3,579328.0,502043.0,0.0,1.0,3.0,0.0,0.0,1.0,0.0,1.0,2.0
718267,False,9,4.0,2,548389.0,605288.0,0.0,4.0,1.0,0.0,2.0,0.0,0.0,0.0,3.0
718269,True,14,,,,,,,,,,,,,
718109,False,9,3.0,tie,571945.0,592789.0,1.0,2.0,0.0,0.0,0.0,3.0,0.0,3.0,2.0
717985,False,9,2.0,4,663738.0,669022.0,0.0,0.0,0.0,2.0,0.0,0.0,1.0,1.0,1.0
718129,False,9,3.0,4,605182.0,685410.0,1.0,1.0,0.0,3.0,1.0,2.0,1.0,0.0,0.0
718219,False,9,3.0,tie,593334.0,656876.0,0.0,0.0,0.0,0.0,1.0,3.0,1.0,3.0,2.0
718084,False,9,3.0,5,458681.0,672578.0,0.0,2.0,0.0,1.0,3.0,0.0,1.0,0.0,0.0
718039,False,9,3.0,tie,425844.0,571510.0,0.0,0.0,0.0,2.0,0.0,3.0,1.0,3.0,1.0
718333,False,9,1.0,tie,663623.0,573186.0,1.0,1.0,0.0,0.0,0.0,0.0,1.0,0.0,0.0
718082,False,9,1.0,tie,434378.0,669456.0,1.0,0.0,0.0,0.0,0.0,1.0,0.0,1.0,0.0
718022,False,9,4.0,5,669456.0,669461.0,0.0,0.0,0.0,0.0,4.0,1.0,1.0,0.0,1.0
718093,False,9,4.0,4,621107.0,641778.0,1.0,3.0,1.0,4.0,0.0,0.0,2.0,1.0,0.0
718151,False,9,1.0,tie,656756.0,489119.0,1.0,1.0,0.0,1.0,1.0,1.0,0.0,0.0,0.0
718331,False,9,5.0,8,628711.0,621381.0,1.0,2.0,0.0,2.0,0.0,0.0,4.0,5.0,0.0
718201,False,9,4.0,7,669160.0,605483.0,0.0,0.0,2.0,0.0,0.0,0.0,4.0,0.0,0.0
718288,True,10,,,,,,,,,,,,,
718146,True,12,,,,,,,,,,,,,
718067,False,9,4.0,1,641927.0,605154.0,4.0,0.0,0.0,0.0,0.0,0.0,0.0,1.0,0.0
718107,False,9,6.0,3,605483.0,572020.0,0.0,1.0,6.0,0.0,0.0,0.0,0.0,0.0,0.0
717992,False,9,7.0,1,675911.0,592229.0,7.0,0.0,2.0,0.0,3.0,0.0,3.0,0.0,0.0
718247,False,9,5.0,3,657376.0,607968.0,0.0,1.0,5.0,1.0,2.0,0.0,3.0,3.0,0.0
718237,False,9,3.0,5,660271.0,664285.0,0.0,0.0,1.0,0.0,3.0,0.0,0.0,0.0,0.0
718215,False,9,6.0,9,674072.0,502171.0,0.0,2.0,0.0,0.0,0.0,0.0,0.0,0.0,6.0
718031,False,9,4.0,4,656412.0,608337.0,0.0,0.0,1.0,4.0,1.0,1.0,0.0,2.0,0.0
718114,False,9,5.0,5,527048.0,666154.0,0.0,0.0,0.0,2.0,5.0,2.0,0.0,0.0,0.0
718108,False,9,2.0,tie,571578.0,656412.0,2.0,0.0,0.0,1.0,2.0,1.0,0.0,1.0,0.0
718217,False,9,2.0,6,665622.0,543135.0,0.0,0.0,0.0,0.0,1.0,2.0,1.0,0.0,0.0
718136,False,9,6.0,7,669160.0,543243.0,0.0,0.0,1.0,2.0,0.0,1.0,6.0,0.0,0.0
718318,False,9,2.0,1,593958.0,434378.0,2.0,0.0,0.0,0.0,0.0,0.0,0.0,0.0,0.0
718223,False,9,4.0,1,571882.0,673540.0,4.0,0.0,0.0,0.0,1.0,0.0,0.0,0.0,0.0
718260,False,9,5.0,1,543101.0,663623.0,5.0,0.0,0.0,0.0,0.0,0.0,0.0,0.0,1.0
717958,False,9,1.0,tie,676664.0,693821.0,0.0,0.0,1.0,0.0,1.0,0.0,0.0,0.0,1.0
718285,False,9,3.0,4,671106.0,543243.0,0.0,0.0,0.0,3.0,0.0,2.0,2.0,0.0,0.0
718290,False,9,2.0,tie,656731.0,596295.0,2.0,1.0,1.0,0.0,1.0,2.0,0.0,0.0,0.0
718050,False,9,3.0,5,594835.0,665622.0,2.0,0.0,0.0,0.0,3.0,0.0,0.0,0.0,0.0
717970,False,9,4.0,tie,621112.0,647336.0,1.0,0.0,0.0,0.0,4.0,0.0,0.0,4.0,0.0
718329,False,9,4.0,4,547179.0,453286.0,2.0,1.0,0.0,4.0,0.0,0.0,0.0,2.0,0.0
718240,False,9,5.0,3,592791.0,656427.0,2.0,0.0,5.0,0.0,0.0,1.0,0.0,0.0,2.0
718226,False,9,7.0,4,518876.0,665795.0,0.0,0.0,0.0,7.0,1.0,0.0,0.0,0.0,1.0
718291,False,9,3.0,8,656876.0,593334.0,2.0,0.0,0.0,0.0,0.0,0.0,0.0,3.0,0.0
718102,True,10,,,,,,,,,,,,,
718225,False,9,1.0,tie,668881.0,434378.0,1.0,1.0,0.0,1.0,0.0,0.0,0.0,0.0,0.0
718097,False,9,6.0,1,605400.0,592791.0,6.0,0.0,2.0,0.0,2.0,2.0,1.0,2.0,0.0
718154,False,9,4.0,6,665152.0,681217.0,1.0,1.0,0.0,3.0,1.0,4.0,0.0,0.0,0.0
717980,False,9,3.0,tie,686610.0,664299.0,2.0,0.0,0.0,3.0,0.0,0.0,2.0,1.0,3.0
718235,False,9,4.0,4,656288.0,664299.0,1.0,2.0,0.0,4.0,0.0,0.0,0.0,0.0,2.0
717954,False,9,4.0,8,592789.0,571578.0,3.0,2.0,2.0,0.0,2.0,0.0,1.0,4.0,2.0
718009,False,9,4.0,3,621076.0,686613.0,0.0,1.0,4.0,0.0,0.0,0.0,2.0,0.0,0.0
718319,True,10,,,,,,,,,,,,,
718071,True,10,,,,,,,,,,,,,
718171,False,9,5.0,4,680570.0,660271.0,0.0,3.0,4.0,5.0,2.0,0.0,0.0,0.0,0.0
718207,False,9,2.0,6,656629.0,641585.0,0.0,1.0,0.0,1.0,1.0,2.0,0.0,0.0,1.0
718361,False,9,5.0,6,656731.0,450203.0,0.0,1.0,0.0,0.0,1.0,5.0,0.0,1.0,0.0
717986,False,9,4.0,tie,607067.0,502171.0,3.0,4.0,1.0,0.0,0.0,0.0,4.0,0.0,0.0
718246,False,9,3.0,3,680570.0,621107.0,1.0,0.0,3.0,1.0,1.0,0.0,0.0,0.0,0.0
717953,False,9,5.0,3,622072.0,656605.0,0.0,1.0,5.0,2.0,1.0,3.0,0.0,0.0,1.0
718336,False,9,5.0,4,642232.0,669330.0,3.0,0.0,0.0,5.0,2.0,4.0,3.0,1.0,0.0
718255,False,9,5.0,6,641482.0,676664.0,0.0,0.0,0.0,0.0,2.0,5.0,2.0,0.0,0.0
718182,False,9,4.0,8,676440.0,663776.0,0.0,1.0,0.0,0.0,0.0,0.0,0.0,4.0,2.0
718092,False,9,4.0,2,605397.0,519242.0,0.0,4.0,0.0,1.0,0.0,1.0,0.0,0.0,0.0
718056,False,9,4.0,8,607067.0,641585.0,0.0,0.0,1.0,1.0,0.0,0.0,0.0,4.0,0.0
717940,False,9,3.0,1,674072.0,659275.0,3.0,2.0,0.0,0.0,1.0,0.0,0.0,0.0,0.0
718249,False,9,3.0,6,668678.0,666129.0,0.0,0.0,0.0,1.0,1.0,3.0,1.0,0.0,1.0
718194,False,9,2.0,tie,656412.0,682243.0,0.0,0.0,2.0,1.0,0.0,0.0,0.0,0.0,2.0
718307,False,9,2.0,5,448179.0,605135.0,1.0,0.0,0.0,1.0,2.0,0.0,0.0,0.0,0.0
718140,False,9,5.0,6,506433.0,672578.0,0.0,0.0,0.0,1.0,1.0,5.0,0.0,0.0,0.0
718277,True,12,,,,,,,,,,,,,
717950,False,9,3.0,7,657006.0,621107.0,2.0,0.0,0.0,0.0,0.0,0.0,3.0,2.0,0.0
717994,False,9,9.0,2,676596.0,694813.0,1.0,9.0,5.0,2.0,1.0,2.0,1.0,0.0,0.0
718284,False,9,6.0,4,663559.0,446372.0,0.0,1.0,0.0,6.0,1.0,2.0,1.0,0.0,0.0
718322,False,9,3.0,tie,656302.0,686973.0,3.0,0.0,3.0,2.0,0.0,0.0,1.0,1.0,0.0
718324,True,10,,,,,,,,,,,,,
718152,False,9,4.0,4,664299.0,657006.0,1.0,1.0,0.0,4.0,0.0,0.0,2.0,0.0,2.0
718077,False,9,3.0,2,665001.0,605135.0,0.0,3.0,1.0,2.0,0.0,1.0,1.0,0.0,2.0
718013,False,9,3.0,3,686973.0,592332.0,0.0,0.0,3.0,0.0,0.0,1.0,0.0,0.0,0.0
718156,False,9,4.0,4,502171.0,554430.0,0.0,0.0,2.0,4.0,0.0,0.0,0.0,0.0,1.0
717998,True,10,,,,,,,,,,,,,
718305,False,9,4.0,5,668881.0,458681.0,0.0,0.0,1.0,2.0,4.0,2.0,0.0,0.0,0.0
718144,False,9,5.0,2,607625.0,663903.0,0.0,5.0,0.0,0.0,2.0,2.0,0.0,0.0,0.0
718283,False,9,3.0,4,675911.0,680694.0,0.0,0.0,1.0,3.0,1.0,2.0,0.0,2.0,0.0
718274,False,9,7.0,8,594835.0,641585.0,0.0,0.0,0.0,2.0,1.0,0.0,0.0,7.0,2.0
718232,False,9,7.0,5,666745.0,666205.0,4.0,2.0,0.0,0.0,7.0,0.0,1.0,0.0,0.0
718342,False,9,3.0,1,592351.0,668678.0,3.0,1.0,1.0,0.0,2.0,2.0,1.0,0.0,0.0
718126,False,9,3.0,4,543135.0,675911.0,0.0,2.0,0.0,3.0,1.0,1.0,1.0,2.0,1.0
717995,False,9,7.0,3,543037.0,506433.0,2.0,2.0,7.0,0.0,0.0,0.0,3.0,2.0,1.0
718197,False,9,9.0,5,641482.0,663556.0,0.0,1.0,0.0,0.0,9.0,5.0,2.0,0.0,0.0
718005,False,9,6.0,7,547179.0,669947.0,0.0,2.0,0.0,0.0,0.0,0.0,6.0,2.0,0.0
717945,False,9,2.0,9,666129.0,605483.0,0.0,0.0,1.0,0.0,0.0,0.0,0.0,0.0,2.0
718002,False,9,4.0,4,607192.0,477132.0,0.0,1.0,0.0,4.0,2.0,0.0,2.0,1.0,1.0
718091,False,9,3.0,tie,672710.0,518876.0,1.0,1.0,1.0,0.0,3.0,1.0,3.0,0.0,1.0
718203,False,9,2.0,7,592866.0,664192.0,1.0,0.0,1.0,1.0,0.0,0.0,2.0,0.0,0.0
718166,False,9,11.0,8,656427.0,642547.0,3.0,1.0,0.0,0.0,0.0,4.0,0.0,11.0,0.0
717943,False,9,5.0,9,458681.0,642545.0,2.0,1.0,4.0,2.0,0.0,0.0,3.0,0.0,5.0
717948,False,9,3.0,7,572020.0,596133.0,0.0,1.0,1.0,0.0,2.0,1.0,3.0,1.0,0.0
718270,False,9,2.0,tie,592836.0,656557.0,0.0,0.0,0.0,2.0,1.0,2.0,0.0,2.0,0.0
718181,False,9,4.0,2,579328.0,543521.0,1.0,4.0,2.0,2.0,0.0,0.0,0.0,0.0,2.0
718350,False,9,5.0,7,677651.0,548389.0,1.0,0.0,2.0,0.0,1.0,0.0,5.0,1.0,0.0
718306,False,9,2.0,6,685410.0,641927.0,0.0,0.0,0.0,0.0,0.0,2.0,0.0,0.0,0.0
718332,False,9,2.0,8,695243.0,682243.0,0.0,0.0,0.0,0.0,0.0,1.0,0.0,2.0,0.0
717999,False,9,2.0,8,669203.0,657277.0,1.0,0.0,0.0,0.0,0.0,0.0,1.0,2.0,0.0
717991,False,9,2.0,4,605200.0,676477.0,1.0,0.0,0.0,2.0,0.0,0.0,0.0,0.0,0.0
718130,False,9,3.0,8,691587.0,592866.0,0.0,1.0,1.0,2.0,0.0,0.0,1.0,3.0,0.0
718256,False,9,1.0,tie,573186.0,571945.0,0.0,1.0,0.0,0.0,1.0,1.0,0.0,1.0,0.0
717960,False,9,1.0,tie,571945.0,425844.0,0.0,0.0,0.0,0.0,0.0,1.0,0.0,1.0,1.0
718275,False,9,8.0,9,672282.0,543135.0,0.0,0.0,0.0,3.0,0.0,0.0,0.0,0.0,8.0
718228,False,9,4.0,6,489119.0,477132.0,0.0,0.0,0.0,3.0,2.0,4.0,0.0,0.0,0.0
718076,False,9,6.0,5,571760.0,657756.0,0.0,5.0,0.0,0.0,6.0,1.0,0.0,4.0,0.0
718294,True,10,,,,,,,,,,,,,
717939,True,10,,,,,,,,,,,,,
717978,False,9,10.0,7,543101.0,448179.0,0.0,5.0,1.0,1.0,0.0,0.0,10.0,0.0,1.0
718293,False,9,5.0,5,640455.0,669203.0,4.0,0.0,0.0,0.0,5.0,0.0,0.0,1.0,0.0
718326,False,9,2.0,tie,664285.0,657277.0,0.0,0.0,0.0,0.0,0.0,2.0,1.0,2.0,1.0
718268,False,9,3.0,8,642232.0,695243.0,1.0,0.0,0.0,2.0,0.0,0.0,0.0,3.0,0.0
718344,False,9,4.0,7,592866.0,669713.0,0.0,0.0,1.0,0.0,0.0,0.0,4.0,0.0,0.0
718158,False,9,4.0,tie,664285.0,592791.0,4.0,0.0,0.0,4.0,0.0,0.0,2.0,0.0,0.0
718245,False,9,4.0,1,450203.0,601713.0,4.0,1.0,1.0,2.0,1.0,1.0,0.0,2.0,0.0
718061,False,9,9.0,9,671737.0,621244.0,1.0,0.0,1.0,2.0,7.0,0.0,0.0,1.0,9.0
718337,False,9,1.0,tie,686613.0,543101.0,1.0,0.0,0.0,1.0,0.0,0.0,0.0,0.0,0.0
718016,False,9,2.0,tie,657756.0,453286.0,2.0,1.0,0.0,0.0,2.0,0.0,0.0,1.0,1.0
718024,False,9,3.0,tie,543294.0,471911.0,2.0,0.0,3.0,0.0,1.0,0.0,2.0,3.0,0.0
718028,False,9,4.0,8,527054.0,518397.0,0.0,0.0,0.0,0.0,1.0,0.0,0.0,4.0,0.0
718250,False,9,2.0,1,657277.0,571578.0,2.0,0.0,0.0,1.0,0.0,1.0,1.0,0.0,0.0
718119,True,10,,,,,,,,,,,,,
718062,False,9,5.0,8,622491.0,666205.0,2.0,3.0,0.0,0.0,1.0,2.0,0.0,5.0,0.0
718321,False,9,9.0,2,666129.0,657140.0,0.0,9.0,3.0,0.0,5.0,0.0,2.0,1.0,0.0
718019,False,9,2.0,tie,694363.0,592836.0,0.0,0.0,2.0,1.0,2.0,2.0,2.0,1.0,0.0
718000,False,9,4.0,6,663903.0,680686.0,1.0,0.0,1.0,0.0,0.0,4.0,0.0,0.0,0.0
717968,True,10,,,,,,,,,,,,,
718047,False,9,3.0,2,657746.0,543101.0,1.0,3.0,2.0,1.0,0.0,1.0,0.0,0.0,0.0
718276,False,9,8.0,5,664192.0,663372.0,4.0,0.0,2.0,1.0,8.0,0.0,2.0,0.0,2.0
718068,False,9,5.0,6,669203.0,664299.0,0.0,3.0,0.0,1.0,2.0,5.0,1.0,2.0,0.0
718040,False,9,9.0,7,641482.0,669330.0,0.0,0.0,2.0,1.0,3.0,0.0,9.0,0.0,0.0
718304,False,9,4.0,3,607968.0,669923.0,0.0,1.0,4.0,3.0,0.0,0.0,0.0,0.0,0.0
718155,False,9,2.0,tie,547179.0,682847.0,2.0,0.0,2.0,0.0,0.0,0.0,0.0,0.0,0.0
718309,False,9,2.0,9,621107.0,592826.0,0.0,1.0,0.0,1.0,0.0,0.0,0.0,1.0,2.0
718026,False,9,4.0,2,689266.0,605400.0,2.0,4.0,0.0,1.0,2.0,0.0,1.0,3.0,0.0
718327,False,9,5.0,tie,694813.0,605400.0,1.0,0.0,5.0,2.0,0.0,0.0,1.0,2.0,5.0
718296,False,9,2.0,4,518876.0,680686.0,1.0,0.0,1.0,2.0,0.0,0.0,0.0,0.0,0.0
718131,False,9,2.0,6,669461.0,669203.0,1.0,0.0,0.0,0.0,0.0,2.0,0.0,0.0,0.0
718073,False,9,3.0,2,554430.0,674072.0,0.0,3.0,0.0,2.0,1.0,0.0,1.0,1.0,1.0
718063,False,9,3.0,7,671106.0,656302.0,0.0,0.0,1.0,0.0,1.0,1.0,3.0,0.0,0.0
718125,False,9,2.0,7,656302.0,671106.0,0.0,0.0,0.0,1.0,1.0,0.0,2.0,0.0,0.0
718343,False,9,4.0,4,664062.0,592836.0,1.0,3.0,1.0,4.0,3.0,1.0,2.0,2.0,0.0
718190,False,9,2.0,9,621076.0,592351.0,1.0,0.0,1.0,1.0,0.0,0.0,0.0,0.0,2.0
718059,False,9,3.0,tie,668933.0,425794.0,2.0,2.0,3.0,3.0,1.0,1.0,0.0,0.0,1.0
718251,False,9,2.0,7,669302.0,592351.0,1.0,0.0,0.0,0.0,0.0,0.0,2.0,0.0,0.0
718014,False,9,9.0,6,543475.0,571578.0,1.0,0.0,0.0,2.0,0.0,9.0,5.0,5.0,0.0
718111,False,9,2.0,2,656629.0,425844.0,0.0,2.0,0.0,0.0,0.0,0.0,0.0,0.0,0.0
718034,False,9,4.0,2,542881.0,572020.0,0.0,4.0,1.0,3.0,0.0,0.0,1.0,0.0,1.0
718041,False,9,4.0,1,594902.0,571927.0,4.0,0.0,1.0,2.0,1.0,2.0,2.0,0.0,1.0
718349,False,9,2.0,tie,669022.0,592767.0,2.0,1.0,0.0,0.0,2.0,0.0,0.0,0.0,1.0
718124,False,9,7.0,8,425794.0,628711.0,2.0,0.0,6.0,3.0,0.0,5.0,1.0,7.0,0.0
718302,False,9,1.0,4,673540.0,622608.0,0.0,0.0,0.0,1.0,0.0,0.0,0.0,0.0,0.0
718169,False,9,1.0,tie,694297.0,657277.0,0.0,0.0,0.0,1.0,1.0,0.0,0.0,0.0,1.0
718049,False,9,3.0,4,594577.0,593958.0,0.0,0.0,0.0,3.0,2.0,0.0,0.0,0.0,0.0
718142,False,9,4.0,7,593958.0,448179.0,0.0,2.0,0.0,1.0,1.0,0.0,4.0,0.0,0.0
718214,False,9,3.0,6,669022.0,656731.0,1.0,0.0,0.0,1.0,0.0,3.0,0.0,0.0,0.0
718340,True,10,,,,,,,,,,,,,
718303,False,9,2.0,5,657006.0,665795.0,1.0,0.0,0.0,0.0,2.0,1.0,0.0,1.0,0.0
718173,False,9,4.0,3,666214.0,669302.0,1.0,0.0,4.0,0.0,0.0,1.0,2.0,0.0,0.0
717959,False,9,7.0,4,608337.0,542881.0,2.0,0.0,0.0,7.0,0.0,1.0,0.0,0.0,0.0
718335,True,10,,,,,,,,,,,,,
718010,False,9,3.0,tie,694297.0,519242.0,0.0,3.0,0.0,3.0,0.0,1.0,0.0,2.0,0.0
718055,False,9,4.0,2,592767.0,656731.0,0.0,4.0,0.0,3.0,0.0,1.0,1.0,0.0,0.0
717971,False,9,5.0,1,656629.0,656288.0,5.0,0.0,0.0,1.0,1.0,0.0,0.0,2.0,1.0
718278,False,9,5.0,9,672710.0,579328.0,1.0,0.0,3.0,0.0,1.0,0.0,0.0,1.0,5.0
718209,False,9,3.0,9,543243.0,592767.0,0.0,2.0,0.0,1.0,0.0,0.0,2.0,0.0,3.0
717793,True,10,,,,,,,,,,,,,
717577,False,9,7.0,6,680735.0,671106.0,0.0,0.0,4.0,0.0,2.0,7.0,2.0,0.0,0.0
717838,False,9,3.0,2,672282.0,592767.0,0.0,3.0,0.0,0.0,0.0,1.0,0.0,0.0,0.0
717648,False,9,5.0,6,669456.0,489119.0,1.0,0.0,0.0,0.0,0.0,5.0,1.0,0.0,1.0
717742,False,9,6.0,3,656557.0,593334.0,3.0,2.0,6.0,3.0,0.0,4.0,0.0,2.0,0.0
717613,True,10,,,,,,,,,,,,,
717892,False,9,4.0,tie,668678.0,647336.0,0.0,2.0,2.0,4.0,0.0,0.0,1.0,0.0,4.0
717791,False,9,2.0,tie,669461.0,657277.0,0.0,0.0,2.0,0.0,1.0,2.0,1.0,1.0,0.0
717675,False,9,5.0,8,656302.0,543135.0,2.0,0.0,0.0,1.0,3.0,0.0,2.0,5.0,0.0
717728,False,9,2.0,5,592254.0,666214.0,0.0,0.0,0.0,0.0,2.0,0.0,0.0,0.0,0.0
717654,False,9,7.0,8,666129.0,656605.0,0.0,1.0,0.0,2.0,0.0,0.0,0.0,7.0,0.0
717709,False,9,4.0,2,592351.0,605135.0,1.0,4.0,3.0,3.0,3.0,1.0,3.0,0.0,0.0
717620,False,9,1.0,tie,691587.0,670912.0,0.0,0.0,1.0,0.0,0.0,0.0,0.0,1.0,0.0
717883,False,9,1.0,tie,671096.0,527054.0,0.0,0.0,1.0,1.0,0.0,0.0,0.0,0.0,0.0
717695,False,9,2.0,tie,621383.0,571760.0,1.0,0.0,1.0,1.0,0.0,2.0,2.0,0.0,0.0
717765,False,9,3.0,7,571760.0,672282.0,0.0,0.0,2.0,0.0,0.0,0.0,3.0,2.0,2.0
717867,True,10,,,,,,,,,,,,,
717590,True,11,,,,,,,,,,,,,
717744,False,9,6.0,6,543294.0,608344.0,0.0,0.0,3.0,1.0,1.0,6.0,1.0,1.0,0.0
717924,False,9,1.0,7,641927.0,650644.0,0.0,0.0,0.0,0.0,0.0,0.0,1.0,0.0,0.0
717616,False,9,2.0,6,596295.0,542881.0,1.0,0.0,0.0,1.0,1.0,2.0,1.0,0.0,1.0
717763,False,9,6.0,6,592767.0,674370.0,4.0,0.0,1.0,1.0,0.0,6.0,1.0,3.0,0.0
717893,False,9,1.0,tie,663903.0,607536.0,0.0,0.0,0.0,0.0,1.0,0.0,0.0,1.0,0.0
717919,False,9,2.0,1,518876.0,450203.0,2.0,1.0,1.0,0.0,0.0,0.0,1.0,0.0,0.0
717855,False,9,4.0,6,642545.0,592791.0,0.0,0.0,0.0,1.0,3.0,4.0,0.0,0.0,0.0
717783,False,9,5.0,3,641154.0,669203.0,0.0,0.0,5.0,0.0,0.0,0.0,3.0,0.0,4.0
717859,False,9,2.0,9,542888.0,641154.0,0.0,1.0,0.0,0.0,0.0,0.0,0.0,0.0,2.0
717879,False,9,4.0,2,527048.0,425794.0,0.0,4.0,0.0,0.0,0.0,0.0,0.0,2.0,1.0
717840,True,10,,,,,,,,,,,,,
717586,False,9,5.0,1,670950.0,657277.0,5.0,0.0,0.0,0.0,1.0,0.0,1.0,0.0,0.0
717737,False,9,2.0,7,641585.0,671096.0,0.0,0.0,0.0,0.0,0.0,0.0,2.0,0.0,1.0
717756,False,9,3.0,5,621112.0,671737.0,0.0,2.0,0.0,1.0,3.0,0.0,0.0,1.0,0.0
717606,False,9,3.0,3,571760.0,571510.0,1.0,1.0,3.0,1.0,0.0,2.0,1.0,0.0,0.0
717782,False,9,4.0,tie,592791.0,682847.0,4.0,1.0,0.0,0.0,0.0,2.0,4.0,3.0,0.0
717829,False,9,2.0,8,700363.0,680686.0,1.0,1.0,0.0,0.0,0.0,1.0,0.0,2.0,0.0
717669,False,9,3.0,5,671096.0,656234.0,1.0,1.0,0.0,1.0,3.0,0.0,0.0,2.0,0.0
717736,False,9,1.0,tie,663903.0,663776.0,1.0,0.0,0.0,0.0,0.0,1.0,1.0,0.0,0.0
717835,True,10,,,,,,,,,,,,,
717629,False,9,4.0,6,458681.0,572020.0,0.0,2.0,0.0,0.0,1.0,4.0,0.0,0.0,2.0
717555,False,9,3.0,6,621244.0,572020.0,0.0,0.0,0.0,0.0,1.0,3.0,0.0,1.0,0.0
717584,False,9,5.0,2,592767.0,605400.0,0.0,5.0,1.0,3.0,3.0,0.0,0.0,0.0,1.0
717556,False,9,3.0,8,471911.0,502171.0,1.0,2.0,0.0,0.0,2.0,1.0,0.0,3.0,0.0
717843,False,9,3.0,5,621244.0,664285.0,0.0,2.0,0.0,0.0,3.0,0.0,0.0,0.0,0.0
717655,True,10,,,,,,,,,,,,,
717565,False,9,2.0,tie,453286.0,605288.0,0.0,0.0,2.0,0.0,0.0,2.0,1.0,0.0,0.0
717734,False,9,2.0,tie,663623.0,666129.0,0.0,1.0,0.0,1.0,0.0,0.0,2.0,1.0,2.0
717660,False,9,4.0,8,671106.0,676664.0,0.0,0.0,0.0,0.0,3.0,0.0,0.0,4.0,0.0
717682,False,9,3.0,3,664285.0,434378.0,0.0,0.0,3.0,0.0,0.0,0.0,1.0,2.0,0.0
717915,True,10,,,,,,,,,,,,,
717899,False,9,1.0,tie,641585.0,656288.0,0.0,0.0,0.0,0.0,1.0,1.0,0.0,1.0,0.0
717836,False,9,6.0,3,448179.0,656731.0,0.0,3.0,6.0,3.0,0.0,2.0,0.0,2.0,5.0
717607,False,9,2.0,6,434378.0,607067.0,0.0,0.0,0.0,1.0,0.0,2.0,0.0,0.0,0.0
717839,False,9,1.0,tie,669330.0,663738.0,1.0,1.0,1.0,0.0,1.0,0.0,1.0,0.0,0.0
717632,False,9,4.0,4,630023.0,543475.0,2.0,2.0,3.0,4.0,0.0,1.0,0.0,1.0,0.0
717593,False,9,5.0,1,668678.0,671737.0,5.0,4.0,1.0,1.0,0.0,1.0,0.0,0.0,0.0
717921,False,9,1.0,tie,608379.0,592791.0,0.0,0.0,1.0,0.0,1.0,1.0,0.0,0.0,0.0
717580,False,9,4.0,1,641540.0,666214.0,4.0,0.0,2.0,0.0,0.0,2.0,2.0,0.0,2.0
717934,False,9,2.0,tie,453286.0,592836.0,2.0,0.0,1.0,2.0,0.0,1.0,0.0,0.0,0.0
717573,True,10,,,,,,,,,,,,,
717852,False,9,3.0,tie,657756.0,657277.0,0.0,3.0,0.0,0.0,0.0,1.0,3.0,2.0,0.0
717777,False,9,6.0,2,543475.0,682227.0,1.0,6.0,2.0,0.0,0.0,0.0,0.0,0.0,0.0
717623,False,9,4.0,1,669461.0,573186.0,4.0,3.0,1.0,2.0,1.0,0.0,0.0,0.0,1.0
717689,False,9,2.0,7,624133.0,675911.0,0.0,0.0,0.0,0.0,1.0,1.0,2.0,1.0,1.0
717849,False,9,3.0,tie,607067.0,680694.0,3.0,0.0,0.0,0.0,0.0,0.0,1.0,3.0,2.0
717615,True,11,,,,,,,,,,,,,
717823,False,9,4.0,7,543101.0,573186.0,0.0,0.0,1.0,0.0,0.0,0.0,4.0,0.0,0.0
717809,False,9,5.0,3,663776.0,693433.0,0.0,0.0,5.0,2.0,0.0,0.0,1.0,0.0,0.0
717866,False,9,3.0,1,571578.0,605200.0,3.0,0.0,2.0,0.0,0.0,0.0,1.0,0.0,2.0
717888,False,9,2.0,tie,676272.0,593334.0,0.0,0.0,0.0,0.0,0.0,0.0,2.0,1.0,2.0
717662,False,9,1.0,tie,660271.0,660813.0,0.0,0.0,0.0,1.0,0.0,0.0,0.0,0.0,1.0
717750,False,9,8.0,1,677960.0,671106.0,8.0,1.0,2.0,1.0,1.0,0.0,0.0,1.0,0.0
717678,False,9,2.0,8,672282.0,477132.0,0.0,0.0,0.0,0.0,0.0,0.0,0.0,2.0,0.0
717751,False,9,2.0,tie,543135.0,660271.0,0.0,1.0,2.0,1.0,0.0,0.0,1.0,2.0,1.0
717568,False,9,5.0,3,694297.0,641793.0,1.0,0.0,5.0,0.0,0.0,0.0,1.0,0.0,0.0
717653,False,9,3.0,9,666200.0,682847.0,1.0,0.0,0.0,0.0,0.0,0.0,0.0,0.0,3.0
717887,False,9,4.0,tie,666129.0,672578.0,2.0,0.0,4.0,4.0,1.0,2.0,0.0,1.0,1.0
717856,False,9,3.0,4,605135.0,669854.0,0.0,0.0,0.0,3.0,0.0,1.0,1.0,0.0,0.0
717771,False,9,4.0,3,641927.0,607067.0,0.0,2.0,4.0,0.0,0.0,0.0,0.0,0.0,0.0
717851,False,9,4.0,7,669203.0,665152.0,1.0,0.0,2.0,1.0,2.0,0.0,4.0,0.0,2.0
717878,False,9,6.0,1,666201.0,656232.0,6.0,1.0,0.0,2.0,3.0,0.0,1.0,2.0,0.0
717886,False,9,6.0,7,605400.0,666214.0,1.0,1.0,1.0,0.0,2.0,0.0,6.0,0.0,0.0
717595,False,9,1.0,tie,621112.0,666745.0,0.0,0.0,1.0,1.0,1.0,0.0,0.0,0.0,0.0
717920,False,9,2.0,2,657277.0,665152.0,1.0,2.0,1.0,0.0,0.0,0.0,1.0,0.0,0.0
717802,False,9,2.0,2,669456.0,656232.0,0.0,2.0,0.0,1.0,1.0,1.0,0.0,0.0,0.0
717735,False,9,2.0,tie,676664.0,592836.0,1.0,1.0,1.0,2.0,0.0,0.0,0.0,0.0,2.0
717810,True,10,,,,,,,,,,,,,
717816,False,9,4.0,2,694363.0,669022.0,2.0,4.0,0.0,0.0,2.0,0.0,1.0,0.0,1.0
717608,False,9,1.0,tie,672282.0,656302.0,1.0,0.0,0.0,1.0,0.0,0.0,0.0,0.0,1.0
717900,False,9,3.0,3,673540.0,579328.0,0.0,2.0,3.0,0.0,1.0,2.0,2.0,0.0,0.0
717761,False,9,4.0,2,665622.0,607192.0,0.0,4.0,0.0,0.0,3.0,0.0,1.0,0.0,1.0
717597,False,9,3.0,6,656849.0,527054.0,0.0,0.0,0.0,2.0,2.0,3.0,0.0,2.0,0.0
717909,False,9,6.0,1,663738.0,596295.0,6.0,0.0,1.0,0.0,0.0,1.0,0.0,1.0,1.0
717551,False,9,4.0,tie,665622.0,621383.0,1.0,4.0,0.0,0.0,1.0,0.0,0.0,4.0,1.0
717644,False,9,4.0,8,607536.0,663776.0,1.0,3.0,0.0,0.0,2.0,1.0,0.0,4.0,0.0
717661,False,9,3.0,tie,622072.0,605483.0,3.0,0.0,3.0,1.0,3.0,0.0,0.0,0.0,0.0
717552,False,9,5.0,2,596295.0,547179.0,0.0,5.0,1.0,2.0,0.0,3.0,0.0,2.0,0.0
717610,False,9,6.0,7,607625.0,669022.0,1.0,0.0,0.0,0.0,1.0,2.0,6.0,0.0,1.0
717690,False,9,2.0,8,691587.0,579328.0,0.0,0.0,0.0,0.0,0.0,0.0,0.0,2.0,0.0
717729,False,9,3.0,5,657006.0,502043.0,0.0,0.0,2.0,0.0,3.0,0.0,0.0,0.0,0.0
717780,False,9,3.0,tie,674003.0,642545.0,0.0,0.0,3.0,0.0,1.0,3.0,0.0,0.0,3.0
717681,False,9,1.0,6,547179.0,663738.0,0.0,0.0,0.0,0.0,0.0,1.0,0.0,0.0,0.0
717694,False,9,5.0,tie,686613.0,453286.0,0.0,0.0,5.0,0.0,0.0,1.0,1.0,0.0,5.0
717825,False,9,2.0,6,593334.0,656557.0,0.0,0.0,0.0,1.0,0.0,2.0,1.0,0.0,0.0
717670,False,9,5.0,tie,664299.0,656731.0,2.0,3.0,5.0,5.0,0.0,2.0,1.0,0.0,0.0
717831,False,9,3.0,tie,605288.0,594580.0,3.0,3.0,0.0,0.0,1.0,0.0,0.0,0.0,0.0
717704,False,9,3.0,8,682243.0,458681.0,0.0,0.0,2.0,0.0,0.0,1.0,0.0,3.0,0.0
717759,False,9,2.0,8,622491.0,691587.0,0.0,0.0,1.0,0.0,0.0,1.0,0.0,2.0,1.0
717858,False,9,3.0,4,676440.0,676710.0,1.0,1.0,0.0,3.0,2.0,0.0,0.0,0.0,0.0
717755,False,9,5.0,3,669194.0,605400.0,0.0,2.0,5.0,2.0,0.0,0.0,0.0,0.0,0.0
717548,False,9,8.0,8,682243.0,663556.0,0.0,4.0,0.0,2.0,1.0,1.0,0.0,8.0,3.0
717696,False,9,6.0,1,669203.0,518876.0,6.0,0.0,1.0,1.0,0.0,1.0,0.0,0.0,1.0
717820,False,9,5.0,9,656629.0,645261.0,0.0,0.0,0.0,1.0,0.0,0.0,0.0,0.0,5.0
717557,True,11,,,,,,,,,,,,,
717576,False,9,4.0,1,642545.0,608337.0,4.0,1.0,2.0,3.0,1.0,0.0,2.0,1.0,2.0
717572,False,9,6.0,4,502624.0,686218.0,2.0,0.0,3.0,6.0,3.0,1.0,2.0,0.0,0.0
717685,False,9,3.0,tie,594902.0,663562.0,1.0,3.0,2.0,1.0,2.0,1.0,0.0,3.0,1.0
717602,False,9,3.0,5,622491.0,592866.0,2.0,1.0,1.0,2.0,3.0,0.0,0.0,2.0,1.0
717554,False,9,3.0,6,592351.0,669854.0,2.0,0.0,0.0,2.0,1.0,3.0,0.0,0.0,0.0
717559,False,9,4.0,4,657006.0,615698.0,0.0,0.0,2.0,4.0,0.0,3.0,1.0,0.0,1.0
717674,False,9,4.0,5,676254.0,506433.0,0.0,0.0,0.0,0.0,4.0,0.0,1.0,1.0,0.0
717706,False,9,6.0,4,605200.0,676440.0,2.0,4.0,0.0,6.0,3.0,0.0,0.0,0.0,0.0
717719,False,9,4.0,8,674072.0,669456.0,1.0,0.0,1.0,2.0,0.0,0.0,0.0,4.0,1.0
717643,False,9,3.0,4,686218.0,641585.0,1.0,1.0,0.0,3.0,0.0,0.0,0.0,0.0,0.0
717745,False,9,3.0,tie,694363.0,659275.0,3.0,0.0,2.0,3.0,0.0,1.0,0.0,0.0,0.0
717680,False,9,4.0,tie,607067.0,669194.0,1.0,4.0,0.0,2.0,0.0,1.0,4.0,0.0,0.0
717722,True,11,,,,,,,,,,,,,
717914,False,9,2.0,4,669022.0,621381.0,0.0,1.0,1.0,2.0,0.0,1.0,0.0,1.0,0.0
717897,False,9,3.0,1,594902.0,605288.0,3.0,0.0,0.0,0.0,2.0,0.0,1.0,0.0,0.0
717671,False,9,3.0,tie,448179.0,543294.0,0.0,1.0,3.0,0.0,0.0,2.0,3.0,2.0,0.0
717657,True,10,,,,,,,,,,,,,
717821,False,9,3.0,5,571510.0,669194.0,0.0,2.0,0.0,0.0,3.0,0.0,0.0,0.0,0.0
717717,False,9,2.0,5,605483.0,621107.0,0.0,0.0,0.0,0.0,2.0,0.0,0.0,0.0,0.0
717633,False,9,3.0,2,681857.0,641154.0,0.0,3.0,0.0,0.0,0.0,1.0,1.0,0.0,0.0
717575,False,9,3.0,9,605200.0,621107.0,0.0,0.0,1.0,1.0,0.0,0.0,0.0,0.0,3.0
717640,False,9,13.0,3,502624.0,656288.0,0.0,2.0,13.0,8.0,0.0,1.0,0.0,2.0,0.0
717684,False,9,2.0,2,543037.0,669923.0,1.0,2.0,0.0,0.0,0.0,1.0,0.0,0.0,0.0
717792,True,12,,,,,,,,,,,,,
717805,False,9,5.0,tie,592332.0,686973.0,5.0,0.0,0.0,0.0,5.0,0.0,0.0,3.0,0.0
717781,False,9,4.0,1,656427.0,502171.0,4.0,0.0,1.0,0.0,3.0,3.0,0.0,1.0,2.0
717626,False,9,5.0,5,676272.0,669854.0,3.0,0.0,1.0,0.0,5.0,1.0,2.0,3.0,0.0
717583,False,9,3.0,6,672391.0,666129.0,0.0,1.0,0.0,1.0,0.0,3.0,0.0,1.0,2.0
717798,False,9,3.0,9,659275.0,605483.0,1.0,0.0,1.0,2.0,0.0,0.0,0.0,2.0,3.0
717752,False,9,5.0,2,543243.0,571510.0,0.0,5.0,0.0,1.0,3.0,0.0,0.0,0.0,3.0
717677,False,9,4.0,2,671737.0,669330.0,0.0,4.0,1.0,0.0,0.0,0.0,2.0,1.0,1.0
717770,False,9,5.0,4,681857.0,675911.0,1.0,3.0,2.0,5.0,1.0,0.0,1.0,3.0,1.0
717861,False,9,5.0,5,542881.0,669713.0,0.0,4.0,0.0,1.0,5.0,0.0,1.0,0.0,0.0
717718,False,9,3.0,2,673540.0,425794.0,1.0,3.0,1.0,0.0,2.0,0.0,0.0,0.0,1.0
717746,True,10,,,,,,,,,,,,,
717698,False,9,3.0,tie,674370.0,592767.0,0.0,3.0,0.0,0.0,0.0,0.0,2.0,3.0,0.0
717877,False,9,2.0,5,657376.0,608337.0,0.0,0.0,1.0,0.0,2.0,0.0,1.0,0.0,1.0
717618,False,9,4.0,3,686651.0,450203.0,0.0,0.0,4.0,2.0,0.0,3.0,1.0,3.0,0.0
717779,False,9,5.0,4,453286.0,622663.0,3.0,2.0,1.0,5.0,1.0,1.0,0.0,0.0,0.0
717769,False,9,2.0,8,680694.0,621244.0,0.0,0.0,0.0,0.0,0.0,1.0,0.0,2.0,1.0
717708,False,9,4.0,4,592791.0,665152.0,1.0,0.0,0.0,4.0,0.0,3.0,0.0,0.0,1.0
717913,False,9,2.0,7,543243.0,671106.0,1.0,1.0,0.0,0.0,1.0,0.0,2.0,0.0,1.0
717634,False,9,3.0,tie,621244.0,660261.0,2.0,2.0,3.0,0.0,0.0,3.0,0.0,0.0,0.0
717611,False,9,3.0,tie,608344.0,682227.0,1.0,2.0,2.0,0.0,3.0,2.0,3.0,0.0,0.0
717760,False,9,4.0,6,477132.0,605182.0,0.0,1.0,1.0,0.0,0.0,4.0,0.0,3.0,3.0
717807,False,9,5.0,6,,,2.0,0.0,0.0,1.0,0.0,5.0,0.0,0.0,0.0
717605,False,9,4.0,tie,676477.0,645261.0,4.0,0.0,0.0,2.0,1.0,0.0,0.0,4.0,0.0
717642,False,9,6.0,5,605397.0,571578.0,1.0,0.0,0.0,0.0,6.0,1.0,4.0,2.0,2.0
717762,False,9,4.0,9,664285.0,680686.0,2.0,0.0,0.0,2.0,1.0,0.0,0.0,0.0,4.0
717775,False,9,4.0,tie,605200.0,554430.0,4.0,0.0,2.0,0.0,1.0,1.0,2.0,4.0,4.0
717764,False,9,5.0,5,663738.0,594902.0,0.0,1.0,1.0,1.0,5.0,1.0,1.0,0.0,1.0
717525,False,9,4.0,tie,656849.0,548389.0,0.0,0.0,4.0,2.0,0.0,0.0,4.0,2.0,0.0
717239,False,9,7.0,5,664285.0,571760.0,3.0,0.0,2.0,4.0,7.0,0.0,0.0,0.0,2.0
717381,False,9,6.0,7,542881.0,664299.0,1.0,1.0,0.0,2.0,0.0,0.0,6.0,2.0,5.0
717539,False,9,9.0,7,682227.0,608379.0,0.0,0.0,2.0,0.0,0.0,4.0,9.0,2.0,0.0
717390,False,9,4.0,5,669923.0,547179.0,0.0,1.0,1.0,0.0,4.0,0.0,0.0,0.0,0.0
717473,False,9,1.0,tie,691587.0,656427.0,0.0,0.0,0.0,0.0,0.0,1.0,1.0,1.0,0.0
717184,False,9,4.0,6,641585.0,592789.0,0.0,2.0,0.0,0.0,0.0,4.0,1.0,2.0,1.0
717247,False,9,5.0,2,666159.0,663776.0,0.0,5.0,2.0,2.0,0.0,1.0,1.0,1.0,3.0
717248,False,9,2.0,2,607074.0,500779.0,0.0,2.0,1.0,1.0,0.0,0.0,0.0,0.0,0.0
717409,False,9,3.0,9,686610.0,628317.0,2.0,1.0,2.0,1.0,0.0,0.0,0.0,0.0,3.0
717365,False,9,4.0,5,669302.0,543243.0,0.0,0.0,2.0,0.0,4.0,2.0,2.0,0.0,3.0
717440,False,9,2.0,1,664285.0,693433.0,2.0,0.0,1.0,1.0,0.0,0.0,0.0,1.0,0.0
717309,False,9,3.0,tie,,,1.0,1.0,0.0,3.0,1.0,2.0,3.0,0.0,3.0
717349,False,9,3.0,2,665622.0,682175.0,0.0,3.0,0.0,0.0,0.0,0.0,0.0,0.0,0.0
717530,False,9,3.0,3,592332.0,676477.0,2.0,0.0,3.0,0.0,0.0,1.0,2.0,0.0,1.0
717488,False,9,6.0,3,663773.0,669461.0,4.0,1.0,6.0,1.0,0.0,2.0,1.0,0.0,4.0
717526,False,9,4.0,8,671096.0,670970.0,0.0,0.0,0.0,2.0,0.0,0.0,0.0,4.0,1.0
718558,False,9,2.0,8,669373.0,548389.0,1.0,0.0,1.0,0.0,1.0,1.0,0.0,2.0,0.0
717503,True,11,,,,,,,,,,,,,
717278,False,9,4.0,tie,542881.0,656605.0,2.0,1.0,0.0,0.0,4.0,1.0,4.0,0.0,0.0
717366,False,9,4.0,6,621112.0,657514.0,1.0,1.0,0.0,0.0,0.0,4.0,0.0,0.0,1.0
717461,False,9,5.0,2,657514.0,669674.0,0.0,5.0,0.0,0.0,1.0,0.0,4.0,0.0,0.0
717237,False,9,1.0,9,680570.0,543037.0,0.0,0.0,0.0,0.0,0.0,0.0,0.0,0.0,1.0
717336,False,9,7.0,8,543294.0,592866.0,1.0,1.0,0.0,1.0,0.0,0.0,1.0,7.0,0.0
717304,False,9,2.0,tie,543037.0,663903.0,1.0,0.0,2.0,0.0,1.0,0.0,1.0,2.0,0.0
717230,False,9,3.0,tie,453286.0,669022.0,0.0,0.0,0.0,0.0,3.0,0.0,3.0,0.0,0.0
717375,True,10,,,,,,,,,,,,,
717314,False,9,6.0,1,657746.0,458681.0,6.0,0.0,0.0,2.0,1.0,2.0,2.0,0.0,0.0
717449,False,9,3.0,1,572020.0,643493.0,3.0,2.0,2.0,1.0,2.0,2.0,0.0,1.0,0.0
717422,False,9,1.0,4,657277.0,607536.0,0.0,0.0,0.0,1.0,0.0,0.0,0.0,0.0,0.0
717518,False,9,7.0,3,621112.0,657053.0,0.0,0.0,7.0,0.0,1.0,2.0,1.0,2.0,2.0
717284,False,9,6.0,1,527048.0,686218.0,6.0,3.0,2.0,1.0,0.0,0.0,0.0,0.0,0.0
717355,False,9,6.0,1,656234.0,686613.0,6.0,0.0,0.0,1.0,0.0,0.0,0.0,0.0,0.0
717281,False,9,2.0,tie,693433.0,666201.0,0.0,2.0,0.0,2.0,0.0,2.0,1.0,0.0,0.0
717413,False,9,3.0,5,434378.0,628711.0,0.0,0.0,0.0,0.0,3.0,1.0,0.0,1.0,1.0
717337,False,9,6.0,7,675911.0,668678.0,0.0,0.0,0.0,0.0,0.0,1.0,6.0,5.0,0.0
717453,False,9,9.0,4,686613.0,622491.0,0.0,0.0,1.0,9.0,0.0,0.0,0.0,0.0,1.0
717294,False,9,4.0,1,622663.0,543475.0,4.0,0.0,1.0,1.0,0.0,2.0,0.0,3.0,2.0
717358,False,9,7.0,1,,,7.0,5.0,0.0,5.0,2.0,6.0,0.0,1.0,3.0
717420,False,9,6.0,7,621244.0,669194.0,0.0,2.0,0.0,1.0,0.0,0.0,6.0,0.0,0.0
717510,False,9,6.0,8,657746.0,680735.0,2.0,1.0,1.0,0.0,1.0,0.0,0.0,6.0,1.0
717452,False,9,4.0,3,668678.0,448179.0,0.0,0.0,4.0,1.0,1.0,2.0,0.0,2.0,0.0
717378,True,11,,,,,,,,,,,,,
717276,False,9,5.0,5,506433.0,682990.0,1.0,0.0,3.0,2.0,5.0,1.0,0.0,0.0,0.0
717524,False,9,3.0,7,656756.0,543037.0,0.0,0.0,0.0,2.0,0.0,0.0,3.0,1.0,0.0
717326,False,9,3.0,1,663623.0,622072.0,3.0,1.0,2.0,1.0,1.0,0.0,0.0,0.0,0.0
717447,False,9,3.0,3,543037.0,592767.0,1.0,1.0,3.0,0.0,2.0,0.0,0.0,2.0,0.0
717395,False,9,6.0,3,675911.0,458681.0,0.0,0.0,6.0,0.0,2.0,1.0,1.0,0.0,1.0
717272,False,9,2.0,8,502171.0,605463.0,0.0,0.0,0.0,0.0,1.0,0.0,0.0,2.0,0.0
717483,False,9,3.0,9,605288.0,657006.0,0.0,0.0,2.0,0.0,0.0,2.0,0.0,0.0,3.0
717200,False,9,7.0,1,665152.0,622663.0,7.0,0.0,1.0,3.0,1.0,0.0,0.0,0.0,0.0
717344,False,9,4.0,1,686610.0,678394.0,4.0,2.0,0.0,2.0,2.0,1.0,0.0,0.0,0.0
717216,False,9,6.0,4,682990.0,605400.0,0.0,0.0,1.0,6.0,4.0,1.0,0.0,1.0,0.0
717288,False,9,2.0,3,656412.0,605397.0,1.0,0.0,2.0,0.0,0.0,0.0,1.0,0.0,0.0
717527,False,9,4.0,4,663903.0,664062.0,0.0,1.0,0.0,4.0,3.0,2.0,0.0,0.0,0.0
717252,False,9,3.0,4,621107.0,645261.0,0.0,2.0,1.0,3.0,1.0,1.0,0.0,0.0,0.0
717206,False,9,5.0,3,700363.0,607067.0,3.0,0.0,5.0,0.0,0.0,4.0,0.0,2.0,0.0
717307,False,9,6.0,2,680686.0,657277.0,0.0,6.0,1.0,4.0,0.0,0.0,0.0,0.0,0.0
717394,False,9,5.0,2,657756.0,657376.0,2.0,5.0,0.0,0.0,0.0,0.0,1.0,1.0,0.0
717541,False,9,1.0,4,680694.0,641927.0,0.0,0.0,0.0,1.0,0.0,0.0,0.0,0.0,0.0
717205,False,9,3.0,6,686218.0,596133.0,2.0,0.0,0.0,0.0,0.0,3.0,0.0,0.0,0.0
717342,False,9,3.0,3,668933.0,548389.0,0.0,0.0,3.0,0.0,1.0,0.0,1.0,0.0,0.0
717485,False,9,5.0,8,593958.0,643493.0,3.0,0.0,1.0,1.0,0.0,4.0,0.0,5.0,1.0
717189,False,9,2.0,tie,665795.0,592836.0,2.0,0.0,0.0,2.0,0.0,0.0,1.0,1.0,0.0
717277,False,9,3.0,tie,671106.0,642232.0,0.0,2.0,0.0,0.0,0.0,3.0,3.0,0.0,0.0
717367,False,9,2.0,6,641540.0,663556.0,1.0,1.0,0.0,0.0,0.0,2.0,0.0,0.0,1.0
717266,False,9,3.0,tie,593334.0,434378.0,1.0,0.0,3.0,0.0,0.0,2.0,3.0,1.0,2.0
717219,False,9,4.0,6,669330.0,657376.0,1.0,2.0,2.0,1.0,1.0,4.0,0.0,0.0,0.0
717194,False,9,3.0,tie,675627.0,668933.0,3.0,1.0,3.0,0.0,0.0,1.0,0.0,0.0,1.0
717223,False,9,4.0,1,674072.0,669302.0,4.0,0.0,0.0,0.0,0.0,0.0,3.0,0.0,0.0
717405,False,9,4.0,5,660271.0,641585.0,0.0,2.0,0.0,2.0,4.0,3.0,1.0,0.0,0.0
717494,True,10,,,,,,,,,,,,,
717481,True,10,,,,,,,,,,,,,
717251,False,9,3.0,tie,676254.0,676206.0,2.0,1.0,0.0,3.0,0.0,2.0,0.0,3.0,0.0
717318,False,9,6.0,4,657376.0,679525.0,0.0,1.0,0.0,6.0,1.0,0.0,0.0,1.0,0.0
717306,False,9,3.0,7,456501.0,502624.0,0.0,1.0,0.0,0.0,2.0,0.0,3.0,0.0,1.0
717423,False,9,3.0,1,605397.0,453286.0,3.0,0.0,0.0,0.0,2.0,1.0,0.0,2.0,0.0
717484,False,9,3.0,6,678394.0,592351.0,2.0,0.0,0.0,0.0,1.0,3.0,0.0,0.0,0.0
717384,False,9,4.0,9,680694.0,595345.0,3.0,0.0,0.0,2.0,0.0,0.0,0.0,0.0,4.0
717274,False,9,6.0,tie,656232.0,592351.0,6.0,3.0,0.0,1.0,2.0,0.0,6.0,0.0,1.0
717479,False,9,5.0,4,676272.0,674370.0,1.0,0.0,0.0,5.0,4.0,0.0,0.0,0.0,0.0
717508,False,9,4.0,5,657376.0,502043.0,2.0,0.0,0.0,1.0,4.0,0.0,3.0,1.0,1.0
717340,False,9,2.0,tie,450203.0,669194.0,0.0,2.0,2.0,0.0,0.0,1.0,1.0,1.0,1.0
717201,True,10,,,,,,,,,,,,,
717396,False,9,4.0,tie,571927.0,663623.0,0.0,4.0,2.0,1.0,4.0,1.0,0.0,1.0,2.0
717442,False,9,2.0,1,666159.0,592332.0,2.0,0.0,0.0,0.0,0.0,0.0,0.0,0.0,0.0
717211,False,9,6.0,1,693821.0,527054.0,6.0,0.0,0.0,3.0,1.0,0.0,2.0,4.0,0.0
717443,False,9,5.0,8,668909.0,663903.0,1.0,2.0,0.0,2.0,2.0,3.0,1.0,5.0,0.0
717406,False,9,3.0,5,622491.0,593958.0,2.0,0.0,0.0,0.0,3.0,0.0,2.0,1.0,1.0
717334,False,9,2.0,tie,671096.0,502171.0,0.0,0.0,2.0,2.0,1.0,0.0,0.0,0.0,1.0
717225,False,9,6.0,7,676272.0,682227.0,4.0,0.0,0.0,1.0,0.0,0.0,6.0,0.0,0.0
717242,False,9,4.0,6,678394.0,675911.0,0.0,0.0,0.0,0.0,0.0,4.0,3.0,1.0,0.0
717293,False,9,3.0,3,543243.0,656302.0,0.0,0.0,3.0,0.0,0.0,0.0,2.0,0.0,0.0
717498,False,9,5.0,4,605200.0,453286.0,1.0,0.0,0.0,5.0,2.0,0.0,2.0,1.0,2.0
717432,False,9,4.0,6,571578.0,641540.0,0.0,0.0,0.0,0.0,2.0,4.0,2.0,1.0,0.0
717411,False,9,3.0,8,679525.0,607192.0,0.0,0.0,1.0,0.0,2.0,0.0,0.0,3.0,1.0
717430,False,9,3.0,4,656232.0,669302.0,0.0,0.0,0.0,3.0,0.0,1.0,0.0,0.0,0.0
717380,False,9,6.0,6,656427.0,680686.0,0.0,1.0,0.0,3.0,1.0,6.0,0.0,1.0,0.0
717490,False,9,1.0,tie,502171.0,543548.0,0.0,0.0,1.0,0.0,1.0,0.0,0.0,0.0,0.0
717226,False,9,2.0,6,656756.0,669713.0,1.0,0.0,1.0,0.0,1.0,2.0,0.0,0.0,0.0
717207,False,9,3.0,tie,543475.0,641927.0,1.0,3.0,2.0,3.0,0.0,3.0,3.0,2.0,0.0
717227,False,9,3.0,tie,607536.0,676664.0,1.0,3.0,1.0,1.0,2.0,0.0,1.0,3.0,1.0
717550,False,9,3.0,9,669461.0,641656.0,2.0,2.0,1.0,0.0,0.0,0.0,0.0,0.0,3.0
717329,False,9,3.0,3,592836.0,669203.0,0.0,0.0,3.0,0.0,0.0,0.0,1.0,0.0,0.0
717459,False,9,4.0,5,669203.0,671096.0,2.0,2.0,0.0,0.0,4.0,0.0,1.0,0.0,1.0
717482,False,9,2.0,3,641154.0,679525.0,1.0,0.0,2.0,0.0,0.0,0.0,1.0,1.0,0.0
717542,False,9,2.0,tie,543135.0,686613.0,0.0,0.0,1.0,2.0,0.0,0.0,1.0,1.0,2.0
717457,False,9,6.0,4,656412.0,666201.0,0.0,0.0,2.0,6.0,0.0,0.0,0.0,1.0,5.0
717382,False,9,5.0,8,663903.0,621107.0,1.0,4.0,0.0,1.0,1.0,0.0,0.0,5.0,0.0
717253,False,9,3.0,5,664062.0,579328.0,0.0,1.0,1.0,0.0,3.0,2.0,0.0,2.0,0.0
717521,True,10,,,,,,,,,,,,,
717377,False,9,6.0,8,527048.0,676440.0,2.0,2.0,1.0,0.0,0.0,0.0,0.0,6.0,0.0
717283,True,10,,,,,,,,,,,,,
717238,False,9,3.0,1,571945.0,657006.0,3.0,0.0,2.0,2.0,0.0,1.0,2.0,2.0,1.0
717320,False,9,1.0,tie,621107.0,680694.0,0.0,1.0,0.0,0.0,0.0,1.0,1.0,0.0,0.0
717235,False,9,1.0,tie,592332.0,608337.0,1.0,1.0,1.0,0.0,0.0,1.0,1.0,0.0,0.0
717240,False,9,6.0,5,458681.0,573186.0,2.0,3.0,0.0,4.0,6.0,0.0,0.0,2.0,0.0
717419,False,9,3.0,3,543294.0,678394.0,0.0,2.0,3.0,2.0,0.0,1.0,2.0,0.0,1.0
717388,True,10,,,,,,,,,,,,,
717427,False,9,1.0,1,489119.0,594902.0,1.0,0.0,0.0,0.0,0.0,0.0,0.0,0.0,0.0
717410,False,9,3.0,2,596295.0,607074.0,2.0,3.0,0.0,1.0,0.0,0.0,2.0,1.0,0.0
717311,False,9,2.0,7,682243.0,579328.0,0.0,0.0,0.0,0.0,1.0,0.0,2.0,1.0,1.0
717363,False,9,3.0,5,605400.0,527054.0,1.0,1.0,1.0,0.0,3.0,0.0,0.0,1.0,0.0
717214,False,9,7.0,7,686613.0,671737.0,0.0,2.0,0.0,3.0,3.0,3.0,7.0,2.0,1.0
717298,False,9,4.0,3,657514.0,471911.0,1.0,0.0,4.0,0.0,0.0,1.0,1.0,0.0,0.0
717290,False,9,2.0,tie,669022.0,518397.0,2.0,0.0,1.0,2.0,1.0,0.0,1.0,0.0,0.0
717408,False,9,4.0,8,624133.0,605483.0,0.0,3.0,0.0,0.0,0.0,2.0,1.0,4.0,0.0
717424,True,10,,,,,,,,,,,,,
717212,False,9,6.0,2,623167.0,621112.0,1.0,6.0,1.0,0.0,0.0,4.0,1.0,1.0,0.0
717528,False,9,4.0,3,624133.0,592866.0,3.0,0.0,4.0,0.0,1.0,0.0,1.0,0.0,0.0
717537,False,9,5.0,1,663738.0,628711.0,5.0,3.0,0.0,0.0,0.0,0.0,1.0,1.0,0.0
717282,False,9,5.0,8,571578.0,656234.0,0.0,0.0,0.0,2.0,0.0,2.0,3.0,5.0,4.0
717195,False,9,2.0,2,571927.0,543294.0,1.0,2.0,0.0,0.0,0.0,0.0,0.0,0.0,0.0
717425,False,9,2.0,2,605200.0,669387.0,1.0,2.0,1.0,0.0,1.0,0.0,0.0,0.0,1.0
717371,False,9,4.0,6,682990.0,675540.0,0.0,0.0,0.0,2.0,1.0,4.0,2.0,1.0,1.0
717209,False,9,4.0,2,506433.0,527048.0,0.0,4.0,0.0,0.0,0.0,0.0,0.0,0.0,0.0
717455,False,9,5.0,6,656302.0,656756.0,0.0,2.0,3.0,0.0,1.0,5.0,4.0,0.0,0.0
717199,False,9,1.0,tie,621389.0,665622.0,0.0,0.0,1.0,0.0,1.0,0.0,0.0,0.0,0.0
717221,False,9,3.0,9,676254.0,572020.0,1.0,0.0,0.0,0.0,0.0,1.0,0.0,0.0,3.0
717544,True,10,,,,,,,,,,,,,
717347,False,9,3.0,2,650911.0,607067.0,0.0,3.0,0.0,1.0,2.0,0.0,1.0,0.0,1.0
717323,False,9,2.0,6,663687.0,641585.0,1.0,0.0,0.0,0.0,0.0,2.0,0.0,0.0,1.0
717512,False,9,2.0,tie,668909.0,693821.0,0.0,0.0,2.0,1.0,1.0,0.0,2.0,0.0,0.0
717345,False,9,3.0,6,596295.0,656232.0,0.0,0.0,1.0,0.0,0.0,3.0,0.0,0.0,1.0
717360,False,9,6.0,5,596133.0,543101.0,3.0,2.0,4.0,0.0,6.0,1.0,5.0,0.0,0.0
717501,False,9,3.0,2,657514.0,641540.0,1.0,3.0,0.0,1.0,0.0,0.0,2.0,1.0,0.0
717351,False,9,4.0,1,641712.0,645261.0,4.0,0.0,2.0,0.0,0.0,0.0,2.0,1.0,1.0
717187,False,9,1.0,tie,450203.0,681217.0,1.0,0.0,0.0,1.0,1.0,1.0,0.0,0.0,1.0
717357,True,10,,,,,,,,,,,,,
717451,False,9,3.0,1,676254.0,657756.0,3.0,1.0,0.0,1.0,2.0,0.0,0.0,1.0,0.0
717260,False,9,4.0,5,650644.0,425844.0,0.0,0.0,1.0,0.0,4.0,1.0,0.0,0.0,0.0
717433,False,9,3.0,tie,593334.0,543294.0,1.0,0.0,0.0,0.0,1.0,3.0,3.0,2.0,1.0
717193,False,9,2.0,1,518876.0,622491.0,2.0,1.0,0.0,0.0,0.0,0.0,0.0,0.0,1.0
717372,False,9,5.0,6,680570.0,686218.0,1.0,2.0,0.0,1.0,1.0,5.0,0.0,0.0,0.0
717163,False,9,4.0,2,669854.0,676440.0,0.0,4.0,0.0,0.0,0.0,1.0,0.0,0.0,0.0
717057,False,9,2.0,8,518876.0,676272.0,0.0,0.0,0.0,0.0,0.0,0.0,0.0,2.0,0.0
716815,False,9,5.0,8,680570.0,656629.0,0.0,0.0,2.0,2.0,0.0,0.0,0.0,5.0,0.0
716981,True,10,,,,,,,,,,,,,
717021,False,9,3.0,8,500779.0,675911.0,0.0,0.0,0.0,0.0,1.0,0.0,0.0,3.0,2.0
717037,False,9,6.0,2,434378.0,672282.0,0.0,6.0,3.0,3.0,0.0,1.0,0.0,1.0,0.0
717066,False,9,3.0,1,547179.0,669022.0,3.0,1.0,1.0,1.0,0.0,0.0,1.0,0.0,0.0
716801,False,9,3.0,5,621244.0,669022.0,0.0,2.0,1.0,0.0,3.0,0.0,1.0,1.0,1.0
717036,True,10,,,,,,,,,,,,,
716984,False,9,4.0,1,641712.0,657093.0,4.0,0.0,0.0,1.0,0.0,0.0,2.0,1.0,0.0
717018,True,10,,,,,,,,,,,,,
716936,False,9,4.0,9,543243.0,656605.0,1.0,0.0,0.0,0.0,1.0,3.0,2.0,0.0,4.0
716998,False,9,4.0,8,623167.0,518876.0,1.0,1.0,0.0,0.0,1.0,3.0,0.0,4.0,0.0
716917,False,9,3.0,1,543294.0,543475.0,3.0,0.0,0.0,0.0,1.0,0.0,0.0,1.0,2.0
717050,False,9,2.0,7,681857.0,628317.0,0.0,0.0,0.0,0.0,0.0,1.0,2.0,0.0,0.0
717034,False,9,6.0,4,622491.0,502043.0,2.0,0.0,0.0,6.0,1.0,1.0,0.0,0.0,1.0
716847,False,9,7.0,7,554430.0,641712.0,0.0,0.0,3.0,1.0,1.0,1.0,7.0,0.0,0.0
717122,False,9,2.0,tie,669373.0,650644.0,0.0,2.0,0.0,2.0,0.0,1.0,1.0,0.0,0.0
717043,False,9,3.0,7,672851.0,621112.0,2.0,2.0,0.0,1.0,1.0,0.0,3.0,1.0,0.0
717131,False,9,5.0,1,607067.0,682990.0,5.0,3.0,0.0,0.0,1.0,2.0,1.0,0.0,0.0
716971,False,9,1.0,tie,592351.0,672282.0,1.0,0.0,0.0,0.0,0.0,0.0,0.0,0.0,1.0
717013,False,9,6.0,5,673540.0,630023.0,3.0,0.0,1.0,0.0,6.0,0.0,1.0,2.0,0.0
717101,True,10,,,,,,,,,,,,,
717003,False,9,4.0,1,694297.0,607625.0,4.0,0.0,0.0,0.0,1.0,0.0,3.0,1.0,0.0
717108,False,9,3.0,tie,675540.0,669947.0,2.0,0.0,0.0,0.0,3.0,0.0,0.0,0.0,3.0
716882,True,10,,,,,,,,,,,,,
717095,False,9,6.0,3,674370.0,675911.0,0.0,0.0,6.0,5.0,1.0,0.0,0.0,0.0,1.0
716969,False,9,4.0,1,669461.0,621112.0,4.0,0.0,0.0,1.0,1.0,1.0,0.0,0.0,1.0
717136,False,9,2.0,tie,572020.0,666201.0,2.0,1.0,2.0,1.0,0.0,2.0,1.0,0.0,1.0
716796,False,9,2.0,4,641154.0,668909.0,0.0,1.0,1.0,2.0,0.0,0.0,1.0,0.0,1.0
717116,True,10,,,,,,,,,,,,,
716950,False,9,4.0,9,571760.0,605540.0,0.0,0.0,3.0,3.0,0.0,1.0,3.0,3.0,4.0
716946,False,9,6.0,3,664062.0,645261.0,2.0,0.0,6.0,4.0,2.0,0.0,0.0,0.0,0.0
716932,False,9,3.0,tie,664285.0,669302.0,1.0,1.0,3.0,1.0,2.0,0.0,0.0,2.0,3.0
717044,False,9,8.0,2,650911.0,572971.0,0.0,8.0,0.0,3.0,0.0,2.0,0.0,2.0,0.0
717119,False,9,3.0,5,571927.0,621389.0,0.0,1.0,0.0,1.0,3.0,2.0,0.0,1.0,0.0
717045,False,9,1.0,tie,477132.0,621389.0,0.0,0.0,0.0,0.0,1.0,0.0,1.0,1.0,0.0
717139,True,10,,,,,,,,,,,,,
716966,False,9,6.0,7,571578.0,519242.0,0.0,0.0,2.0,0.0,5.0,3.0,6.0,1.0,0.0
716902,True,10,,,,,,,,,,,,,
717068,False,9,4.0,1,608337.0,518397.0,4.0,0.0,3.0,0.0,1.0,0.0,1.0,3.0,0.0
717118,False,9,4.0,2,628317.0,669194.0,0.0,4.0,3.0,2.0,1.0,1.0,0.0,2.0,0.0
716811,False,9,2.0,7,425844.0,670912.0,0.0,1.0,1.0,0.0,0.0,0.0,2.0,1.0,0.0
716777,False,9,6.0,3,658648.0,596001.0,0.0,0.0,6.0,0.0,1.0,0.0,0.0,1.0,1.0
717154,False,9,4.0,2,664062.0,663687.0,3.0,4.0,2.0,0.0,0.0,1.0,1.0,0.0,0.0
716773,False,9,5.0,6,607536.0,670241.0,0.0,0.0,2.0,2.0,0.0,5.0,1.0,0.0,0.0
717002,False,9,2.0,tie,471911.0,682990.0,2.0,1.0,2.0,2.0,1.0,1.0,0.0,0.0,0.0
716870,True,10,,,,,,,,,,,,,
716909,False,9,3.0,8,657571.0,691587.0,0.0,0.0,0.0,1.0,0.0,0.0,0.0,3.0,0.0
717165,False,9,7.0,4,630023.0,608337.0,0.0,0.0,3.0,7.0,0.0,5.0,0.0,1.0,1.0
716795,False,9,3.0,9,669373.0,650633.0,1.0,0.0,0.0,0.0,1.0,1.0,0.0,0.0,3.0
716992,False,9,2.0,1,668933.0,671106.0,2.0,0.0,0.0,0.0,0.0,0.0,1.0,0.0,0.0
717172,False,9,2.0,3,664285.0,668909.0,0.0,0.0,2.0,0.0,0.0,0.0,0.0,0.0,0.0
716821,False,9,3.0,8,677944.0,668933.0,0.0,0.0,1.0,0.0,0.0,1.0,2.0,3.0,0.0
716941,False,9,8.0,8,663623.0,650911.0,0.0,0.0,0.0,2.0,0.0,1.0,3.0,8.0,1.0
717138,False,9,3.0,1,622663.0,686613.0,3.0,1.0,1.0,0.0,2.0,2.0,0.0,1.0,0.0
716814,False,9,6.0,6,519242.0,664299.0,2.0,1.0,1.0,0.0,3.0,6.0,2.0,2.0,1.0
716867,False,9,4.0,3,641154.0,571760.0,1.0,1.0,4.0,1.0,1.0,1.0,0.0,3.0,0.0
716955,False,9,4.0,4,592791.0,666142.0,0.0,0.0,1.0,4.0,0.0,2.0,0.0,0.0,0.0
716985,False,9,3.0,3,656756.0,608337.0,0.0,0.0,3.0,1.0,1.0,0.0,1.0,2.0,2.0
717092,False,9,3.0,tie,673540.0,592767.0,3.0,0.0,3.0,0.0,1.0,2.0,3.0,1.0,0.0
716853,False,9,3.0,2,682243.0,663903.0,2.0,3.0,0.0,2.0,2.0,0.0,2.0,1.0,0.0
717182,False,9,3.0,9,645261.0,624133.0,0.0,0.0,1.0,0.0,0.0,0.0,0.0,0.0,3.0
717071,False,9,4.0,6,660271.0,676254.0,0.0,1.0,0.0,0.0,0.0,4.0,0.0,0.0,0.0
717177,False,9,4.0,8,547943.0,680694.0,2.0,3.0,1.0,0.0,0.0,1.0,3.0,4.0,2.0
717056,False,9,5.0,3,663559.0,693821.0,1.0,1.0,5.0,0.0,0.0,2.0,2.0,0.0,1.0
716861,False,9,3.0,2,,,2.0,3.0,1.0,0.0,0.0,1.0,2.0,0.0,0.0
717109,False,9,3.0,3,542881.0,669923.0,0.0,0.0,3.0,0.0,0.0,0.0,0.0,1.0,1.0
717042,False,9,3.0,4,519242.0,669373.0,1.0,0.0,0.0,3.0,2.0,1.0,0.0,0.0,0.0
717098,False,9,4.0,tie,657006.0,450203.0,0.0,0.0,4.0,0.0,4.0,1.0,1.0,0.0,0.0
717075,False,9,5.0,4,657053.0,657376.0,0.0,0.0,0.0,5.0,0.0,0.0,0.0,3.0,0.0
716928,False,9,6.0,7,657376.0,670174.0,1.0,0.0,1.0,0.0,0.0,2.0,6.0,0.0,1.0
717145,False,9,5.0,2,669461.0,543243.0,0.0,5.0,0.0,0.0,0.0,2.0,0.0,0.0,1.0
717112,False,9,7.0,8,605483.0,675627.0,1.0,1.0,0.0,1.0,1.0,0.0,0.0,7.0,0.0
717069,False,9,4.0,4,676664.0,453286.0,0.0,1.0,0.0,4.0,0.0,0.0,1.0,1.0,0.0
716978,False,9,5.0,9,621389.0,573009.0,0.0,0.0,3.0,0.0,0.0,1.0,4.0,0.0,5.0
717106,False,9,4.0,9,572971.0,668678.0,0.0,0.0,0.0,0.0,1.0,2.0,1.0,0.0,4.0
718371,False,9,8.0,9,660593.0,642216.0,1.0,1.0,0.0,3.0,0.0,3.0,3.0,5.0,8.0
716879,True,10,,,,,,,,,,,,,
716903,False,9,3.0,tie,672282.0,680689.0,0.0,1.0,1.0,3.0,2.0,0.0,0.0,3.0,0.0
717012,False,9,5.0,2,547943.0,592791.0,2.0,5.0,0.0,3.0,0.0,0.0,2.0,3.0,0.0
716875,False,9,4.0,1,675540.0,477132.0,4.0,0.0,0.0,1.0,0.0,0.0,0.0,2.0,0.0
716779,False,9,2.0,tie,543294.0,605540.0,2.0,0.0,1.0,0.0,0.0,0.0,0.0,2.0,0.0
716944,False,9,4.0,tie,660906.0,502043.0,4.0,3.0,0.0,2.0,4.0,0.0,0.0,0.0,0.0
716794,False,9,4.0,6,676710.0,664285.0,0.0,3.0,3.0,1.0,0.0,4.0,0.0,0.0,0.0
716785,False,9,2.0,tie,605135.0,571578.0,2.0,0.0,0.0,2.0,0.0,2.0,1.0,0.0,0.0
716788,False,9,3.0,tie,682243.0,594943.0,0.0,3.0,3.0,0.0,0.0,0.0,3.0,0.0,0.0
716982,False,9,6.0,8,669022.0,572020.0,0.0,0.0,1.0,1.0,0.0,0.0,0.0,6.0,0.0
716787,False,9,4.0,tie,650911.0,672282.0,0.0,4.0,0.0,0.0,4.0,3.0,0.0,4.0,3.0
717141,False,9,7.0,4,543294.0,608331.0,0.0,0.0,0.0,7.0,0.0,0.0,1.0,0.0,0.0
716874,False,9,5.0,8,665152.0,592332.0,0.0,0.0,1.0,0.0,1.0,0.0,0.0,5.0,0.0
717007,False,9,3.0,tie,628711.0,607536.0,0.0,2.0,2.0,3.0,0.0,3.0,0.0,1.0,0.0
717083,False,9,2.0,tie,596133.0,666129.0,0.0,2.0,0.0,0.0,1.0,0.0,2.0,0.0,0.0
717150,False,9,2.0,tie,592332.0,656427.0,0.0,2.0,0.0,0.0,1.0,1.0,0.0,1.0,2.0
717054,False,9,4.0,8,605182.0,641656.0,0.0,3.0,1.0,1.0,1.0,0.0,1.0,4.0,0.0
717115,False,9,4.0,tie,592789.0,656629.0,0.0,0.0,1.0,2.0,0.0,4.0,0.0,4.0,0.0
717096,False,9,3.0,5,624133.0,680686.0,1.0,0.0,0.0,2.0,3.0,0.0,2.0,0.0,1.0
717142,False,9,3.0,1,657376.0,664299.0,3.0,2.0,0.0,0.0,0.0,2.0,0.0,0.0,0.0
716812,False,9,5.0,9,596295.0,693821.0,1.0,0.0,2.0,1.0,4.0,1.0,4.0,0.0,5.0
717047,False,9,5.0,2,666200.0,641656.0,0.0,5.0,1.0,4.0,0.0,1.0,0.0,0.0,2.0
716866,False,9,4.0,7,676710.0,458681.0,1.0,2.0,0.0,0.0,0.0,3.0,4.0,0.0,1.0
716918,False,9,3.0,tie,453286.0,605288.0,0.0,0.0,3.0,1.0,0.0,0.0,0.0,3.0,1.0
716995,False,9,7.0,7,571945.0,676664.0,0.0,1.0,0.0,0.0,4.0,0.0,7.0,0.0,0.0
716907,False,9,4.0,2,608379.0,677960.0,1.0,4.0,0.0,0.0,1.0,2.0,0.0,0.0,0.0
716790,False,9,2.0,2,596133.0,686610.0,1.0,2.0,0.0,1.0,0.0,0.0,0.0,0.0,0.0
717078,True,10,,,,,,,,,,,,,
716840,False,9,4.0,2,471911.0,681217.0,1.0,4.0,0.0,2.0,0.0,1.0,0.0,0.0,0.0
716999,False,9,3.0,tie,676254.0,607192.0,0.0,0.0,0.0,3.0,3.0,0.0,1.0,3.0,2.0
717158,False,9,7.0,9,607536.0,607259.0,1.0,0.0,2.0,1.0,0.0,1.0,0.0,0.0,7.0
716923,False,9,1.0,tie,572971.0,621366.0,0.0,0.0,0.0,1.0,0.0,1.0,0.0,0.0,0.0
717053,False,9,3.0,7,665152.0,686613.0,1.0,1.0,1.0,0.0,0.0,1.0,3.0,1.0,1.0
717019,False,9,3.0,3,666142.0,571927.0,0.0,2.0,3.0,0.0,1.0,0.0,0.0,2.0,1.0
716818,False,9,2.0,tie,656731.0,592351.0,0.0,0.0,2.0,0.0,1.0,1.0,0.0,1.0,2.0
717093,False,9,4.0,2,448179.0,458681.0,2.0,4.0,1.0,0.0,0.0,0.0,1.0,1.0,1.0
717086,False,9,5.0,4,642547.0,663567.0,1.0,0.0,0.0,5.0,0.0,0.0,3.0,4.0,0.0
717001,False,9,4.0,tie,608331.0,657376.0,2.0,4.0,4.0,0.0,0.0,1.0,0.0,2.0,1.0
716784,True,10,,,,,,,,,,,,,
716901,False,9,6.0,5,670912.0,425794.0,0.0,0.0,0.0,1.0,6.0,1.0,1.0,0.0,0.0
716943,False,9,4.0,2,543037.0,676710.0,0.0,4.0,0.0,2.0,0.0,1.0,0.0,1.0,1.0
716852,False,9,2.0,tie,657277.0,675911.0,1.0,0.0,0.0,2.0,0.0,2.0,1.0,0.0,0.0
716775,True,10,,,,,,,,,,,,,
716842,False,9,5.0,tie,681882.0,696136.0,1.0,0.0,3.0,0.0,5.0,0.0,5.0,0.0,2.0
716911,False,9,4.0,7,605400.0,518397.0,2.0,2.0,2.0,0.0,2.0,0.0,4.0,0.0,2.0
716921,False,9,4.0,7,641712.0,471911.0,0.0,0.0,2.0,1.0,2.0,0.0,4.0,1.0,0.0
717151,False,9,1.0,4,518397.0,694297.0,0.0,0.0,0.0,1.0,0.0,0.0,0.0,0.0,0.0
716793,False,9,6.0,9,666142.0,681882.0,0.0,0.0,0.0,1.0,0.0,0.0,0.0,2.0,6.0
717080,False,9,2.0,1,471911.0,592791.0,2.0,0.0,0.0,1.0,1.0,0.0,0.0,1.0,0.0
716778,True,10,,,,,,,,,,,,,
717081,False,9,3.0,3,686610.0,641540.0,0.0,0.0,3.0,2.0,0.0,0.0,1.0,2.0,0.0
716832,False,9,7.0,3,669302.0,543475.0,0.0,0.0,7.0,1.0,4.0,1.0,2.0,2.0,0.0
716951,False,9,3.0,7,641154.0,656578.0,0.0,0.0,0.0,2.0,0.0,1.0,3.0,0.0,0.0
717135,False,9,3.0,6,681857.0,641793.0,2.0,2.0,0.0,0.0,0.0,3.0,1.0,0.0,0.0
717128,False,9,1.0,tie,641927.0,518876.0,0.0,1.0,1.0,1.0,0.0,1.0,1.0,0.0,0.0
716953,False,9,4.0,1,666745.0,678394.0,4.0,3.0,1.0,0.0,0.0,0.0,0.0,2.0,1.0
717127,False,9,4.0,2,425794.0,623167.0,3.0,4.0,2.0,1.0,1.0,0.0,1.0,0.0,1.0
716997,False,9,5.0,7,453286.0,663776.0,0.0,2.0,3.0,0.0,0.0,1.0,5.0,1.0,0.0
716829,False,9,2.0,8,656849.0,656288.0,0.0,0.0,0.0,1.0,0.0,0.0,1.0,2.0,1.0
717076,False,9,2.0,tie,593958.0,543243.0,1.0,0.0,0.0,2.0,0.0,0.0,1.0,2.0,0.0
717129,False,9,6.0,8,506433.0,676272.0,0.0,1.0,0.0,2.0,0.0,1.0,1.0,6.0,4.0
716939,False,9,4.0,1,676440.0,666159.0,4.0,0.0,0.0,0.0,1.0,0.0,2.0,0.0,0.0
716891,False,9,2.0,tie,693821.0,656731.0,0.0,2.0,0.0,0.0,1.0,2.0,0.0,0.0,0.0
717155,False,9,4.0,2,641712.0,657746.0,0.0,4.0,3.0,0.0,0.0,0.0,3.0,0.0,0.0
717041,False,9,4.0,4,621244.0,665871.0,3.0,0.0,0.0,4.0,0.0,0.0,0.0,1.0,0.0
716988,False,9,9.0,7,656849.0,663559.0,1.0,1.0,0.0,0.0,0.0,0.0,9.0,0.0,0.0
717091,False,9,4.0,1,666214.0,641154.0,4.0,3.0,1.0,0.0,0.0,0.0,0.0,1.0,3.0
716899,False,9,3.0,1,592836.0,690986.0,3.0,0.0,0.0,0.0,2.0,0.0,0.0,0.0,2.0
717180,False,9,5.0,6,502171.0,668678.0,0.0,0.0,0.0,0.0,1.0,5.0,1.0,0.0,0.0
716780,False,9,2.0,2,672582.0,656578.0,1.0,2.0,0.0,1.0,0.0,0.0,1.0,0.0,0.0
717011,False,9,5.0,9,691587.0,543037.0,0.0,1.0,2.0,2.0,2.0,2.0,0.0,1.0,5.0
717025,False,9,2.0,1,645261.0,650633.0,2.0,0.0,0.0,1.0,0.0,0.0,1.0,0.0,0.0
717175,False,9,3.0,3,607074.0,621107.0,0.0,1.0,3.0,0.0,1.0,0.0,0.0,0.0,2.0
716837,False,9,3.0,6,680694.0,623167.0,0.0,0.0,2.0,0.0,1.0,3.0,1.0,2.0,0.0
716887,False,9,3.0,3,605483.0,666200.0,0.0,0.0,3.0,0.0,0.0,0.0,0.0,0.0,0.0
716885,False,9,4.0,6,669373.0,592791.0,0.0,1.0,2.0,1.0,0.0,4.0,0.0,1.0,1.0
716897,False,9,5.0,7,592789.0,676272.0,2.0,0.0,1.0,2.0,0.0,0.0,5.0,1.0,0.0
716964,False,9,4.0,6,672582.0,669923.0,0.0,1.0,0.0,1.0,0.0,4.0,0.0,3.0,1.0
717048,False,9,3.0,9,641793.0,669461.0,0.0,0.0,0.0,2.0,0.0,1.0,1.0,0.0,3.0
717016,False,9,6.0,9,592866.0,686610.0,4.0,0.0,1.0,0.0,1.0,0.0,3.0,0.0,6.0
716865,False,9,4.0,4,502043.0,621244.0,0.0,0.0,0.0,4.0,3.0,1.0,0.0,0.0,0.0
717055,False,9,5.0,8,,,1.0,0.0,1.0,0.0,0.0,0.0,0.0,5.0,0.0
717072,False,9,1.0,tie,669302.0,607259.0,0.0,0.0,0.0,0.0,1.0,1.0,0.0,0.0,0.0
716858,False,9,4.0,9,666159.0,664285.0,0.0,0.0,1.0,0.0,0.0,0.0,0.0,0.0,4.0
716894,False,9,5.0,6,489119.0,641927.0,2.0,2.0,0.0,1.0,0.0,5.0,0.0,0.0,0.0
717123,False,9,6.0,5,650911.0,679525.0,2.0,1.0,1.0,1.0,6.0,3.0,0.0,1.0,0.0
716904,False,9,2.0,tie,621112.0,656353.0,0.0,2.0,1.0,0.0,1.0,2.0,0.0,2.0,2.0
716942,False,9,4.0,8,607625.0,694297.0,0.0,0.0,0.0,0.0,0.0,0.0,0.0,4.0,0.0
716849,False,9,4.0,6,572020.0,628711.0,2.0,0.0,0.0,2.0,2.0,4.0,1.0,2.0,0.0
717065,True,10,,,,,,,,,,,,,
716965,False,9,3.0,3,605483.0,665152.0,1.0,0.0,3.0,0.0,0.0,1.0,2.0,0.0,0.0
716543,True,11,,,,,,,,,,,,,
716586,False,9,3.0,3,680694.0,650644.0,0.0,1.0,3.0,1.0,1.0,0.0,1.0,0.0,0.0
716669,False,9,4.0,2,686613.0,605483.0,1.0,4.0,1.0,0.0,1.0,1.0,2.0,3.0,0.0
716760,False,9,4.0,3,592866.0,456501.0,1.0,2.0,4.0,3.0,1.0,1.0,2.0,0.0,2.0
716486,False,9,2.0,tie,592791.0,663562.0,1.0,0.0,0.0,2.0,0.0,2.0,1.0,0.0,0.0
716748,False,9,4.0,tie,621389.0,579328.0,4.0,3.0,0.0,2.0,4.0,0.0,0.0,0.0,2.0
716515,False,9,4.0,4,680723.0,656730.0,2.0,0.0,1.0,4.0,1.0,0.0,0.0,1.0,1.0
716516,False,9,2.0,9,605483.0,663372.0,0.0,0.0,0.0,0.0,0.0,0.0,0.0,0.0,2.0
716594,False,9,4.0,4,579328.0,656756.0,0.0,0.0,0.0,4.0,2.0,1.0,0.0,0.0,3.0
716723,False,9,2.0,tie,657006.0,657277.0,0.0,1.0,0.0,0.0,0.0,0.0,2.0,2.0,0.0
716504,False,9,4.0,5,683155.0,669923.0,0.0,2.0,0.0,1.0,4.0,2.0,0.0,0.0,0.0
716519,False,9,3.0,tie,543135.0,656557.0,0.0,1.0,3.0,0.0,1.0,2.0,3.0,0.0,0.0
716448,False,9,5.0,3,686613.0,674444.0,1.0,4.0,5.0,0.0,1.0,0.0,0.0,0.0,0.0
716609,False,9,4.0,4,623167.0,665871.0,0.0,2.0,0.0,4.0,0.0,3.0,1.0,0.0,0.0
716568,False,9,4.0,6,669923.0,676272.0,0.0,0.0,0.0,1.0,2.0,4.0,0.0,1.0,1.0
716521,False,9,5.0,6,675911.0,650911.0,1.0,0.0,0.0,2.0,4.0,5.0,0.0,0.0,0.0
716714,False,9,6.0,5,656578.0,605540.0,0.0,0.0,0.0,1.0,6.0,0.0,0.0,0.0,3.0
716631,False,9,8.0,6,657053.0,543475.0,4.0,4.0,1.0,0.0,1.0,8.0,1.0,0.0,2.0
716647,False,9,2.0,tie,592866.0,642232.0,2.0,2.0,0.0,2.0,2.0,2.0,0.0,0.0,0.0
716693,False,9,5.0,4,680689.0,669302.0,1.0,2.0,0.0,5.0,1.0,1.0,1.0,0.0,1.0
716585,False,9,3.0,5,605288.0,691587.0,1.0,0.0,0.0,1.0,3.0,0.0,1.0,0.0,0.0
716713,False,9,3.0,tie,670046.0,680570.0,0.0,1.0,3.0,1.0,0.0,0.0,3.0,1.0,0.0
716556,False,9,6.0,1,657053.0,641154.0,6.0,0.0,0.0,0.0,0.0,0.0,2.0,4.0,1.0
716377,False,9,4.0,8,,,0.0,0.0,0.0,0.0,0.0,0.0,2.0,4.0,1.0
716694,False,9,2.0,tie,657376.0,666159.0,1.0,1.0,2.0,1.0,0.0,0.0,2.0,0.0,0.0
716716,True,11,,,,,,,,,,,,,
716366,False,9,4.0,3,622491.0,571760.0,0.0,0.0,4.0,1.0,0.0,0.0,0.0,2.0,0.0
716662,True,11,,,,,,,,,,,,,
718147,False,9,6.0,5,458681.0,669456.0,0.0,0.0,0.0,0.0,6.0,2.0,0.0,3.0,0.0
718112,False,9,2.0,6,656232.0,686610.0,0.0,1.0,1.0,1.0,0.0,2.0,0.0,1.0,0.0
717156,False,9,2.0,1,666142.0,673540.0,2.0,1.0,0.0,0.0,0.0,0.0,0.0,1.0,0.0
716857,False,9,5.0,3,605540.0,506433.0,0.0,0.0,5.0,1.0,0.0,0.0,2.0,0.0,2.0
716781,False,9,2.0,tie,686839.0,543037.0,2.0,1.0,2.0,2.0,0.0,1.0,0.0,0.0,0.0
716508,False,9,1.0,tie,664299.0,680694.0,1.0,0.0,0.0,0.0,0.0,0.0,0.0,1.0,1.0
716503,False,9,2.0,tie,691587.0,673540.0,0.0,1.0,2.0,1.0,0.0,2.0,2.0,2.0,1.0
716747,False,9,6.0,4,677944.0,680694.0,0.0,0.0,2.0,6.0,0.0,0.0,1.0,0.0,1.0
716399,False,9,3.0,1,700363.0,573186.0,3.0,2.0,1.0,0.0,0.0,1.0,0.0,1.0,0.0
716412,True,10,,,,,,,,,,,,,
716451,False,9,2.0,tie,682227.0,682990.0,0.0,0.0,0.0,0.0,2.0,2.0,1.0,1.0,0.0
716696,False,9,2.0,3,607192.0,601713.0,0.0,0.0,2.0,1.0,1.0,0.0,0.0,0.0,0.0
716769,False,9,1.0,tie,673540.0,669302.0,0.0,0.0,0.0,1.0,0.0,1.0,0.0,1.0,0.0
716730,False,9,5.0,5,502624.0,592332.0,0.0,0.0,3.0,2.0,5.0,0.0,0.0,0.0,2.0
716538,False,9,5.0,8,671212.0,607259.0,0.0,0.0,0.0,2.0,0.0,2.0,2.0,5.0,0.0
716575,False,9,5.0,6,608337.0,592351.0,0.0,2.0,0.0,1.0,1.0,5.0,3.0,0.0,3.0
716740,False,9,4.0,1,680686.0,645261.0,4.0,0.0,0.0,0.0,3.0,1.0,0.0,0.0,2.0
716527,False,9,2.0,4,676664.0,693433.0,0.0,1.0,0.0,2.0,0.0,1.0,0.0,0.0,1.0
716720,False,9,4.0,1,448179.0,592836.0,4.0,3.0,2.0,3.0,1.0,1.0,2.0,0.0,0.0
716450,False,9,3.0,2,663474.0,502043.0,0.0,3.0,0.0,2.0,1.0,0.0,0.0,0.0,0.0
716731,False,9,7.0,7,666205.0,542881.0,0.0,0.0,0.0,3.0,0.0,4.0,7.0,0.0,2.0
716581,False,9,4.0,3,608718.0,676775.0,0.0,2.0,4.0,0.0,3.0,1.0,2.0,1.0,1.0
716638,False,9,3.0,3,543294.0,573009.0,1.0,0.0,3.0,0.0,2.0,1.0,0.0,0.0,0.0
716695,False,9,9.0,5,608638.0,458681.0,0.0,0.0,0.0,1.0,9.0,0.0,2.0,0.0,3.0
716660,True,10,,,,,,,,,,,,,
716587,False,9,5.0,8,592332.0,543135.0,3.0,2.0,1.0,0.0,0.0,0.0,0.0,5.0,0.0
716420,False,9,3.0,9,656288.0,641540.0,1.0,0.0,1.0,0.0,0.0,0.0,0.0,0.0,3.0
716678,False,9,1.0,8,592791.0,668678.0,0.0,0.0,0.0,0.0,0.0,0.0,0.0,1.0,0.0
716410,False,9,3.0,5,641154.0,683155.0,1.0,1.0,1.0,0.0,3.0,2.0,0.0,2.0,0.0
717664,True,10,,,,,,,,,,,,,
716661,False,9,3.0,5,592332.0,663704.0,0.0,0.0,0.0,1.0,3.0,1.0,1.0,0.0,0.0
716719,False,9,7.0,7,608337.0,641154.0,1.0,5.0,4.0,0.0,0.0,4.0,7.0,0.0,5.0
716493,False,9,5.0,tie,543294.0,670912.0,0.0,0.0,2.0,0.0,1.0,0.0,1.0,5.0,5.0
716478,False,9,2.0,tie,519242.0,657053.0,0.0,0.0,0.0,0.0,1.0,2.0,0.0,2.0,0.0
716744,False,9,3.0,tie,680723.0,641672.0,0.0,3.0,0.0,1.0,3.0,2.0,2.0,0.0,2.0
716525,False,9,4.0,7,671131.0,570632.0,0.0,0.0,0.0,1.0,0.0,1.0,4.0,0.0,1.0
716418,False,9,2.0,tie,669456.0,671096.0,0.0,2.0,1.0,1.0,0.0,1.0,0.0,2.0,0.0
716753,False,9,2.0,9,671096.0,665871.0,0.0,0.0,0.0,0.0,0.0,0.0,1.0,0.0,2.0
716436,False,9,3.0,2,622491.0,434378.0,0.0,3.0,1.0,0.0,0.0,1.0,0.0,0.0,1.0
716755,False,9,2.0,4,621112.0,656288.0,1.0,0.0,0.0,2.0,0.0,0.0,0.0,0.0,0.0
716679,False,9,2.0,6,650911.0,691587.0,1.0,0.0,1.0,0.0,0.0,2.0,1.0,0.0,0.0
716673,False,9,5.0,7,579328.0,676092.0,0.0,0.0,1.0,0.0,0.0,1.0,5.0,1.0,1.0
716380,False,9,5.0,7,676684.0,663474.0,0.0,0.0,0.0,1.0,0.0,2.0,5.0,0.0,0.0
716439,True,10,,,,,,,,,,,,,
716438,False,9,3.0,1,502624.0,657571.0,3.0,0.0,0.0,0.0,0.0,1.0,1.0,0.0,0.0
716557,False,9,3.0,5,571945.0,624133.0,1.0,1.0,1.0,0.0,3.0,0.0,0.0,0.0,1.0
716473,False,9,5.0,1,664285.0,666142.0,5.0,1.0,0.0,0.0,0.0,3.0,0.0,3.0,0.0
716677,False,9,6.0,3,671096.0,680723.0,3.0,0.0,6.0,1.0,0.0,0.0,2.0,1.0,0.0
716565,False,9,7.0,1,663773.0,694363.0,7.0,0.0,1.0,0.0,1.0,1.0,0.0,6.0,0.0
716671,False,9,4.0,7,671737.0,669923.0,2.0,2.0,1.0,0.0,1.0,0.0,4.0,1.0,0.0
716683,False,9,1.0,2,641793.0,622491.0,0.0,1.0,0.0,0.0,0.0,0.0,0.0,0.0,0.0
716459,False,9,3.0,2,671131.0,642216.0,0.0,3.0,0.0,0.0,0.0,1.0,0.0,0.0,1.0
716522,False,9,2.0,tie,518585.0,628317.0,0.0,1.0,0.0,1.0,0.0,2.0,2.0,1.0,0.0
716690,False,9,6.0,3,,,0.0,1.0,6.0,0.0,0.0,3.0,0.0,3.0,0.0
716725,False,9,2.0,5,676272.0,450203.0,0.0,0.0,0.0,0.0,2.0,0.0,1.0,1.0,0.0
716592,False,9,1.0,tie,656730.0,666129.0,0.0,0.0,0.0,0.0,1.0,0.0,1.0,0.0,0.0
716370,False,9,1.0,4,518876.0,434378.0,0.0,0.0,0.0,1.0,0.0,0.0,0.0,0.0,0.0
716605,True,10,,,,,,,,,,,,,
716368,False,9,7.0,7,571863.0,641941.0,0.0,2.0,4.0,0.0,0.0,5.0,7.0,2.0,0.0
716608,False,9,4.0,4,458681.0,608379.0,1.0,0.0,3.0,4.0,1.0,0.0,2.0,2.0,0.0
716520,False,9,3.0,9,657376.0,579328.0,2.0,0.0,0.0,1.0,2.0,0.0,0.0,0.0,3.0
716409,False,9,2.0,5,554430.0,682847.0,1.0,0.0,1.0,0.0,2.0,0.0,0.0,1.0,0.0
716477,False,9,4.0,tie,641540.0,682243.0,1.0,3.0,0.0,0.0,4.0,4.0,0.0,0.0,1.0
716523,False,9,3.0,9,666129.0,664192.0,0.0,0.0,2.0,0.0,1.0,1.0,0.0,0.0,3.0
716772,False,9,3.0,7,453286.0,657746.0,0.0,0.0,0.0,1.0,0.0,0.0,3.0,2.0,0.0
716518,False,9,8.0,8,665871.0,663559.0,2.0,2.0,2.0,0.0,0.0,1.0,0.0,8.0,0.0
716547,False,9,3.0,9,543475.0,664285.0,0.0,1.0,2.0,1.0,1.0,0.0,0.0,0.0,3.0
716593,False,9,5.0,2,687798.0,657376.0,2.0,5.0,1.0,0.0,1.0,0.0,1.0,1.0,2.0
716517,False,9,5.0,5,674444.0,671106.0,2.0,0.0,2.0,0.0,5.0,2.0,1.0,1.0,0.0
716375,False,9,3.0,6,674444.0,657376.0,1.0,0.0,1.0,2.0,0.0,3.0,0.0,0.0,0.0
716710,False,9,3.0,8,666200.0,477132.0,0.0,0.0,2.0,1.0,2.0,0.0,1.0,3.0,0.0
716408,False,9,3.0,6,489119.0,668868.0,0.0,1.0,0.0,0.0,0.0,3.0,1.0,0.0,0.0
716369,False,9,4.0,5,675911.0,672851.0,3.0,0.0,1.0,0.0,4.0,0.0,0.0,0.0,0.0
716699,False,9,3.0,tie,696136.0,622072.0,3.0,0.0,2.0,1.0,0.0,1.0,3.0,0.0,0.0
716511,False,9,4.0,2,668678.0,502171.0,3.0,4.0,0.0,2.0,3.0,0.0,0.0,0.0,0.0
716560,False,9,6.0,7,666142.0,641585.0,3.0,0.0,1.0,0.0,4.0,1.0,6.0,1.0,2.0
716467,False,9,4.0,4,672851.0,675911.0,0.0,0.0,3.0,4.0,0.0,3.0,2.0,0.0,1.0
716536,False,9,3.0,1,669194.0,696136.0,3.0,1.0,1.0,0.0,0.0,2.0,1.0,0.0,0.0
716573,False,9,4.0,tie,669947.0,641927.0,0.0,4.0,1.0,1.0,2.0,0.0,0.0,0.0,4.0
716708,False,9,6.0,7,543294.0,676254.0,1.0,1.0,5.0,0.0,0.0,3.0,6.0,2.0,1.0
716470,False,9,3.0,3,671212.0,622766.0,0.0,0.0,3.0,0.0,0.0,0.0,0.0,2.0,0.0
716604,False,9,1.0,4,502043.0,680723.0,0.0,0.0,0.0,1.0,0.0,0.0,0.0,0.0,0.0
716483,False,9,4.0,tie,669456.0,665152.0,4.0,1.0,3.0,3.0,0.0,0.0,2.0,0.0,4.0
716758,False,9,5.0,4,676664.0,663776.0,0.0,0.0,0.0,5.0,0.0,0.0,1.0,4.0,1.0
716562,False,9,2.0,8,676440.0,641540.0,0.0,0.0,0.0,0.0,1.0,0.0,0.0,2.0,0.0
716733,False,9,4.0,4,668868.0,670912.0,0.0,3.0,1.0,4.0,0.0,0.0,1.0,1.0,0.0
716442,False,9,2.0,3,676664.0,593958.0,0.0,0.0,2.0,0.0,0.0,0.0,0.0,0.0,0.0
716757,False,9,4.0,8,628711.0,608331.0,0.0,1.0,1.0,1.0,2.0,0.0,0.0,4.0,0.0
716736,False,9,3.0,7,489119.0,624133.0,1.0,0.0,1.0,0.0,0.0,1.0,3.0,0.0,0.0
716545,False,9,4.0,7,500779.0,682227.0,1.0,0.0,3.0,0.0,2.0,0.0,4.0,2.0,0.0
716674,False,9,4.0,3,693821.0,656605.0,0.0,0.0,4.0,3.0,1.0,2.0,0.0,0.0,0.0
716526,False,9,5.0,3,608379.0,621389.0,0.0,3.0,5.0,2.0,4.0,2.0,0.0,2.0,2.0
716393,False,9,6.0,4,500779.0,674681.0,0.0,3.0,5.0,6.0,1.0,0.0,0.0,0.0,0.0
716751,False,9,6.0,6,656849.0,622491.0,0.0,1.0,2.0,3.0,1.0,6.0,0.0,1.0,1.0
716532,False,9,3.0,6,657140.0,554430.0,1.0,2.0,1.0,1.0,0.0,3.0,0.0,0.0,0.0
716652,False,9,3.0,tie,678394.0,680570.0,0.0,3.0,2.0,2.0,0.0,3.0,0.0,0.0,0.0
716475,False,9,4.0,7,641154.0,660761.0,0.0,1.0,0.0,2.0,3.0,1.0,4.0,2.0,1.0
716639,False,9,2.0,9,641154.0,656731.0,0.0,0.0,0.0,0.0,0.0,0.0,0.0,0.0,2.0
716533,False,9,3.0,8,656756.0,676710.0,1.0,0.0,0.0,0.0,1.0,1.0,0.0,3.0,0.0
716400,False,9,1.0,tie,543243.0,665622.0,0.0,1.0,0.0,0.0,0.0,1.0,0.0,1.0,0.0
716440,False,9,3.0,6,663776.0,592351.0,0.0,1.0,0.0,0.0,0.0,3.0,1.0,1.0,0.0
716649,False,9,5.0,tie,664299.0,607625.0,0.0,0.0,1.0,5.0,5.0,1.0,0.0,0.0,0.0
716447,False,9,3.0,tie,665795.0,642547.0,0.0,1.0,3.0,0.0,3.0,0.0,0.0,0.0,0.0
716428,False,9,4.0,3,656557.0,621107.0,3.0,0.0,4.0,0.0,3.0,2.0,1.0,3.0,0.0
716606,False,9,4.0,4,693433.0,663776.0,3.0,0.0,0.0,4.0,1.0,0.0,0.0,0.0,0.0
716583,False,9,5.0,6,656427.0,621107.0,0.0,0.0,0.0,2.0,1.0,5.0,0.0,0.0,0.0
716665,False,9,3.0,1,656756.0,621112.0,3.0,1.0,0.0,1.0,1.0,2.0,1.0,0.0,0.0
716664,False,9,6.0,tie,519242.0,656427.0,2.0,1.0,4.0,6.0,0.0,2.0,6.0,0.0,4.0
716685,False,9,2.0,tie,665871.0,669194.0,1.0,0.0,2.0,0.0,1.0,0.0,0.0,2.0,2.0
716749,False,9,4.0,1,605182.0,681857.0,4.0,2.0,0.0,2.0,0.0,1.0,0.0,1.0,0.0
716625,False,9,3.0,7,607536.0,696136.0,1.0,0.0,1.0,0.0,1.0,1.0,3.0,0.0,2.0
716489,False,9,5.0,8,683769.0,680570.0,0.0,0.0,0.0,0.0,2.0,0.0,0.0,5.0,0.0
716463,False,9,4.0,tie,641793.0,547943.0,4.0,0.0,0.0,1.0,0.0,4.0,0.0,2.0,2.0
716590,False,9,4.0,1,547179.0,657140.0,4.0,0.0,3.0,2.0,1.0,1.0,1.0,0.0,0.0
716524,False,9,5.0,8,671737.0,663776.0,2.0,0.0,0.0,1.0,0.0,0.0,0.0,5.0,0.0
716491,False,9,4.0,6,571945.0,489119.0,0.0,0.0,1.0,0.0,1.0,4.0,0.0,0.0,0.0
716718,False,9,2.0,tie,682847.0,669203.0,0.0,2.0,0.0,2.0,2.0,0.0,0.0,0.0,0.0
716512,False,9,6.0,7,621112.0,622491.0,0.0,1.0,0.0,1.0,0.0,0.0,6.0,0.0,1.0
716741,True,10,,,,,,,,,,,,,
716569,False,9,3.0,tie,656794.0,607625.0,2.0,3.0,1.0,0.0,1.0,1.0,0.0,0.0,3.0
716598,False,9,4.0,7,605182.0,674444.0,0.0,2.0,0.0,0.0,0.0,0.0,4.0,0.0,2.0
716422,False,9,5.0,5,672282.0,674003.0,4.0,0.0,0.0,1.0,5.0,0.0,0.0,0.0,2.0
716613,False,9,2.0,7,657746.0,641793.0,0.0,0.0,1.0,1.0,1.0,0.0,2.0,0.0,0.0
716653,False,9,7.0,5,605400.0,456501.0,0.0,5.0,0.0,0.0,7.0,0.0,0.0,0.0,0.0
716743,False,9,3.0,6,605483.0,690986.0,1.0,2.0,0.0,0.0,0.0,3.0,0.0,0.0,1.0
716379,False,9,5.0,4,693433.0,543135.0,0.0,0.0,3.0,5.0,0.0,0.0,0.0,0.0,0.0
716578,False,9,4.0,5,489119.0,663623.0,3.0,0.0,0.0,0.0,4.0,0.0,0.0,1.0,0.0
716567,False,9,4.0,9,694297.0,657006.0,3.0,0.0,0.0,0.0,0.0,3.0,0.0,0.0,4.0
716549,False,9,9.0,4,668909.0,674003.0,0.0,1.0,0.0,9.0,0.0,0.0,0.0,0.0,1.0
716589,False,9,3.0,4,686752.0,605483.0,1.0,0.0,0.0,3.0,0.0,0.0,2.0,0.0,1.0
716386,False,9,3.0,4,681217.0,686610.0,0.0,0.0,1.0,3.0,2.0,0.0,0.0,0.0,0.0
716391,False,9,2.0,6,656302.0,607259.0,0.0,0.0,0.0,0.0,1.0,2.0,0.0,1.0,1.0
716456,False,9,2.0,tie,477132.0,605154.0,0.0,1.0,2.0,0.0,2.0,0.0,0.0,2.0,0.0
716717,False,9,5.0,8,676440.0,543243.0,2.0,0.0,2.0,0.0,1.0,1.0,0.0,5.0,0.0
716390,False,9,2.0,5,607644.0,601713.0,0.0,0.0,0.0,0.0,2.0,0.0,0.0,0.0,1.0
716729,False,9,3.0,tie,675540.0,671737.0,0.0,0.0,3.0,0.0,1.0,0.0,0.0,1.0,3.0
716574,False,9,5.0,6,656849.0,668881.0,0.0,0.0,0.0,0.0,1.0,5.0,2.0,0.0,0.0
716529,False,9,4.0,8,663903.0,615698.0,0.0,2.0,1.0,1.0,0.0,2.0,0.0,4.0,0.0
716382,False,9,3.0,tie,676775.0,458681.0,3.0,0.0,2.0,0.0,0.0,3.0,0.0,0.0,0.0
716397,False,9,2.0,tie,669302.0,656756.0,0.0,0.0,1.0,2.0,0.0,0.0,0.0,0.0,2.0
716564,False,9,2.0,tie,695243.0,663362.0,2.0,0.0,1.0,1.0,2.0,1.0,0.0,0.0,0.0
716488,False,9,3.0,tie,665622.0,669373.0,2.0,0.0,0.0,0.0,3.0,0.0,0.0,2.0,3.0
716387,False,9,3.0,tie,621389.0,657746.0,1.0,3.0,2.0,3.0,1.0,0.0,2.0,0.0,1.0
716646,True,13,,,,,,,,,,,,,
716376,False,9,3.0,1,656731.0,592836.0,3.0,1.0,0.0,0.0,0.0,0.0,0.0,1.0,2.0
716552,True,11,,,,,,,,,,,,,
716756,False,9,3.0,1,605200.0,608344.0,3.0,0.0,0.0,0.0,0.0,2.0,0.0,1.0,0.0
716353,False,9,4.0,3,571945.0,668881.0,1.0,1.0,4.0,0.0,0.0,0.0,1.0,0.0,0.0
716363,False,9,6.0,6,690986.0,676272.0,0.0,0.0,0.0,0.0,0.0,6.0,0.0,1.0,0.0
716359,True,11,,,,,,,,,,,,,
716361,False,9,3.0,5,593958.0,608337.0,1.0,1.0,1.0,1.0,3.0,0.0,0.0,0.0,0.0
716355,False,9,6.0,9,676130.0,621381.0,0.0,0.0,2.0,0.0,0.0,1.0,0.0,1.0,6.0
716357,False,9,10.0,2,641149.0,682052.0,1.0,10.0,0.0,1.0,1.0,4.0,2.0,1.0,0.0
746003,False,9,4.0,tie,607067.0,676106.0,4.0,4.0,0.0,4.0,0.0,0.0,0.0,2.0,2.0
746894,False,9,5.0,4,543294.0,665795.0,0.0,2.0,0.0,5.0,1.0,0.0,1.0,0.0,0.0
747132,True,10,,,,,,,,,,,,,
745113,False,9,4.0,1,542888.0,605483.0,4.0,0.0,1.0,3.0,0.0,2.0,2.0,0.0,1.0
746245,False,9,5.0,tie,667755.0,663978.0,1.0,5.0,5.0,3.0,0.0,1.0,4.0,0.0,2.0
745271,False,9,2.0,tie,622491.0,665871.0,1.0,0.0,0.0,2.0,0.0,2.0,0.0,0.0,0.0
746803,True,10,,,,,,,,,,,,,
746158,False,9,3.0,5,607192.0,680730.0,2.0,1.0,2.0,0.0,3.0,1.0,0.0,1.0,0.0
746248,False,9,2.0,6,672282.0,676477.0,0.0,0.0,1.0,0.0,0.0,2.0,0.0,0.0,0.0
744874,False,9,3.0,2,571578.0,605400.0,0.0,3.0,0.0,0.0,0.0,0.0,1.0,0.0,0.0
745432,False,9,7.0,6,506433.0,665871.0,0.0,4.0,0.0,4.0,0.0,7.0,0.0,2.0,0.0
745917,False,9,4.0,8,641154.0,607200.0,1.0,0.0,0.0,3.0,0.0,0.0,1.0,4.0,2.0
745346,False,9,3.0,tie,676254.0,640455.0,0.0,0.0,2.0,1.0,3.0,0.0,1.0,0.0,3.0
746564,False,9,7.0,8,641712.0,681190.0,1.0,1.0,6.0,2.0,0.0,0.0,2.0,7.0,0.0
745766,False,9,3.0,tie,657376.0,592332.0,3.0,3.0,1.0,1.0,2.0,1.0,3.0,0.0,3.0
747045,False,9,6.0,3,544150.0,621112.0,0.0,3.0,6.0,1.0,0.0,0.0,1.0,0.0,2.0
746498,False,9,2.0,1,628317.0,621112.0,2.0,0.0,0.0,0.0,0.0,1.0,0.0,1.0,0.0
746809,False,9,1.0,tie,607200.0,608379.0,0.0,0.0,0.0,1.0,0.0,1.0,1.0,0.0,0.0
744866,False,9,3.0,1,680730.0,686613.0,3.0,0.0,0.0,0.0,2.0,1.0,0.0,0.0,0.0
746073,True,10,,,,,,,,,,,,,
746574,False,9,2.0,2,641712.0,686752.0,0.0,2.0,1.0,0.0,0.0,0.0,0.0,1.0,1.0
746572,False,9,6.0,2,663567.0,676106.0,2.0,6.0,0.0,0.0,0.0,3.0,0.0,1.0,0.0
744945,False,9,4.0,1,684320.0,680742.0,4.0,0.0,2.0,1.0,1.0,2.0,0.0,1.0,0.0
746724,False,9,4.0,3,607259.0,554430.0,0.0,0.0,4.0,0.0,0.0,1.0,0.0,0.0,0.0
746889,False,9,4.0,1,592791.0,681293.0,4.0,0.0,2.0,0.0,0.0,0.0,0.0,0.0,1.0
747056,False,9,3.0,7,669203.0,607067.0,2.0,1.0,2.0,1.0,0.0,0.0,3.0,1.0,0.0
745916,False,9,3.0,3,663978.0,686563.0,2.0,0.0,3.0,1.0,0.0,0.0,1.0,0.0,0.0
745759,False,9,4.0,5,661563.0,650644.0,1.0,0.0,1.0,0.0,4.0,0.0,0.0,3.0,0.0
745193,False,9,6.0,5,571927.0,674072.0,1.0,0.0,4.0,0.0,6.0,4.0,0.0,0.0,0.0
747217,False,9,6.0,5,694297.0,571927.0,3.0,1.0,2.0,0.0,6.0,0.0,1.0,2.0,0.0
745758,False,9,5.0,7,657376.0,641302.0,0.0,0.0,0.0,0.0,0.0,1.0,5.0,2.0,0.0
746725,False,9,5.0,6,666157.0,605513.0,1.0,0.0,2.0,0.0,0.0,5.0,2.0,1.0,0.0
745266,False,9,2.0,7,669923.0,677944.0,0.0,0.0,0.0,0.0,1.0,0.0,2.0,1.0,0.0
746887,False,9,3.0,6,665871.0,434378.0,1.0,0.0,0.0,0.0,0.0,3.0,0.0,0.0,0.0
744867,False,9,2.0,8,669022.0,808967.0,0.0,1.0,0.0,0.0,0.0,0.0,0.0,2.0,0.0
745427,False,9,2.0,tie,663362.0,666157.0,2.0,2.0,1.0,0.0,0.0,0.0,0.0,0.0,2.0
745844,True,11,,,,,,,,,,,,,
746243,False,9,2.0,tie,663776.0,641927.0,0.0,1.0,1.0,0.0,1.0,2.0,0.0,1.0,2.0
746806,False,9,4.0,5,647336.0,680573.0,0.0,0.0,1.0,1.0,4.0,1.0,0.0,3.0,1.0
746246,False,9,3.0,5,656288.0,680570.0,1.0,2.0,2.0,2.0,3.0,0.0,1.0,0.0,0.0
744953,False,9,5.0,1,684320.0,641712.0,5.0,0.0,1.0,0.0,0.0,2.0,0.0,0.0,0.0
745673,False,9,2.0,tie,622072.0,656605.0,1.0,2.0,0.0,1.0,1.0,0.0,2.0,0.0,0.0
745514,False,9,2.0,tie,527048.0,670174.0,1.0,0.0,2.0,0.0,2.0,1.0,0.0,1.0,0.0
744946,False,9,2.0,2,579328.0,607192.0,1.0,2.0,0.0,1.0,0.0,0.0,1.0,0.0,1.0
746161,False,9,4.0,6,694813.0,663362.0,0.0,0.0,0.0,1.0,0.0,4.0,2.0,0.0,0.0
746329,False,9,3.0,7,608379.0,623167.0,0.0,0.0,0.0,0.0,0.0,0.0,3.0,0.0,0.0
745676,False,9,1.0,tie,671212.0,669022.0,0.0,0.0,1.0,0.0,0.0,1.0,1.0,0.0,1.0
745108,True,13,,,,,,,,,,,,,
745513,False,9,5.0,3,676596.0,669060.0,0.0,0.0,5.0,0.0,0.0,0.0,0.0,0.0,0.0
746560,False,9,6.0,9,615698.0,669854.0,2.0,1.0,3.0,0.0,0.0,2.0,0.0,2.0,6.0
745754,False,9,5.0,1,573186.0,621112.0,5.0,1.0,0.0,1.0,0.0,0.0,0.0,0.0,0.0
746565,False,9,2.0,8,596295.0,656302.0,0.0,0.0,1.0,1.0,0.0,0.0,0.0,2.0,0.0
745523,False,9,2.0,tie,594835.0,665152.0,0.0,0.0,0.0,2.0,1.0,0.0,0.0,0.0,2.0
745843,False,9,2.0,9,676130.0,666159.0,0.0,1.0,0.0,0.0,0.0,0.0,0.0,0.0,2.0
745109,False,9,3.0,tie,686752.0,641540.0,3.0,0.0,0.0,0.0,0.0,3.0,3.0,1.0,2.0
744869,False,9,6.0,2,592866.0,656605.0,0.0,6.0,0.0,0.0,0.0,2.0,0.0,0.0,0.0
746400,False,9,6.0,9,686613.0,625643.0,0.0,1.0,0.0,0.0,0.0,0.0,1.0,0.0,6.0
747134,False,9,3.0,4,693821.0,677960.0,0.0,0.0,0.0,3.0,0.0,0.0,0.0,0.0,0.0
746899,False,9,3.0,6,684007.0,641712.0,0.0,0.0,0.0,0.0,0.0,3.0,2.0,0.0,0.0
746159,False,9,2.0,1,689017.0,663623.0,2.0,0.0,0.0,0.0,0.0,0.0,0.0,0.0,0.0
745029,False,9,1.0,2,592351.0,676664.0,0.0,1.0,0.0,0.0,0.0,0.0,0.0,0.0,0.0
745351,False,9,2.0,tie,676775.0,500779.0,0.0,2.0,2.0,0.0,1.0,1.0,0.0,0.0,1.0
745837,False,9,3.0,7,500779.0,683003.0,0.0,0.0,0.0,0.0,1.0,0.0,3.0,0.0,0.0
745263,False,9,2.0,9,682243.0,608331.0,0.0,0.0,0.0,0.0,0.0,0.0,1.0,0.0,2.0
745034,False,9,7.0,1,571760.0,668874.0,7.0,2.0,0.0,3.0,3.0,0.0,0.0,0.0,0.0
746487,False,9,4.0,6,669373.0,641540.0,1.0,1.0,0.0,0.0,0.0,4.0,1.0,1.0,1.0
746723,False,9,3.0,9,668881.0,624133.0,0.0,1.0,1.0,1.0,1.0,0.0,0.0,0.0,3.0
746971,False,9,6.0,tie,670174.0,676962.0,2.0,0.0,0.0,1.0,6.0,0.0,2.0,6.0,0.0
746157,False,9,2.0,tie,669165.0,571578.0,1.0,2.0,2.0,0.0,1.0,0.0,1.0,1.0,0.0
745434,False,9,2.0,tie,605397.0,605135.0,1.0,1.0,2.0,0.0,0.0,2.0,1.0,2.0,0.0
745433,False,9,5.0,5,605397.0,676962.0,0.0,0.0,0.0,0.0,5.0,1.0,0.0,0.0,0.0
745362,False,9,2.0,tie,657277.0,663362.0,1.0,0.0,0.0,0.0,0.0,2.0,0.0,2.0,0.0
746169,False,9,3.0,4,518489.0,657277.0,1.0,1.0,2.0,3.0,0.0,2.0,0.0,0.0,0.0
746164,False,9,4.0,4,572020.0,506433.0,0.0,0.0,0.0,4.0,0.0,2.0,3.0,0.0,0.0
745440,False,9,2.0,4,605397.0,668868.0,1.0,1.0,0.0,2.0,0.0,0.0,0.0,1.0,0.0
745020,False,9,4.0,tie,547179.0,668881.0,0.0,2.0,0.0,1.0,0.0,0.0,4.0,1.0,4.0
746316,False,9,2.0,tie,607625.0,608344.0,0.0,0.0,2.0,0.0,0.0,2.0,0.0,0.0,1.0
746566,False,9,5.0,4,663372.0,650633.0,2.0,1.0,2.0,5.0,1.0,0.0,0.0,0.0,0.0
747142,False,9,4.0,tie,450203.0,527054.0,0.0,0.0,4.0,1.0,3.0,1.0,1.0,4.0,1.0
745765,False,9,6.0,3,661563.0,670102.0,0.0,0.0,6.0,0.0,1.0,2.0,0.0,2.0,0.0
746646,False,9,5.0,2,663474.0,502624.0,0.0,5.0,2.0,0.0,0.0,2.0,1.0,0.0,0.0
745757,False,9,2.0,9,607074.0,676664.0,0.0,0.0,0.0,0.0,0.0,0.0,0.0,0.0,2.0
746488,False,9,1.0,5,681857.0,547179.0,0.0,0.0,0.0,0.0,1.0,0.0,0.0,0.0,0.0
745197,False,9,2.0,4,571927.0,669432.0,0.0,0.0,0.0,2.0,1.0,0.0,0.0,1.0,0.0
745512,False,9,4.0,1,656605.0,642547.0,4.0,0.0,2.0,0.0,3.0,0.0,0.0,2.0,1.0
745598,False,9,5.0,7,605513.0,668933.0,1.0,0.0,1.0,1.0,0.0,1.0,5.0,2.0,2.0
745675,False,9,5.0,3,671212.0,656557.0,1.0,2.0,5.0,0.0,0.0,1.0,0.0,0.0,0.0
746156,False,9,5.0,6,694813.0,676130.0,2.0,0.0,0.0,1.0,1.0,5.0,0.0,1.0,0.0
746647,False,9,3.0,7,594902.0,656557.0,0.0,0.0,0.0,0.0,0.0,0.0,3.0,2.0,0.0
746323,False,9,7.0,3,607625.0,681293.0,0.0,0.0,7.0,3.0,0.0,1.0,0.0,2.0,0.0
747138,False,9,3.0,tie,625643.0,605288.0,1.0,0.0,3.0,1.0,0.0,1.0,0.0,3.0,2.0
747057,False,9,3.0,2,608344.0,679525.0,0.0,3.0,1.0,1.0,0.0,0.0,0.0,0.0,0.0
746735,False,9,6.0,4,668933.0,676879.0,0.0,2.0,0.0,6.0,4.0,3.0,3.0,0.0,0.0
746162,True,11,,,,,,,,,,,,,
746408,False,9,6.0,3,641585.0,641540.0,2.0,0.0,6.0,3.0,0.0,4.0,5.0,0.0,0.0
745188,False,9,2.0,tie,502043.0,656756.0,1.0,0.0,0.0,0.0,0.0,2.0,1.0,2.0,0.0
746979,False,9,4.0,1,681867.0,656288.0,4.0,2.0,2.0,1.0,0.0,0.0,0.0,0.0,0.0
746812,False,9,6.0,3,623167.0,671096.0,1.0,0.0,6.0,0.0,0.0,1.0,0.0,2.0,2.0
745603,False,9,2.0,tie,554430.0,593423.0,0.0,0.0,2.0,0.0,0.0,2.0,0.0,0.0,1.0
745425,False,9,3.0,5,656302.0,624133.0,2.0,0.0,0.0,0.0,3.0,0.0,0.0,1.0,0.0
746154,False,9,8.0,5,607192.0,605288.0,0.0,0.0,2.0,0.0,8.0,0.0,0.0,0.0,0.0
746082,False,9,3.0,5,676974.0,519242.0,1.0,1.0,0.0,0.0,3.0,1.0,0.0,0.0,0.0
746497,False,9,3.0,tie,669373.0,676664.0,0.0,0.0,0.0,3.0,0.0,3.0,2.0,1.0,0.0
746244,False,9,7.0,6,542881.0,665152.0,0.0,0.0,1.0,0.0,1.0,7.0,0.0,1.0,1.0
745189,True,10,,,,,,,,,,,,,
745354,False,9,3.0,1,690986.0,668678.0,3.0,0.0,1.0,2.0,2.0,0.0,0.0,2.0,0.0
745348,False,9,3.0,5,657277.0,622663.0,0.0,0.0,0.0,0.0,3.0,0.0,2.0,0.0,1.0
745429,False,9,4.0,4,,,0.0,2.0,0.0,4.0,0.0,3.0,2.0,1.0,0.0
746653,False,9,7.0,1,671106.0,647336.0,7.0,0.0,1.0,2.0,0.0,0.0,0.0,2.0,0.0
745835,False,9,3.0,2,676130.0,571945.0,0.0,3.0,1.0,0.0,1.0,1.0,0.0,0.0,0.0
745925,False,9,2.0,tie,641927.0,572020.0,1.0,0.0,2.0,0.0,0.0,1.0,2.0,0.0,0.0
746239,False,9,4.0,6,542881.0,605513.0,0.0,3.0,1.0,0.0,0.0,4.0,0.0,1.0,3.0
746327,False,9,8.0,7,607625.0,647336.0,0.0,1.0,0.0,1.0,0.0,1.0,8.0,0.0,0.0
745025,False,9,1.0,tie,543135.0,668933.0,1.0,1.0,0.0,0.0,0.0,0.0,0.0,1.0,0.0
745270,False,9,2.0,5,669302.0,668881.0,0.0,0.0,0.0,1.0,2.0,1.0,0.0,0.0,0.0
745106,False,9,7.0,8,621107.0,663776.0,0.0,0.0,0.0,0.0,1.0,0.0,0.0,7.0,2.0
745363,False,9,3.0,tie,605483.0,592866.0,1.0,3.0,0.0,0.0,3.0,0.0,0.0,0.0,2.0
745678,False,9,1.0,4,548389.0,601713.0,0.0,0.0,0.0,1.0,0.0,0.0,0.0,0.0,0.0
744947,False,9,3.0,2,592332.0,675627.0,0.0,3.0,0.0,0.0,0.0,1.0,0.0,0.0,0.0
746981,False,9,2.0,tie,678394.0,669203.0,1.0,1.0,0.0,2.0,0.0,0.0,1.0,1.0,2.0
745681,False,9,8.0,6,622072.0,592866.0,0.0,0.0,2.0,1.0,2.0,8.0,0.0,0.0,0.0
745760,True,10,,,,,,,,,,,,,
747141,False,9,3.0,4,519242.0,669194.0,0.0,2.0,0.0,3.0,0.0,0.0,0.0,2.0,0.0
745753,False,9,4.0,6,657376.0,671212.0,2.0,0.0,0.0,2.0,1.0,4.0,1.0,0.0,0.0
746491,False,9,3.0,5,669373.0,641154.0,1.0,0.0,0.0,1.0,3.0,2.0,0.0,1.0,2.0
746807,False,9,3.0,2,686563.0,663903.0,0.0,3.0,0.0,0.0,0.0,0.0,0.0,2.0,1.0
746895,False,9,3.0,1,684007.0,694813.0,3.0,1.0,1.0,2.0,0.0,1.0,0.0,1.0,0.0
745195,False,9,2.0,5,543243.0,554430.0,0.0,0.0,0.0,1.0,2.0,0.0,0.0,0.0,0.0
747210,True,10,,,,,,,,,,,,,
746722,False,9,4.0,3,671096.0,650911.0,2.0,0.0,4.0,0.0,2.0,0.0,0.0,1.0,0.0
746000,True,11,,,,,,,,,,,,,
747131,True,11,,,,,,,,,,,,,
745430,False,9,4.0,2,663362.0,684320.0,1.0,4.0,1.0,0.0,0.0,0.0,0.0,0.0,0.0
745424,False,9,5.0,3,605397.0,605400.0,2.0,0.0,5.0,1.0,0.0,0.0,4.0,0.0,0.0
745192,False,9,2.0,7,543243.0,607067.0,0.0,0.0,0.0,0.0,0.0,0.0,2.0,0.0,0.0
746328,False,9,1.0,tie,663903.0,607200.0,1.0,1.0,0.0,0.0,0.0,0.0,0.0,1.0,0.0
746330,False,9,3.0,tie,679525.0,676979.0,0.0,0.0,0.0,2.0,3.0,0.0,3.0,0.0,0.0
746001,False,9,8.0,6,668964.0,573186.0,1.0,0.0,0.0,0.0,7.0,8.0,2.0,2.0,0.0
745595,False,9,5.0,6,554430.0,656605.0,0.0,0.0,1.0,1.0,1.0,5.0,0.0,1.0,2.0
745274,False,9,3.0,4,682243.0,696136.0,0.0,1.0,0.0,3.0,0.0,0.0,1.0,0.0,1.0
746575,False,9,5.0,8,663372.0,641302.0,1.0,1.0,1.0,2.0,0.0,2.0,2.0,5.0,0.0
746570,False,9,4.0,5,641712.0,622491.0,0.0,1.0,1.0,1.0,4.0,0.0,0.0,0.0,0.0
744864,False,9,4.0,2,663623.0,689017.0,1.0,4.0,1.0,0.0,2.0,0.0,0.0,2.0,3.0
746077,False,9,6.0,1,677960.0,571578.0,6.0,1.0,0.0,5.0,4.0,1.0,2.0,2.0,0.0
746007,False,9,4.0,6,642547.0,669302.0,0.0,2.0,0.0,1.0,0.0,4.0,0.0,1.0,3.0
745600,True,10,,,,,,,,,,,,,
746888,False,9,5.0,1,696136.0,641585.0,5.0,0.0,0.0,1.0,1.0,1.0,0.0,1.0,0.0
744952,False,9,2.0,3,621244.0,607536.0,1.0,0.0,2.0,0.0,1.0,0.0,0.0,1.0,0.0
746900,False,9,6.0,8,681432.0,615698.0,0.0,4.0,0.0,0.0,1.0,5.0,1.0,6.0,0.0
745439,False,9,2.0,tie,506433.0,571945.0,0.0,1.0,1.0,1.0,0.0,2.0,0.0,2.0,0.0
746321,False,9,4.0,5,608379.0,592332.0,0.0,0.0,1.0,0.0,4.0,0.0,0.0,0.0,0.0
746727,False,9,3.0,6,593423.0,667755.0,0.0,0.0,0.0,0.0,0.0,3.0,0.0,0.0,0.0
745594,False,9,3.0,1,605513.0,594835.0,3.0,0.0,0.0,0.0,2.0,0.0,1.0,0.0,1.0
745763,False,9,4.0,3,573186.0,677960.0,0.0,0.0,4.0,0.0,0.0,1.0,0.0,1.0,1.0
745593,False,9,2.0,tie,624133.0,596295.0,2.0,0.0,0.0,0.0,0.0,1.0,0.0,2.0,0.0
745840,False,9,6.0,6,605288.0,527048.0,0.0,0.0,0.0,0.0,0.0,6.0,0.0,3.0,0.0
746972,False,9,3.0,7,676710.0,684007.0,0.0,2.0,0.0,2.0,1.0,0.0,3.0,0.0,0.0
745033,False,9,5.0,2,674003.0,686613.0,0.0,5.0,0.0,1.0,1.0,3.0,0.0,2.0,0.0
747140,False,9,6.0,1,608331.0,694297.0,6.0,0.0,0.0,2.0,5.0,0.0,2.0,2.0,0.0
745268,False,9,4.0,7,669923.0,593423.0,3.0,1.0,2.0,1.0,0.0,1.0,4.0,0.0,0.0
744871,False,9,2.0,tie,669022.0,650911.0,0.0,2.0,1.0,0.0,2.0,0.0,0.0,0.0,0.0
746814,False,9,2.0,7,676979.0,625643.0,0.0,0.0,0.0,0.0,0.0,1.0,2.0,1.0,1.0
745353,False,9,3.0,9,663855.0,677944.0,0.0,1.0,0.0,0.0,2.0,2.0,0.0,0.0,3.0
747215,False,9,3.0,6,669194.0,502043.0,1.0,0.0,0.0,0.0,1.0,3.0,0.0,1.0,0.0
746247,False,9,3.0,1,667755.0,641793.0,3.0,1.0,0.0,1.0,0.0,1.0,0.0,0.0,0.0
744942,False,9,2.0,tie,621244.0,666142.0,0.0,2.0,0.0,0.0,0.0,1.0,0.0,2.0,0.0
746152,True,11,,,,,,,,,,,,,
747205,False,9,2.0,tie,677944.0,668881.0,0.0,0.0,2.0,2.0,2.0,2.0,0.0,0.0,0.0
747202,False,9,6.0,7,668678.0,656427.0,0.0,0.0,0.0,0.0,0.0,2.0,6.0,3.0,0.0
746715,False,9,4.0,7,668881.0,677944.0,1.0,0.0,0.0,0.0,1.0,2.0,4.0,1.0,0.0
745253,False,9,4.0,7,693433.0,667755.0,3.0,0.0,0.0,0.0,1.0,0.0,4.0,1.0,0.0
745828,False,9,2.0,tie,681035.0,608331.0,0.0,0.0,2.0,1.0,0.0,0.0,0.0,0.0,2.0
746309,False,9,4.0,2,679525.0,663554.0,2.0,4.0,2.0,3.0,0.0,1.0,1.0,0.0,0.0
745995,False,9,3.0,1,668964.0,543243.0,3.0,1.0,1.0,1.0,1.0,0.0,1.0,0.0,0.0
746310,False,9,5.0,6,666142.0,687765.0,1.0,0.0,0.0,0.0,0.0,5.0,0.0,0.0,2.0
745750,False,9,4.0,3,657376.0,663554.0,2.0,0.0,4.0,2.0,0.0,0.0,0.0,0.0,0.0
746876,False,9,6.0,7,657006.0,608331.0,0.0,0.0,2.0,0.0,0.0,1.0,6.0,2.0,0.0
746553,False,9,2.0,tie,596295.0,592351.0,0.0,0.0,0.0,0.0,1.0,1.0,2.0,2.0,0.0
746800,False,9,4.0,9,623167.0,641927.0,2.0,0.0,2.0,0.0,2.0,2.0,3.0,0.0,4.0
746313,False,9,3.0,7,666142.0,669060.0,0.0,0.0,0.0,2.0,0.0,0.0,3.0,0.0,0.0
745179,False,9,3.0,tie,669461.0,601713.0,1.0,1.0,0.0,3.0,3.0,2.0,2.0,0.0,2.0
745176,False,9,4.0,8,571945.0,592791.0,0.0,0.0,2.0,3.0,0.0,1.0,1.0,4.0,2.0
745576,False,9,4.0,6,592836.0,641540.0,1.0,3.0,1.0,3.0,1.0,4.0,1.0,1.0,0.0
746238,False,9,3.0,2,663776.0,554430.0,0.0,3.0,0.0,0.0,0.0,0.0,0.0,0.0,0.0
745993,False,9,5.0,tie,688107.0,458681.0,0.0,0.0,0.0,2.0,5.0,0.0,5.0,0.0,1.0
746549,False,9,6.0,4,683627.0,675540.0,1.0,3.0,1.0,6.0,0.0,1.0,1.0,0.0,1.0
745744,False,9,3.0,1,661563.0,641745.0,3.0,2.0,1.0,0.0,1.0,0.0,0.0,0.0,0.0
746402,True,0,,,,,,,,,,,,,
745337,True,10,,,,,,,,,,,,,
745510,False,9,3.0,6,527048.0,615698.0,0.0,0.0,0.0,0.0,0.0,3.0,0.0,0.0,2.0
746879,False,9,2.0,5,669713.0,656302.0,1.0,0.0,0.0,0.0,2.0,0.0,0.0,0.0,0.0
746388,False,9,3.0,tie,686613.0,642547.0,0.0,3.0,0.0,3.0,3.0,0.0,0.0,0.0,0.0
746395,False,9,3.0,6,686613.0,682243.0,0.0,2.0,0.0,0.0,0.0,3.0,2.0,1.0,1.0
745986,False,9,5.0,8,688107.0,657006.0,0.0,0.0,0.0,0.0,0.0,0.0,0.0,5.0,1.0
746072,False,9,2.0,tie,682610.0,641712.0,0.0,0.0,0.0,0.0,2.0,1.0,0.0,2.0,0.0
746386,False,9,3.0,5,686613.0,542881.0,0.0,0.0,0.0,0.0,3.0,0.0,0.0,0.0,0.0
745093,False,9,3.0,4,671737.0,656557.0,0.0,0.0,0.0,3.0,2.0,0.0,0.0,0.0,0.0
745505,False,9,10.0,5,694973.0,657006.0,0.0,0.0,4.0,3.0,10.0,1.0,0.0,0.0,1.0
746789,False,9,2.0,tie,676979.0,680694.0,0.0,0.0,0.0,0.0,0.0,2.0,0.0,2.0,1.0
746874,False,9,2.0,8,676962.0,700363.0,0.0,0.0,0.0,0.0,1.0,0.0,0.0,2.0,0.0
745503,True,10,,,,,,,,,,,,,
746472,False,9,2.0,1,663554.0,669432.0,2.0,0.0,0.0,0.0,0.0,0.0,0.0,0.0,0.0
745418,False,9,4.0,tie,656302.0,615698.0,0.0,0.0,0.0,1.0,0.0,4.0,4.0,0.0,0.0
745023,False,9,1.0,2,571760.0,592866.0,0.0,1.0,0.0,0.0,0.0,0.0,0.0,0.0,0.0
745824,False,9,3.0,9,640455.0,657277.0,0.0,2.0,1.0,0.0,0.0,1.0,0.0,0.0,3.0
745900,False,9,4.0,3,641927.0,607625.0,0.0,1.0,4.0,0.0,2.0,0.0,0.0,0.0,0.0
746558,True,11,,,,,,,,,,,,,
746147,False,9,5.0,1,808967.0,665795.0,5.0,0.0,4.0,0.0,0.0,1.0,0.0,0.0,0.0
746473,True,10,,,,,,,,,,,,,
746142,False,9,2.0,4,621111.0,668933.0,0.0,0.0,0.0,2.0,1.0,0.0,0.0,1.0,0.0
747127,False,9,4.0,1,519242.0,601713.0,4.0,0.0,1.0,0.0,0.0,0.0,0.0,0.0,0.0
745501,False,9,5.0,8,663559.0,678061.0,2.0,0.0,3.0,0.0,2.0,3.0,1.0,5.0,0.0
746961,False,9,6.0,1,676710.0,621107.0,6.0,0.0,0.0,1.0,0.0,0.0,0.0,1.0,0.0
746063,False,9,1.0,1,666200.0,642547.0,1.0,0.0,0.0,0.0,0.0,0.0,0.0,0.0,0.0
745088,False,9,4.0,7,671737.0,608379.0,0.0,0.0,0.0,0.0,0.0,1.0,4.0,0.0,0.0
747035,False,9,2.0,tie,669203.0,669923.0,2.0,2.0,2.0,0.0,0.0,0.0,2.0,1.0,0.0
745582,False,9,4.0,5,624133.0,664192.0,2.0,0.0,1.0,0.0,4.0,2.0,3.0,3.0,0.0
747123,False,9,3.0,1,450203.0,665871.0,3.0,0.0,1.0,0.0,1.0,0.0,1.0,2.0,0.0
746642,False,9,4.0,tie,671106.0,641927.0,2.0,0.0,2.0,1.0,2.0,0.0,4.0,0.0,4.0
745830,True,11,,,,,,,,,,,,,
746233,False,9,8.0,7,667755.0,669461.0,0.0,0.0,4.0,0.0,0.0,0.0,8.0,1.0,2.0
746716,False,9,2.0,2,671096.0,605397.0,0.0,2.0,0.0,0.0,0.0,0.0,0.0,0.0,0.0
745261,False,9,4.0,4,676106.0,519242.0,0.0,0.0,1.0,4.0,1.0,0.0,1.0,0.0,0.0
745257,False,9,3.0,7,669302.0,608379.0,0.0,0.0,0.0,1.0,0.0,0.0,3.0,1.0,1.0
745013,True,13,,,,,,,,,,,,,
747036,False,9,2.0,tie,680570.0,622491.0,0.0,1.0,1.0,0.0,0.0,0.0,2.0,2.0,1.0
746878,False,9,4.0,8,543294.0,694973.0,0.0,0.0,2.0,3.0,3.0,0.0,0.0,4.0,0.0
746150,False,9,5.0,9,607192.0,608718.0,2.0,0.0,1.0,0.0,1.0,0.0,0.0,0.0,5.0
746799,False,9,3.0,3,607200.0,680730.0,0.0,0.0,3.0,0.0,0.0,0.0,0.0,1.0,0.0
745101,False,9,6.0,2,650644.0,500779.0,0.0,6.0,5.0,1.0,4.0,1.0,0.0,0.0,1.0
746636,False,9,4.0,9,676440.0,663978.0,2.0,0.0,1.0,0.0,0.0,0.0,0.0,0.0,4.0
745746,False,9,4.0,9,573186.0,669302.0,2.0,0.0,0.0,0.0,1.0,0.0,0.0,2.0,4.0
745250,True,10,,,,,,,,,,,,,
745586,False,9,5.0,4,650911.0,621244.0,1.0,2.0,0.0,5.0,0.0,0.0,1.0,2.0,0.0
745820,False,9,7.0,1,622663.0,656756.0,7.0,1.0,1.0,3.0,0.0,3.0,0.0,0.0,4.0
744857,False,9,5.0,6,680730.0,641154.0,0.0,3.0,0.0,1.0,4.0,5.0,0.0,2.0,0.0
745419,False,9,2.0,1,506433.0,621111.0,2.0,0.0,0.0,1.0,1.0,0.0,0.0,0.0,0.0
745264,False,9,5.0,4,693433.0,621112.0,0.0,0.0,0.0,5.0,2.0,0.0,1.0,0.0,1.0
744853,False,9,3.0,4,669022.0,669923.0,1.0,0.0,0.0,3.0,0.0,2.0,0.0,1.0,0.0
746954,False,9,3.0,8,601713.0,656427.0,0.0,0.0,0.0,0.0,1.0,1.0,0.0,3.0,0.0
746645,False,9,4.0,4,676440.0,667755.0,0.0,0.0,1.0,4.0,1.0,0.0,0.0,0.0,0.0
746634,False,9,3.0,6,663474.0,500779.0,1.0,1.0,0.0,1.0,0.0,3.0,1.0,2.0,0.0
746635,False,9,5.0,7,676440.0,571578.0,0.0,0.0,2.0,0.0,0.0,0.0,5.0,1.0,0.0
745745,False,9,4.0,2,607074.0,623167.0,0.0,4.0,0.0,3.0,2.0,0.0,0.0,0.0,0.0
746229,False,9,3.0,1,656288.0,641482.0,3.0,0.0,0.0,1.0,1.0,0.0,0.0,2.0,0.0
745258,False,9,3.0,8,622491.0,686613.0,1.0,0.0,0.0,2.0,0.0,0.0,0.0,3.0,0.0
746232,False,9,5.0,7,542881.0,666142.0,1.0,3.0,2.0,0.0,0.0,1.0,5.0,0.0,0.0
746469,False,9,7.0,8,663554.0,579328.0,0.0,4.0,1.0,2.0,4.0,3.0,1.0,7.0,3.0
745092,False,9,5.0,7,641302.0,661563.0,1.0,0.0,1.0,2.0,2.0,0.0,5.0,4.0,1.0
744938,False,9,3.0,tie,592332.0,621107.0,0.0,0.0,0.0,1.0,3.0,3.0,0.0,2.0,0.0
746064,False,9,4.0,1,664350.0,640455.0,4.0,2.0,0.0,0.0,0.0,0.0,1.0,0.0,3.0
747031,False,9,6.0,2,669203.0,676710.0,0.0,6.0,0.0,0.0,0.0,0.0,1.0,0.0,0.0
745422,False,9,4.0,6,663362.0,572020.0,1.0,0.0,0.0,0.0,0.0,4.0,0.0,0.0,0.0
746643,False,9,2.0,tie,471911.0,656288.0,0.0,1.0,0.0,0.0,0.0,2.0,0.0,2.0,0.0
746226,False,9,7.0,3,667755.0,676440.0,0.0,0.0,7.0,0.0,0.0,0.0,0.0,0.0,0.0
746227,False,9,5.0,4,663776.0,671106.0,1.0,2.0,3.0,5.0,1.0,1.0,0.0,1.0,0.0
746390,False,9,7.0,5,664285.0,672282.0,1.0,4.0,0.0,2.0,7.0,1.0,0.0,0.0,1.0
746391,False,9,6.0,3,664299.0,683155.0,0.0,0.0,6.0,2.0,0.0,0.0,1.0,0.0,0.0
746644,False,9,4.0,6,594902.0,672282.0,0.0,2.0,0.0,1.0,1.0,4.0,0.0,0.0,0.0
746480,False,9,7.0,2,669373.0,664299.0,0.0,7.0,0.0,3.0,0.0,0.0,0.0,0.0,0.0
746706,False,9,2.0,tie,593423.0,669467.0,0.0,0.0,1.0,2.0,0.0,0.0,1.0,2.0,2.0
746151,False,9,2.0,6,694813.0,677960.0,1.0,0.0,0.0,1.0,0.0,2.0,0.0,0.0,0.0
745331,False,9,4.0,6,663855.0,573186.0,0.0,1.0,3.0,0.0,0.0,4.0,0.0,0.0,0.0
745014,False,9,7.0,2,683004.0,594902.0,0.0,7.0,1.0,0.0,1.0,0.0,0.0,1.0,1.0
745081,True,12,,,,,,,,,,,,,
746964,False,9,2.0,tie,656557.0,571578.0,0.0,2.0,1.0,1.0,0.0,0.0,0.0,0.0,2.0
746797,False,9,2.0,2,605182.0,663474.0,0.0,2.0,0.0,1.0,0.0,0.0,0.0,1.0,0.0
745903,False,9,2.0,tie,680573.0,666142.0,2.0,0.0,0.0,1.0,2.0,0.0,0.0,1.0,0.0
744941,False,9,4.0,7,666201.0,641927.0,0.0,0.0,0.0,0.0,0.0,0.0,4.0,2.0,0.0
746231,False,9,4.0,1,656288.0,458681.0,4.0,0.0,0.0,0.0,0.0,2.0,2.0,1.0,0.0
745335,False,9,4.0,tie,696131.0,663372.0,4.0,1.0,0.0,1.0,4.0,1.0,2.0,2.0,0.0
745249,False,9,2.0,4,669302.0,681293.0,0.0,0.0,0.0,2.0,1.0,1.0,0.0,0.0,0.0
745580,True,11,,,,,,,,,,,,,
744933,False,9,7.0,2,605135.0,680897.0,0.0,7.0,0.0,2.0,0.0,0.0,0.0,2.0,0.0
747034,False,9,5.0,4,608344.0,681867.0,0.0,1.0,1.0,5.0,0.0,0.0,4.0,3.0,0.0
746880,False,9,2.0,5,592791.0,656605.0,0.0,1.0,1.0,0.0,2.0,1.0,0.0,0.0,0.0
745581,True,10,,,,,,,,,,,,,
746960,False,9,4.0,6,656557.0,671737.0,1.0,0.0,0.0,2.0,0.0,4.0,0.0,0.0,0.0
746793,False,9,6.0,5,623167.0,669203.0,0.0,0.0,1.0,0.0,6.0,0.0,1.0,2.0,0.0
747209,False,9,8.0,7,694297.0,650633.0,1.0,0.0,0.0,2.0,0.0,0.0,8.0,0.0,3.0
745180,False,9,2.0,6,458681.0,680694.0,0.0,1.0,0.0,0.0,1.0,2.0,0.0,0.0,0.0
746470,False,9,2.0,1,681857.0,621244.0,2.0,0.0,0.0,0.0,0.0,0.0,1.0,0.0,0.0
745829,False,9,1.0,5,676130.0,684007.0,0.0,0.0,0.0,0.0,1.0,0.0,0.0,0.0,0.0
746796,False,9,5.0,5,623167.0,592866.0,0.0,1.0,0.0,0.0,5.0,0.0,0.0,3.0,0.0
746711,False,9,4.0,3,608718.0,808967.0,0.0,0.0,4.0,0.0,0.0,0.0,0.0,0.0,1.0
745992,False,9,6.0,3,688107.0,527048.0,0.0,0.0,6.0,1.0,1.0,3.0,1.0,0.0,0.0
746394,False,9,2.0,6,664285.0,669302.0,0.0,1.0,0.0,1.0,1.0,2.0,0.0,0.0,0.0
744935,False,9,3.0,tie,621244.0,607200.0,0.0,3.0,2.0,1.0,0.0,1.0,3.0,2.0,0.0
746719,False,9,6.0,9,666157.0,665152.0,3.0,0.0,0.0,0.0,1.0,0.0,2.0,0.0,6.0
746640,True,10,,,,,,,,,,,,,
744936,False,9,2.0,tie,579328.0,676979.0,0.0,1.0,0.0,0.0,2.0,0.0,0.0,2.0,0.0
745905,False,9,2.0,tie,641927.0,570632.0,2.0,2.0,0.0,1.0,0.0,0.0,0.0,0.0,0.0
746881,False,9,2.0,tie,657006.0,683003.0,2.0,1.0,0.0,2.0,2.0,1.0,0.0,1.0,0.0
745340,False,9,2.0,1,657277.0,671096.0,2.0,1.0,1.0,1.0,0.0,0.0,0.0,1.0,0.0
747037,False,9,6.0,1,607644.0,682243.0,6.0,0.0,0.0,0.0,1.0,0.0,4.0,0.0,0.0
746709,False,9,3.0,7,671096.0,502043.0,0.0,0.0,1.0,2.0,0.0,1.0,3.0,0.0,1.0
746471,False,9,5.0,8,666159.0,664350.0,0.0,3.0,0.0,0.0,3.0,0.0,0.0,5.0,0.0
747201,False,9,6.0,5,669194.0,669373.0,0.0,1.0,3.0,1.0,6.0,2.0,0.0,0.0,0.0
746562,False,9,7.0,2,663567.0,663855.0,0.0,7.0,1.0,0.0,2.0,1.0,1.0,0.0,2.0
745412,False,9,2.0,1,663362.0,666200.0,2.0,0.0,0.0,0.0,1.0,0.0,0.0,1.0,0.0
745818,True,10,,,,,,,,,,,,,
745816,False,9,1.0,tie,500779.0,694813.0,1.0,1.0,0.0,0.0,0.0,1.0,0.0,0.0,0.0
747120,False,9,4.0,4,693821.0,506433.0,3.0,0.0,0.0,4.0,1.0,0.0,1.0,0.0,1.0
747117,False,9,3.0,tie,680885.0,669022.0,0.0,0.0,1.0,0.0,3.0,3.0,0.0,0.0,2.0
744861,False,9,5.0,tie,669022.0,666201.0,1.0,5.0,2.0,5.0,2.0,1.0,2.0,1.0,0.0
744851,False,9,2.0,7,592866.0,669302.0,0.0,1.0,0.0,0.0,1.0,0.0,2.0,0.0,0.0
745504,False,9,4.0,6,663559.0,663372.0,0.0,3.0,0.0,1.0,0.0,4.0,0.0,0.0,0.0
745821,False,9,2.0,tie,676130.0,605400.0,0.0,0.0,2.0,0.0,0.0,0.0,0.0,0.0,2.0
746153,False,9,2.0,tie,572020.0,608331.0,2.0,0.0,0.0,0.0,0.0,2.0,1.0,1.0,0.0
747048,False,9,2.0,5,669203.0,661563.0,0.0,0.0,0.0,0.0,2.0,0.0,0.0,0.0,0.0
745343,True,10,,,,,,,,,,,,,
747032,False,9,3.0,6,544150.0,650644.0,0.0,1.0,0.0,0.0,0.0,3.0,0.0,0.0,0.0
746708,False,9,2.0,tie,666157.0,458681.0,2.0,2.0,0.0,0.0,0.0,0.0,0.0,0.0,0.0
746713,False,9,7.0,5,668933.0,572020.0,3.0,4.0,0.0,0.0,7.0,0.0,0.0,0.0,1.0
745825,False,9,2.0,tie,622663.0,693821.0,0.0,1.0,1.0,0.0,0.0,2.0,0.0,1.0,2.0
746801,False,9,3.0,tie,676979.0,471911.0,0.0,0.0,0.0,0.0,3.0,0.0,3.0,3.0,0.0
745827,False,9,4.0,3,500779.0,450203.0,0.0,0.0,4.0,0.0,0.0,0.0,1.0,0.0,1.0
745579,False,9,3.0,2,554430.0,663623.0,1.0,3.0,1.0,0.0,1.0,0.0,0.0,0.0,0.0
745182,False,9,3.0,6,502043.0,640455.0,1.0,0.0,0.0,0.0,2.0,3.0,1.0,0.0,0.0
745173,False,9,3.0,tie,502043.0,607644.0,0.0,0.0,3.0,0.0,1.0,3.0,1.0,0.0,1.0
746886,False,9,8.0,6,657006.0,506433.0,0.0,0.0,0.0,0.0,0.0,8.0,1.0,0.0,0.0
746790,False,9,1.0,tie,623167.0,666201.0,0.0,0.0,1.0,1.0,0.0,1.0,0.0,0.0,1.0
746969,False,9,2.0,tie,670174.0,690986.0,0.0,0.0,2.0,0.0,0.0,0.0,2.0,0.0,0.0
746066,True,10,,,,,,,,,,,,,
746802,False,9,2.0,tie,607200.0,594902.0,1.0,2.0,0.0,0.0,0.0,0.0,0.0,2.0,0.0
745752,False,9,4.0,1,661563.0,434378.0,4.0,0.0,1.0,2.0,1.0,1.0,2.0,0.0,2.0
746308,False,9,2.0,tie,607625.0,548389.0,2.0,2.0,0.0,0.0,1.0,1.0,2.0,0.0,0.0
745578,False,9,3.0,8,624133.0,592351.0,0.0,0.0,2.0,1.0,0.0,1.0,0.0,3.0,0.0
746399,True,10,,,,,,,,,,,,,
745186,False,9,6.0,5,571945.0,676130.0,3.0,0.0,0.0,0.0,6.0,1.0,0.0,0.0,2.0
745904,False,9,4.0,9,657746.0,679525.0,0.0,0.0,2.0,0.0,3.0,1.0,0.0,1.0,4.0
746479,False,9,4.0,8,663554.0,664285.0,0.0,0.0,2.0,0.0,0.0,1.0,0.0,4.0,0.0
747126,False,9,2.0,tie,625643.0,676710.0,0.0,0.0,2.0,0.0,0.0,2.0,0.0,2.0,0.0
746718,False,9,5.0,7,593423.0,668678.0,0.0,0.0,1.0,0.0,1.0,0.0,5.0,0.0,1.0
747121,False,9,1.0,tie,519242.0,681190.0,1.0,0.0,1.0,0.0,1.0,0.0,0.0,0.0,0.0
746476,False,9,4.0,tie,656427.0,434378.0,0.0,0.0,0.0,0.0,0.0,2.0,2.0,4.0,4.0
745665,False,9,2.0,4,676664.0,677960.0,0.0,0.0,0.0,2.0,1.0,0.0,0.0,0.0,1.0
744918,False,9,3.0,7,579328.0,601713.0,2.0,1.0,2.0,1.0,0.0,1.0,3.0,0.0,0.0
746218,False,9,2.0,tie,656288.0,665622.0,2.0,1.0,2.0,0.0,0.0,1.0,0.0,0.0,0.0
746777,False,9,3.0,3,607200.0,694813.0,1.0,0.0,3.0,0.0,0.0,0.0,0.0,0.0,0.0
746627,False,9,4.0,3,663474.0,682243.0,0.0,1.0,4.0,1.0,1.0,3.0,2.0,1.0,0.0
746464,True,10,,,,,,,,,,,,,
744850,False,9,4.0,5,687792.0,656849.0,0.0,0.0,0.0,2.0,4.0,0.0,1.0,0.0,2.0
744852,False,9,6.0,6,571578.0,622663.0,0.0,0.0,1.0,0.0,1.0,6.0,1.0,1.0,0.0
746707,False,9,5.0,3,668881.0,665871.0,0.0,0.0,5.0,0.0,0.0,4.0,3.0,0.0,0.0
746703,False,9,2.0,tie,671096.0,676962.0,2.0,0.0,2.0,0.0,1.0,1.0,0.0,1.0,0.0
745892,True,10,,,,,,,,,,,,,
745327,False,9,2.0,tie,663855.0,669854.0,0.0,0.0,2.0,0.0,2.0,0.0,0.0,0.0,0.0
745400,False,9,5.0,9,656302.0,687792.0,0.0,2.0,0.0,2.0,0.0,0.0,0.0,4.0,5.0
745006,False,9,5.0,6,543135.0,663903.0,0.0,0.0,1.0,1.0,1.0,5.0,0.0,0.0,0.0
746867,False,9,3.0,8,657006.0,657277.0,0.0,2.0,0.0,0.0,2.0,0.0,0.0,3.0,0.0
746288,False,9,2.0,6,608379.0,594902.0,0.0,0.0,0.0,0.0,1.0,2.0,0.0,0.0,0.0
747182,False,9,3.0,7,694297.0,665622.0,0.0,0.0,0.0,1.0,1.0,0.0,3.0,1.0,0.0
746217,False,9,3.0,tie,656288.0,668964.0,1.0,1.0,0.0,3.0,0.0,1.0,0.0,0.0,3.0
747101,False,9,4.0,5,680885.0,663559.0,0.0,0.0,0.0,1.0,4.0,0.0,0.0,0.0,1.0
745077,False,9,4.0,9,621107.0,592791.0,0.0,0.0,0.0,1.0,0.0,1.0,1.0,0.0,4.0
746456,False,9,2.0,tie,663947.0,605513.0,2.0,0.0,0.0,2.0,2.0,0.0,0.0,1.0,1.0
746290,False,9,2.0,tie,607625.0,671106.0,1.0,1.0,0.0,0.0,2.0,0.0,2.0,2.0,0.0
746055,True,12,,,,,,,,,,,,,
745164,False,9,5.0,3,669467.0,676775.0,3.0,0.0,5.0,0.0,1.0,2.0,0.0,0.0,0.0
746702,False,9,3.0,3,608718.0,663474.0,1.0,0.0,3.0,0.0,0.0,1.0,0.0,1.0,2.0
745079,False,9,3.0,7,650644.0,665871.0,0.0,0.0,1.0,2.0,0.0,0.0,3.0,0.0,1.0
744930,False,9,4.0,4,592332.0,680570.0,0.0,3.0,0.0,4.0,0.0,0.0,1.0,0.0,1.0
744846,False,9,2.0,8,687792.0,669432.0,1.0,0.0,1.0,0.0,0.0,0.0,0.0,2.0,0.0
745649,False,9,3.0,tie,,,2.0,0.0,0.0,0.0,3.0,1.0,3.0,2.0,0.0
744925,False,9,3.0,2,670950.0,471911.0,0.0,3.0,0.0,1.0,1.0,0.0,0.0,0.0,0.0
746305,False,9,3.0,tie,679525.0,681190.0,3.0,0.0,2.0,3.0,0.0,0.0,0.0,0.0,2.0
745492,False,9,3.0,8,669387.0,680573.0,0.0,0.0,0.0,0.0,0.0,0.0,1.0,3.0,0.0
746538,False,9,4.0,2,663372.0,676272.0,3.0,4.0,0.0,1.0,2.0,0.0,2.0,0.0,1.0
745806,False,9,5.0,8,656849.0,543037.0,1.0,2.0,0.0,3.0,1.0,3.0,1.0,5.0,0.0
746695,False,9,2.0,tie,668933.0,682847.0,0.0,1.0,1.0,1.0,2.0,2.0,0.0,0.0,0.0
745252,False,9,4.0,8,622491.0,656288.0,0.0,0.0,0.0,1.0,0.0,0.0,0.0,4.0,1.0
745739,False,9,2.0,tie,661563.0,641927.0,0.0,1.0,2.0,0.0,0.0,0.0,1.0,2.0,0.0
746540,False,9,7.0,4,641712.0,687792.0,0.0,0.0,6.0,7.0,1.0,2.0,0.0,0.0,0.0
747023,False,9,6.0,5,669203.0,554430.0,1.0,2.0,1.0,0.0,6.0,0.0,1.0,0.0,0.0
747185,False,9,7.0,4,656756.0,701581.0,0.0,6.0,2.0,7.0,3.0,0.0,0.0,1.0,0.0
745072,False,9,3.0,2,671737.0,571578.0,0.0,3.0,0.0,1.0,0.0,0.0,1.0,0.0,0.0
746545,False,9,2.0,7,663372.0,669387.0,1.0,0.0,0.0,0.0,1.0,1.0,2.0,1.0,1.0
746213,False,9,5.0,4,542881.0,687765.0,0.0,0.0,2.0,5.0,1.0,1.0,1.0,2.0,0.0
744917,False,9,3.0,2,605135.0,656557.0,0.0,3.0,0.0,0.0,0.0,2.0,0.0,2.0,0.0
745896,False,9,10.0,8,641154.0,596295.0,6.0,0.0,0.0,4.0,0.0,3.0,2.0,10.0,1.0
746130,False,9,2.0,6,607192.0,663903.0,0.0,0.0,1.0,0.0,0.0,2.0,0.0,0.0,0.0
747030,False,9,2.0,8,608344.0,641793.0,1.0,0.0,1.0,1.0,1.0,0.0,1.0,2.0,0.0
746220,False,9,5.0,7,,,1.0,1.0,0.0,0.0,0.0,0.0,5.0,1.0,0.0
745974,False,9,6.0,6,642547.0,547179.0,0.0,0.0,0.0,0.0,3.0,6.0,0.0,0.0,0.0
746785,False,9,3.0,4,676979.0,681867.0,1.0,0.0,2.0,3.0,0.0,2.0,0.0,1.0,0.0
745897,False,9,3.0,8,663978.0,641712.0,0.0,0.0,1.0,1.0,0.0,0.0,0.0,3.0,0.0
746466,False,9,5.0,2,681857.0,668964.0,0.0,5.0,0.0,3.0,2.0,0.0,0.0,0.0,0.0
746134,False,9,3.0,tie,694813.0,666142.0,0.0,0.0,0.0,3.0,3.0,0.0,0.0,1.0,0.0
746138,False,9,3.0,2,808967.0,615698.0,0.0,3.0,0.0,1.0,1.0,0.0,0.0,0.0,0.0
746626,False,9,3.0,tie,671106.0,622491.0,3.0,1.0,0.0,1.0,3.0,0.0,0.0,1.0,0.0
745651,True,10,,,,,,,,,,,,,
745396,False,9,5.0,2,650633.0,668964.0,0.0,5.0,0.0,0.0,1.0,0.0,1.0,1.0,0.0
744841,False,9,3.0,4,669022.0,669194.0,0.0,0.0,1.0,3.0,1.0,1.0,0.0,0.0,1.0
745971,False,9,7.0,4,642547.0,543294.0,1.0,0.0,0.0,7.0,0.0,0.0,0.0,0.0,0.0
746457,False,9,5.0,1,681857.0,686563.0,5.0,4.0,0.0,0.0,0.0,0.0,3.0,1.0,0.0
745977,False,9,3.0,6,607067.0,593423.0,1.0,0.0,1.0,1.0,1.0,3.0,1.0,1.0,0.0
746550,False,9,2.0,4,,,1.0,0.0,1.0,2.0,0.0,0.0,0.0,0.0,1.0
745729,False,9,3.0,tie,607074.0,519242.0,3.0,2.0,1.0,3.0,0.0,0.0,0.0,0.0,0.0
745561,False,9,4.0,8,624133.0,663362.0,0.0,1.0,1.0,0.0,0.0,0.0,1.0,4.0,0.0
744926,False,9,7.0,5,621244.0,594902.0,0.0,2.0,0.0,0.0,7.0,2.0,0.0,0.0,2.0
747022,False,9,7.0,4,608344.0,671106.0,3.0,3.0,1.0,7.0,0.0,0.0,1.0,3.0,0.0
745980,True,10,,,,,,,,,,,,,
747019,False,9,2.0,tie,680570.0,471911.0,0.0,2.0,0.0,0.0,2.0,0.0,1.0,1.0,0.0
744854,False,9,5.0,tie,669022.0,656731.0,0.0,2.0,0.0,5.0,5.0,1.0,0.0,0.0,2.0
746862,False,9,3.0,3,665871.0,622663.0,0.0,0.0,3.0,0.0,1.0,0.0,2.0,1.0,0.0
745483,False,9,4.0,4,669387.0,686752.0,0.0,1.0,1.0,4.0,0.0,3.0,0.0,1.0,3.0
747026,False,9,3.0,7,608344.0,625643.0,2.0,0.0,0.0,1.0,0.0,1.0,3.0,0.0,2.0
745008,False,9,2.0,tie,547179.0,657277.0,0.0,1.0,0.0,1.0,2.0,0.0,2.0,1.0,0.0
746293,False,9,2.0,7,607625.0,630023.0,1.0,0.0,0.0,0.0,0.0,0.0,2.0,0.0,0.0
746784,False,9,5.0,6,663765.0,656557.0,1.0,2.0,0.0,4.0,0.0,5.0,3.0,1.0,0.0
745496,False,9,1.0,tie,656605.0,657746.0,0.0,1.0,0.0,1.0,0.0,0.0,0.0,1.0,0.0
747108,False,9,1.0,tie,608331.0,681857.0,0.0,0.0,0.0,0.0,0.0,1.0,1.0,1.0,0.0
745078,False,9,3.0,8,671737.0,693433.0,0.0,0.0,0.0,2.0,0.0,0.0,2.0,3.0,0.0
745736,False,9,4.0,6,661563.0,607192.0,0.0,0.0,2.0,0.0,2.0,4.0,0.0,2.0,0.0
745070,False,9,1.0,tie,621107.0,680730.0,0.0,1.0,1.0,0.0,0.0,1.0,1.0,0.0,0.0
745564,False,9,3.0,tie,554430.0,674072.0,2.0,0.0,3.0,1.0,3.0,2.0,0.0,2.0,0.0
746223,False,9,2.0,tie,542881.0,686613.0,0.0,0.0,2.0,0.0,2.0,0.0,1.0,2.0,0.0
746868,False,9,6.0,7,665871.0,663855.0,0.0,0.0,0.0,1.0,0.0,2.0,6.0,1.0,3.0
745646,False,9,2.0,tie,665622.0,666142.0,0.0,0.0,2.0,0.0,1.0,0.0,2.0,1.0,0.0
747196,False,9,4.0,7,686796.0,690986.0,0.0,0.0,3.0,2.0,1.0,0.0,4.0,3.0,0.0
745330,False,9,4.0,9,605483.0,641482.0,1.0,1.0,1.0,1.0,2.0,2.0,0.0,0.0,4.0
746379,False,9,4.0,5,669854.0,571945.0,0.0,0.0,1.0,0.0,4.0,1.0,0.0,0.0,0.0
745163,False,9,5.0,1,571945.0,663855.0,5.0,0.0,1.0,3.0,0.0,2.0,2.0,0.0,0.0
746131,True,10,,,,,,,,,,,,,
746947,False,9,3.0,9,678394.0,661563.0,2.0,0.0,0.0,2.0,2.0,0.0,0.0,0.0,3.0
746219,False,9,1.0,tie,542881.0,642547.0,1.0,0.0,0.0,0.0,0.0,0.0,0.0,1.0,0.0
745804,False,9,4.0,6,500779.0,669854.0,2.0,0.0,1.0,1.0,0.0,4.0,0.0,1.0,0.0
745893,False,9,4.0,tie,641154.0,650644.0,3.0,0.0,1.0,4.0,4.0,0.0,0.0,0.0,1.0
745071,False,9,6.0,7,650644.0,663623.0,2.0,0.0,0.0,1.0,0.0,0.0,6.0,0.0,0.0
746696,False,9,5.0,4,686730.0,663559.0,0.0,0.0,1.0,5.0,4.0,4.0,2.0,0.0,0.0
744919,False,9,5.0,1,621244.0,607074.0,5.0,3.0,0.0,0.0,2.0,1.0,0.0,0.0,0.0
745243,False,9,4.0,5,622491.0,657746.0,1.0,0.0,0.0,0.0,4.0,0.0,1.0,2.0,0.0
745801,False,9,6.0,2,656731.0,664285.0,0.0,6.0,1.0,3.0,0.0,0.0,0.0,3.0,2.0
747027,False,9,3.0,2,544150.0,608331.0,0.0,3.0,0.0,0.0,0.0,1.0,0.0,0.0,0.0
747021,False,9,2.0,1,700249.0,676440.0,2.0,1.0,1.0,0.0,0.0,1.0,0.0,0.0,0.0
745238,True,10,,,,,,,,,,,,,
744849,False,9,7.0,4,687792.0,694462.0,0.0,2.0,0.0,7.0,1.0,0.0,0.0,0.0,3.0
745567,False,9,4.0,5,650911.0,681190.0,0.0,0.0,2.0,1.0,4.0,2.0,2.0,0.0,0.0
745497,False,9,1.0,3,683003.0,607192.0,0.0,0.0,1.0,0.0,0.0,0.0,0.0,0.0,0.0
746221,False,9,2.0,tie,667755.0,656302.0,1.0,2.0,0.0,0.0,0.0,2.0,0.0,0.0,0.0
746383,False,9,2.0,tie,686613.0,680573.0,1.0,2.0,2.0,0.0,0.0,1.0,0.0,1.0,0.0
745407,False,9,7.0,2,800049.0,543518.0,2.0,7.0,1.0,2.0,0.0,0.0,0.0,0.0,0.0
745737,True,11,,,,,,,,,,,,,
746056,False,9,5.0,1,666129.0,621107.0,5.0,0.0,2.0,0.0,1.0,0.0,0.0,0.0,0.0
745085,False,9,4.0,8,641793.0,680570.0,0.0,0.0,1.0,1.0,0.0,3.0,2.0,4.0,0.0
746780,False,9,2.0,7,676979.0,572020.0,0.0,0.0,0.0,0.0,0.0,0.0,2.0,0.0,1.0
744916,False,9,3.0,5,592332.0,543037.0,2.0,2.0,1.0,0.0,3.0,1.0,0.0,0.0,0.0
745566,False,9,2.0,6,650911.0,677944.0,0.0,1.0,0.0,0.0,0.0,2.0,1.0,0.0,1.0
746375,False,9,9.0,6,814005.0,680570.0,1.0,1.0,2.0,0.0,4.0,9.0,1.0,7.0,0.0
745494,False,9,7.0,2,694973.0,572020.0,0.0,7.0,2.0,0.0,2.0,1.0,3.0,1.0,0.0
745332,False,9,4.0,3,657277.0,547001.0,2.0,0.0,4.0,0.0,1.0,0.0,0.0,3.0,0.0
746952,False,9,2.0,tie,681867.0,681857.0,1.0,1.0,1.0,1.0,0.0,2.0,1.0,0.0,2.0
746211,True,10,,,,,,,,,,,,,
745158,False,9,3.0,8,669461.0,693821.0,0.0,0.0,2.0,0.0,0.0,0.0,0.0,3.0,0.0
747187,False,9,3.0,tie,543518.0,607200.0,1.0,0.0,1.0,1.0,3.0,0.0,3.0,0.0,2.0
746866,False,9,2.0,2,592791.0,571945.0,0.0,2.0,0.0,0.0,0.0,0.0,1.0,0.0,0.0
744848,False,9,3.0,6,669022.0,450203.0,2.0,1.0,0.0,1.0,2.0,3.0,1.0,0.0,0.0
745241,False,9,4.0,9,669923.0,543135.0,1.0,0.0,3.0,0.0,1.0,0.0,1.0,2.0,4.0
746865,False,9,3.0,tie,684007.0,669467.0,0.0,0.0,0.0,3.0,0.0,0.0,3.0,0.0,0.0
745169,False,9,4.0,4,458681.0,596295.0,3.0,1.0,0.0,4.0,1.0,1.0,0.0,3.0,0.0
745242,False,9,2.0,8,669302.0,641540.0,0.0,0.0,0.0,1.0,1.0,0.0,1.0,2.0,0.0
745009,False,9,1.0,tie,543135.0,669373.0,1.0,0.0,1.0,0.0,0.0,0.0,0.0,1.0,0.0
746062,False,9,2.0,tie,677960.0,547179.0,0.0,0.0,2.0,2.0,0.0,0.0,1.0,0.0,2.0
747184,False,9,3.0,tie,669194.0,680573.0,0.0,3.0,1.0,3.0,2.0,2.0,0.0,0.0,0.0
745559,False,9,2.0,7,605400.0,682610.0,0.0,1.0,1.0,0.0,1.0,0.0,2.0,0.0,0.0
745154,False,9,1.0,tie,458681.0,668881.0,0.0,0.0,0.0,0.0,1.0,1.0,0.0,0.0,0.0
745170,False,9,3.0,9,571945.0,694973.0,0.0,0.0,0.0,0.0,0.0,0.0,0.0,0.0,3.0
746938,False,9,2.0,1,670174.0,663362.0,2.0,0.0,1.0,0.0,1.0,0.0,1.0,0.0,0.0
745334,True,10,,,,,,,,,,,,,
746951,False,9,2.0,tie,676710.0,554430.0,2.0,0.0,0.0,2.0,1.0,0.0,0.0,0.0,0.0
746296,False,9,4.0,4,663903.0,573186.0,2.0,0.0,0.0,4.0,0.0,1.0,3.0,1.0,0.0
744932,False,9,3.0,1,579328.0,656605.0,3.0,0.0,0.0,0.0,2.0,2.0,0.0,0.0,2.0
745486,False,9,3.0,3,683003.0,621107.0,2.0,0.0,3.0,1.0,0.0,0.0,0.0,0.0,1.0
745984,False,9,4.0,2,642547.0,680897.0,2.0,4.0,0.0,1.0,0.0,0.0,0.0,2.0,0.0
746548,False,9,5.0,3,663372.0,671096.0,1.0,1.0,5.0,3.0,1.0,3.0,0.0,0.0,2.0
746873,False,9,4.0,4,592791.0,607200.0,1.0,1.0,0.0,4.0,2.0,0.0,3.0,1.0,1.0
746547,False,9,6.0,8,621389.0,683003.0,0.0,0.0,1.0,4.0,2.0,2.0,5.0,6.0,0.0
745802,True,11,,,,,,,,,,,,,
745895,False,9,3.0,tie,641927.0,676664.0,3.0,0.0,0.0,1.0,0.0,0.0,3.0,0.0,1.0
745495,False,9,6.0,5,663559.0,621111.0,4.0,1.0,3.0,0.0,6.0,1.0,0.0,3.0,0.0
746779,True,14,,,,,,,,,,,,,
746871,False,9,4.0,2,676962.0,666157.0,0.0,4.0,1.0,0.0,1.0,1.0,0.0,0.0,0.0
746542,False,9,7.0,9,596295.0,621111.0,4.0,3.0,1.0,1.0,0.0,2.0,2.0,0.0,7.0
745650,False,9,3.0,4,663687.0,679525.0,2.0,2.0,2.0,3.0,1.0,0.0,0.0,2.0,0.0
745489,False,9,1.0,8,656605.0,668881.0,0.0,0.0,0.0,0.0,0.0,0.0,0.0,1.0,0.0
745005,False,9,6.0,2,592351.0,656849.0,1.0,6.0,2.0,2.0,2.0,1.0,0.0,2.0,0.0
747195,False,9,6.0,3,656756.0,663855.0,1.0,0.0,6.0,1.0,1.0,0.0,0.0,1.0,2.0
745644,False,9,8.0,2,676664.0,641927.0,2.0,8.0,1.0,0.0,0.0,0.0,1.0,0.0,0.0
745157,False,9,5.0,2,502043.0,625643.0,0.0,5.0,0.0,0.0,1.0,2.0,0.0,0.0,0.0
746050,False,9,2.0,tie,630023.0,669461.0,2.0,2.0,0.0,0.0,0.0,1.0,1.0,0.0,1.0
747017,False,9,1.0,tie,544150.0,453286.0,0.0,0.0,0.0,1.0,1.0,0.0,1.0,0.0,0.0
746052,True,10,,,,,,,,,,,,,
745887,True,10,,,,,,,,,,,,,
746861,False,9,4.0,tie,684007.0,500779.0,4.0,3.0,1.0,4.0,0.0,0.0,0.0,0.0,0.0
745981,False,9,1.0,tie,692230.0,579328.0,0.0,1.0,0.0,1.0,0.0,0.0,0.0,0.0,1.0
745975,True,10,,,,,,,,,,,,,
745245,True,10,,,,,,,,,,,,,
745162,False,9,5.0,3,571945.0,671096.0,1.0,1.0,5.0,2.0,3.0,0.0,1.0,2.0,0.0
745813,False,9,4.0,3,500779.0,694297.0,2.0,1.0,4.0,0.0,0.0,0.0,0.0,0.0,2.0
746463,False,9,8.0,5,669373.0,669060.0,2.0,0.0,0.0,0.0,8.0,0.0,1.0,0.0,1.0
745565,False,9,5.0,7,554430.0,669432.0,1.0,0.0,0.0,1.0,1.0,0.0,5.0,2.0,1.0
745575,False,9,3.0,1,624133.0,543243.0,3.0,0.0,2.0,0.0,0.0,0.0,2.0,0.0,0.0
745970,False,9,6.0,4,607067.0,592791.0,0.0,0.0,0.0,6.0,0.0,0.0,0.0,0.0,0.0
745808,False,9,5.0,6,640455.0,661563.0,0.0,0.0,3.0,0.0,4.0,5.0,1.0,1.0,0.0
744840,True,10,,,,,,,,,,,,,
745792,False,9,7.0,3,673540.0,450203.0,0.0,2.0,7.0,1.0,0.0,1.0,0.0,0.0,1.0
746370,False,9,2.0,tie,669854.0,453286.0,2.0,0.0,1.0,0.0,0.0,0.0,0.0,2.0,1.0
746928,False,9,7.0,3,601713.0,669302.0,0.0,0.0,7.0,4.0,2.0,4.0,0.0,4.0,0.0
744829,False,9,4.0,tie,571578.0,593423.0,0.0,0.0,1.0,4.0,3.0,0.0,1.0,0.0,4.0
746771,True,11,,,,,,,,,,,,,
745963,False,9,5.0,1,572971.0,680730.0,5.0,0.0,0.0,3.0,0.0,0.0,1.0,0.0,2.0
746851,False,9,2.0,1,657006.0,642239.0,2.0,0.0,1.0,0.0,0.0,1.0,0.0,0.0,1.0
747005,False,9,3.0,3,669203.0,605135.0,1.0,0.0,3.0,2.0,1.0,0.0,1.0,0.0,0.0
746450,False,9,2.0,tie,669373.0,572020.0,2.0,1.0,0.0,2.0,0.0,0.0,0.0,1.0,1.0
746122,False,9,2.0,tie,680736.0,572971.0,0.0,0.0,0.0,2.0,2.0,2.0,1.0,2.0,2.0
747096,False,9,4.0,2,693821.0,543243.0,2.0,4.0,0.0,1.0,1.0,3.0,0.0,0.0,3.0
746125,False,9,4.0,1,572020.0,676710.0,4.0,0.0,1.0,1.0,2.0,1.0,0.0,3.0,3.0
745965,False,9,4.0,4,642547.0,671131.0,1.0,0.0,0.0,4.0,1.0,0.0,1.0,0.0,0.0
747010,False,9,4.0,6,680570.0,800049.0,0.0,1.0,0.0,1.0,0.0,4.0,0.0,2.0,2.0
745064,False,9,1.0,tie,671737.0,471911.0,0.0,0.0,1.0,0.0,1.0,0.0,0.0,0.0,0.0
746534,False,9,1.0,tie,641712.0,607067.0,1.0,1.0,0.0,0.0,1.0,0.0,0.0,0.0,0.0
745398,False,9,9.0,9,681190.0,677944.0,2.0,1.0,0.0,4.0,0.0,2.0,0.0,0.0,9.0
746770,False,9,3.0,3,676979.0,682243.0,2.0,1.0,3.0,1.0,0.0,0.0,2.0,0.0,0.0
745796,False,9,4.0,6,622663.0,571578.0,1.0,0.0,0.0,2.0,0.0,4.0,0.0,1.0,0.0
746282,False,9,2.0,tie,663903.0,641793.0,0.0,1.0,0.0,0.0,0.0,2.0,2.0,0.0,1.0
746685,False,9,4.0,3,686730.0,630023.0,2.0,1.0,4.0,3.0,0.0,0.0,0.0,0.0,1.0
746767,False,9,8.0,1,689672.0,669923.0,8.0,0.0,0.0,2.0,0.0,0.0,0.0,0.0,0.0
747170,False,9,4.0,6,668678.0,669022.0,0.0,0.0,1.0,1.0,0.0,4.0,0.0,1.0,2.0
746857,False,9,6.0,4,592791.0,650911.0,1.0,0.0,0.0,6.0,3.0,0.0,1.0,1.0,0.0
746036,False,9,4.0,tie,667725.0,544150.0,1.0,4.0,4.0,0.0,0.0,0.0,0.0,0.0,0.0
745311,False,9,3.0,4,806185.0,680573.0,0.0,0.0,0.0,3.0,1.0,1.0,0.0,0.0,1.0
745472,False,9,4.0,2,527048.0,669461.0,0.0,4.0,0.0,1.0,0.0,0.0,0.0,0.0,0.0
745640,False,9,8.0,6,676664.0,656288.0,0.0,1.0,2.0,5.0,0.0,8.0,0.0,0.0,0.0
746363,False,9,5.0,2,664285.0,663765.0,0.0,5.0,2.0,0.0,0.0,2.0,0.0,0.0,0.0
746766,False,9,3.0,9,623167.0,682847.0,1.0,0.0,0.0,0.0,0.0,1.0,2.0,1.0,3.0
744904,False,9,2.0,tie,621244.0,542888.0,0.0,1.0,0.0,0.0,2.0,2.0,1.0,0.0,0.0
746763,False,9,4.0,8,686563.0,608379.0,1.0,0.0,1.0,1.0,0.0,0.0,0.0,4.0,0.0
745227,False,9,6.0,5,669302.0,667755.0,0.0,0.0,0.0,0.0,6.0,0.0,0.0,0.0,0.0
747012,False,9,3.0,2,700249.0,543037.0,0.0,3.0,1.0,0.0,0.0,0.0,0.0,0.0,1.0
745554,False,9,2.0,4,650911.0,594902.0,1.0,0.0,0.0,2.0,1.0,0.0,0.0,0.0,0.0
745061,False,9,3.0,3,671737.0,682610.0,1.0,2.0,3.0,0.0,0.0,0.0,2.0,0.0,0.0
746040,False,9,3.0,5,665795.0,640455.0,0.0,2.0,2.0,0.0,3.0,2.0,0.0,1.0,0.0
745884,False,9,10.0,9,641154.0,681869.0,0.0,5.0,1.0,0.0,1.0,3.0,2.0,3.0,10.0
745724,False,9,8.0,5,543037.0,670174.0,1.0,0.0,5.0,0.0,8.0,0.0,4.0,0.0,0.0
745314,False,9,3.0,9,605483.0,663978.0,0.0,1.0,1.0,0.0,0.0,0.0,0.0,0.0,3.0
745316,False,9,3.0,7,605483.0,579328.0,0.0,0.0,0.0,1.0,0.0,0.0,3.0,1.0,2.0
746284,False,9,5.0,5,608379.0,623167.0,1.0,0.0,1.0,0.0,5.0,0.0,0.0,1.0,0.0
745800,False,9,5.0,2,640455.0,685299.0,0.0,5.0,1.0,2.0,1.0,0.0,1.0,3.0,0.0
744828,False,9,2.0,5,687792.0,681190.0,0.0,0.0,0.0,0.0,2.0,1.0,0.0,1.0,0.0
745797,False,9,3.0,tie,500779.0,608566.0,2.0,0.0,0.0,3.0,1.0,2.0,2.0,3.0,0.0
746618,False,9,6.0,8,676440.0,663362.0,0.0,0.0,0.0,0.0,1.0,0.0,0.0,6.0,0.0
745060,False,9,5.0,6,605488.0,665795.0,2.0,0.0,0.0,1.0,1.0,5.0,2.0,1.0,0.0
745550,False,9,3.0,4,663465.0,676282.0,1.0,0.0,2.0,3.0,0.0,0.0,1.0,0.0,0.0
746614,False,9,3.0,4,675540.0,663947.0,0.0,0.0,1.0,3.0,1.0,2.0,2.0,0.0,0.0
746925,True,10,,,,,,,,,,,,,
746611,False,9,1.0,tie,676440.0,656427.0,1.0,0.0,0.0,0.0,1.0,0.0,0.0,1.0,0.0
747173,True,10,,,,,,,,,,,,,
746686,False,9,2.0,tie,666157.0,669432.0,0.0,0.0,0.0,0.0,2.0,2.0,0.0,1.0,0.0
745151,False,9,3.0,6,571945.0,592791.0,0.0,2.0,2.0,0.0,2.0,3.0,0.0,2.0,0.0
746774,False,9,2.0,tie,676979.0,594835.0,0.0,0.0,1.0,0.0,2.0,2.0,0.0,0.0,0.0
746044,False,9,3.0,3,630023.0,676979.0,1.0,0.0,3.0,1.0,0.0,0.0,2.0,0.0,0.0
746452,False,9,4.0,6,656427.0,675921.0,1.0,2.0,2.0,2.0,0.0,4.0,0.0,0.0,0.0
746530,False,9,4.0,2,685299.0,663903.0,0.0,4.0,0.0,0.0,0.0,0.0,2.0,2.0,3.0
745153,False,9,2.0,8,543243.0,543294.0,0.0,0.0,1.0,1.0,0.0,0.0,1.0,2.0,1.0
745793,False,9,2.0,4,656731.0,680885.0,0.0,0.0,0.0,2.0,1.0,0.0,1.0,0.0,0.0
745642,False,9,7.0,2,665622.0,700249.0,3.0,7.0,2.0,3.0,0.0,3.0,3.0,4.0,2.0
747179,False,9,4.0,tie,677944.0,450203.0,0.0,4.0,2.0,0.0,0.0,0.0,2.0,4.0,0.0
744905,False,9,4.0,8,684320.0,621107.0,1.0,0.0,1.0,0.0,1.0,1.0,0.0,4.0,1.0
745147,False,9,4.0,7,669467.0,543135.0,0.0,0.0,3.0,2.0,0.0,0.0,4.0,0.0,0.0
747011,False,9,3.0,tie,544150.0,657006.0,0.0,0.0,1.0,0.0,3.0,1.0,3.0,0.0,0.0
745635,False,9,3.0,3,663687.0,681293.0,0.0,0.0,3.0,1.0,0.0,0.0,0.0,0.0,0.0
745484,True,10,,,,,,,,,,,,,
746617,False,9,4.0,4,668909.0,607200.0,1.0,0.0,1.0,4.0,0.0,0.0,2.0,2.0,0.0
745318,False,9,7.0,6,657277.0,605135.0,2.0,0.0,0.0,0.0,4.0,7.0,0.0,1.0,2.0
746615,False,9,3.0,tie,671106.0,690986.0,3.0,1.0,0.0,0.0,3.0,1.0,1.0,0.0,0.0
744994,False,9,6.0,2,453286.0,680570.0,0.0,6.0,1.0,0.0,0.0,2.0,0.0,2.0,1.0
744914,False,9,3.0,9,684320.0,686613.0,0.0,0.0,0.0,0.0,1.0,0.0,0.0,0.0,3.0
746768,False,9,3.0,4,607200.0,693433.0,0.0,0.0,1.0,3.0,2.0,1.0,0.0,2.0,0.0
746616,False,9,3.0,6,471911.0,806185.0,0.0,2.0,1.0,2.0,0.0,3.0,0.0,0.0,1.0
746195,False,9,9.0,3,667755.0,674370.0,0.0,0.0,9.0,4.0,1.0,0.0,0.0,0.0,0.0
746365,False,9,3.0,tie,686613.0,663559.0,0.0,1.0,0.0,3.0,0.0,3.0,0.0,1.0,0.0
747102,False,9,2.0,tie,625643.0,806185.0,0.0,2.0,0.0,0.0,2.0,1.0,0.0,2.0,1.0
746531,False,9,4.0,8,615698.0,690986.0,0.0,2.0,1.0,0.0,0.0,2.0,1.0,4.0,0.0
746773,False,9,2.0,6,689672.0,641154.0,0.0,1.0,1.0,0.0,0.0,2.0,1.0,0.0,0.0
744835,False,9,6.0,3,669022.0,458681.0,4.0,5.0,6.0,3.0,0.0,0.0,1.0,1.0,0.0
746858,False,9,2.0,tie,684007.0,554430.0,0.0,1.0,1.0,1.0,0.0,2.0,1.0,2.0,0.0
745478,False,9,2.0,tie,682847.0,650911.0,0.0,0.0,0.0,0.0,0.0,2.0,0.0,2.0,1.0
746360,False,9,4.0,9,605463.0,694973.0,0.0,0.0,0.0,0.0,2.0,1.0,0.0,1.0,4.0
745235,False,9,5.0,8,676106.0,684320.0,0.0,0.0,0.0,1.0,1.0,0.0,1.0,5.0,1.0
745798,False,9,4.0,2,681035.0,663372.0,0.0,4.0,1.0,0.0,2.0,0.0,0.0,3.0,0.0
746280,False,9,6.0,3,666142.0,700270.0,0.0,1.0,6.0,4.0,1.0,1.0,0.0,1.0,0.0
745393,False,9,3.0,7,800049.0,669302.0,1.0,1.0,2.0,0.0,1.0,0.0,3.0,2.0,1.0
745074,False,9,5.0,1,686752.0,607074.0,5.0,0.0,0.0,0.0,0.0,0.0,2.0,1.0,0.0
746855,False,9,2.0,tie,669713.0,667755.0,0.0,0.0,2.0,0.0,1.0,0.0,2.0,0.0,0.0
746688,False,9,4.0,7,668881.0,596295.0,0.0,0.0,3.0,1.0,1.0,0.0,4.0,0.0,0.0
745641,False,9,3.0,3,676664.0,672710.0,0.0,0.0,3.0,0.0,0.0,1.0,0.0,1.0,0.0
746524,False,9,3.0,1,621389.0,681867.0,3.0,2.0,1.0,0.0,0.0,0.0,0.0,0.0,0.0
745795,False,9,4.0,tie,656849.0,625643.0,0.0,0.0,0.0,4.0,0.0,0.0,3.0,4.0,0.0
745726,False,9,5.0,tie,573186.0,593423.0,0.0,1.0,1.0,0.0,5.0,0.0,5.0,0.0,0.0
745059,False,9,3.0,5,641793.0,671096.0,0.0,1.0,0.0,0.0,3.0,0.0,0.0,0.0,0.0
744912,False,9,6.0,1,605135.0,664285.0,6.0,0.0,0.0,0.0,1.0,0.0,1.0,0.0,0.0
744913,False,9,5.0,5,621244.0,681293.0,1.0,0.0,4.0,2.0,5.0,0.0,0.0,1.0,0.0
745553,False,9,7.0,4,663969.0,471911.0,0.0,0.0,0.0,7.0,0.0,1.0,0.0,0.0,0.0
745961,False,9,3.0,1,668964.0,667725.0,3.0,0.0,0.0,2.0,2.0,0.0,1.0,0.0,0.0
744989,False,9,6.0,8,543135.0,623167.0,1.0,1.0,1.0,0.0,2.0,1.0,0.0,6.0,0.0
746610,False,9,2.0,2,594902.0,650633.0,0.0,2.0,0.0,0.0,0.0,0.0,1.0,0.0,0.0
745637,False,9,4.0,1,687765.0,680570.0,4.0,0.0,1.0,0.0,0.0,2.0,1.0,0.0,1.0
746449,False,9,3.0,1,689225.0,641703.0,3.0,0.0,0.0,1.0,0.0,1.0,0.0,0.0,2.0
746205,False,9,4.0,2,656288.0,547179.0,0.0,4.0,1.0,0.0,2.0,0.0,0.0,2.0,0.0
746691,False,9,3.0,8,668933.0,669373.0,0.0,0.0,0.0,1.0,0.0,0.0,2.0,3.0,0.0
746043,True,12,,,,,,,,,,,,,
746687,False,9,6.0,3,671096.0,665795.0,0.0,1.0,6.0,5.0,0.0,4.0,0.0,0.0,0.0
745481,False,9,6.0,1,527048.0,605400.0,6.0,0.0,2.0,2.0,1.0,0.0,2.0,0.0,2.0
745155,False,9,3.0,5,669467.0,679525.0,0.0,1.0,2.0,0.0,3.0,1.0,0.0,2.0,1.0
746929,False,9,3.0,tie,656557.0,607074.0,3.0,0.0,0.0,3.0,0.0,0.0,1.0,2.0,1.0
745305,False,9,3.0,6,669062.0,596295.0,1.0,2.0,0.0,1.0,0.0,3.0,1.0,0.0,1.0
745309,False,9,2.0,tie,592662.0,676664.0,0.0,1.0,1.0,0.0,2.0,0.0,0.0,2.0,1.0
745556,False,9,3.0,5,650911.0,694813.0,1.0,1.0,0.0,1.0,3.0,0.0,0.0,1.0,0.0
747093,True,10,,,,,,,,,,,,,
744908,False,9,5.0,1,592332.0,547179.0,5.0,0.0,2.0,0.0,1.0,1.0,0.0,1.0,0.0
747175,False,9,3.0,8,669194.0,684320.0,0.0,0.0,1.0,1.0,1.0,1.0,1.0,3.0,1.0
744834,False,9,1.0,8,663623.0,500779.0,0.0,0.0,0.0,0.0,0.0,0.0,0.0,1.0,0.0
745476,False,9,3.0,3,663559.0,656849.0,0.0,0.0,3.0,2.0,0.0,2.0,0.0,0.0,0.0
747098,False,9,5.0,2,625643.0,675650.0,0.0,5.0,0.0,0.0,0.0,1.0,0.0,0.0,0.0
746848,False,9,1.0,8,592791.0,607067.0,0.0,0.0,0.0,0.0,0.0,0.0,0.0,1.0,0.0
746281,False,9,4.0,1,679525.0,656756.0,4.0,0.0,0.0,0.0,2.0,0.0,0.0,1.0,1.0
746368,False,9,3.0,7,669854.0,669432.0,1.0,1.0,0.0,0.0,1.0,0.0,3.0,1.0,0.0
746041,False,9,1.0,4,682610.0,622663.0,0.0,0.0,0.0,1.0,0.0,0.0,0.0,0.0,0.0
746200,False,9,4.0,1,608334.0,621112.0,4.0,2.0,0.0,0.0,0.0,3.0,0.0,0.0,0.0
746366,False,9,4.0,2,664285.0,663773.0,1.0,4.0,0.0,1.0,1.0,3.0,0.0,0.0,0.0
745150,False,9,9.0,6,502043.0,663623.0,0.0,1.0,1.0,0.0,0.0,9.0,1.0,1.0,4.0
745068,True,10,,,,,,,,,,,,,
746772,False,9,2.0,6,607200.0,641927.0,0.0,0.0,0.0,0.0,1.0,2.0,1.0,0.0,0.0
746364,False,9,4.0,6,681293.0,689981.0,0.0,0.0,0.0,0.0,1.0,4.0,0.0,2.0,1.0
745722,False,9,5.0,7,573186.0,669358.0,1.0,0.0,0.0,2.0,0.0,0.0,5.0,0.0,2.0
746278,False,9,4.0,7,607625.0,684007.0,2.0,1.0,1.0,0.0,0.0,3.0,4.0,0.0,2.0
745475,False,9,1.0,tie,694973.0,458681.0,0.0,0.0,0.0,0.0,1.0,0.0,0.0,1.0,1.0
745877,False,9,4.0,7,595345.0,605400.0,0.0,1.0,0.0,0.0,1.0,2.0,4.0,0.0,1.0
745487,True,10,,,,,,,,,,,,,
746133,False,9,3.0,tie,676272.0,573009.0,1.0,0.0,1.0,2.0,0.0,0.0,3.0,1.0,3.0
745391,False,9,5.0,9,656302.0,669194.0,2.0,0.0,0.0,0.0,0.0,0.0,2.0,1.0,5.0
745787,False,9,1.0,tie,640455.0,701581.0,0.0,0.0,0.0,1.0,1.0,0.0,0.0,0.0,0.0
746367,False,9,3.0,1,814005.0,682610.0,3.0,2.0,0.0,2.0,2.0,0.0,0.0,0.0,0.0
746529,False,9,2.0,2,596295.0,607625.0,0.0,2.0,0.0,0.0,1.0,1.0,0.0,0.0,0.0
744910,False,9,9.0,6,579328.0,681857.0,0.0,0.0,0.0,0.0,1.0,9.0,0.0,0.0,0.0
745885,False,9,3.0,tie,657746.0,686613.0,2.0,3.0,3.0,2.0,0.0,0.0,2.0,0.0,0.0
746859,False,9,2.0,tie,657006.0,656288.0,2.0,0.0,1.0,0.0,2.0,1.0,0.0,0.0,0.0
747181,True,11,,,,,,,,,,,,,
744911,False,9,3.0,4,605135.0,656427.0,0.0,0.0,0.0,3.0,0.0,2.0,2.0,2.0,0.0
746197,False,9,4.0,tie,656288.0,615698.0,4.0,4.0,2.0,3.0,0.0,0.0,2.0,2.0,0.0
746694,False,9,5.0,8,668881.0,656412.0,0.0,0.0,0.0,0.0,2.0,0.0,0.0,5.0,1.0
745721,False,9,4.0,3,543037.0,621107.0,0.0,0.0,4.0,1.0,0.0,2.0,0.0,0.0,0.0
746035,False,9,3.0,tie,665795.0,694646.0,0.0,0.0,0.0,3.0,0.0,3.0,3.0,0.0,0.0
744836,True,11,,,,,,,,,,,,,
745395,True,10,,,,,,,,,,,,,
745958,False,9,4.0,3,605452.0,693821.0,0.0,0.0,4.0,1.0,0.0,0.0,1.0,0.0,0.0
745968,False,9,6.0,6,607067.0,676596.0,0.0,0.0,4.0,0.0,0.0,6.0,1.0,3.0,0.0
745232,False,9,2.0,9,682243.0,542881.0,1.0,0.0,0.0,0.0,0.0,0.0,0.0,1.0,2.0
747087,False,9,3.0,3,656550.0,667725.0,1.0,0.0,3.0,0.0,2.0,0.0,1.0,0.0,0.0
744982,True,10,,,,,,,,,,,,,
745712,False,9,3.0,4,607074.0,543135.0,1.0,0.0,2.0,3.0,1.0,0.0,0.0,1.0,0.0
745871,False,9,6.0,5,686973.0,502171.0,1.0,1.0,0.0,0.0,6.0,0.0,1.0,0.0,0.0
746682,False,9,4.0,3,671096.0,543243.0,0.0,0.0,4.0,0.0,3.0,0.0,0.0,0.0,0.0
747086,False,9,3.0,1,693821.0,607067.0,3.0,1.0,2.0,1.0,0.0,2.0,0.0,1.0,0.0
745139,False,9,2.0,5,543243.0,477132.0,0.0,0.0,0.0,0.0,2.0,0.0,0.0,1.0,0.0
746437,False,9,2.0,8,656412.0,682243.0,1.0,0.0,0.0,0.0,0.0,0.0,0.0,2.0,0.0
746106,False,9,2.0,8,694813.0,682052.0,0.0,0.0,0.0,0.0,1.0,0.0,1.0,2.0,0.0
746120,False,9,4.0,6,477132.0,650911.0,0.0,0.0,0.0,0.0,1.0,4.0,0.0,1.0,2.0
746603,False,9,5.0,4,594902.0,684007.0,0.0,0.0,2.0,5.0,3.0,1.0,4.0,2.0,0.0
745056,False,9,4.0,8,656876.0,669203.0,3.0,1.0,0.0,0.0,3.0,0.0,1.0,4.0,0.0
744812,False,9,4.0,3,680730.0,685299.0,0.0,1.0,4.0,0.0,0.0,1.0,1.0,0.0,0.0
746028,False,9,4.0,tie,682610.0,656756.0,3.0,0.0,2.0,4.0,0.0,0.0,4.0,2.0,3.0
746521,False,9,4.0,9,663372.0,621112.0,2.0,1.0,0.0,1.0,0.0,0.0,0.0,0.0,4.0
745784,False,9,8.0,4,640455.0,682610.0,1.0,0.0,0.0,8.0,1.0,0.0,0.0,0.0,0.0
745870,False,9,2.0,tie,,,0.0,1.0,1.0,2.0,0.0,1.0,0.0,2.0,0.0
746022,False,9,5.0,5,678368.0,684007.0,1.0,0.0,2.0,1.0,5.0,0.0,3.0,2.0,2.0
747082,False,9,1.0,tie,680885.0,650911.0,1.0,1.0,1.0,0.0,0.0,1.0,1.0,0.0,0.0
745144,False,9,7.0,6,571945.0,680736.0,0.0,4.0,1.0,0.0,1.0,7.0,0.0,0.0,0.0
745879,False,9,6.0,2,680573.0,623167.0,2.0,6.0,2.0,1.0,0.0,0.0,4.0,5.0,0.0
747164,False,9,7.0,7,668678.0,605400.0,1.0,1.0,0.0,0.0,3.0,0.0,7.0,0.0,0.0
746523,False,9,4.0,7,685299.0,656550.0,1.0,0.0,3.0,2.0,1.0,0.0,4.0,0.0,0.0
744811,False,9,2.0,4,571578.0,543037.0,0.0,1.0,0.0,2.0,0.0,1.0,0.0,1.0,1.0
746103,False,9,4.0,3,621111.0,669203.0,1.0,3.0,4.0,0.0,2.0,0.0,0.0,0.0,0.0
746275,False,9,4.0,3,547179.0,571945.0,2.0,0.0,4.0,2.0,0.0,1.0,0.0,2.0,2.0
745864,True,10,,,,,,,,,,,,,
746108,True,10,,,,,,,,,,,,,
745294,False,9,5.0,5,690986.0,686563.0,0.0,0.0,0.0,0.0,5.0,1.0,0.0,2.0,0.0
745216,False,9,7.0,6,622491.0,622663.0,0.0,1.0,0.0,0.0,3.0,7.0,2.0,0.0,0.0
745381,False,9,4.0,3,527048.0,656605.0,3.0,1.0,4.0,0.0,0.0,1.0,0.0,0.0,1.0
745532,False,9,1.0,tie,554430.0,608331.0,0.0,0.0,1.0,0.0,0.0,1.0,1.0,0.0,0.0
745544,False,9,6.0,4,663969.0,665795.0,3.0,1.0,1.0,6.0,0.0,0.0,3.0,0.0,0.0
746027,False,9,5.0,3,670124.0,694297.0,0.0,0.0,5.0,0.0,2.0,2.0,2.0,2.0,2.0
746272,False,9,6.0,4,666142.0,676710.0,1.0,1.0,3.0,6.0,0.0,1.0,0.0,0.0,0.0
746754,False,9,3.0,tie,686563.0,689225.0,2.0,0.0,2.0,1.0,3.0,0.0,3.0,2.0,0.0
746268,False,9,6.0,3,608379.0,592836.0,1.0,0.0,6.0,1.0,1.0,0.0,0.0,2.0,0.0
745620,False,9,2.0,1,671212.0,671737.0,2.0,0.0,0.0,0.0,1.0,0.0,0.0,0.0,0.0
745133,False,9,3.0,5,502043.0,681190.0,2.0,1.0,2.0,1.0,3.0,0.0,1.0,0.0,1.0
745542,False,9,3.0,9,605400.0,571578.0,0.0,0.0,2.0,0.0,0.0,0.0,0.0,0.0,3.0
747166,False,9,6.0,7,518876.0,650911.0,3.0,0.0,4.0,0.0,3.0,1.0,6.0,0.0,0.0
746599,False,9,4.0,3,594902.0,592351.0,2.0,3.0,4.0,0.0,1.0,2.0,3.0,1.0,2.0
746922,False,9,3.0,8,670174.0,681293.0,1.0,0.0,0.0,0.0,1.0,2.0,2.0,3.0,0.0
745702,False,9,1.0,tie,607074.0,607536.0,0.0,0.0,0.0,1.0,1.0,1.0,0.0,0.0,0.0
746605,False,9,4.0,6,471911.0,665152.0,0.0,3.0,0.0,0.0,2.0,4.0,3.0,0.0,0.0
745548,False,9,2.0,1,592836.0,678368.0,2.0,0.0,1.0,0.0,0.0,0.0,1.0,0.0,1.0
745623,False,9,2.0,2,674370.0,605488.0,0.0,2.0,1.0,1.0,0.0,0.0,0.0,0.0,0.0
745630,False,9,3.0,7,683155.0,663436.0,0.0,2.0,0.0,0.0,0.0,0.0,3.0,0.0,0.0
744819,True,10,,,,,,,,,,,,,
746026,True,10,,,,,,,,,,,,,
744897,False,9,1.0,6,684320.0,674370.0,0.0,0.0,0.0,0.0,0.0,1.0,0.0,0.0,0.0
745464,False,9,3.0,4,663765.0,669923.0,2.0,2.0,0.0,3.0,1.0,2.0,2.0,1.0,0.0
747081,False,9,5.0,tie,450203.0,593423.0,3.0,3.0,5.0,0.0,5.0,0.0,2.0,3.0,2.0
746665,False,9,10.0,9,695076.0,669084.0,0.0,0.0,0.0,1.0,0.0,1.0,2.0,0.0,10.0
746030,True,10,,,,,,,,,,,,,
746915,False,9,5.0,5,677161.0,621244.0,0.0,0.0,1.0,0.0,5.0,0.0,0.0,2.0,2.0
747169,False,9,6.0,6,656756.0,663465.0,0.0,0.0,0.0,0.0,1.0,6.0,1.0,0.0,2.0
746628,False,9,3.0,4,680704.0,666142.0,0.0,2.0,0.0,3.0,0.0,0.0,1.0,1.0,0.0
745867,False,9,4.0,tie,805673.0,607625.0,3.0,1.0,1.0,1.0,4.0,4.0,2.0,0.0,0.0
745714,False,9,3.0,1,607074.0,621244.0,3.0,2.0,0.0,0.0,2.0,2.0,1.0,1.0,0.0
745625,False,9,5.0,2,676664.0,650644.0,1.0,5.0,0.0,4.0,0.0,0.0,0.0,0.0,4.0
746847,False,9,1.0,tie,543294.0,701581.0,0.0,0.0,1.0,0.0,1.0,0.0,0.0,0.0,1.0
745631,False,9,4.0,5,683155.0,694813.0,2.0,0.0,0.0,2.0,4.0,0.0,0.0,0.0,3.0
746916,False,9,3.0,tie,681867.0,684320.0,3.0,0.0,1.0,0.0,3.0,1.0,0.0,0.0,1.0
745468,False,9,3.0,tie,694973.0,669194.0,1.0,3.0,0.0,0.0,0.0,2.0,3.0,0.0,2.0
745700,False,9,5.0,3,573186.0,607200.0,0.0,1.0,5.0,0.0,0.0,0.0,0.0,3.0,0.0
746269,False,9,4.0,7,608379.0,669467.0,0.0,2.0,1.0,0.0,0.0,1.0,4.0,3.0,0.0
745467,False,9,4.0,5,663559.0,656302.0,0.0,0.0,0.0,0.0,4.0,0.0,0.0,0.0,2.0
745539,False,9,3.0,6,592836.0,663623.0,1.0,0.0,1.0,2.0,1.0,3.0,0.0,1.0,1.0
745711,False,9,4.0,7,573186.0,571760.0,1.0,0.0,1.0,0.0,3.0,2.0,4.0,3.0,1.0
745458,False,9,8.0,tie,656605.0,592791.0,0.0,2.0,3.0,0.0,0.0,8.0,2.0,3.0,8.0
745471,False,9,5.0,tie,682847.0,694297.0,5.0,0.0,0.0,1.0,2.0,5.0,1.0,1.0,2.0
745788,False,9,4.0,3,621112.0,671212.0,3.0,1.0,4.0,0.0,3.0,2.0,0.0,0.0,0.0
746923,False,9,6.0,6,572020.0,686613.0,0.0,0.0,1.0,0.0,5.0,6.0,0.0,0.0,0.0
746756,False,9,7.0,3,681066.0,669373.0,1.0,0.0,7.0,4.0,0.0,0.0,1.0,0.0,4.0
747080,True,10,,,,,,,,,,,,,
747165,False,9,3.0,6,694297.0,687134.0,0.0,1.0,1.0,2.0,0.0,3.0,2.0,0.0,0.0
747004,False,9,3.0,6,669432.0,663623.0,2.0,1.0,1.0,2.0,0.0,3.0,0.0,1.0,2.0
746680,False,9,5.0,8,686730.0,592662.0,0.0,2.0,0.0,2.0,0.0,1.0,0.0,5.0,0.0
744975,True,10,,,,,,,,,,,,,
747159,False,9,2.0,3,669194.0,656849.0,0.0,1.0,2.0,0.0,0.0,1.0,0.0,0.0,1.0
746189,False,9,4.0,4,667755.0,680885.0,0.0,0.0,0.0,4.0,0.0,1.0,0.0,0.0,0.0
744810,False,9,7.0,2,663623.0,684007.0,2.0,7.0,1.0,0.0,0.0,0.0,0.0,0.0,3.0
746841,False,9,2.0,5,657006.0,605135.0,1.0,0.0,0.0,0.0,2.0,0.0,1.0,0.0,1.0
746430,False,9,2.0,tie,669438.0,656288.0,0.0,2.0,1.0,0.0,0.0,2.0,0.0,0.0,0.0
745295,False,9,2.0,3,592662.0,663436.0,0.0,1.0,2.0,0.0,1.0,0.0,1.0,0.0,0.0
745380,False,9,3.0,tie,650633.0,805673.0,3.0,1.0,3.0,0.0,0.0,0.0,0.0,0.0,1.0
744892,False,9,3.0,8,592332.0,542881.0,0.0,0.0,1.0,1.0,1.0,2.0,2.0,3.0,0.0
745537,False,9,4.0,6,650911.0,669022.0,0.0,0.0,0.0,2.0,0.0,4.0,0.0,0.0,0.0
746919,True,10,,,,,,,,,,,,,
745301,False,9,6.0,1,592662.0,656550.0,6.0,0.0,1.0,0.0,1.0,2.0,1.0,2.0,2.0
746033,False,9,6.0,4,676974.0,666157.0,0.0,1.0,1.0,6.0,1.0,0.0,0.0,1.0,0.0
746842,False,9,3.0,3,665871.0,657746.0,2.0,1.0,3.0,2.0,0.0,0.0,0.0,2.0,0.0
746514,False,9,9.0,4,687134.0,678368.0,0.0,1.0,3.0,9.0,1.0,5.0,0.0,0.0,1.0
746748,False,9,1.0,tie,680897.0,543135.0,0.0,0.0,0.0,1.0,0.0,0.0,1.0,0.0,1.0
746513,False,9,4.0,5,663372.0,665795.0,0.0,0.0,0.0,0.0,4.0,1.0,0.0,0.0,0.0
744820,True,10,,,,,,,,,,,,,
745211,False,9,4.0,5,622491.0,656876.0,0.0,2.0,0.0,0.0,4.0,1.0,0.0,1.0,0.0
744973,False,9,1.0,9,571760.0,593334.0,0.0,0.0,0.0,0.0,0.0,0.0,0.0,0.0,1.0
745051,True,12,,,,,,,,,,,,,
746029,False,9,2.0,5,665795.0,593958.0,1.0,0.0,0.0,0.0,2.0,1.0,0.0,0.0,0.0
746600,True,10,,,,,,,,,,,,,
746597,False,9,5.0,2,676440.0,543135.0,0.0,5.0,1.0,1.0,0.0,0.0,1.0,0.0,0.0
744823,False,9,4.0,1,687792.0,650644.0,4.0,0.0,1.0,0.0,2.0,0.0,1.0,2.0,0.0
746749,False,9,3.0,3,686563.0,656731.0,1.0,1.0,3.0,0.0,0.0,0.0,0.0,0.0,1.0
744826,False,9,3.0,tie,680730.0,668964.0,1.0,0.0,0.0,0.0,0.0,3.0,0.0,3.0,0.0
745790,False,9,6.0,7,656849.0,683155.0,0.0,1.0,1.0,1.0,0.0,1.0,6.0,0.0,0.0
746839,False,9,2.0,5,665871.0,656412.0,0.0,1.0,0.0,0.0,2.0,1.0,0.0,0.0,0.0
746439,False,9,3.0,9,656412.0,608379.0,0.0,1.0,0.0,0.0,1.0,0.0,0.0,0.0,3.0
745866,False,9,4.0,7,701581.0,519242.0,1.0,0.0,0.0,0.0,0.0,1.0,4.0,0.0,0.0
745378,False,9,3.0,2,605397.0,621112.0,1.0,3.0,2.0,0.0,0.0,0.0,0.0,1.0,0.0
745538,True,10,,,,,,,,,,,,,
745466,False,9,4.0,9,682847.0,681190.0,2.0,2.0,0.0,0.0,0.0,3.0,2.0,0.0,4.0
745136,False,9,3.0,8,607200.0,593423.0,0.0,1.0,0.0,0.0,1.0,0.0,0.0,3.0,0.0
744987,False,9,6.0,4,674003.0,656557.0,1.0,0.0,0.0,6.0,0.0,3.0,1.0,0.0,0.0
745219,False,9,3.0,1,669302.0,640455.0,3.0,0.0,0.0,0.0,0.0,0.0,1.0,0.0,0.0
745297,False,9,4.0,9,657277.0,676979.0,1.0,0.0,0.0,3.0,0.0,0.0,0.0,0.0,4.0
746522,False,9,4.0,1,596295.0,656849.0,4.0,0.0,1.0,0.0,3.0,0.0,0.0,2.0,0.0
746507,False,9,4.0,4,663372.0,665152.0,0.0,3.0,0.0,4.0,3.0,0.0,0.0,2.0,0.0
746354,False,9,2.0,tie,579328.0,669358.0,2.0,0.0,0.0,2.0,0.0,0.0,1.0,0.0,0.0
745531,False,9,4.0,6,650911.0,450203.0,0.0,1.0,2.0,0.0,0.0,4.0,2.0,0.0,0.0
745058,False,9,5.0,3,671737.0,664285.0,1.0,0.0,5.0,0.0,1.0,0.0,0.0,0.0,0.0
745699,False,9,4.0,tie,701542.0,502043.0,0.0,1.0,4.0,0.0,0.0,2.0,0.0,4.0,0.0
745533,False,9,3.0,4,624133.0,625643.0,0.0,0.0,2.0,3.0,0.0,2.0,2.0,0.0,0.0
744971,False,9,2.0,2,674003.0,683155.0,0.0,2.0,0.0,1.0,0.0,1.0,0.0,0.0,1.0
746348,False,9,5.0,6,579328.0,666142.0,0.0,0.0,0.0,0.0,0.0,5.0,1.0,1.0,0.0
746353,False,9,3.0,9,664285.0,607625.0,0.0,0.0,1.0,0.0,0.0,0.0,0.0,1.0,3.0
745050,False,9,4.0,2,669358.0,681190.0,3.0,4.0,0.0,3.0,1.0,0.0,2.0,2.0,0.0
746516,False,9,2.0,6,687134.0,605397.0,0.0,0.0,1.0,1.0,0.0,2.0,0.0,1.0,0.0
747161,False,9,4.0,tie,593958.0,622663.0,0.0,1.0,2.0,1.0,4.0,1.0,0.0,4.0,0.0
745622,False,9,2.0,tie,687765.0,686752.0,1.0,0.0,0.0,0.0,2.0,1.0,2.0,0.0,0.0
745859,False,9,7.0,1,805673.0,621244.0,7.0,2.0,2.0,0.0,0.0,1.0,0.0,2.0,1.0
746431,True,10,,,,,,,,,,,,,
745703,False,9,5.0,3,701542.0,687134.0,1.0,1.0,5.0,1.0,1.0,0.0,2.0,0.0,0.0
746032,True,10,,,,,,,,,,,,,
746191,False,9,3.0,2,656288.0,500779.0,0.0,3.0,1.0,0.0,1.0,0.0,0.0,0.0,0.0
746434,False,9,3.0,2,672456.0,607074.0,1.0,3.0,0.0,0.0,0.0,0.0,0.0,0.0,0.0
746112,False,9,2.0,3,689981.0,694973.0,1.0,0.0,2.0,0.0,1.0,0.0,0.0,0.0,1.0
745055,False,9,1.0,tie,669358.0,579328.0,0.0,1.0,1.0,0.0,1.0,1.0,0.0,1.0,0.0
745872,False,9,4.0,6,701581.0,676440.0,0.0,1.0,0.0,1.0,0.0,4.0,0.0,2.0,0.0
745541,False,9,5.0,4,592836.0,681293.0,1.0,0.0,0.0,5.0,0.0,0.0,1.0,3.0,0.0
744815,False,9,4.0,6,571578.0,615698.0,0.0,0.0,2.0,0.0,0.0,4.0,0.0,3.0,2.0
746273,False,9,3.0,6,607625.0,678394.0,1.0,2.0,1.0,0.0,2.0,3.0,0.0,2.0,0.0
744979,False,9,3.0,6,543135.0,601713.0,1.0,1.0,1.0,1.0,1.0,3.0,0.0,1.0,0.0
745704,False,9,3.0,4,641482.0,676282.0,2.0,0.0,2.0,3.0,0.0,0.0,1.0,1.0,0.0
746608,False,9,6.0,8,676282.0,621107.0,0.0,0.0,2.0,2.0,1.0,0.0,0.0,6.0,0.0
745943,False,9,5.0,5,642547.0,690986.0,0.0,0.0,0.0,0.0,5.0,0.0,1.0,2.0,0.0
744974,False,9,4.0,5,571760.0,680573.0,0.0,1.0,1.0,0.0,4.0,1.0,0.0,0.0,0.0
745954,False,9,5.0,4,607067.0,694813.0,0.0,1.0,2.0,5.0,0.0,0.0,1.0,0.0,0.0
746917,False,9,2.0,tie,676710.0,668678.0,0.0,0.0,0.0,2.0,0.0,0.0,2.0,0.0,1.0
746511,False,9,3.0,9,596295.0,544150.0,0.0,1.0,2.0,2.0,0.0,0.0,0.0,0.0,3.0
746589,False,9,4.0,7,676440.0,608379.0,3.0,0.0,1.0,0.0,1.0,2.0,4.0,1.0,0.0
746023,False,9,4.0,8,670124.0,665871.0,2.0,1.0,1.0,0.0,0.0,0.0,0.0,4.0,1.0
747000,False,9,2.0,tie,665152.0,687792.0,2.0,1.0,0.0,0.0,0.0,0.0,2.0,0.0,0.0
746182,False,9,3.0,4,542881.0,693433.0,0.0,1.0,1.0,3.0,0.0,1.0,2.0,0.0,1.0
745780,False,9,2.0,tie,656849.0,669432.0,2.0,0.0,0.0,1.0,1.0,0.0,2.0,0.0,1.0
746436,True,10,,,,,,,,,,,,,
745869,False,9,1.0,tie,686973.0,666142.0,0.0,1.0,1.0,1.0,0.0,1.0,1.0,0.0,0.0
744813,False,9,2.0,tie,680730.0,641482.0,1.0,0.0,0.0,1.0,0.0,2.0,1.0,2.0,0.0
746671,False,9,4.0,7,596001.0,687765.0,0.0,0.0,0.0,1.0,0.0,0.0,4.0,2.0,2.0
745617,False,9,4.0,9,671212.0,607067.0,1.0,3.0,0.0,0.0,2.0,2.0,1.0,1.0,4.0
745950,False,9,3.0,tie,668964.0,656427.0,3.0,2.0,1.0,0.0,0.0,1.0,0.0,3.0,0.0
745049,False,9,2.0,tie,605488.0,668678.0,2.0,2.0,0.0,0.0,1.0,2.0,0.0,0.0,0.0
745374,False,9,6.0,8,527048.0,641927.0,0.0,1.0,0.0,2.0,1.0,0.0,2.0,6.0,0.0
744890,False,9,2.0,1,670102.0,608334.0,2.0,0.0,0.0,0.0,0.0,0.0,0.0,1.0,1.0
747078,False,9,3.0,7,625643.0,687792.0,1.0,0.0,0.0,0.0,0.0,1.0,3.0,0.0,1.0
745945,False,9,3.0,4,650644.0,806185.0,0.0,2.0,1.0,3.0,0.0,0.0,0.0,0.0,0.0
745376,False,9,2.0,8,527048.0,500779.0,0.0,0.0,0.0,1.0,0.0,0.0,1.0,2.0,1.0
745299,False,9,3.0,8,605483.0,670124.0,0.0,0.0,0.0,0.0,0.0,0.0,1.0,3.0,0.0
746357,False,9,3.0,3,681293.0,676979.0,0.0,1.0,3.0,0.0,1.0,2.0,0.0,1.0,1.0
745876,False,9,3.0,8,641927.0,676979.0,0.0,1.0,0.0,0.0,2.0,1.0,1.0,3.0,0.0
744895,False,9,6.0,1,605135.0,676664.0,6.0,0.0,0.0,2.0,0.0,1.0,0.0,3.0,0.0
746840,False,9,3.0,1,684007.0,641154.0,3.0,0.0,1.0,2.0,0.0,2.0,0.0,2.0,0.0
745953,False,9,2.0,tie,642547.0,477132.0,0.0,0.0,2.0,0.0,2.0,2.0,1.0,0.0,0.0
744972,False,9,5.0,6,683004.0,543037.0,0.0,0.0,3.0,0.0,0.0,5.0,2.0,1.0,1.0
745125,False,9,2.0,8,502043.0,669302.0,0.0,0.0,0.0,0.0,0.0,0.0,0.0,2.0,0.0
746509,False,9,7.0,8,596295.0,665871.0,2.0,3.0,0.0,1.0,0.0,0.0,1.0,7.0,0.0
746904,False,9,3.0,7,601713.0,671737.0,0.0,0.0,0.0,0.0,0.0,0.0,3.0,0.0,0.0
746990,False,9,3.0,4,544150.0,686563.0,2.0,0.0,0.0,3.0,2.0,0.0,0.0,0.0,2.0
746825,False,9,3.0,4,684007.0,663623.0,2.0,0.0,0.0,3.0,0.0,0.0,0.0,0.0,0.0
746264,False,9,3.0,8,663903.0,676440.0,0.0,1.0,0.0,0.0,1.0,1.0,2.0,3.0,0.0
745129,False,9,2.0,tie,543243.0,596001.0,0.0,0.0,1.0,0.0,0.0,2.0,2.0,2.0,0.0
745936,False,9,2.0,tie,650644.0,518876.0,2.0,0.0,0.0,0.0,1.0,0.0,0.0,0.0,2.0
746587,False,9,2.0,8,668909.0,805673.0,0.0,0.0,1.0,1.0,1.0,0.0,0.0,2.0,0.0
747069,False,9,4.0,2,680885.0,689017.0,1.0,4.0,1.0,1.0,0.0,0.0,0.0,1.0,0.0
746256,False,9,1.0,tie,608379.0,696131.0,1.0,0.0,0.0,0.0,0.0,1.0,0.0,0.0,1.0
745206,False,9,3.0,1,669923.0,571760.0,3.0,0.0,0.0,0.0,0.0,1.0,1.0,2.0,0.0
745358,False,9,3.0,8,506433.0,680732.0,0.0,0.0,2.0,0.0,0.0,1.0,0.0,3.0,0.0
745933,False,9,1.0,tie,642547.0,605400.0,0.0,1.0,0.0,0.0,1.0,0.0,0.0,0.0,1.0
746666,False,9,9.0,1,607259.0,681293.0,9.0,1.0,1.0,0.0,2.0,3.0,1.0,0.0,0.0
745767,False,9,1.0,tie,656731.0,554430.0,1.0,1.0,0.0,0.0,0.0,1.0,0.0,0.0,0.0
745685,False,9,3.0,tie,661563.0,694973.0,0.0,1.0,0.0,1.0,3.0,3.0,1.0,1.0,3.0
745614,False,9,8.0,7,676664.0,669923.0,1.0,2.0,0.0,3.0,0.0,1.0,8.0,4.0,0.0
746912,False,9,2.0,7,601713.0,663436.0,0.0,1.0,0.0,1.0,0.0,0.0,2.0,0.0,0.0
745610,False,9,4.0,7,676664.0,607074.0,2.0,1.0,3.0,0.0,0.0,0.0,4.0,0.0,0.0
745530,False,9,2.0,8,650911.0,656849.0,0.0,0.0,0.0,0.0,0.0,0.0,0.0,2.0,1.0
744877,False,9,2.0,tie,592332.0,690916.0,0.0,0.0,0.0,2.0,2.0,1.0,2.0,0.0,0.0
744962,False,9,1.0,tie,677958.0,592332.0,0.0,1.0,1.0,0.0,0.0,0.0,1.0,0.0,1.0
745854,False,9,5.0,7,680573.0,665795.0,3.0,0.0,2.0,1.0,0.0,0.0,5.0,0.0,0.0
744796,False,9,6.0,3,571578.0,608379.0,1.0,1.0,6.0,0.0,0.0,0.0,0.0,0.0,3.0
745455,False,9,2.0,tie,682847.0,687792.0,0.0,1.0,0.0,1.0,0.0,2.0,2.0,0.0,2.0
746740,False,9,4.0,9,623167.0,669372.0,0.0,2.0,1.0,0.0,0.0,3.0,2.0,1.0,4.0
746178,False,9,5.0,1,656288.0,676272.0,5.0,1.0,0.0,0.0,1.0,0.0,1.0,3.0,0.0
746984,False,9,2.0,tie,669203.0,663947.0,2.0,1.0,0.0,2.0,0.0,2.0,0.0,0.0,1.0
746417,False,9,2.0,tie,669724.0,676979.0,0.0,0.0,0.0,0.0,2.0,1.0,2.0,0.0,0.0
745370,True,10,,,,,,,,,,,,,
745450,False,9,2.0,1,663559.0,642834.0,2.0,1.0,0.0,0.0,0.0,0.0,0.0,0.0,1.0
745616,False,9,6.0,8,669372.0,689225.0,0.0,0.0,2.0,1.0,0.0,1.0,0.0,6.0,0.0
746185,True,10,,,,,,,,,,,,,
745449,False,9,2.0,tie,683003.0,663903.0,1.0,1.0,0.0,2.0,2.0,1.0,0.0,0.0,0.0
746338,False,9,4.0,3,669854.0,672282.0,1.0,3.0,4.0,2.0,0.0,0.0,2.0,0.0,2.0
747157,False,9,8.0,2,694297.0,680736.0,0.0,8.0,1.0,1.0,0.0,3.0,2.0,2.0,0.0
746909,False,9,4.0,6,678394.0,700249.0,2.0,0.0,3.0,1.0,0.0,4.0,3.0,2.0,0.0
746096,False,9,2.0,tie,621111.0,615698.0,1.0,2.0,2.0,1.0,1.0,0.0,0.0,0.0,2.0
746016,False,9,4.0,tie,685116.0,554430.0,3.0,4.0,0.0,1.0,3.0,4.0,0.0,0.0,3.0
744885,False,9,1.0,tie,605135.0,656557.0,0.0,1.0,1.0,1.0,0.0,0.0,0.0,1.0,1.0
745453,False,9,5.0,1,683003.0,571578.0,5.0,1.0,1.0,1.0,0.0,1.0,0.0,0.0,1.0
745932,False,9,2.0,4,607067.0,656849.0,1.0,0.0,0.0,2.0,1.0,1.0,0.0,0.0,0.0
747146,False,9,5.0,9,593958.0,681190.0,0.0,0.0,0.0,0.0,0.0,0.0,0.0,0.0,5.0
744807,False,9,4.0,3,669022.0,625643.0,0.0,0.0,4.0,3.0,1.0,2.0,0.0,1.0,1.0
746172,True,13,,,,,,,,,,,,,
746834,False,9,3.0,7,543294.0,694973.0,0.0,0.0,2.0,0.0,0.0,0.0,3.0,0.0,0.0
745688,False,9,3.0,7,657376.0,665152.0,0.0,1.0,0.0,2.0,0.0,1.0,3.0,1.0,0.0
747071,False,9,7.0,9,450203.0,621111.0,0.0,0.0,2.0,0.0,1.0,0.0,1.0,0.0,7.0
745521,False,9,4.0,tie,650911.0,665871.0,3.0,0.0,1.0,4.0,4.0,1.0,1.0,0.0,1.0
744878,False,9,3.0,tie,684320.0,675540.0,3.0,0.0,0.0,0.0,0.0,3.0,0.0,3.0,0.0
745853,True,13,,,,,,,,,,,,,
746422,False,9,3.0,7,689225.0,669203.0,0.0,0.0,1.0,0.0,0.0,0.0,3.0,0.0,2.0
746987,False,9,6.0,9,544150.0,605483.0,1.0,2.0,0.0,1.0,0.0,0.0,0.0,0.0,6.0
745941,False,9,3.0,6,593423.0,663372.0,0.0,1.0,0.0,0.0,0.0,3.0,1.0,0.0,0.0
745360,False,9,3.0,8,527048.0,623167.0,0.0,2.0,0.0,1.0,1.0,1.0,0.0,3.0,0.0
746743,False,9,4.0,8,686563.0,686799.0,0.0,0.0,0.0,0.0,0.0,0.0,1.0,4.0,0.0
744879,False,9,5.0,7,621244.0,670124.0,3.0,2.0,4.0,4.0,0.0,1.0,5.0,1.0,0.0
745606,True,10,,,,,,,,,,,,,
746496,False,9,2.0,8,663372.0,607455.0,0.0,1.0,0.0,0.0,0.0,0.0,0.0,2.0,0.0
744805,False,9,3.0,tie,680730.0,670766.0,3.0,0.0,2.0,0.0,0.0,0.0,0.0,3.0,1.0
745288,False,9,2.0,8,806185.0,593423.0,0.0,0.0,0.0,0.0,0.0,0.0,1.0,2.0,0.0
746426,False,9,3.0,5,689225.0,681867.0,0.0,0.0,0.0,0.0,3.0,2.0,0.0,0.0,0.0
746657,False,9,1.0,tie,668881.0,694973.0,1.0,0.0,0.0,0.0,1.0,0.0,0.0,0.0,0.0
744970,True,10,,,,,,,,,,,,,
745121,False,9,6.0,7,543243.0,663765.0,0.0,2.0,2.0,2.0,0.0,3.0,6.0,0.0,0.0
746180,False,9,4.0,4,702674.0,669854.0,0.0,0.0,1.0,4.0,0.0,0.0,0.0,2.0,3.0
746820,True,10,,,,,,,,,,,,,
747061,False,9,3.0,1,450203.0,679525.0,3.0,0.0,1.0,2.0,0.0,0.0,0.0,0.0,0.0
745044,False,9,4.0,tie,669358.0,601713.0,0.0,2.0,0.0,1.0,4.0,0.0,0.0,4.0,0.0
745779,False,9,2.0,tie,622663.0,678394.0,0.0,1.0,2.0,2.0,0.0,0.0,0.0,0.0,0.0
744801,False,9,2.0,4,669022.0,670124.0,0.0,0.0,1.0,2.0,1.0,0.0,1.0,1.0,1.0
745287,True,10,,,,,,,,,,,,,
746174,False,9,3.0,9,686799.0,543135.0,0.0,0.0,0.0,1.0,0.0,0.0,2.0,2.0,3.0
745774,False,9,2.0,9,622663.0,687924.0,0.0,0.0,0.0,0.0,0.0,1.0,1.0,0.0,2.0
746660,False,9,3.0,tie,695076.0,683003.0,0.0,0.0,3.0,3.0,0.0,1.0,0.0,0.0,1.0
746742,True,10,,,,,,,,,,,,,
745857,False,9,3.0,4,805673.0,686799.0,2.0,0.0,1.0,3.0,0.0,1.0,2.0,0.0,1.0
745691,False,9,6.0,6,543037.0,669203.0,0.0,1.0,0.0,0.0,0.0,6.0,2.0,1.0,1.0
745770,False,9,6.0,4,656849.0,650911.0,2.0,1.0,1.0,6.0,0.0,2.0,0.0,2.0,0.0
746098,False,9,2.0,8,656427.0,676440.0,0.0,0.0,0.0,1.0,1.0,0.0,0.0,2.0,0.0
745280,False,9,4.0,4,694738.0,571945.0,1.0,3.0,1.0,4.0,0.0,0.0,0.0,0.0,0.0
745127,False,9,2.0,4,458681.0,682227.0,0.0,0.0,0.0,2.0,0.0,0.0,0.0,1.0,0.0
745118,False,9,2.0,6,669467.0,668909.0,0.0,0.0,0.0,0.0,0.0,2.0,1.0,0.0,0.0
745536,True,11,,,,,,,,,,,,,
746905,True,12,,,,,,,,,,,,,
746254,False,9,3.0,3,679525.0,669373.0,1.0,1.0,3.0,0.0,0.0,0.0,0.0,1.0,0.0
744882,True,11,,,,,,,,,,,,,
745124,False,9,4.0,tie,571945.0,571510.0,0.0,0.0,0.0,2.0,1.0,0.0,4.0,4.0,0.0
745935,False,9,2.0,6,593423.0,554430.0,0.0,1.0,0.0,1.0,0.0,2.0,1.0,0.0,1.0
745778,False,9,5.0,8,656849.0,676710.0,0.0,0.0,2.0,0.0,1.0,0.0,1.0,5.0,0.0
745768,False,9,3.0,7,640455.0,624133.0,1.0,2.0,0.0,0.0,1.0,0.0,3.0,2.0,0.0
746019,True,10,,,,,,,,,,,,,
745292,False,9,7.0,5,657277.0,670766.0,1.0,0.0,1.0,0.0,7.0,2.0,1.0,0.0,0.0
746579,True,10,,,,,,,,,,,,,
746991,False,9,4.0,2,700249.0,680897.0,3.0,4.0,0.0,1.0,1.0,0.0,0.0,0.0,0.0
746819,False,9,3.0,8,543294.0,695076.0,0.0,0.0,0.0,0.0,0.0,0.0,0.0,3.0,0.0
746427,False,9,2.0,tie,669373.0,663372.0,0.0,0.0,1.0,2.0,0.0,0.0,1.0,0.0,2.0
745689,False,9,4.0,5,543037.0,678394.0,0.0,0.0,1.0,3.0,4.0,0.0,0.0,0.0,0.0
745686,False,9,5.0,3,657376.0,663559.0,2.0,0.0,5.0,0.0,1.0,0.0,0.0,2.0,0.0
746176,False,9,1.0,tie,656288.0,663436.0,0.0,0.0,1.0,1.0,1.0,1.0,1.0,0.0,0.0
746336,False,9,2.0,tie,664285.0,669302.0,1.0,1.0,2.0,1.0,2.0,0.0,0.0,0.0,0.0
746830,False,9,3.0,3,696136.0,687765.0,2.0,0.0,3.0,0.0,1.0,0.0,0.0,0.0,1.0
745692,False,9,2.0,tie,607074.0,683003.0,0.0,0.0,0.0,0.0,2.0,2.0,0.0,2.0,0.0
745128,False,9,5.0,1,571945.0,622491.0,5.0,4.0,0.0,0.0,2.0,0.0,0.0,2.0,1.0
745441,False,9,5.0,2,663559.0,668964.0,0.0,5.0,0.0,1.0,0.0,0.0,3.0,0.0,0.0
745454,False,9,2.0,2,694973.0,678368.0,1.0,2.0,0.0,1.0,0.0,0.0,0.0,0.0,1.0
745693,False,9,3.0,3,607074.0,676710.0,0.0,1.0,3.0,2.0,0.0,0.0,1.0,0.0,0.0
745526,False,9,7.0,2,621383.0,657006.0,1.0,7.0,0.0,0.0,0.0,4.0,0.0,2.0,0.0
745207,False,9,3.0,tie,676106.0,594798.0,2.0,0.0,0.0,0.0,1.0,0.0,3.0,3.0,0.0
747153,False,9,2.0,4,593958.0,642547.0,1.0,0.0,0.0,2.0,0.0,0.0,0.0,0.0,0.0
746177,False,9,3.0,5,542881.0,434378.0,2.0,0.0,0.0,1.0,3.0,0.0,0.0,1.0,1.0
745042,False,9,3.0,tie,671737.0,641154.0,0.0,3.0,3.0,0.0,0.0,0.0,1.0,0.0,0.0
746259,False,9,4.0,8,679525.0,641927.0,0.0,0.0,2.0,0.0,0.0,0.0,0.0,4.0,0.0
746013,False,9,3.0,1,678368.0,450203.0,3.0,0.0,1.0,1.0,1.0,1.0,0.0,0.0,0.0
746502,False,9,2.0,1,622608.0,518876.0,2.0,0.0,0.0,1.0,0.0,0.0,1.0,0.0,1.0
744964,False,9,4.0,9,543135.0,573186.0,1.0,1.0,0.0,3.0,2.0,3.0,2.0,0.0,4.0
746173,False,9,4.0,1,672282.0,594798.0,4.0,0.0,0.0,1.0,1.0,0.0,0.0,0.0,1.0
745205,False,9,3.0,tie,693433.0,661563.0,2.0,3.0,0.0,2.0,1.0,3.0,0.0,1.0,1.0
746592,False,9,3.0,7,502171.0,656605.0,2.0,0.0,0.0,1.0,0.0,1.0,3.0,0.0,0.0
746663,False,9,5.0,5,687924.0,519242.0,0.0,1.0,4.0,0.0,5.0,3.0,1.0,1.0,3.0
746499,False,9,4.0,9,622608.0,808967.0,1.0,3.0,2.0,1.0,3.0,0.0,0.0,1.0,4.0
746341,False,9,2.0,8,579328.0,660761.0,1.0,0.0,0.0,1.0,0.0,0.0,0.0,2.0,0.0
744958,False,9,5.0,6,641540.0,676106.0,2.0,0.0,2.0,0.0,0.0,5.0,0.0,0.0,3.0
745856,False,9,6.0,5,641154.0,656288.0,0.0,4.0,2.0,0.0,6.0,2.0,0.0,0.0,1.0
747064,False,9,2.0,7,656550.0,664192.0,0.0,1.0,0.0,0.0,0.0,0.0,2.0,0.0,0.0
746419,False,9,3.0,8,672456.0,700249.0,0.0,0.0,2.0,0.0,0.0,1.0,0.0,3.0,0.0
745369,False,9,4.0,9,527048.0,663554.0,1.0,2.0,0.0,0.0,0.0,0.0,0.0,0.0,4.0
746669,True,11,,,,,,,,,,,,,
745607,False,9,3.0,1,669620.0,674003.0,3.0,1.0,2.0,0.0,0.0,0.0,0.0,0.0,0.0
745852,False,9,5.0,7,701581.0,695076.0,0.0,0.0,0.0,3.0,0.0,3.0,5.0,0.0,0.0
745773,True,10,,,,,,,,,,,,,
745775,False,9,4.0,6,500779.0,596001.0,0.0,0.0,0.0,0.0,0.0,4.0,0.0,0.0,0.0
747074,False,9,3.0,2,608331.0,592332.0,0.0,3.0,1.0,0.0,0.0,0.0,0.0,0.0,0.0
745535,False,9,5.0,8,624133.0,671737.0,1.0,2.0,3.0,0.0,1.0,1.0,0.0,5.0,0.0
745208,False,9,3.0,tie,682243.0,677958.0,0.0,1.0,0.0,1.0,3.0,0.0,1.0,3.0,0.0
746831,False,9,3.0,5,657006.0,669620.0,0.0,0.0,0.0,1.0,3.0,0.0,2.0,2.0,0.0
745131,False,9,3.0,9,607200.0,682243.0,0.0,0.0,0.0,0.0,1.0,2.0,1.0,0.0,3.0
744960,False,9,3.0,5,594798.0,669923.0,0.0,0.0,1.0,2.0,3.0,0.0,2.0,2.0,0.0
744881,False,9,7.0,9,670102.0,640455.0,0.0,0.0,0.0,1.0,0.0,0.0,0.0,0.0,7.0
746258,False,9,2.0,5,608379.0,680573.0,0.0,0.0,0.0,0.0,2.0,0.0,0.0,0.0,0.0
745528,False,9,3.0,3,663465.0,622663.0,1.0,0.0,3.0,1.0,0.0,2.0,2.0,1.0,0.0
745846,False,9,3.0,5,641927.0,544150.0,0.0,1.0,1.0,0.0,3.0,0.0,2.0,1.0,0.0
746503,False,9,3.0,8,663372.0,656756.0,0.0,2.0,1.0,1.0,0.0,2.0,1.0,3.0,0.0
745210,False,9,3.0,tie,669923.0,506433.0,1.0,1.0,3.0,0.0,0.0,2.0,3.0,0.0,0.0
745367,False,9,2.0,8,506433.0,681293.0,1.0,0.0,0.0,1.0,0.0,0.0,0.0,2.0,0.0
745615,False,9,3.0,1,669372.0,622491.0,3.0,0.0,0.0,1.0,0.0,0.0,0.0,0.0,1.0
746583,False,9,4.0,8,689958.0,596001.0,1.0,0.0,0.0,1.0,0.0,0.0,1.0,4.0,0.0
746581,False,9,3.0,1,676440.0,686730.0,3.0,0.0,0.0,1.0,1.0,0.0,2.0,0.0,0.0
744888,False,9,2.0,tie,621114.0,656731.0,0.0,0.0,0.0,1.0,0.0,0.0,2.0,2.0,0.0
745858,False,9,9.0,4,680573.0,607259.0,1.0,0.0,0.0,9.0,1.0,0.0,0.0,1.0,0.0
745364,True,10,,,,,,,,,,,,,
745619,False,9,5.0,3,674370.0,669302.0,2.0,0.0,5.0,0.0,0.0,1.0,0.0,0.0,1.0
747070,False,9,6.0,6,519242.0,656427.0,1.0,0.0,4.0,0.0,0.0,6.0,0.0,0.0,0.0
746415,False,9,2.0,tie,681857.0,641302.0,0.0,0.0,2.0,0.0,1.0,2.0,0.0,2.0,0.0
745697,True,11,,,,,,,,,,,,,
744806,False,9,7.0,9,680730.0,696136.0,0.0,1.0,3.0,1.0,0.0,0.0,3.0,0.0,7.0
746986,False,9,2.0,tie,621107.0,686752.0,1.0,0.0,1.0,0.0,0.0,2.0,2.0,1.0,1.0
746829,False,9,1.0,tie,665871.0,657376.0,1.0,0.0,0.0,0.0,0.0,1.0,0.0,0.0,0.0
746983,True,10,,,,,,,,,,,,,
745934,False,9,5.0,5,607067.0,668678.0,1.0,2.0,0.0,0.0,5.0,3.0,0.0,0.0,0.0
778352,False,9,1.0,tie,606996.0,801403.0,1.0,0.0,0.0,0.0,1.0,0.0,0.0,0.0,0.0
778353,False,9,3.0,9,656876.0,700363.0,1.0,0.0,1.0,0.0,0.0,0.0,2.0,2.0,3.0
778150,False,9,4.0,4,607200.0,500779.0,3.0,0.0,0.0,4.0,1.0,0.0,0.0,0.0,0.0
778355,False,9,5.0,5,701542.0,663855.0,2.0,2.0,0.0,0.0,5.0,3.0,0.0,0.0,0.0
778226,False,9,3.0,2,592662.0,682990.0,0.0,3.0,0.0,0.0,1.0,1.0,1.0,1.0,0.0
778275,False,9,3.0,tie,690928.0,527048.0,3.0,0.0,1.0,3.0,0.0,1.0,3.0,1.0,1.0
778377,True,10,,,,,,,,,,,,,
778217,False,9,3.0,1,669854.0,605135.0,3.0,0.0,1.0,0.0,0.0,1.0,1.0,0.0,0.0
778142,False,9,4.0,7,669854.0,656427.0,0.0,0.0,2.0,3.0,0.0,2.0,4.0,2.0,0.0
778138,False,9,9.0,8,592866.0,656288.0,0.0,2.0,0.0,0.0,1.0,3.0,5.0,9.0,4.0
778342,False,9,2.0,tie,594902.0,666142.0,0.0,2.0,0.0,2.0,2.0,0.0,0.0,0.0,0.0
778267,False,9,3.0,6,519242.0,623437.0,2.0,0.0,1.0,1.0,0.0,3.0,0.0,0.0,0.0
778409,False,9,3.0,tie,695418.0,680736.0,2.0,3.0,0.0,3.0,1.0,0.0,0.0,1.0,0.0
778151,False,9,3.0,1,663855.0,683004.0,3.0,0.0,0.0,1.0,0.0,0.0,0.0,0.0,1.0
778452,False,9,3.0,1,680730.0,593958.0,3.0,0.0,0.0,1.0,0.0,1.0,1.0,0.0,1.0
778414,False,9,3.0,1,622663.0,650633.0,3.0,0.0,2.0,2.0,0.0,0.0,2.0,0.0,0.0
778256,False,9,2.0,3,673540.0,669461.0,0.0,0.0,2.0,0.0,0.0,0.0,0.0,1.0,0.0
778351,False,9,2.0,1,687473.0,542881.0,2.0,0.0,0.0,1.0,1.0,0.0,0.0,1.0,0.0
778457,False,9,4.0,1,663623.0,694297.0,4.0,0.0,1.0,0.0,2.0,1.0,2.0,0.0,0.0
778398,True,12,,,,,,,,,,,,,
778491,False,9,3.0,2,621244.0,592866.0,0.0,3.0,0.0,0.0,0.0,2.0,1.0,2.0,0.0
778437,False,9,7.0,5,686799.0,676440.0,4.0,0.0,2.0,0.0,7.0,0.0,0.0,1.0,0.0
778395,False,9,9.0,1,605488.0,656302.0,9.0,1.0,3.0,0.0,0.0,0.0,1.0,0.0,0.0
778177,False,9,4.0,8,668678.0,519242.0,0.0,3.0,0.0,1.0,0.0,2.0,0.0,4.0,0.0
778423,False,9,5.0,8,801403.0,683155.0,4.0,3.0,1.0,2.0,1.0,0.0,0.0,5.0,1.0
778323,False,9,4.0,4,641302.0,669373.0,2.0,2.0,0.0,4.0,1.0,0.0,0.0,0.0,1.0
778122,False,9,8.0,6,594798.0,682052.0,0.0,1.0,2.0,1.0,0.0,8.0,2.0,3.0,0.0
778325,False,9,3.0,tie,543243.0,664285.0,0.0,0.0,1.0,3.0,3.0,0.0,1.0,0.0,3.0
778485,False,9,2.0,tie,650633.0,671106.0,0.0,0.0,0.0,1.0,2.0,1.0,2.0,1.0,0.0
778469,False,9,2.0,tie,622491.0,669373.0,0.0,2.0,0.0,1.0,2.0,0.0,0.0,0.0,0.0
778238,False,9,3.0,3,621111.0,686563.0,1.0,1.0,3.0,0.0,0.0,0.0,0.0,1.0,0.0
778360,False,9,2.0,tie,682243.0,594798.0,1.0,1.0,0.0,2.0,0.0,2.0,0.0,2.0,0.0
778493,False,9,3.0,1,669358.0,802419.0,3.0,0.0,1.0,2.0,0.0,0.0,0.0,1.0,0.0
778458,False,9,3.0,9,656427.0,686563.0,1.0,1.0,2.0,2.0,1.0,1.0,0.0,0.0,3.0
778268,False,9,16.0,8,607067.0,669203.0,0.0,2.0,0.0,0.0,1.0,0.0,5.0,16.0,0.0
778219,False,9,2.0,tie,665795.0,607259.0,1.0,0.0,1.0,0.0,1.0,2.0,2.0,0.0,0.0
778447,False,9,3.0,tie,667755.0,668909.0,2.0,1.0,3.0,0.0,2.0,2.0,1.0,0.0,3.0
778157,False,9,5.0,5,671106.0,678394.0,0.0,2.0,0.0,1.0,5.0,4.0,3.0,0.0,1.0
778148,False,9,4.0,5,687134.0,666157.0,3.0,0.0,0.0,0.0,4.0,0.0,0.0,1.0,1.0
778145,False,9,6.0,1,607192.0,663559.0,6.0,1.0,0.0,0.0,3.0,1.0,0.0,0.0,0.0
778214,False,9,3.0,8,693821.0,571945.0,1.0,0.0,0.0,0.0,0.0,0.0,1.0,3.0,0.0
778147,False,9,4.0,7,694297.0,680885.0,1.0,1.0,0.0,1.0,2.0,0.0,4.0,0.0,1.0
778299,True,10,,,,,,,,,,,,,
778206,False,9,3.0,1,682847.0,607074.0,3.0,2.0,0.0,0.0,0.0,0.0,1.0,0.0,0.0
778337,False,9,4.0,tie,615698.0,669022.0,0.0,2.0,0.0,4.0,0.0,1.0,3.0,4.0,1.0
778481,True,11,,,,,,,,,,,,,
778384,True,11,,,,,,,,,,,,,
778379,False,9,7.0,9,622608.0,641302.0,0.0,0.0,6.0,1.0,5.0,0.0,0.0,0.0,7.0
778468,False,9,1.0,4,641482.0,666157.0,0.0,0.0,0.0,1.0,0.0,0.0,0.0,0.0,0.0
778264,True,10,,,,,,,,,,,,,
778259,False,9,2.0,6,669713.0,650633.0,0.0,0.0,1.0,0.0,1.0,2.0,1.0,0.0,0.0
778255,True,10,,,,,,,,,,,,,
778386,True,11,,,,,,,,,,,,,
778269,False,9,4.0,2,687473.0,606996.0,0.0,4.0,1.0,2.0,0.0,0.0,2.0,1.0,0.0
778375,False,9,4.0,8,676440.0,663460.0,0.0,0.0,0.0,3.0,0.0,0.0,0.0,4.0,0.0
778418,False,9,3.0,tie,669022.0,669160.0,0.0,2.0,3.0,0.0,0.0,0.0,3.0,2.0,0.0
778124,False,9,3.0,tie,687473.0,681857.0,1.0,0.0,0.0,0.0,1.0,3.0,3.0,0.0,2.0
778339,False,9,3.0,6,607074.0,657277.0,1.0,2.0,0.0,1.0,0.0,3.0,1.0,1.0,0.0
778463,False,9,5.0,1,621111.0,607200.0,5.0,0.0,2.0,3.0,3.0,0.0,4.0,2.0,3.0
778165,False,9,4.0,tie,605488.0,656457.0,4.0,2.0,0.0,1.0,0.0,1.0,4.0,0.0,1.0
778435,False,9,2.0,3,656849.0,670102.0,0.0,0.0,2.0,0.0,1.0,0.0,0.0,0.0,0.0
778426,False,9,3.0,3,690916.0,621244.0,0.0,0.0,3.0,0.0,1.0,0.0,2.0,1.0,1.0
778453,False,9,2.0,tie,641302.0,607259.0,0.0,1.0,0.0,0.0,2.0,0.0,0.0,2.0,0.0
778190,False,9,4.0,3,666142.0,608566.0,3.0,1.0,4.0,0.0,2.0,0.0,1.0,0.0,0.0
778387,False,9,5.0,9,656427.0,608331.0,0.0,0.0,0.0,0.0,0.0,0.0,2.0,0.0,5.0
778419,True,10,,,,,,,,,,,,,
778356,False,9,3.0,6,808967.0,571510.0,0.0,0.0,0.0,0.0,0.0,3.0,0.0,0.0,0.0
778357,False,9,4.0,3,671096.0,571760.0,0.0,0.0,4.0,0.0,1.0,0.0,2.0,0.0,0.0
778294,False,9,3.0,6,686563.0,674370.0,0.0,0.0,1.0,0.0,0.0,3.0,0.0,0.0,0.0
778186,False,9,6.0,4,641154.0,543294.0,1.0,1.0,2.0,6.0,1.0,3.0,1.0,0.0,0.0
778202,False,9,1.0,tie,686799.0,571760.0,0.0,0.0,1.0,0.0,1.0,0.0,0.0,0.0,1.0
778309,False,9,6.0,1,680732.0,605488.0,6.0,1.0,1.0,0.0,0.0,4.0,0.0,0.0,3.0
778433,False,9,3.0,9,695549.0,527048.0,2.0,1.0,0.0,1.0,0.0,0.0,0.0,0.0,3.0
778346,False,9,2.0,4,669372.0,656849.0,0.0,0.0,0.0,2.0,0.0,1.0,1.0,0.0,0.0
778161,False,9,4.0,2,622608.0,668881.0,0.0,4.0,0.0,1.0,1.0,1.0,0.0,0.0,3.0
778227,False,9,4.0,3,668909.0,657376.0,0.0,0.0,4.0,1.0,0.0,1.0,2.0,2.0,0.0
778319,False,9,3.0,2,686752.0,621111.0,1.0,3.0,2.0,2.0,0.0,0.0,1.0,0.0,2.0
778301,False,9,4.0,tie,665152.0,668909.0,0.0,4.0,1.0,0.0,0.0,0.0,1.0,4.0,0.0
778478,False,9,2.0,6,687922.0,669022.0,1.0,0.0,0.0,1.0,1.0,2.0,0.0,0.0,1.0
778132,True,10,,,,,,,,,,,,,
778393,False,9,3.0,tie,656550.0,592836.0,0.0,0.0,0.0,0.0,0.0,3.0,3.0,0.0,1.0
778198,False,9,4.0,6,657277.0,642547.0,0.0,0.0,0.0,0.0,0.0,4.0,0.0,0.0,2.0
778412,False,9,3.0,2,547179.0,680573.0,1.0,3.0,0.0,0.0,0.0,1.0,0.0,0.0,1.0
778443,True,10,,,,,,,,,,,,,
778428,True,11,,,,,,,,,,,,,
778476,False,9,4.0,3,656302.0,594902.0,0.0,0.0,4.0,0.0,0.0,0.0,2.0,1.0,0.0
778408,False,9,3.0,3,694973.0,543243.0,0.0,0.0,3.0,1.0,0.0,2.0,0.0,0.0,2.0
778149,True,10,,,,,,,,,,,,,
778358,False,9,6.0,6,676664.0,656288.0,0.0,3.0,0.0,0.0,1.0,6.0,0.0,1.0,2.0
778182,False,9,1.0,tie,607067.0,592836.0,0.0,1.0,1.0,1.0,0.0,0.0,1.0,0.0,0.0
778253,False,9,1.0,tie,694477.0,622663.0,0.0,0.0,1.0,0.0,1.0,1.0,0.0,0.0,1.0
778276,False,9,4.0,4,700249.0,671096.0,0.0,1.0,3.0,4.0,0.0,1.0,0.0,2.0,0.0
778164,False,9,3.0,9,543243.0,682990.0,0.0,1.0,2.0,2.0,2.0,1.0,0.0,0.0,3.0
778465,False,9,3.0,6,656731.0,592332.0,2.0,0.0,0.0,0.0,0.0,3.0,0.0,0.0,0.0
778175,False,9,6.0,5,669302.0,615698.0,0.0,1.0,0.0,0.0,6.0,3.0,0.0,2.0,0.0
778171,False,9,1.0,tie,434378.0,543135.0,0.0,0.0,1.0,0.0,0.0,1.0,0.0,0.0,0.0
778304,False,9,4.0,7,607259.0,682243.0,1.0,1.0,0.0,1.0,1.0,0.0,4.0,0.0,0.0
778195,False,9,3.0,5,547179.0,801403.0,0.0,1.0,1.0,0.0,3.0,1.0,0.0,2.0,0.0
778330,False,9,4.0,1,650633.0,607536.0,4.0,0.0,0.0,1.0,0.0,0.0,1.0,0.0,0.0
778266,False,9,2.0,4,622608.0,695418.0,1.0,0.0,0.0,2.0,0.0,0.0,0.0,1.0,0.0
778191,False,9,3.0,4,542881.0,669387.0,2.0,1.0,0.0,3.0,0.0,0.0,0.0,1.0,0.0
778405,False,9,4.0,8,669302.0,669713.0,0.0,0.0,0.0,0.0,2.0,1.0,0.0,4.0,0.0
778306,False,9,2.0,8,641816.0,579328.0,0.0,0.0,0.0,0.0,0.0,1.0,1.0,2.0,0.0
778315,False,9,5.0,8,656302.0,592791.0,0.0,0.0,1.0,3.0,0.0,2.0,3.0,5.0,0.0
778187,False,9,1.0,tie,607625.0,669713.0,0.0,0.0,0.0,0.0,1.0,1.0,0.0,0.0,0.0
778320,False,9,6.0,2,592836.0,694738.0,3.0,6.0,0.0,0.0,1.0,0.0,2.0,0.0,2.0
778162,True,10,,,,,,,,,,,,,
778117,False,9,4.0,9,623211.0,669203.0,0.0,0.0,1.0,0.0,0.0,0.0,2.0,0.0,4.0
778341,False,9,4.0,tie,693433.0,677958.0,1.0,0.0,4.0,0.0,1.0,0.0,4.0,0.0,1.0
778210,False,9,8.0,6,663855.0,500779.0,0.0,0.0,4.0,0.0,0.0,8.0,1.0,1.0,0.0
778112,False,9,3.0,5,669387.0,571510.0,1.0,0.0,0.0,1.0,3.0,0.0,2.0,0.0,0.0
778459,False,9,2.0,tie,666200.0,808967.0,1.0,0.0,0.0,0.0,0.0,0.0,2.0,0.0,2.0
778390,False,9,3.0,9,656731.0,676974.0,0.0,0.0,0.0,0.0,2.0,0.0,0.0,0.0,3.0
778381,False,9,1.0,tie,674370.0,681190.0,0.0,1.0,1.0,0.0,1.0,0.0,0.0,0.0,0.0
778224,False,9,4.0,7,678394.0,682243.0,2.0,0.0,1.0,0.0,2.0,2.0,4.0,0.0,0.0
778233,False,9,5.0,8,680885.0,607200.0,0.0,2.0,2.0,0.0,0.0,1.0,0.0,5.0,3.0
778140,False,9,3.0,3,608372.0,701542.0,0.0,1.0,3.0,0.0,0.0,0.0,1.0,2.0,0.0
778484,False,9,3.0,9,607074.0,668678.0,2.0,2.0,0.0,0.0,0.0,0.0,0.0,0.0,3.0
778333,False,9,4.0,9,622663.0,673540.0,0.0,0.0,0.0,0.0,0.0,1.0,2.0,1.0,4.0
778336,False,9,2.0,tie,669461.0,554430.0,0.0,0.0,0.0,2.0,0.0,2.0,1.0,2.0,0.0
778348,False,9,2.0,6,663978.0,695549.0,1.0,0.0,0.0,1.0,0.0,2.0,0.0,0.0,0.0
778371,False,9,6.0,8,663372.0,682990.0,1.0,0.0,0.0,1.0,0.0,0.0,1.0,6.0,0.0
778415,False,9,4.0,7,669387.0,669461.0,1.0,3.0,0.0,0.0,1.0,1.0,4.0,1.0,1.0
778322,False,9,4.0,5,687922.0,656550.0,2.0,0.0,2.0,0.0,4.0,1.0,0.0,2.0,1.0
778400,False,9,1.0,tie,666142.0,641154.0,0.0,0.0,0.0,1.0,1.0,0.0,0.0,1.0,0.0
778494,False,9,5.0,1,622663.0,657006.0,5.0,0.0,4.0,1.0,0.0,0.0,1.0,0.0,0.0
778479,False,9,2.0,8,686752.0,694973.0,0.0,1.0,0.0,0.0,1.0,1.0,0.0,2.0,1.0
778293,False,9,5.0,7,663559.0,680730.0,0.0,0.0,0.0,0.0,1.0,0.0,5.0,0.0,1.0
778489,False,9,2.0,tie,669713.0,657277.0,0.0,0.0,2.0,2.0,0.0,0.0,0.0,0.0,0.0
778120,False,9,3.0,tie,608566.0,700363.0,0.0,3.0,0.0,3.0,1.0,2.0,0.0,1.0,0.0
778125,False,9,4.0,6,656457.0,642547.0,3.0,0.0,0.0,0.0,0.0,4.0,0.0,2.0,0.0
778455,False,9,5.0,8,607625.0,665152.0,1.0,2.0,0.0,2.0,0.0,0.0,0.0,5.0,0.0
778498,False,9,1.0,1,686730.0,543135.0,1.0,0.0,0.0,0.0,0.0,0.0,0.0,0.0,0.0
778335,False,9,2.0,6,680573.0,663554.0,1.0,1.0,0.0,1.0,0.0,2.0,0.0,1.0,0.0
778295,False,9,3.0,3,500779.0,672456.0,0.0,1.0,3.0,0.0,0.0,2.0,0.0,0.0,0.0
778439,False,9,5.0,7,660730.0,663903.0,1.0,3.0,0.0,4.0,4.0,0.0,5.0,0.0,1.0
778209,False,9,2.0,tie,681857.0,606996.0,1.0,0.0,0.0,0.0,1.0,0.0,2.0,2.0,0.0
778283,False,9,3.0,9,663436.0,676664.0,1.0,0.0,0.0,0.0,1.0,2.0,1.0,0.0,3.0
778380,False,9,5.0,5,694297.0,665152.0,1.0,0.0,1.0,0.0,5.0,0.0,0.0,2.0,0.0
778143,False,9,2.0,5,571578.0,676664.0,0.0,0.0,0.0,0.0,2.0,1.0,0.0,0.0,0.0
778249,False,9,2.0,tie,656550.0,657746.0,2.0,1.0,2.0,1.0,1.0,0.0,1.0,0.0,0.0
778438,False,9,4.0,1,594798.0,671737.0,4.0,0.0,1.0,0.0,0.0,3.0,2.0,0.0,0.0
778178,False,9,4.0,6,622663.0,656457.0,0.0,0.0,0.0,0.0,2.0,4.0,2.0,1.0,2.0
778235,False,9,3.0,2,607536.0,663623.0,0.0,3.0,1.0,0.0,0.0,1.0,0.0,0.0,0.0
778313,False,9,3.0,6,666200.0,434378.0,0.0,2.0,0.0,2.0,0.0,3.0,2.0,1.0,0.0
778240,False,9,1.0,tie,686752.0,608331.0,1.0,0.0,1.0,0.0,0.0,1.0,0.0,0.0,1.0
778106,False,9,6.0,9,543135.0,622663.0,0.0,0.0,1.0,1.0,0.0,0.0,0.0,0.0,6.0
778289,False,9,3.0,2,571578.0,667755.0,0.0,3.0,0.0,0.0,0.0,1.0,0.0,0.0,0.0
778329,False,9,6.0,2,669713.0,543294.0,1.0,6.0,0.0,0.0,0.0,2.0,1.0,0.0,0.0
778389,True,13,,,,,,,,,,,,,
778467,False,9,1.0,tie,592836.0,622608.0,0.0,0.0,0.0,0.0,1.0,0.0,1.0,1.0,1.0
778223,False,9,3.0,7,656288.0,650911.0,1.0,2.0,0.0,0.0,0.0,0.0,3.0,0.0,0.0
778497,False,9,2.0,tie,645261.0,673540.0,2.0,1.0,1.0,2.0,0.0,0.0,0.0,0.0,0.0
778159,False,9,2.0,5,592662.0,641816.0,1.0,0.0,1.0,0.0,2.0,0.0,0.0,0.0,1.0
778477,True,11,,,,,,,,,,,,,
778246,True,10,,,,,,,,,,,,,
778316,False,9,6.0,5,666157.0,622491.0,1.0,1.0,2.0,0.0,6.0,0.0,0.0,2.0,0.0
778383,False,9,5.0,8,622379.0,686613.0,0.0,3.0,1.0,0.0,0.0,0.0,0.0,5.0,4.0
778239,False,9,5.0,7,701656.0,605488.0,4.0,1.0,1.0,2.0,1.0,1.0,5.0,0.0,0.0
778135,False,9,3.0,7,571760.0,684007.0,0.0,0.0,0.0,2.0,2.0,0.0,3.0,1.0,1.0
778332,False,9,2.0,tie,668678.0,642547.0,2.0,0.0,0.0,0.0,1.0,1.0,1.0,2.0,0.0
778475,False,9,4.0,2,664285.0,694738.0,2.0,4.0,0.0,0.0,2.0,0.0,0.0,1.0,0.0
778037,False,9,5.0,4,608337.0,543135.0,1.0,0.0,0.0,5.0,0.0,1.0,0.0,0.0,0.0
777724,False,9,2.0,9,641816.0,687606.0,0.0,0.0,0.0,0.0,0.0,0.0,0.0,0.0,2.0
778008,False,9,4.0,8,663460.0,663436.0,1.0,0.0,1.0,0.0,2.0,2.0,0.0,4.0,0.0
777850,False,9,8.0,6,677960.0,592791.0,1.0,0.0,1.0,0.0,0.0,8.0,0.0,0.0,5.0
777717,False,9,1.0,tie,615698.0,690986.0,1.0,0.0,0.0,1.0,0.0,0.0,0.0,0.0,0.0
777813,False,9,1.0,tie,519242.0,601713.0,1.0,1.0,0.0,0.0,0.0,0.0,0.0,0.0,1.0
777832,False,9,5.0,8,671737.0,686613.0,4.0,0.0,0.0,1.0,2.0,0.0,0.0,5.0,0.0
777917,False,9,5.0,8,808967.0,680684.0,1.0,1.0,2.0,1.0,1.0,1.0,0.0,5.0,0.0
778050,False,9,4.0,7,686799.0,681857.0,0.0,3.0,2.0,0.0,0.0,3.0,4.0,0.0,2.0
777819,False,9,4.0,4,657277.0,663738.0,1.0,2.0,1.0,4.0,2.0,0.0,0.0,0.0,2.0
778084,False,9,4.0,5,543243.0,605280.0,1.0,2.0,2.0,0.0,4.0,0.0,2.0,0.0,1.0
778100,False,9,3.0,tie,694973.0,607067.0,1.0,0.0,1.0,0.0,3.0,0.0,2.0,1.0,3.0
777760,False,9,3.0,tie,547179.0,607259.0,1.0,0.0,3.0,0.0,2.0,0.0,3.0,1.0,1.0
777823,False,9,4.0,3,687223.0,592836.0,3.0,1.0,4.0,1.0,1.0,2.0,0.0,0.0,2.0
778000,False,9,4.0,6,667755.0,605135.0,2.0,2.0,2.0,0.0,1.0,4.0,1.0,1.0,0.0
777867,False,9,2.0,tie,434378.0,605488.0,1.0,0.0,0.0,2.0,0.0,0.0,0.0,2.0,0.0
777848,False,9,2.0,8,641793.0,687888.0,0.0,1.0,1.0,0.0,0.0,0.0,0.0,2.0,1.0
777826,True,11,,,,,,,,,,,,,
777721,False,9,2.0,tie,682847.0,667755.0,0.0,1.0,0.0,0.0,0.0,0.0,2.0,0.0,2.0
777838,True,10,,,,,,,,,,,,,
777965,False,9,2.0,6,607625.0,608337.0,0.0,0.0,1.0,1.0,0.0,2.0,0.0,0.0,0.0
777773,False,9,3.0,1,673540.0,689017.0,3.0,0.0,1.0,0.0,0.0,0.0,0.0,0.0,0.0
777708,False,9,4.0,tie,664062.0,608331.0,2.0,4.0,1.0,0.0,0.0,4.0,2.0,0.0,0.0
777887,False,9,6.0,1,668678.0,608566.0,6.0,3.0,4.0,3.0,1.0,4.0,3.0,1.0,1.0
777731,False,9,1.0,tie,571510.0,685299.0,1.0,0.0,0.0,1.0,0.0,1.0,0.0,0.0,0.0
777842,False,9,4.0,7,622608.0,666200.0,3.0,0.0,0.0,1.0,1.0,0.0,4.0,0.0,2.0
778075,False,9,5.0,9,676974.0,674370.0,1.0,1.0,2.0,2.0,2.0,1.0,0.0,1.0,5.0
777705,False,9,1.0,2,665795.0,592662.0,0.0,1.0,0.0,0.0,0.0,0.0,0.0,0.0,0.0
777736,True,10,,,,,,,,,,,,,
777901,False,9,4.0,6,666142.0,669467.0,0.0,1.0,0.0,3.0,1.0,4.0,0.0,2.0,2.0
777928,False,9,2.0,7,666157.0,663436.0,0.0,1.0,0.0,0.0,1.0,1.0,2.0,1.0,0.0
777907,False,9,2.0,tie,700249.0,669022.0,0.0,1.0,2.0,0.0,0.0,2.0,0.0,1.0,1.0
777932,False,9,3.0,7,656302.0,667755.0,1.0,0.0,0.0,0.0,2.0,0.0,3.0,2.0,2.0
777885,False,9,1.0,6,702070.0,571945.0,0.0,0.0,0.0,0.0,0.0,1.0,0.0,0.0,0.0
777976,False,9,8.0,4,687134.0,663568.0,5.0,1.0,1.0,8.0,4.0,1.0,0.0,1.0,0.0
777771,False,9,3.0,4,450203.0,607200.0,1.0,0.0,1.0,3.0,2.0,0.0,0.0,0.0,0.0
777949,False,9,2.0,6,641816.0,801403.0,0.0,1.0,0.0,0.0,0.0,2.0,0.0,0.0,0.0
777958,False,9,3.0,5,682243.0,570632.0,0.0,1.0,1.0,1.0,3.0,2.0,2.0,0.0,0.0
778016,False,9,2.0,tie,543243.0,656605.0,0.0,0.0,2.0,0.0,1.0,0.0,0.0,2.0,0.0
777804,False,9,6.0,9,682052.0,554430.0,1.0,0.0,0.0,0.0,0.0,0.0,0.0,0.0,6.0
778059,True,10,,,,,,,,,,,,,
778046,False,9,4.0,6,695418.0,594902.0,0.0,0.0,0.0,0.0,0.0,4.0,3.0,2.0,1.0
778021,False,9,5.0,4,669358.0,650911.0,0.0,0.0,1.0,5.0,0.0,1.0,0.0,0.0,0.0
777696,False,9,10.0,1,694297.0,647336.0,10.0,1.0,0.0,2.0,0.0,5.0,0.0,0.0,0.0
777998,False,9,2.0,tie,663559.0,693821.0,0.0,0.0,1.0,0.0,0.0,2.0,0.0,0.0,2.0
778017,False,9,6.0,7,678368.0,689017.0,0.0,0.0,0.0,0.0,0.0,1.0,6.0,0.0,4.0
777808,True,13,,,,,,,,,,,,,
777966,False,9,3.0,6,680732.0,645261.0,0.0,0.0,1.0,1.0,0.0,3.0,1.0,0.0,0.0
777822,False,9,3.0,tie,621121.0,669923.0,1.0,1.0,2.0,3.0,1.0,3.0,0.0,0.0,0.0
777869,False,9,3.0,tie,683004.0,664285.0,0.0,0.0,0.0,3.0,0.0,0.0,1.0,3.0,0.0
777740,False,9,3.0,tie,700249.0,571945.0,0.0,3.0,0.0,3.0,3.0,0.0,1.0,0.0,0.0
778010,False,9,3.0,tie,680684.0,693433.0,3.0,0.0,0.0,2.0,1.0,3.0,0.0,2.0,0.0
777898,False,9,2.0,1,694477.0,657746.0,2.0,1.0,0.0,0.0,0.0,0.0,0.0,0.0,0.0
777974,False,9,2.0,3,657746.0,657277.0,0.0,1.0,2.0,0.0,0.0,0.0,0.0,0.0,0.0
778019,True,10,,,,,,,,,,,,,
777786,False,9,6.0,8,669461.0,518876.0,1.0,0.0,0.0,0.0,1.0,0.0,3.0,6.0,0.0
778072,False,9,2.0,8,608372.0,663460.0,0.0,0.0,0.0,1.0,1.0,0.0,0.0,2.0,0.0
778002,False,9,2.0,tie,641793.0,500779.0,1.0,0.0,1.0,2.0,0.0,1.0,0.0,2.0,0.0
778052,False,9,7.0,3,594798.0,688138.0,0.0,0.0,7.0,0.0,0.0,0.0,0.0,2.0,0.0
778076,False,9,6.0,4,680885.0,808963.0,0.0,2.0,2.0,6.0,0.0,0.0,0.0,3.0,0.0
778095,False,9,3.0,8,621244.0,656557.0,0.0,0.0,0.0,0.0,2.0,0.0,1.0,3.0,0.0
777864,False,9,2.0,4,608379.0,669461.0,0.0,0.0,0.0,2.0,0.0,0.0,1.0,0.0,0.0
778007,False,9,3.0,8,641927.0,665152.0,1.0,1.0,1.0,0.0,0.0,1.0,0.0,3.0,0.0
777831,False,9,3.0,7,676979.0,656731.0,0.0,1.0,0.0,0.0,1.0,0.0,3.0,0.0,1.0
777990,True,12,,,,,,,,,,,,,
777829,False,9,2.0,tie,663978.0,668909.0,0.0,0.0,1.0,0.0,0.0,2.0,0.0,1.0,2.0
778036,False,9,4.0,6,571945.0,669387.0,2.0,0.0,2.0,1.0,0.0,4.0,0.0,0.0,0.0
777858,False,9,3.0,2,686752.0,676467.0,0.0,3.0,0.0,0.0,2.0,1.0,1.0,0.0,0.0
777886,False,9,1.0,tie,641778.0,681857.0,0.0,1.0,0.0,0.0,0.0,0.0,0.0,1.0,1.0
778078,False,9,3.0,tie,605400.0,694297.0,0.0,3.0,3.0,1.0,0.0,0.0,2.0,0.0,0.0
778012,False,9,2.0,5,608379.0,686563.0,0.0,0.0,0.0,0.0,2.0,0.0,0.0,0.0,1.0
777843,False,9,4.0,tie,680684.0,543294.0,0.0,1.0,0.0,4.0,4.0,0.0,0.0,0.0,3.0
777891,False,9,4.0,3,657277.0,676664.0,0.0,0.0,4.0,0.0,0.0,3.0,0.0,3.0,0.0
777971,False,9,2.0,8,682847.0,554430.0,0.0,1.0,0.0,0.0,0.0,0.0,0.0,2.0,0.0
777986,False,9,2.0,2,543294.0,608372.0,1.0,2.0,0.0,0.0,0.0,0.0,1.0,0.0,1.0
777897,False,9,2.0,tie,669203.0,687223.0,0.0,2.0,1.0,2.0,0.0,0.0,2.0,1.0,0.0
777952,False,9,5.0,5,607067.0,615698.0,0.0,0.0,0.0,0.0,5.0,0.0,2.0,0.0,0.0
777700,False,9,5.0,1,673540.0,622608.0,5.0,0.0,0.0,3.0,0.0,0.0,1.0,1.0,0.0
777950,False,9,3.0,7,656849.0,694973.0,0.0,1.0,0.0,1.0,0.0,0.0,3.0,0.0,2.0
777937,False,9,4.0,5,689017.0,605488.0,0.0,0.0,3.0,0.0,4.0,0.0,2.0,1.0,2.0
777712,False,9,2.0,tie,607067.0,671096.0,2.0,0.0,0.0,2.0,0.0,2.0,0.0,2.0,0.0
777714,False,9,1.0,tie,664285.0,686752.0,1.0,0.0,0.0,0.0,0.0,0.0,0.0,1.0,1.0
777942,False,9,3.0,4,680885.0,647336.0,1.0,0.0,0.0,3.0,1.0,1.0,0.0,1.0,0.0
777807,False,9,2.0,1,695549.0,677944.0,2.0,0.0,0.0,0.0,0.0,1.0,0.0,0.0,1.0
777809,True,10,,,,,,,,,,,,,
778060,False,9,2.0,tie,693821.0,669160.0,2.0,0.0,2.0,1.0,0.0,1.0,1.0,0.0,0.0
777841,False,9,4.0,2,680730.0,675911.0,3.0,4.0,0.0,0.0,0.0,0.0,1.0,0.0,0.0
777844,False,9,2.0,tie,701656.0,669211.0,0.0,0.0,1.0,2.0,0.0,0.0,2.0,2.0,0.0
777959,False,9,3.0,9,656550.0,663623.0,0.0,0.0,2.0,1.0,1.0,0.0,0.0,0.0,3.0
778079,False,9,4.0,8,686563.0,664285.0,1.0,1.0,0.0,1.0,2.0,1.0,0.0,4.0,0.0
777730,False,9,3.0,tie,669923.0,592866.0,0.0,2.0,0.0,3.0,1.0,0.0,0.0,3.0,0.0
777812,False,9,5.0,7,622663.0,542881.0,2.0,0.0,1.0,1.0,3.0,0.0,5.0,0.0,3.0
777818,False,9,1.0,5,607074.0,543135.0,0.0,0.0,0.0,0.0,1.0,0.0,0.0,0.0,0.0
777815,False,9,14.0,8,678394.0,700249.0,0.0,0.0,2.0,1.0,0.0,5.0,0.0,14.0,2.0
777997,False,9,3.0,5,668909.0,605400.0,0.0,0.0,0.0,1.0,3.0,0.0,2.0,0.0,0.0
777762,False,9,4.0,8,641793.0,663978.0,0.0,0.0,0.0,0.0,0.0,3.0,2.0,4.0,0.0
777888,False,9,2.0,4,657376.0,656288.0,0.0,0.0,1.0,2.0,0.0,1.0,0.0,0.0,1.0
778064,False,9,4.0,9,592332.0,668909.0,1.0,0.0,1.0,0.0,1.0,0.0,0.0,1.0,4.0
777732,False,9,3.0,4,656876.0,641154.0,0.0,0.0,0.0,3.0,1.0,0.0,0.0,1.0,0.0
777757,False,9,2.0,5,592791.0,687223.0,1.0,0.0,0.0,0.0,2.0,0.0,1.0,0.0,0.0
777849,False,9,2.0,tie,701542.0,571578.0,0.0,1.0,0.0,1.0,0.0,1.0,0.0,2.0,2.0
777926,True,11,,,,,,,,,,,,,
777769,False,9,3.0,6,668909.0,808967.0,1.0,1.0,1.0,0.0,2.0,3.0,0.0,0.0,1.0
777879,True,10,,,,,,,,,,,,,
777777,False,9,4.0,9,663436.0,571578.0,0.0,2.0,0.0,1.0,0.0,2.0,0.0,0.0,4.0
777915,False,9,2.0,3,622491.0,701542.0,0.0,0.0,2.0,0.0,0.0,1.0,1.0,1.0,0.0
777783,False,9,2.0,tie,680885.0,656302.0,1.0,1.0,0.0,0.0,2.0,2.0,1.0,1.0,0.0
777772,True,10,,,,,,,,,,,,,
777925,False,9,3.0,tie,668909.0,701656.0,0.0,2.0,0.0,1.0,1.0,3.0,2.0,3.0,2.0
777876,False,9,5.0,3,678394.0,680885.0,2.0,0.0,5.0,1.0,3.0,0.0,0.0,3.0,0.0
778066,False,9,3.0,tie,663436.0,686613.0,3.0,0.0,1.0,2.0,0.0,3.0,0.0,2.0,0.0
777994,False,9,6.0,8,674370.0,701542.0,0.0,0.0,2.0,0.0,1.0,1.0,1.0,6.0,1.0
778022,False,9,8.0,6,647336.0,671106.0,0.0,1.0,2.0,0.0,0.0,8.0,3.0,0.0,0.0
777957,False,9,6.0,5,622663.0,642232.0,0.0,5.0,1.0,1.0,6.0,0.0,1.0,0.0,0.0
777916,False,9,4.0,tie,663855.0,593958.0,1.0,4.0,3.0,4.0,0.0,0.0,2.0,0.0,1.0
777778,False,9,3.0,3,647336.0,592662.0,0.0,1.0,3.0,0.0,0.0,0.0,0.0,0.0,1.0
777947,False,9,6.0,9,650633.0,579328.0,0.0,0.0,5.0,0.0,1.0,1.0,0.0,1.0,6.0
778070,False,9,1.0,tie,571578.0,622491.0,1.0,0.0,0.0,1.0,0.0,0.0,0.0,0.0,1.0
777882,False,9,2.0,tie,641816.0,669854.0,1.0,0.0,1.0,0.0,0.0,2.0,2.0,0.0,0.0
777782,False,9,10.0,5,607536.0,608331.0,1.0,0.0,0.0,1.0,10.0,0.0,0.0,2.0,0.0
777784,True,11,,,,,,,,,,,,,
777703,False,9,4.0,4,677944.0,543294.0,0.0,0.0,2.0,4.0,2.0,1.0,3.0,0.0,0.0
777814,False,9,4.0,1,681347.0,650644.0,4.0,1.0,0.0,1.0,0.0,2.0,0.0,3.0,2.0
778087,False,9,2.0,tie,668881.0,680730.0,2.0,1.0,2.0,0.0,1.0,1.0,0.0,0.0,0.0
777983,False,9,6.0,8,676440.0,624133.0,0.0,0.0,0.0,1.0,0.0,0.0,0.0,6.0,1.0
777996,False,9,1.0,tie,669373.0,571578.0,0.0,1.0,0.0,1.0,0.0,1.0,0.0,0.0,0.0
777817,False,9,1.0,tie,608566.0,624133.0,0.0,0.0,0.0,1.0,0.0,0.0,1.0,0.0,0.0
778057,False,9,3.0,tie,701542.0,671737.0,0.0,1.0,1.0,3.0,0.0,2.0,2.0,3.0,0.0
777856,False,9,2.0,1,690928.0,673540.0,2.0,1.0,1.0,0.0,0.0,0.0,0.0,0.0,0.0
777767,False,9,1.0,tie,543294.0,665795.0,0.0,0.0,1.0,1.0,1.0,0.0,0.0,0.0,0.0
778096,False,9,1.0,tie,641816.0,605488.0,1.0,0.0,0.0,0.0,0.0,0.0,1.0,1.0,0.0
777793,False,9,2.0,1,663623.0,690986.0,2.0,0.0,0.0,0.0,0.0,0.0,1.0,0.0,0.0
778024,False,9,3.0,9,605488.0,676106.0,2.0,1.0,1.0,0.0,0.0,0.0,0.0,1.0,3.0
778074,False,9,2.0,8,642232.0,641793.0,1.0,1.0,0.0,0.0,1.0,0.0,0.0,2.0,0.0
777801,False,9,2.0,tie,669022.0,694738.0,0.0,0.0,0.0,0.0,0.0,0.0,2.0,2.0,0.0
777975,False,9,1.0,tie,669203.0,669160.0,0.0,0.0,1.0,0.0,0.0,1.0,0.0,1.0,0.0
777753,False,9,5.0,tie,676440.0,669160.0,0.0,2.0,0.0,5.0,0.0,1.0,0.0,1.0,5.0
778025,False,9,7.0,8,542881.0,570632.0,4.0,0.0,0.0,0.0,0.0,0.0,0.0,7.0,0.0
777880,False,9,1.0,5,690953.0,694973.0,0.0,0.0,0.0,0.0,1.0,0.0,0.0,0.0,0.0
777866,False,9,3.0,tie,664062.0,579328.0,3.0,0.0,1.0,0.0,1.0,0.0,3.0,1.0,1.0
777940,True,11,,,,,,,,,,,,,
777874,False,9,2.0,4,671096.0,682847.0,0.0,0.0,0.0,2.0,0.0,1.0,1.0,0.0,0.0
777894,False,9,3.0,4,554430.0,669387.0,1.0,0.0,1.0,3.0,0.0,0.0,0.0,0.0,2.0
777789,False,9,3.0,tie,656849.0,664062.0,0.0,3.0,0.0,3.0,0.0,0.0,0.0,1.0,0.0
777921,False,9,3.0,4,592791.0,677960.0,0.0,1.0,0.0,3.0,0.0,0.0,0.0,0.0,0.0
778088,False,9,3.0,5,608331.0,686752.0,0.0,0.0,0.0,0.0,3.0,0.0,0.0,0.0,0.0
778031,False,9,4.0,1,694477.0,669713.0,4.0,0.0,0.0,0.0,0.0,0.0,3.0,0.0,0.0
778058,False,9,3.0,7,607259.0,669022.0,0.0,2.0,0.0,0.0,0.0,0.0,3.0,0.0,0.0
778068,False,9,6.0,3,669467.0,656731.0,0.0,2.0,6.0,0.0,0.0,1.0,0.0,0.0,0.0
777972,False,9,5.0,6,676664.0,607074.0,0.0,1.0,3.0,1.0,0.0,5.0,3.0,4.0,1.0
777747,True,10,,,,,,,,,,,,,
777751,True,11,,,,,,,,,,,,,
778038,True,11,,,,,,,,,,,,,
777827,False,9,2.0,tie,669467.0,676428.0,0.0,1.0,0.0,1.0,0.0,2.0,0.0,2.0,0.0
777962,False,9,2.0,tie,669022.0,571945.0,1.0,1.0,0.0,1.0,0.0,0.0,2.0,2.0,0.0
777715,False,9,3.0,5,592836.0,669084.0,2.0,0.0,0.0,1.0,3.0,0.0,1.0,0.0,1.0
778014,False,9,3.0,9,518876.0,673540.0,0.0,0.0,0.0,0.0,0.0,1.0,2.0,2.0,3.0
777726,False,9,5.0,tie,606996.0,645261.0,0.0,1.0,1.0,5.0,5.0,0.0,3.0,3.0,0.0
777824,False,9,3.0,6,669160.0,669203.0,0.0,0.0,0.0,1.0,0.0,3.0,0.0,0.0,0.0
778101,False,9,5.0,8,579328.0,663554.0,0.0,1.0,4.0,1.0,0.0,0.0,0.0,5.0,3.0
778061,False,9,2.0,tie,665795.0,676664.0,0.0,2.0,0.0,2.0,0.0,0.0,0.0,0.0,1.0
777933,False,9,6.0,tie,605400.0,543243.0,6.0,0.0,6.0,4.0,0.0,0.0,0.0,3.0,2.0
777779,False,9,6.0,1,666157.0,676962.0,6.0,1.0,0.0,0.0,4.0,1.0,3.0,4.0,0.0
777792,False,9,6.0,6,669060.0,683004.0,1.0,0.0,0.0,4.0,1.0,6.0,1.0,2.0,0.0
777741,False,9,2.0,8,543135.0,670102.0,0.0,0.0,0.0,0.0,0.0,0.0,0.0,2.0,0.0
777978,False,9,2.0,8,681343.0,665795.0,1.0,0.0,0.0,0.0,0.0,0.0,1.0,2.0,0.0
777980,False,9,4.0,2,592866.0,669467.0,0.0,4.0,0.0,0.0,0.0,0.0,0.0,2.0,0.0
777872,False,9,3.0,6,607067.0,686563.0,1.0,0.0,0.0,1.0,0.0,3.0,1.0,1.0,1.0
777800,False,9,3.0,tie,687473.0,676106.0,0.0,0.0,3.0,0.0,2.0,0.0,3.0,0.0,0.0
778033,False,9,2.0,tie,607625.0,680732.0,0.0,0.0,0.0,1.0,0.0,2.0,0.0,2.0,2.0
777938,False,9,7.0,3,694646.0,680573.0,1.0,2.0,7.0,0.0,1.0,0.0,0.0,3.0,0.0
777946,False,9,7.0,3,669422.0,674370.0,4.0,4.0,7.0,2.0,0.0,1.0,0.0,3.0,0.0
777315,False,9,7.0,7,543294.0,647336.0,0.0,1.0,0.0,0.0,1.0,0.0,7.0,1.0,0.0
777659,False,9,4.0,5,592866.0,690990.0,1.0,1.0,2.0,2.0,4.0,0.0,1.0,0.0,0.0
777507,False,9,2.0,tie,669923.0,676440.0,2.0,0.0,0.0,1.0,1.0,1.0,0.0,0.0,2.0
777684,False,9,2.0,tie,450203.0,605288.0,0.0,0.0,2.0,0.0,0.0,2.0,1.0,0.0,0.0
777534,False,9,4.0,2,622608.0,806185.0,0.0,4.0,0.0,2.0,3.0,1.0,2.0,0.0,3.0
777455,False,9,4.0,6,675911.0,605280.0,0.0,1.0,0.0,1.0,2.0,4.0,0.0,0.0,0.0
777632,False,9,3.0,9,663623.0,519141.0,2.0,1.0,0.0,0.0,0.0,2.0,0.0,0.0,3.0
777364,False,9,2.0,tie,434378.0,615698.0,0.0,2.0,1.0,0.0,2.0,0.0,1.0,0.0,0.0
777634,True,10,,,,,,,,,,,,,
777401,False,9,4.0,5,543056.0,682990.0,3.0,1.0,2.0,2.0,4.0,1.0,2.0,2.0,0.0
777677,False,9,1.0,3,663460.0,672456.0,0.0,0.0,1.0,0.0,0.0,0.0,0.0,0.0,0.0
777399,False,9,4.0,5,622608.0,694297.0,0.0,1.0,0.0,1.0,4.0,0.0,0.0,0.0,0.0
777623,True,10,,,,,,,,,,,,,
777446,False,9,3.0,6,656876.0,450203.0,0.0,0.0,1.0,1.0,0.0,3.0,0.0,0.0,0.0
777644,False,9,2.0,tie,608331.0,677944.0,0.0,0.0,0.0,2.0,0.0,0.0,2.0,0.0,0.0
777508,True,11,,,,,,,,,,,,,
777669,False,9,6.0,2,622663.0,657746.0,0.0,6.0,1.0,3.0,0.0,2.0,0.0,1.0,1.0
777396,False,9,2.0,tie,681190.0,607625.0,0.0,0.0,0.0,0.0,0.0,2.0,2.0,0.0,1.0
777562,False,9,7.0,8,621107.0,663554.0,0.0,0.0,2.0,0.0,0.0,0.0,2.0,7.0,0.0
777420,False,9,4.0,1,686752.0,676428.0,4.0,1.0,0.0,3.0,0.0,0.0,1.0,2.0,0.0
777356,False,9,8.0,6,680573.0,676106.0,0.0,0.0,0.0,0.0,2.0,8.0,0.0,0.0,1.0
777582,False,9,3.0,2,700241.0,477132.0,0.0,3.0,0.0,1.0,1.0,1.0,2.0,2.0,0.0
777685,False,9,7.0,8,592332.0,676664.0,1.0,0.0,0.0,0.0,4.0,0.0,0.0,7.0,0.0
777518,False,9,5.0,4,656731.0,656876.0,0.0,0.0,3.0,5.0,3.0,1.0,0.0,0.0,0.0
777329,False,9,6.0,4,677944.0,571945.0,1.0,0.0,0.0,6.0,2.0,5.0,0.0,0.0,1.0
777522,False,9,4.0,3,808967.0,657277.0,1.0,1.0,4.0,0.0,0.0,0.0,1.0,1.0,0.0
777344,False,9,1.0,tie,596295.0,477132.0,0.0,1.0,1.0,0.0,0.0,1.0,1.0,0.0,0.0
777464,True,10,,,,,,,,,,,,,
777649,False,9,9.0,1,608337.0,667755.0,9.0,3.0,0.0,2.0,1.0,0.0,1.0,2.0,2.0
777683,False,9,3.0,4,668909.0,686799.0,0.0,0.0,1.0,3.0,0.0,0.0,2.0,0.0,0.0
777403,False,9,5.0,8,607067.0,669302.0,3.0,1.0,0.0,1.0,4.0,2.0,4.0,5.0,0.0
777607,False,9,2.0,1,571760.0,624133.0,2.0,0.0,0.0,0.0,0.0,0.0,1.0,0.0,0.0
777553,False,9,3.0,tie,666200.0,676962.0,3.0,0.0,1.0,3.0,0.0,0.0,1.0,1.0,0.0
777637,False,9,4.0,tie,605135.0,666200.0,0.0,4.0,4.0,0.0,0.0,2.0,0.0,0.0,0.0
777584,True,11,,,,,,,,,,,,,
777494,True,10,,,,,,,,,,,,,
777504,False,9,6.0,7,656550.0,596295.0,0.0,0.0,1.0,0.0,0.0,1.0,6.0,3.0,0.0
777358,False,9,4.0,tie,801403.0,808967.0,0.0,0.0,0.0,0.0,0.0,4.0,4.0,1.0,0.0
777557,False,9,6.0,tie,680573.0,641816.0,0.0,0.0,0.0,5.0,6.0,3.0,0.0,6.0,0.0
777422,False,9,3.0,3,657376.0,621107.0,1.0,2.0,3.0,0.0,2.0,1.0,0.0,0.0,0.0
777418,False,9,3.0,2,621244.0,650644.0,1.0,3.0,0.0,0.0,0.0,1.0,1.0,2.0,0.0
777692,False,9,4.0,1,693821.0,676979.0,4.0,0.0,0.0,0.0,0.0,0.0,0.0,0.0,0.0
777554,False,9,4.0,2,694477.0,680885.0,0.0,4.0,0.0,2.0,0.0,0.0,1.0,1.0,0.0
777602,False,9,2.0,7,663903.0,668678.0,0.0,1.0,1.0,1.0,1.0,0.0,2.0,0.0,0.0
777498,False,9,3.0,tie,669160.0,663546.0,1.0,1.0,0.0,3.0,3.0,0.0,0.0,1.0,0.0
777561,False,9,3.0,5,621111.0,641793.0,1.0,2.0,0.0,1.0,3.0,0.0,0.0,0.0,0.0
777604,False,9,3.0,7,608566.0,605280.0,0.0,0.0,1.0,1.0,2.0,1.0,3.0,1.0,0.0
777354,False,9,3.0,tie,676440.0,592332.0,0.0,0.0,3.0,0.0,0.0,0.0,0.0,0.0,3.0
777456,False,9,8.0,6,622663.0,664285.0,0.0,1.0,1.0,1.0,0.0,8.0,0.0,0.0,4.0
777323,False,9,4.0,3,608337.0,605135.0,3.0,3.0,4.0,0.0,0.0,3.0,2.0,1.0,0.0
777564,True,10,,,,,,,,,,,,,
777476,False,9,2.0,3,701542.0,543294.0,0.0,1.0,2.0,0.0,0.0,0.0,1.0,0.0,0.0
777645,False,9,2.0,tie,676106.0,700249.0,0.0,0.0,0.0,1.0,0.0,2.0,2.0,0.0,0.0
777503,False,9,2.0,1,669022.0,691587.0,2.0,1.0,0.0,0.0,0.0,0.0,1.0,0.0,0.0
777421,False,9,3.0,6,656605.0,677958.0,0.0,0.0,1.0,0.0,1.0,3.0,0.0,0.0,0.0
777657,True,10,,,,,,,,,,,,,
777371,False,9,3.0,3,656427.0,682052.0,0.0,0.0,3.0,0.0,0.0,0.0,0.0,0.0,0.0
777662,False,9,3.0,6,656876.0,641816.0,0.0,1.0,0.0,0.0,0.0,3.0,1.0,1.0,0.0
777633,False,9,5.0,3,592662.0,656302.0,0.0,0.0,5.0,0.0,0.0,0.0,0.0,0.0,0.0
777462,False,9,4.0,6,641778.0,593958.0,1.0,0.0,1.0,0.0,0.0,4.0,3.0,0.0,0.0
777305,True,11,,,,,,,,,,,,,
777438,False,9,4.0,1,608331.0,608372.0,4.0,0.0,1.0,0.0,0.0,1.0,0.0,2.0,0.0
777567,False,9,3.0,3,621121.0,681343.0,0.0,1.0,3.0,1.0,0.0,0.0,0.0,1.0,0.0
777486,False,9,1.0,tie,669302.0,608337.0,1.0,0.0,1.0,0.0,0.0,0.0,0.0,0.0,0.0
777552,False,9,3.0,5,663559.0,615698.0,0.0,1.0,0.0,0.0,3.0,2.0,0.0,1.0,0.0
777331,False,9,5.0,tie,667755.0,663623.0,0.0,3.0,4.0,5.0,5.0,1.0,1.0,1.0,4.0
777661,False,9,3.0,tie,681343.0,689225.0,0.0,0.0,0.0,1.0,0.0,3.0,3.0,2.0,0.0
777665,False,9,6.0,1,670102.0,650911.0,6.0,1.0,0.0,0.0,1.0,0.0,0.0,3.0,0.0
777414,False,9,4.0,3,667755.0,687888.0,0.0,2.0,4.0,2.0,0.0,0.0,2.0,0.0,0.0
777391,False,9,4.0,4,694477.0,677952.0,1.0,0.0,0.0,4.0,3.0,1.0,0.0,0.0,0.0
777373,False,9,7.0,3,700241.0,592791.0,0.0,2.0,7.0,4.0,0.0,2.0,0.0,0.0,0.0
777666,False,9,2.0,tie,645261.0,801403.0,0.0,0.0,2.0,0.0,2.0,0.0,0.0,1.0,0.0
777451,False,9,4.0,2,669373.0,571760.0,1.0,4.0,0.0,2.0,3.0,1.0,0.0,0.0,0.0
777394,False,9,3.0,5,669432.0,571578.0,0.0,0.0,1.0,0.0,3.0,1.0,1.0,0.0,0.0
777535,False,9,5.0,8,693821.0,608566.0,3.0,0.0,0.0,2.0,0.0,3.0,3.0,5.0,0.0
777471,False,9,5.0,6,,,1.0,2.0,2.0,1.0,0.0,5.0,3.0,0.0,0.0
777390,False,9,3.0,4,666157.0,642216.0,1.0,0.0,0.0,3.0,1.0,0.0,0.0,2.0,0.0
777622,False,9,4.0,5,671106.0,676467.0,0.0,0.0,0.0,0.0,4.0,2.0,0.0,0.0,0.0
777460,False,9,4.0,3,571578.0,663460.0,2.0,0.0,4.0,1.0,0.0,0.0,0.0,2.0,0.0
777321,False,9,2.0,tie,682990.0,622608.0,2.0,0.0,0.0,2.0,1.0,0.0,0.0,0.0,0.0
777395,False,9,5.0,5,592662.0,608337.0,1.0,0.0,2.0,0.0,5.0,1.0,4.0,1.0,0.0
777447,False,9,3.0,tie,680732.0,607200.0,1.0,0.0,0.0,1.0,1.0,3.0,0.0,3.0,0.0
777545,False,9,2.0,tie,669461.0,641778.0,1.0,1.0,2.0,2.0,1.0,0.0,0.0,0.0,0.0
777333,False,9,4.0,7,680885.0,666200.0,1.0,1.0,0.0,0.0,0.0,1.0,4.0,0.0,0.0
777655,False,9,2.0,9,669923.0,608372.0,1.0,1.0,0.0,0.0,1.0,1.0,0.0,0.0,2.0
777355,True,10,,,,,,,,,,,,,
777588,False,9,4.0,2,682052.0,608372.0,1.0,4.0,0.0,0.0,0.0,0.0,0.0,1.0,0.0
777678,False,9,5.0,8,594798.0,607200.0,1.0,2.0,0.0,0.0,0.0,0.0,1.0,5.0,0.0
777660,False,9,6.0,5,669467.0,547179.0,2.0,2.0,5.0,0.0,6.0,2.0,0.0,0.0,0.0
777490,False,9,6.0,4,660271.0,656302.0,1.0,0.0,1.0,6.0,0.0,1.0,0.0,0.0,0.0
777605,False,9,5.0,3,642232.0,676979.0,0.0,4.0,5.0,4.0,0.0,0.0,0.0,2.0,2.0
777643,False,9,3.0,5,686993.0,805673.0,1.0,0.0,0.0,0.0,3.0,0.0,0.0,2.0,1.0
777362,False,9,2.0,tie,579328.0,690916.0,2.0,0.0,0.0,2.0,2.0,1.0,0.0,0.0,0.0
777412,False,9,3.0,8,680573.0,500779.0,2.0,2.0,0.0,0.0,0.0,0.0,0.0,3.0,2.0
777350,False,9,2.0,8,686613.0,650911.0,0.0,1.0,0.0,0.0,0.0,0.0,0.0,2.0,0.0
777617,False,9,1.0,tie,694477.0,681190.0,0.0,0.0,1.0,0.0,0.0,0.0,0.0,1.0,0.0
777345,False,9,4.0,8,678394.0,621244.0,1.0,1.0,1.0,0.0,0.0,0.0,2.0,4.0,0.0
777600,False,9,2.0,tie,663978.0,592332.0,1.0,1.0,0.0,2.0,0.0,1.0,0.0,2.0,2.0
777443,False,9,2.0,1,542888.0,608379.0,2.0,1.0,0.0,0.0,0.0,1.0,0.0,0.0,1.0
777385,True,11,,,,,,,,,,,,,
777478,False,9,6.0,6,671096.0,701581.0,0.0,0.0,1.0,4.0,0.0,6.0,0.0,0.0,0.0
777336,False,9,4.0,3,687888.0,690990.0,0.0,0.0,4.0,3.0,1.0,0.0,2.0,0.0,1.0
777400,False,9,2.0,2,676664.0,677944.0,0.0,2.0,0.0,0.0,1.0,0.0,0.0,0.0,0.0
777335,False,9,5.0,2,702070.0,669160.0,2.0,5.0,0.0,0.0,2.0,0.0,0.0,0.0,0.0
777501,False,9,4.0,7,656240.0,579328.0,3.0,0.0,1.0,1.0,0.0,2.0,4.0,2.0,0.0
777629,False,9,3.0,9,686752.0,683004.0,0.0,1.0,1.0,0.0,1.0,0.0,1.0,0.0,3.0
777457,False,9,3.0,tie,686218.0,663568.0,0.0,1.0,0.0,0.0,3.0,0.0,0.0,0.0,3.0
777296,False,9,4.0,4,656876.0,682052.0,3.0,0.0,1.0,4.0,0.0,0.0,0.0,0.0,2.0
777314,False,9,1.0,tie,669373.0,663978.0,1.0,0.0,0.0,1.0,1.0,0.0,0.0,0.0,0.0
777337,False,9,1.0,tie,701542.0,687765.0,0.0,1.0,1.0,1.0,0.0,0.0,0.0,0.0,0.0
777342,False,9,6.0,3,693821.0,690953.0,1.0,4.0,6.0,0.0,0.0,0.0,0.0,0.0,2.0
777383,False,9,3.0,7,673929.0,669194.0,1.0,1.0,0.0,0.0,0.0,0.0,3.0,0.0,0.0
777577,True,11,,,,,,,,,,,,,
777619,True,10,,,,,,,,,,,,,
777654,False,9,2.0,9,519242.0,518876.0,0.0,0.0,1.0,0.0,0.0,0.0,0.0,0.0,2.0
777603,False,9,3.0,tie,686799.0,622491.0,3.0,3.0,2.0,1.0,1.0,2.0,1.0,0.0,1.0
777376,True,10,,,,,,,,,,,,,
777357,False,9,3.0,2,607200.0,571510.0,1.0,3.0,1.0,2.0,1.0,0.0,0.0,0.0,0.0
777526,True,10,,,,,,,,,,,,,
777609,False,9,3.0,5,663947.0,592791.0,1.0,0.0,0.0,0.0,3.0,0.0,2.0,1.0,0.0
777624,False,9,1.0,tie,647336.0,571578.0,0.0,1.0,0.0,0.0,0.0,0.0,1.0,0.0,0.0
777670,False,9,6.0,1,690916.0,542881.0,6.0,0.0,1.0,0.0,4.0,1.0,0.0,1.0,0.0
777419,False,9,5.0,2,690990.0,676106.0,2.0,5.0,3.0,2.0,4.0,0.0,0.0,0.0,1.0
777318,True,10,,,,,,,,,,,,,
777656,True,10,,,,,,,,,,,,,
777369,False,9,6.0,4,605280.0,800311.0,0.0,0.0,1.0,6.0,0.0,0.0,1.0,0.0,2.0
777681,False,9,4.0,7,681190.0,571760.0,1.0,0.0,3.0,1.0,0.0,1.0,4.0,0.0,0.0
777375,False,9,6.0,3,663978.0,622491.0,0.0,0.0,6.0,4.0,0.0,0.0,0.0,0.0,1.0
777586,False,9,1.0,7,642547.0,686701.0,0.0,0.0,0.0,0.0,0.0,0.0,1.0,0.0,0.0
777449,False,9,4.0,2,607074.0,542881.0,2.0,4.0,0.0,0.0,0.0,1.0,1.0,2.0,0.0
777551,False,9,5.0,2,663460.0,657376.0,0.0,5.0,0.0,0.0,0.0,0.0,1.0,0.0,3.0
777466,False,9,1.0,tie,642232.0,686799.0,1.0,1.0,0.0,1.0,1.0,0.0,0.0,1.0,0.0
777367,False,9,2.0,tie,663903.0,608331.0,0.0,1.0,2.0,1.0,1.0,2.0,0.0,0.0,1.0
777481,False,9,3.0,6,615698.0,666200.0,0.0,2.0,0.0,1.0,2.0,3.0,1.0,2.0,0.0
777667,True,10,,,,,,,,,,,,,
777663,False,9,2.0,9,694973.0,621121.0,0.0,0.0,0.0,0.0,0.0,0.0,1.0,0.0,2.0
777597,False,9,3.0,9,500779.0,663568.0,0.0,0.0,0.0,1.0,0.0,0.0,1.0,2.0,3.0
777469,False,9,5.0,7,676664.0,669920.0,2.0,1.0,0.0,2.0,4.0,0.0,5.0,2.0,0.0
777566,False,9,2.0,tie,656605.0,645261.0,0.0,0.0,2.0,1.0,0.0,0.0,0.0,2.0,0.0
777359,False,9,3.0,2,608379.0,656876.0,0.0,3.0,0.0,0.0,0.0,0.0,0.0,0.0,0.0
777527,False,9,3.0,tie,676467.0,663978.0,3.0,2.0,3.0,2.0,0.0,1.0,0.0,1.0,1.0
777641,False,9,4.0,5,690986.0,601713.0,2.0,0.0,0.0,0.0,4.0,2.0,3.0,0.0,0.0
777437,False,9,6.0,7,554430.0,694918.0,0.0,0.0,0.0,2.0,0.0,2.0,6.0,2.0,0.0
777472,False,9,2.0,3,592662.0,677944.0,1.0,0.0,2.0,1.0,0.0,1.0,0.0,0.0,0.0
777381,False,9,8.0,1,686799.0,621111.0,8.0,0.0,0.0,1.0,0.0,1.0,0.0,4.0,0.0
777509,False,9,2.0,4,650911.0,670102.0,0.0,1.0,0.0,2.0,1.0,0.0,0.0,1.0,0.0
777439,False,9,3.0,3,676083.0,800311.0,0.0,1.0,3.0,1.0,0.0,1.0,1.0,1.0,0.0
777513,False,9,1.0,tie,571510.0,681347.0,1.0,0.0,1.0,0.0,0.0,1.0,0.0,0.0,0.0
777326,False,9,3.0,tie,657376.0,676664.0,0.0,0.0,0.0,1.0,0.0,3.0,0.0,3.0,0.0
777427,False,9,3.0,3,477132.0,669022.0,1.0,0.0,3.0,1.0,1.0,2.0,2.0,0.0,1.0
777680,False,9,2.0,9,622491.0,663978.0,0.0,0.0,0.0,0.0,0.0,0.0,1.0,0.0,2.0
777569,False,9,1.0,5,677944.0,671096.0,0.0,0.0,0.0,0.0,1.0,0.0,0.0,0.0,0.0
777608,True,10,,,,,,,,,,,,,
777642,True,10,,,,,,,,,,,,,
777436,False,9,4.0,1,571510.0,669923.0,4.0,0.0,0.0,1.0,1.0,2.0,2.0,0.0,3.0
777576,False,9,5.0,8,579328.0,680880.0,0.0,0.0,3.0,1.0,0.0,0.0,0.0,5.0,2.0
777638,False,9,3.0,tie,664062.0,656288.0,3.0,0.0,0.0,0.0,0.0,0.0,0.0,3.0,1.0
777320,False,9,7.0,4,621121.0,607067.0,1.0,0.0,2.0,7.0,0.0,1.0,0.0,4.0,0.0
777424,False,9,3.0,9,691587.0,656550.0,1.0,0.0,0.0,0.0,2.0,0.0,0.0,1.0,3.0
777482,False,9,3.0,tie,676962.0,694477.0,0.0,3.0,0.0,0.0,3.0,1.0,0.0,1.0,0.0
777330,False,9,4.0,tie,621107.0,641793.0,4.0,0.0,0.0,4.0,2.0,0.0,2.0,0.0,2.0
777548,False,9,5.0,6,593958.0,693433.0,1.0,0.0,0.0,0.0,1.0,5.0,0.0,0.0,0.0
777540,False,9,4.0,4,669211.0,669373.0,0.0,0.0,0.0,4.0,0.0,0.0,0.0,1.0,0.0
777627,False,9,5.0,1,701542.0,621111.0,5.0,2.0,0.0,0.0,2.0,4.0,2.0,0.0,0.0
777630,False,9,4.0,4,656605.0,664285.0,0.0,0.0,1.0,4.0,1.0,0.0,2.0,0.0,2.0
777585,False,9,3.0,2,657746.0,670102.0,0.0,3.0,2.0,2.0,2.0,0.0,0.0,0.0,0.0
777441,True,10,,,,,,,,,,,,,
777048,False,9,4.0,2,656876.0,663436.0,0.0,4.0,0.0,2.0,0.0,0.0,1.0,0.0,0.0
776997,False,9,4.0,8,657746.0,680730.0,0.0,0.0,1.0,1.0,3.0,2.0,1.0,4.0,0.0
776950,False,9,3.0,6,669920.0,647336.0,1.0,0.0,2.0,1.0,1.0,3.0,2.0,1.0,0.0
777005,False,9,2.0,4,571945.0,601713.0,0.0,1.0,0.0,2.0,0.0,0.0,0.0,0.0,0.0
777012,False,9,4.0,3,678394.0,686218.0,0.0,1.0,4.0,0.0,0.0,0.0,0.0,2.0,0.0
777011,False,9,1.0,5,805673.0,669022.0,0.0,0.0,0.0,0.0,1.0,0.0,0.0,0.0,0.0
777059,False,9,3.0,tie,669358.0,680732.0,0.0,3.0,3.0,2.0,2.0,0.0,1.0,0.0,0.0
777051,False,9,3.0,1,660271.0,701581.0,3.0,0.0,0.0,1.0,0.0,1.0,1.0,0.0,1.0
777174,False,9,2.0,tie,687888.0,677944.0,2.0,0.0,0.0,0.0,0.0,0.0,2.0,2.0,0.0
777234,False,9,2.0,tie,669194.0,608379.0,0.0,0.0,2.0,0.0,2.0,1.0,1.0,2.0,0.0
777118,False,9,4.0,5,543243.0,669721.0,0.0,1.0,1.0,0.0,4.0,2.0,1.0,0.0,0.0
777225,False,9,1.0,6,622491.0,681347.0,0.0,0.0,0.0,0.0,0.0,1.0,0.0,0.0,0.0
777093,False,9,3.0,8,615698.0,608379.0,1.0,0.0,0.0,0.0,0.0,0.0,0.0,3.0,0.0
776958,False,9,4.0,6,686799.0,594798.0,0.0,0.0,2.0,0.0,3.0,4.0,0.0,1.0,0.0
777144,False,9,1.0,4,676979.0,669358.0,0.0,0.0,0.0,1.0,0.0,0.0,0.0,0.0,0.0
777116,False,9,3.0,5,605488.0,621244.0,0.0,2.0,2.0,0.0,3.0,0.0,2.0,0.0,0.0
777013,False,9,3.0,4,607259.0,641793.0,0.0,1.0,1.0,3.0,0.0,2.0,2.0,0.0,0.0
777095,False,9,3.0,8,641793.0,665152.0,2.0,0.0,0.0,0.0,0.0,0.0,1.0,3.0,1.0
776955,False,9,8.0,6,607625.0,607200.0,1.0,3.0,0.0,0.0,0.0,8.0,1.0,2.0,0.0
777004,False,9,3.0,tie,657277.0,605280.0,3.0,0.0,1.0,3.0,0.0,0.0,0.0,0.0,2.0
777054,False,9,4.0,5,593423.0,543294.0,0.0,1.0,0.0,0.0,4.0,0.0,0.0,0.0,0.0
777176,False,9,4.0,1,687765.0,693821.0,4.0,2.0,0.0,1.0,1.0,2.0,1.0,0.0,0.0
777102,False,9,4.0,1,607536.0,663978.0,4.0,1.0,0.0,0.0,1.0,1.0,3.0,0.0,0.0
777277,False,9,6.0,7,657514.0,607259.0,0.0,1.0,0.0,0.0,0.0,2.0,6.0,3.0,0.0
777132,False,9,3.0,3,682052.0,592332.0,0.0,1.0,3.0,0.0,2.0,0.0,0.0,1.0,0.0
777035,False,9,1.0,6,669302.0,694819.0,0.0,0.0,0.0,0.0,0.0,1.0,0.0,0.0,0.0
777076,False,9,4.0,3,686752.0,669432.0,1.0,0.0,4.0,1.0,0.0,1.0,0.0,0.0,1.0
777268,False,9,3.0,3,543135.0,608372.0,0.0,0.0,3.0,2.0,1.0,0.0,0.0,0.0,0.0
776944,False,9,4.0,3,622663.0,688138.0,0.0,0.0,4.0,1.0,2.0,0.0,0.0,0.0,0.0
777071,False,9,4.0,1,518876.0,571945.0,4.0,0.0,2.0,0.0,1.0,0.0,0.0,0.0,1.0
776962,False,9,3.0,4,687064.0,641778.0,0.0,1.0,0.0,3.0,0.0,0.0,0.0,1.0,0.0
777263,False,9,3.0,1,691587.0,701581.0,3.0,0.0,1.0,0.0,0.0,0.0,1.0,0.0,0.0
777085,False,9,8.0,3,686218.0,642547.0,0.0,0.0,8.0,1.0,0.0,2.0,1.0,3.0,0.0
776994,False,9,3.0,tie,650644.0,690990.0,0.0,0.0,0.0,0.0,0.0,0.0,3.0,3.0,1.0
777205,False,9,1.0,6,669923.0,694973.0,0.0,0.0,0.0,0.0,0.0,1.0,0.0,0.0,0.0
776987,False,9,7.0,8,656427.0,453286.0,0.0,0.0,3.0,0.0,0.0,0.0,0.0,7.0,4.0
777154,False,9,3.0,tie,621121.0,683004.0,3.0,0.0,3.0,2.0,0.0,0.0,2.0,0.0,0.0
777160,False,9,2.0,4,695505.0,608566.0,0.0,0.0,1.0,2.0,0.0,0.0,1.0,1.0,0.0
776995,False,9,4.0,6,542881.0,669923.0,0.0,1.0,1.0,1.0,1.0,4.0,0.0,1.0,0.0
777135,False,9,4.0,tie,605540.0,829272.0,0.0,1.0,0.0,4.0,0.0,0.0,0.0,2.0,4.0
777018,False,9,3.0,5,579328.0,688138.0,1.0,0.0,0.0,0.0,3.0,0.0,1.0,1.0,0.0
777028,False,9,4.0,2,685299.0,669467.0,0.0,4.0,0.0,0.0,1.0,0.0,0.0,1.0,0.0
777224,False,9,2.0,3,665795.0,605540.0,0.0,0.0,2.0,0.0,1.0,0.0,0.0,1.0,0.0
777273,False,9,5.0,2,690953.0,601713.0,0.0,5.0,0.0,1.0,0.0,1.0,2.0,0.0,1.0
777246,False,9,3.0,tie,607067.0,571945.0,2.0,2.0,3.0,1.0,1.0,0.0,3.0,0.0,2.0
777104,False,9,3.0,tie,671106.0,622663.0,0.0,0.0,2.0,3.0,0.0,0.0,0.0,2.0,3.0
777242,True,10,,,,,,,,,,,,,
777156,True,11,,,,,,,,,,,,,
777066,False,9,4.0,5,592332.0,607074.0,0.0,0.0,0.0,1.0,4.0,0.0,0.0,0.0,0.0
777210,False,9,3.0,5,682052.0,806185.0,1.0,0.0,0.0,2.0,3.0,0.0,0.0,1.0,1.0
776948,False,9,8.0,7,665152.0,621244.0,3.0,2.0,0.0,0.0,3.0,1.0,8.0,0.0,0.0
777039,False,9,5.0,6,808967.0,680573.0,0.0,3.0,0.0,3.0,0.0,5.0,3.0,0.0,3.0
776967,False,9,2.0,tie,695505.0,808967.0,2.0,0.0,0.0,0.0,2.0,0.0,2.0,0.0,1.0
777231,True,11,,,,,,,,,,,,,
777063,True,10,,,,,,,,,,,,,
777145,False,9,5.0,3,663554.0,669923.0,1.0,1.0,5.0,1.0,3.0,1.0,2.0,4.0,4.0
776992,False,9,2.0,2,669461.0,681190.0,0.0,2.0,0.0,1.0,0.0,0.0,0.0,0.0,1.0
777128,False,9,3.0,3,607259.0,596295.0,1.0,0.0,3.0,0.0,1.0,0.0,1.0,0.0,0.0
777274,False,9,7.0,1,621244.0,701542.0,7.0,0.0,1.0,0.0,6.0,1.0,1.0,4.0,0.0
776933,True,10,,,,,,,,,,,,,
777016,False,9,4.0,5,672456.0,621244.0,0.0,1.0,0.0,2.0,4.0,1.0,0.0,0.0,0.0
776969,False,9,1.0,tie,664285.0,695418.0,0.0,0.0,0.0,0.0,1.0,1.0,1.0,0.0,0.0
777056,False,9,3.0,6,676282.0,687064.0,1.0,0.0,1.0,0.0,2.0,3.0,2.0,0.0,0.0
777287,False,9,3.0,2,571510.0,668909.0,0.0,3.0,0.0,2.0,0.0,1.0,0.0,1.0,0.0
776986,False,9,3.0,2,608372.0,596295.0,0.0,3.0,2.0,0.0,0.0,0.0,0.0,1.0,0.0
777060,False,9,3.0,2,694973.0,656427.0,0.0,3.0,0.0,0.0,0.0,0.0,0.0,0.0,0.0
776993,True,10,,,,,,,,,,,,,
777032,False,9,3.0,8,694297.0,687888.0,1.0,0.0,0.0,0.0,0.0,2.0,0.0,3.0,1.0
777257,False,9,2.0,6,656849.0,500779.0,0.0,1.0,0.0,1.0,0.0,2.0,1.0,0.0,0.0
776935,False,9,5.0,9,805673.0,678394.0,0.0,2.0,1.0,0.0,4.0,2.0,0.0,0.0,5.0
777120,True,10,,,,,,,,,,,,,
776939,False,9,7.0,7,641302.0,592836.0,0.0,1.0,0.0,3.0,0.0,0.0,7.0,0.0,1.0
777021,False,9,5.0,6,681857.0,641778.0,1.0,0.0,0.0,0.0,0.0,5.0,4.0,2.0,3.0
777047,False,9,3.0,7,571510.0,448179.0,0.0,2.0,0.0,0.0,1.0,0.0,3.0,0.0,0.0
776981,False,9,3.0,tie,683004.0,693821.0,3.0,3.0,3.0,0.0,0.0,0.0,0.0,0.0,0.0
776980,False,9,4.0,4,700241.0,663568.0,2.0,0.0,1.0,4.0,0.0,2.0,1.0,1.0,0.0
777233,False,9,2.0,tie,624133.0,666157.0,0.0,0.0,0.0,0.0,2.0,2.0,0.0,2.0,0.0
777217,False,9,2.0,tie,554430.0,695505.0,0.0,0.0,0.0,0.0,2.0,0.0,0.0,2.0,0.0
777168,False,9,4.0,6,666157.0,615698.0,1.0,1.0,0.0,0.0,0.0,4.0,0.0,0.0,0.0
777141,False,9,4.0,9,669432.0,676083.0,0.0,0.0,0.0,0.0,0.0,0.0,1.0,1.0,4.0
777271,False,9,5.0,6,686752.0,687765.0,1.0,2.0,0.0,0.0,0.0,5.0,0.0,0.0,3.0
777288,False,9,1.0,8,694973.0,669467.0,0.0,0.0,0.0,0.0,0.0,0.0,0.0,1.0,0.0
776978,False,9,1.0,tie,605540.0,691587.0,1.0,0.0,1.0,1.0,0.0,0.0,0.0,1.0,1.0
777220,True,10,,,,,,,,,,,,,
777276,False,9,5.0,2,623211.0,694819.0,0.0,5.0,0.0,0.0,0.0,4.0,0.0,1.0,0.0
777294,False,9,2.0,tie,690916.0,663903.0,2.0,0.0,1.0,2.0,0.0,1.0,0.0,2.0,0.0
777223,False,9,2.0,tie,663568.0,571578.0,1.0,2.0,2.0,2.0,0.0,1.0,2.0,1.0,0.0
777252,False,9,2.0,tie,675911.0,450203.0,0.0,0.0,1.0,0.0,2.0,2.0,0.0,0.0,0.0
777006,True,10,,,,,,,,,,,,,
777167,False,9,5.0,6,571945.0,647336.0,1.0,0.0,1.0,0.0,0.0,5.0,1.0,1.0,0.0
777218,False,9,2.0,tie,543101.0,547179.0,0.0,0.0,0.0,2.0,2.0,0.0,0.0,0.0,0.0
776963,False,9,3.0,4,666157.0,607192.0,0.0,2.0,0.0,3.0,1.0,0.0,2.0,0.0,1.0
777096,False,9,2.0,tie,684007.0,678394.0,2.0,1.0,0.0,0.0,0.0,0.0,1.0,2.0,0.0
777196,False,9,6.0,7,678394.0,607536.0,0.0,0.0,0.0,0.0,0.0,4.0,6.0,0.0,2.0
776984,False,9,2.0,tie,694973.0,668678.0,0.0,1.0,2.0,0.0,0.0,1.0,0.0,2.0,0.0
777131,False,9,6.0,8,579328.0,668678.0,1.0,1.0,0.0,4.0,2.0,1.0,0.0,6.0,0.0
777237,True,10,,,,,,,,,,,,,
777286,True,10,,,,,,,,,,,,,
776983,False,9,3.0,5,621111.0,669160.0,1.0,0.0,1.0,2.0,3.0,0.0,0.0,0.0,0.0
776929,False,9,4.0,3,642547.0,684007.0,2.0,0.0,4.0,1.0,1.0,3.0,0.0,0.0,2.0
777170,False,9,3.0,7,621111.0,671737.0,0.0,0.0,1.0,2.0,0.0,1.0,3.0,0.0,0.0
777062,False,9,2.0,2,691587.0,681190.0,0.0,2.0,0.0,1.0,0.0,0.0,0.0,0.0,0.0
777228,False,9,8.0,3,680730.0,621111.0,2.0,0.0,8.0,1.0,0.0,1.0,0.0,1.0,0.0
777178,False,9,4.0,1,669467.0,669022.0,4.0,0.0,0.0,3.0,1.0,0.0,2.0,0.0,0.0
777270,True,10,,,,,,,,,,,,,
777281,False,9,4.0,5,676106.0,547179.0,1.0,3.0,0.0,0.0,4.0,0.0,0.0,0.0,1.0
777192,True,10,,,,,,,,,,,,,
776954,False,9,4.0,tie,701487.0,608337.0,0.0,0.0,4.0,0.0,2.0,1.0,2.0,0.0,4.0
777256,False,9,2.0,tie,694297.0,592662.0,2.0,0.0,2.0,0.0,1.0,0.0,2.0,0.0,2.0
776988,False,9,6.0,2,607074.0,554430.0,0.0,6.0,0.0,0.0,1.0,0.0,0.0,0.0,0.0
777239,True,10,,,,,,,,,,,,,
777191,False,9,5.0,3,543243.0,663623.0,0.0,0.0,5.0,0.0,0.0,1.0,0.0,0.0,0.0
777031,False,9,3.0,3,607067.0,607625.0,2.0,1.0,3.0,0.0,2.0,2.0,1.0,1.0,0.0
777227,False,9,3.0,6,622663.0,657277.0,2.0,1.0,2.0,0.0,1.0,3.0,0.0,0.0,0.0
777130,False,9,3.0,6,678394.0,686752.0,0.0,0.0,1.0,1.0,0.0,3.0,0.0,0.0,0.0
777023,False,9,6.0,2,543243.0,506433.0,3.0,6.0,3.0,1.0,2.0,1.0,0.0,0.0,0.0
777137,True,11,,,,,,,,,,,,,
777159,False,9,7.0,3,686799.0,571578.0,2.0,0.0,7.0,0.0,2.0,1.0,0.0,2.0,1.0
777153,False,9,3.0,tie,607074.0,623167.0,0.0,0.0,3.0,0.0,2.0,1.0,2.0,3.0,0.0
777001,False,9,6.0,7,573186.0,624133.0,1.0,0.0,1.0,3.0,0.0,1.0,6.0,1.0,0.0
776956,False,9,5.0,6,682990.0,607067.0,0.0,2.0,1.0,0.0,3.0,5.0,1.0,0.0,0.0
777193,False,9,2.0,4,694819.0,477132.0,1.0,0.0,0.0,2.0,0.0,0.0,0.0,1.0,0.0
777185,False,9,1.0,7,601713.0,518876.0,0.0,0.0,0.0,0.0,0.0,0.0,1.0,0.0,0.0
777072,False,9,4.0,3,608566.0,657746.0,0.0,0.0,4.0,1.0,0.0,1.0,0.0,1.0,1.0
777258,False,9,8.0,1,663623.0,608650.0,8.0,1.0,0.0,1.0,2.0,0.0,2.0,4.0,0.0
777198,True,10,,,,,,,,,,,,,
777161,False,9,7.0,9,669373.0,622491.0,0.0,1.0,0.0,1.0,3.0,2.0,0.0,1.0,7.0
776959,False,9,9.0,5,656302.0,593423.0,0.0,1.0,1.0,0.0,9.0,0.0,0.0,0.0,2.0
777169,True,10,,,,,,,,,,,,,
777213,False,9,4.0,1,829272.0,676979.0,4.0,0.0,2.0,0.0,0.0,0.0,2.0,0.0,2.0
777045,False,9,2.0,tie,650911.0,690916.0,2.0,2.0,0.0,1.0,0.0,0.0,0.0,0.0,0.0
777034,False,9,5.0,3,640455.0,656271.0,1.0,0.0,5.0,1.0,0.0,0.0,2.0,0.0,0.0
777208,False,9,2.0,tie,663903.0,676083.0,0.0,1.0,0.0,0.0,2.0,2.0,1.0,0.0,0.0
777084,False,9,3.0,tie,668909.0,605488.0,1.0,1.0,0.0,3.0,1.0,0.0,1.0,3.0,0.0
776998,False,9,3.0,2,676979.0,477132.0,2.0,3.0,0.0,0.0,1.0,0.0,0.0,0.0,0.0
776928,True,10,,,,,,,,,,,,,
777101,False,9,3.0,1,607067.0,608337.0,3.0,0.0,1.0,0.0,0.0,1.0,0.0,0.0,0.0
777165,False,9,3.0,8,450203.0,656849.0,0.0,0.0,0.0,0.0,1.0,0.0,0.0,3.0,0.0
777179,False,9,7.0,8,608337.0,622608.0,0.0,1.0,0.0,1.0,2.0,1.0,0.0,7.0,0.0
777044,False,9,3.0,tie,656605.0,663554.0,0.0,2.0,1.0,2.0,3.0,3.0,0.0,2.0,0.0
777073,False,9,1.0,tie,656641.0,669373.0,0.0,1.0,0.0,0.0,0.0,0.0,1.0,1.0,0.0
777140,False,9,2.0,tie,663903.0,687134.0,1.0,0.0,2.0,0.0,0.0,0.0,2.0,0.0,2.0
777293,False,9,1.0,tie,665795.0,657746.0,0.0,1.0,0.0,0.0,0.0,0.0,0.0,1.0,0.0
776996,False,9,3.0,tie,500779.0,676083.0,0.0,1.0,1.0,3.0,3.0,2.0,0.0,0.0,1.0
777151,False,9,4.0,9,608379.0,673540.0,0.0,0.0,1.0,0.0,0.0,1.0,2.0,3.0,4.0
777079,False,9,5.0,tie,621244.0,592662.0,2.0,0.0,2.0,0.0,5.0,5.0,0.0,0.0,0.0
776957,False,9,1.0,tie,676664.0,622491.0,0.0,1.0,0.0,1.0,1.0,1.0,0.0,0.0,0.0
777026,False,9,2.0,tie,647336.0,666157.0,0.0,0.0,0.0,1.0,0.0,0.0,0.0,2.0,2.0
777214,False,9,2.0,4,592332.0,542881.0,1.0,0.0,0.0,2.0,1.0,1.0,0.0,0.0,0.0
777107,False,9,4.0,7,663559.0,686563.0,3.0,0.0,0.0,2.0,0.0,2.0,4.0,0.0,0.0
777253,False,9,4.0,3,669160.0,650644.0,1.0,0.0,4.0,0.0,0.0,0.0,1.0,2.0,0.0
777229,False,9,6.0,8,519141.0,669461.0,2.0,1.0,0.0,2.0,0.0,2.0,1.0,6.0,0.0
776972,False,9,4.0,3,663436.0,650911.0,0.0,0.0,4.0,2.0,0.0,0.0,0.0,2.0,0.0
777077,False,9,5.0,1,669022.0,601713.0,5.0,1.0,2.0,0.0,1.0,0.0,0.0,0.0,0.0
777149,False,9,7.0,3,669084.0,680730.0,0.0,0.0,7.0,1.0,0.0,1.0,2.0,0.0,0.0
776750,False,9,3.0,4,608372.0,688138.0,0.0,0.0,0.0,3.0,2.0,2.0,0.0,0.0,1.0
776755,False,9,4.0,tie,605540.0,656605.0,0.0,0.0,2.0,4.0,3.0,4.0,4.0,0.0,0.0
776818,False,9,4.0,2,669467.0,607067.0,2.0,4.0,1.0,1.0,1.0,1.0,0.0,0.0,0.0
776774,False,9,3.0,tie,607074.0,701519.0,2.0,3.0,0.0,0.0,1.0,0.0,3.0,1.0,0.0
776878,False,9,2.0,3,647336.0,666157.0,0.0,1.0,2.0,0.0,0.0,1.0,1.0,0.0,0.0
776783,False,9,2.0,tie,571945.0,801403.0,0.0,0.0,1.0,0.0,0.0,0.0,2.0,2.0,0.0
776858,False,9,6.0,7,686218.0,571945.0,2.0,2.0,3.0,0.0,0.0,0.0,6.0,3.0,2.0
776892,False,9,6.0,1,676282.0,570632.0,6.0,0.0,0.0,0.0,0.0,0.0,0.0,1.0,2.0
776646,False,9,3.0,1,687473.0,669456.0,3.0,1.0,0.0,0.0,0.0,2.0,0.0,1.0,0.0
776690,False,9,2.0,3,608379.0,683004.0,1.0,1.0,2.0,0.0,1.0,1.0,0.0,1.0,0.0
776669,False,9,1.0,4,694462.0,527048.0,0.0,0.0,0.0,1.0,0.0,0.0,0.0,0.0,0.0
776706,False,9,2.0,tie,671106.0,607200.0,0.0,1.0,2.0,2.0,2.0,2.0,0.0,0.0,0.0
776904,False,9,6.0,6,596295.0,694973.0,1.0,0.0,0.0,0.0,3.0,6.0,1.0,1.0,1.0
776536,False,9,2.0,tie,671096.0,700241.0,1.0,0.0,0.0,2.0,0.0,0.0,2.0,1.0,0.0
776526,False,9,3.0,6,685326.0,665871.0,1.0,1.0,0.0,0.0,2.0,3.0,0.0,0.0,0.0
776742,False,9,3.0,1,687134.0,593958.0,3.0,2.0,0.0,2.0,1.0,0.0,1.0,0.0,1.0
776917,False,9,6.0,3,680730.0,500779.0,1.0,1.0,6.0,0.0,3.0,2.0,5.0,2.0,5.0
776575,False,9,3.0,tie,571578.0,579328.0,3.0,2.0,0.0,1.0,0.0,0.0,1.0,0.0,3.0
776530,False,9,7.0,7,671737.0,601713.0,0.0,0.0,1.0,0.0,3.0,2.0,7.0,2.0,0.0
776600,False,9,1.0,tie,665795.0,675911.0,0.0,0.0,0.0,0.0,1.0,0.0,0.0,1.0,1.0
776795,False,9,2.0,tie,543243.0,684007.0,0.0,0.0,2.0,0.0,2.0,0.0,1.0,0.0,0.0
776621,False,9,4.0,7,642547.0,657277.0,0.0,1.0,0.0,0.0,0.0,3.0,4.0,0.0,0.0
776562,False,9,4.0,4,660271.0,666157.0,0.0,0.0,1.0,4.0,0.0,0.0,0.0,1.0,0.0
776924,True,10,,,,,,,,,,,,,
776733,False,9,3.0,8,664285.0,687064.0,0.0,0.0,0.0,1.0,2.0,0.0,1.0,3.0,0.0
776623,False,9,3.0,3,683004.0,671106.0,0.0,2.0,3.0,2.0,2.0,1.0,0.0,0.0,0.0
776712,False,9,2.0,tie,547179.0,680732.0,1.0,1.0,1.0,0.0,2.0,1.0,0.0,2.0,0.0
776799,False,9,4.0,4,682990.0,640455.0,2.0,1.0,1.0,4.0,3.0,0.0,0.0,1.0,1.0
776603,False,9,5.0,7,601713.0,808967.0,1.0,0.0,2.0,0.0,0.0,1.0,5.0,0.0,1.0
776853,False,9,4.0,5,675911.0,500779.0,1.0,1.0,0.0,1.0,4.0,1.0,0.0,0.0,1.0
776714,False,9,3.0,9,676979.0,676083.0,0.0,0.0,1.0,2.0,0.0,0.0,1.0,1.0,3.0
776920,False,9,6.0,9,592332.0,608379.0,1.0,2.0,3.0,0.0,0.0,0.0,0.0,0.0,6.0
776608,False,9,3.0,2,694477.0,592662.0,0.0,3.0,1.0,0.0,1.0,0.0,0.0,0.0,2.0
776674,False,9,4.0,4,657746.0,682052.0,0.0,1.0,2.0,4.0,1.0,1.0,0.0,0.0,0.0
776919,False,9,10.0,1,622608.0,571760.0,10.0,0.0,3.0,5.0,7.0,1.0,0.0,2.0,5.0
776616,False,9,2.0,tie,607074.0,669160.0,0.0,2.0,1.0,1.0,1.0,2.0,0.0,2.0,0.0
776842,False,9,5.0,2,471911.0,691587.0,2.0,5.0,0.0,1.0,0.0,3.0,2.0,1.0,0.0
776572,False,9,2.0,tie,676879.0,669194.0,0.0,1.0,0.0,0.0,0.0,2.0,0.0,2.0,0.0
776534,False,9,2.0,4,605483.0,668678.0,0.0,0.0,0.0,2.0,0.0,1.0,0.0,0.0,0.0
776905,False,9,4.0,5,676440.0,641927.0,0.0,1.0,1.0,2.0,4.0,0.0,0.0,1.0,0.0
776708,False,9,6.0,3,680730.0,605400.0,1.0,5.0,6.0,2.0,0.0,1.0,0.0,2.0,3.0
776556,False,9,6.0,2,663436.0,701542.0,2.0,6.0,0.0,0.0,2.0,0.0,0.0,3.0,1.0
776723,False,9,6.0,2,641778.0,571578.0,0.0,6.0,3.0,0.0,3.0,0.0,3.0,0.0,1.0
776515,False,9,5.0,1,453286.0,605540.0,5.0,1.0,2.0,1.0,3.0,0.0,0.0,0.0,0.0
776591,False,9,2.0,9,680694.0,608337.0,0.0,1.0,1.0,0.0,0.0,0.0,0.0,1.0,2.0
776734,False,9,4.0,tie,678022.0,579328.0,1.0,1.0,3.0,0.0,4.0,0.0,0.0,4.0,0.0
776899,False,9,3.0,5,669372.0,668678.0,1.0,0.0,2.0,0.0,3.0,1.0,1.0,0.0,1.0
776578,False,9,5.0,1,669467.0,656605.0,5.0,2.0,1.0,2.0,0.0,1.0,0.0,0.0,0.0
776908,False,9,3.0,3,669302.0,683004.0,0.0,1.0,3.0,0.0,1.0,0.0,0.0,0.0,2.0
776535,False,9,6.0,tie,656849.0,665795.0,6.0,1.0,6.0,1.0,0.0,2.0,1.0,0.0,2.0
776533,False,9,5.0,1,592662.0,665152.0,5.0,2.0,4.0,2.0,3.0,0.0,4.0,2.0,1.0
776791,False,9,4.0,1,693433.0,605288.0,4.0,1.0,1.0,1.0,0.0,0.0,1.0,1.0,0.0
776916,False,9,2.0,tie,542881.0,681343.0,0.0,2.0,0.0,1.0,2.0,1.0,1.0,1.0,1.0
776570,False,9,9.0,3,608331.0,676917.0,1.0,0.0,9.0,1.0,0.0,1.0,0.0,0.0,1.0
776725,False,9,2.0,5,676917.0,592836.0,0.0,0.0,0.0,0.0,2.0,0.0,0.0,0.0,0.0
776609,False,9,5.0,8,668678.0,663903.0,1.0,0.0,0.0,0.0,0.0,1.0,0.0,5.0,0.0
776876,True,10,,,,,,,,,,,,,
776869,False,9,4.0,3,666214.0,642547.0,0.0,0.0,4.0,1.0,0.0,1.0,3.0,0.0,0.0
776907,False,9,4.0,2,695505.0,680735.0,1.0,4.0,0.0,0.0,0.0,0.0,1.0,0.0,0.0
776785,True,10,,,,,,,,,,,,,
776576,False,9,3.0,5,434378.0,571510.0,0.0,1.0,0.0,1.0,3.0,2.0,0.0,0.0,0.0
776696,False,9,7.0,6,675911.0,672782.0,0.0,0.0,1.0,6.0,1.0,7.0,2.0,5.0,0.0
776554,False,9,3.0,7,571945.0,677952.0,1.0,0.0,1.0,0.0,0.0,0.0,3.0,0.0,0.0
776826,False,9,2.0,tie,700241.0,571510.0,0.0,1.0,0.0,0.0,2.0,2.0,0.0,0.0,0.0
776683,False,9,4.0,1,641482.0,592662.0,4.0,0.0,0.0,0.0,0.0,0.0,3.0,0.0,0.0
776614,False,9,4.0,7,691587.0,592332.0,0.0,0.0,1.0,0.0,3.0,0.0,4.0,0.0,0.0
776523,False,9,4.0,7,607192.0,593958.0,0.0,0.0,0.0,0.0,0.0,0.0,4.0,0.0,3.0
776775,False,9,2.0,4,669461.0,607536.0,0.0,0.0,0.0,2.0,1.0,0.0,0.0,0.0,0.0
776622,False,9,3.0,tie,656222.0,671096.0,3.0,0.0,2.0,2.0,1.0,0.0,0.0,3.0,0.0
776519,False,9,2.0,3,673540.0,645261.0,1.0,0.0,2.0,1.0,1.0,0.0,1.0,0.0,0.0
776796,True,11,,,,,,,,,,,,,
776558,False,9,3.0,tie,605280.0,800049.0,3.0,0.0,3.0,0.0,2.0,0.0,3.0,0.0,0.0
776884,False,9,4.0,7,656302.0,669467.0,0.0,0.0,0.0,2.0,0.0,0.0,4.0,1.0,3.0
776756,False,9,9.0,4,656849.0,471911.0,3.0,3.0,0.0,9.0,0.0,2.0,0.0,0.0,0.0
776803,False,9,4.0,7,666214.0,615698.0,0.0,1.0,0.0,1.0,2.0,0.0,4.0,0.0,0.0
776809,False,9,3.0,tie,593958.0,687134.0,1.0,3.0,3.0,0.0,2.0,1.0,0.0,0.0,1.0
776586,False,9,5.0,3,694819.0,694297.0,1.0,0.0,5.0,3.0,0.0,2.0,3.0,2.0,1.0
776557,False,9,3.0,tie,687931.0,607067.0,1.0,3.0,3.0,0.0,3.0,3.0,1.0,1.0,0.0
776620,True,10,,,,,,,,,,,,,
776634,False,9,2.0,tie,500779.0,687931.0,1.0,1.0,0.0,2.0,0.0,0.0,2.0,1.0,2.0
776532,True,10,,,,,,,,,,,,,
776675,False,9,2.0,tie,607625.0,518876.0,2.0,0.0,0.0,1.0,0.0,1.0,1.0,2.0,0.0
776841,False,9,6.0,2,669923.0,686563.0,2.0,6.0,1.0,0.0,0.0,0.0,4.0,0.0,1.0
776587,False,9,4.0,3,686613.0,685299.0,0.0,1.0,4.0,0.0,2.0,0.0,0.0,0.0,0.0
776825,False,9,3.0,1,668678.0,596295.0,3.0,1.0,0.0,1.0,2.0,0.0,0.0,0.0,0.0
776767,False,9,2.0,tie,592662.0,641482.0,2.0,2.0,0.0,1.0,0.0,0.0,0.0,1.0,0.0
776667,False,9,2.0,tie,601713.0,678906.0,2.0,0.0,0.0,2.0,1.0,1.0,0.0,0.0,0.0
776715,False,9,6.0,8,801403.0,669194.0,1.0,1.0,3.0,0.0,2.0,0.0,4.0,6.0,0.0
776788,False,9,3.0,tie,607192.0,641778.0,3.0,1.0,0.0,0.0,0.0,1.0,0.0,3.0,1.0
776629,False,9,8.0,1,665152.0,664299.0,8.0,2.0,2.0,1.0,1.0,0.0,2.0,1.0,0.0
776693,False,9,2.0,tie,607536.0,808967.0,0.0,2.0,2.0,0.0,0.0,1.0,1.0,0.0,1.0
776618,False,9,4.0,tie,682989.0,690990.0,0.0,0.0,2.0,4.0,0.0,4.0,3.0,0.0,0.0
776713,False,9,5.0,6,543243.0,608331.0,3.0,4.0,1.0,3.0,0.0,5.0,3.0,0.0,1.0
776828,False,9,3.0,5,605540.0,673540.0,1.0,1.0,0.0,0.0,3.0,0.0,0.0,0.0,0.0
776793,False,9,4.0,2,434378.0,669022.0,0.0,4.0,0.0,1.0,0.0,1.0,2.0,0.0,0.0
776516,False,9,4.0,3,693313.0,669432.0,1.0,0.0,4.0,3.0,0.0,0.0,1.0,3.0,0.0
776645,False,9,5.0,8,666214.0,690997.0,0.0,2.0,3.0,4.0,0.0,0.0,2.0,5.0,3.0
776762,False,9,3.0,4,682052.0,669358.0,0.0,1.0,0.0,3.0,1.0,0.0,0.0,1.0,0.0
776840,False,9,3.0,1,694973.0,663903.0,3.0,0.0,0.0,1.0,0.0,1.0,2.0,0.0,0.0
776864,False,9,4.0,7,676979.0,686701.0,0.0,0.0,1.0,1.0,0.0,2.0,4.0,0.0,0.0
776872,False,9,7.0,3,685299.0,641778.0,1.0,1.0,7.0,0.0,1.0,0.0,5.0,0.0,1.0
776510,False,9,2.0,8,686613.0,667755.0,0.0,0.0,0.0,0.0,1.0,0.0,0.0,2.0,0.0
776790,False,9,3.0,7,701542.0,805673.0,1.0,0.0,2.0,0.0,0.0,1.0,3.0,1.0,0.0
776644,False,9,3.0,tie,801403.0,477132.0,3.0,2.0,1.0,3.0,1.0,1.0,0.0,3.0,0.0
776508,False,9,6.0,8,669372.0,594798.0,2.0,1.0,0.0,0.0,2.0,0.0,2.0,6.0,2.0
776565,False,9,5.0,3,687473.0,666214.0,1.0,0.0,5.0,3.0,1.0,2.0,1.0,0.0,0.0
776883,False,9,4.0,3,688138.0,594798.0,0.0,1.0,4.0,3.0,0.0,1.0,0.0,0.0,0.0
776792,False,9,4.0,8,671096.0,592836.0,1.0,0.0,0.0,0.0,0.0,0.0,0.0,4.0,0.0
776700,False,9,7.0,3,641672.0,663978.0,0.0,1.0,7.0,1.0,0.0,0.0,0.0,0.0,0.0
776859,False,9,3.0,3,656427.0,701487.0,2.0,2.0,3.0,1.0,2.0,2.0,1.0,0.0,0.0
776776,False,9,1.0,1,665152.0,669923.0,1.0,0.0,0.0,0.0,0.0,0.0,0.0,0.0,0.0
776732,False,9,5.0,1,701487.0,450203.0,5.0,0.0,2.0,0.0,0.0,0.0,0.0,0.0,0.0
776786,False,9,5.0,3,500779.0,571760.0,1.0,0.0,5.0,1.0,0.0,1.0,0.0,0.0,0.0
776580,True,10,,,,,,,,,,,,,
776890,False,9,1.0,tie,650911.0,450203.0,0.0,1.0,0.0,0.0,0.0,0.0,0.0,1.0,0.0
776521,False,9,2.0,tie,676440.0,682243.0,0.0,0.0,2.0,0.0,2.0,0.0,2.0,0.0,0.0
776625,False,9,2.0,4,663978.0,608379.0,0.0,0.0,1.0,2.0,1.0,1.0,0.0,1.0,0.0
776550,False,9,3.0,1,657277.0,684007.0,3.0,1.0,0.0,0.0,0.0,2.0,0.0,0.0,1.0
776770,False,9,4.0,6,608379.0,680730.0,1.0,0.0,3.0,0.0,1.0,4.0,3.0,1.0,0.0
776607,False,9,4.0,2,672782.0,671737.0,3.0,4.0,0.0,0.0,0.0,0.0,1.0,0.0,0.0
776817,False,9,4.0,7,668964.0,657585.0,0.0,3.0,1.0,2.0,1.0,0.0,4.0,0.0,0.0
776802,False,9,2.0,tie,687931.0,695418.0,1.0,0.0,2.0,0.0,0.0,2.0,0.0,1.0,0.0
776692,False,9,4.0,tie,656427.0,681293.0,0.0,0.0,0.0,1.0,4.0,1.0,4.0,0.0,0.0
776597,False,9,5.0,tie,693645.0,695418.0,1.0,0.0,1.0,0.0,5.0,0.0,3.0,0.0,5.0
776850,False,9,2.0,6,676917.0,605488.0,0.0,0.0,0.0,0.0,0.0,2.0,0.0,0.0,1.0
776666,False,9,4.0,1,702070.0,676961.0,4.0,0.0,1.0,0.0,0.0,0.0,1.0,0.0,3.0
776658,True,10,,,,,,,,,,,,,
776758,False,9,3.0,5,700241.0,596295.0,0.0,2.0,0.0,2.0,3.0,1.0,1.0,0.0,2.0
776709,True,10,,,,,,,,,,,,,
776633,False,9,6.0,7,605288.0,571945.0,1.0,3.0,2.0,2.0,0.0,1.0,6.0,1.0,0.0
776673,False,9,6.0,1,450203.0,664285.0,6.0,0.0,1.0,2.0,0.0,0.0,0.0,0.0,0.0
776514,False,9,1.0,tie,527048.0,661563.0,1.0,1.0,1.0,0.0,0.0,1.0,0.0,1.0,0.0
776915,False,9,1.0,2,690990.0,669432.0,0.0,1.0,0.0,0.0,0.0,0.0,0.0,0.0,0.0
776832,False,9,4.0,tie,669373.0,543294.0,0.0,4.0,0.0,0.0,3.0,0.0,0.0,4.0,0.0
776784,False,9,4.0,6,663559.0,676917.0,2.0,2.0,0.0,0.0,2.0,4.0,0.0,1.0,0.0
776768,False,9,3.0,4,621244.0,665871.0,1.0,0.0,0.0,3.0,0.0,0.0,1.0,1.0,0.0
776716,False,9,5.0,7,805673.0,663554.0,1.0,0.0,1.0,0.0,3.0,1.0,5.0,0.0,2.0
776879,False,9,3.0,1,670912.0,434378.0,3.0,0.0,0.0,0.0,2.0,0.0,2.0,0.0,2.0
776688,False,9,3.0,tie,691587.0,669461.0,1.0,0.0,0.0,1.0,3.0,1.0,1.0,1.0,3.0
778431,False,9,4.0,7,694462.0,687473.0,0.0,2.0,1.0,0.0,0.0,1.0,4.0,0.0,0.0
776704,False,9,3.0,6,665871.0,669387.0,0.0,1.0,1.0,0.0,1.0,3.0,0.0,1.0,0.0
776789,False,9,3.0,7,656302.0,678394.0,0.0,0.0,2.0,0.0,1.0,2.0,3.0,0.0,0.0
776911,False,9,4.0,7,673540.0,678906.0,3.0,1.0,2.0,3.0,0.0,2.0,4.0,1.0,2.0
776807,True,10,,,,,,,,,,,,,
776566,False,9,3.0,3,690997.0,592836.0,0.0,0.0,3.0,0.0,1.0,0.0,2.0,0.0,0.0
776844,False,9,2.0,tie,571760.0,592662.0,1.0,0.0,0.0,0.0,2.0,0.0,0.0,1.0,2.0
776655,False,9,3.0,tie,687064.0,669920.0,2.0,3.0,3.0,0.0,0.0,1.0,0.0,0.0,0.0
776747,False,9,2.0,7,453286.0,571510.0,0.0,0.0,0.0,0.0,0.0,1.0,2.0,0.0,0.0
776836,False,9,8.0,9,607536.0,592332.0,1.0,0.0,3.0,0.0,3.0,4.0,0.0,2.0,8.0
776520,False,9,6.0,2,695418.0,693855.0,0.0,6.0,2.0,3.0,0.0,0.0,0.0,0.0,0.0
776542,False,9,6.0,5,608566.0,690990.0,0.0,2.0,0.0,3.0,6.0,1.0,4.0,2.0,0.0
776862,False,9,4.0,5,615698.0,595345.0,2.0,1.0,0.0,2.0,4.0,0.0,1.0,0.0,0.0
776561,False,9,3.0,4,693433.0,506433.0,0.0,1.0,0.0,3.0,0.0,2.0,0.0,0.0,1.0
776649,False,9,4.0,tie,663554.0,686701.0,0.0,0.0,4.0,0.0,0.0,2.0,4.0,0.0,2.0
776538,False,9,2.0,tie,605488.0,683004.0,0.0,2.0,2.0,0.0,1.0,0.0,2.0,0.0,0.0
776764,False,9,2.0,3,683004.0,543101.0,0.0,1.0,2.0,0.0,0.0,0.0,1.0,0.0,1.0
776563,False,9,9.0,7,656641.0,686799.0,5.0,3.0,0.0,4.0,2.0,0.0,9.0,0.0,0.0
776630,True,12,,,,,,,,,,,,,
776680,False,9,3.0,tie,650911.0,682243.0,1.0,0.0,3.0,1.0,0.0,0.0,3.0,2.0,0.0
776806,False,9,4.0,4,663554.0,686799.0,2.0,1.0,0.0,4.0,2.0,3.0,0.0,2.0,0.0
776664,True,10,,,,,,,,,,,,,
776517,False,9,4.0,5,608337.0,656605.0,0.0,0.0,0.0,1.0,4.0,1.0,1.0,0.0,0.0
776564,False,9,1.0,tie,700249.0,676979.0,1.0,0.0,1.0,1.0,1.0,0.0,0.0,1.0,0.0
776873,False,9,2.0,tie,694297.0,676664.0,1.0,1.0,2.0,2.0,0.0,1.0,0.0,1.0,0.0
776779,False,9,4.0,tie,667755.0,808967.0,2.0,0.0,0.0,0.0,4.0,1.0,0.0,4.0,0.0
776810,False,9,3.0,7,594798.0,666200.0,1.0,0.0,0.0,0.0,0.0,0.0,3.0,1.0,0.0
776678,False,9,5.0,3,663623.0,656849.0,0.0,0.0,5.0,0.0,0.0,1.0,1.0,1.0,1.0
776672,False,9,4.0,5,593958.0,676440.0,0.0,0.0,1.0,3.0,4.0,0.0,2.0,1.0,0.0
776815,False,9,3.0,tie,661563.0,664285.0,3.0,0.0,0.0,1.0,2.0,0.0,0.0,3.0,0.0
776781,False,9,1.0,tie,665625.0,663978.0,0.0,1.0,0.0,0.0,1.0,0.0,0.0,0.0,1.0
776617,False,9,3.0,tie,641482.0,607192.0,0.0,0.0,0.0,3.0,0.0,0.0,0.0,3.0,0.0
776902,False,9,4.0,8,571510.0,608372.0,0.0,2.0,0.0,1.0,0.0,0.0,0.0,4.0,0.0
776638,False,9,2.0,7,693433.0,806960.0,1.0,0.0,0.0,0.0,1.0,0.0,2.0,0.0,1.0
776698,False,9,5.0,4,571945.0,701542.0,0.0,0.0,0.0,5.0,1.0,1.0,1.0,0.0,4.0
776546,False,9,5.0,6,669456.0,642547.0,0.0,0.0,0.0,0.0,0.0,5.0,4.0,0.0,0.0
776771,False,9,6.0,6,642547.0,694973.0,1.0,0.0,1.0,2.0,2.0,6.0,0.0,2.0,0.0
776895,False,9,7.0,4,608337.0,664285.0,0.0,0.0,0.0,7.0,0.0,0.0,0.0,0.0,0.0
776383,False,9,6.0,8,607074.0,656427.0,0.0,0.0,0.0,0.0,2.0,0.0,1.0,6.0,3.0
776275,False,9,2.0,7,669373.0,676440.0,0.0,1.0,0.0,1.0,0.0,0.0,2.0,0.0,0.0
776153,False,9,8.0,3,688107.0,671096.0,0.0,0.0,8.0,0.0,0.0,3.0,0.0,0.0,0.0
776197,False,9,1.0,tie,579328.0,663568.0,0.0,1.0,1.0,1.0,1.0,0.0,1.0,0.0,0.0
776398,False,9,9.0,7,701542.0,663554.0,1.0,0.0,0.0,1.0,2.0,0.0,9.0,1.0,0.0
776431,False,9,8.0,2,685326.0,681190.0,0.0,8.0,0.0,0.0,4.0,1.0,4.0,0.0,1.0
776238,False,9,5.0,9,663554.0,675911.0,0.0,0.0,1.0,1.0,1.0,0.0,0.0,0.0,5.0
776420,False,9,5.0,9,519141.0,674841.0,0.0,1.0,0.0,0.0,2.0,0.0,0.0,1.0,5.0
776472,False,9,4.0,8,669920.0,701542.0,0.0,1.0,0.0,2.0,1.0,3.0,1.0,4.0,3.0
776202,True,11,,,,,,,,,,,,,
776220,False,9,5.0,5,434378.0,700241.0,1.0,0.0,1.0,4.0,5.0,0.0,0.0,0.0,0.0
776200,False,9,2.0,tie,693821.0,674841.0,1.0,0.0,0.0,1.0,0.0,2.0,0.0,2.0,1.0
776309,False,9,6.0,6,668678.0,678906.0,1.0,0.0,1.0,0.0,0.0,6.0,0.0,1.0,0.0
776174,False,9,7.0,3,701542.0,669432.0,2.0,0.0,7.0,0.0,0.0,2.0,1.0,0.0,0.0
776419,False,9,4.0,tie,696149.0,694819.0,4.0,2.0,4.0,0.0,0.0,0.0,1.0,1.0,0.0
776401,True,11,,,,,,,,,,,,,
776435,False,9,5.0,4,669373.0,527048.0,1.0,0.0,0.0,5.0,0.0,0.0,0.0,0.0,0.0
776273,False,9,3.0,7,669432.0,701542.0,0.0,1.0,0.0,0.0,0.0,2.0,3.0,0.0,0.0
776257,False,9,3.0,1,608372.0,607074.0,3.0,0.0,1.0,0.0,1.0,1.0,1.0,0.0,0.0
776173,False,9,6.0,5,645261.0,687075.0,2.0,0.0,0.0,0.0,6.0,0.0,0.0,0.0,0.0
776347,True,11,,,,,,,,,,,,,
776487,False,9,4.0,3,684007.0,666214.0,0.0,0.0,4.0,2.0,1.0,0.0,0.0,0.0,0.0
776330,False,9,6.0,1,676979.0,701542.0,6.0,0.0,0.0,2.0,1.0,0.0,1.0,0.0,0.0
776460,False,9,3.0,8,519242.0,669302.0,1.0,0.0,0.0,0.0,0.0,0.0,1.0,3.0,0.0
776338,False,9,2.0,tie,607067.0,656876.0,0.0,1.0,0.0,2.0,1.0,2.0,1.0,1.0,1.0
776167,False,9,8.0,7,607067.0,571945.0,1.0,0.0,0.0,2.0,1.0,0.0,8.0,1.0,0.0
776343,False,9,4.0,9,453286.0,608372.0,2.0,0.0,0.0,0.0,1.0,0.0,0.0,2.0,4.0
776445,False,9,4.0,4,700241.0,693313.0,2.0,0.0,0.0,4.0,1.0,0.0,2.0,1.0,0.0
776237,False,9,3.0,2,640455.0,663623.0,0.0,3.0,1.0,0.0,0.0,1.0,0.0,0.0,0.0
776444,False,9,7.0,3,667755.0,686930.0,6.0,0.0,7.0,0.0,0.0,0.0,0.0,0.0,1.0
776205,False,9,5.0,3,571510.0,804636.0,0.0,0.0,5.0,1.0,4.0,2.0,0.0,1.0,0.0
776353,False,9,3.0,8,605135.0,669432.0,0.0,0.0,1.0,0.0,1.0,1.0,1.0,3.0,0.0
776228,False,9,7.0,2,669920.0,669302.0,0.0,7.0,1.0,0.0,0.0,0.0,1.0,1.0,0.0
776159,False,9,3.0,2,702056.0,671212.0,0.0,3.0,0.0,0.0,1.0,1.0,1.0,0.0,0.0
776491,False,9,9.0,2,605130.0,621244.0,5.0,9.0,0.0,4.0,0.0,0.0,1.0,1.0,1.0
776459,False,9,1.0,tie,642547.0,624133.0,0.0,0.0,0.0,0.0,0.0,0.0,1.0,0.0,1.0
776241,False,9,1.0,tie,608566.0,543294.0,0.0,1.0,0.0,0.0,0.0,1.0,0.0,1.0,0.0
776194,False,9,3.0,tie,622491.0,685299.0,3.0,2.0,0.0,3.0,0.0,0.0,1.0,1.0,1.0
776449,True,12,,,,,,,,,,,,,
776497,False,9,4.0,tie,543243.0,806960.0,0.0,0.0,0.0,4.0,0.0,3.0,2.0,4.0,1.0
776148,False,9,4.0,4,665795.0,640455.0,0.0,0.0,0.0,4.0,0.0,0.0,0.0,0.0,0.0
776412,False,9,3.0,1,693821.0,684007.0,3.0,0.0,0.0,0.0,0.0,0.0,1.0,1.0,0.0
776409,False,9,7.0,5,676083.0,676917.0,0.0,2.0,0.0,1.0,7.0,3.0,2.0,4.0,3.0
776484,False,9,4.0,7,680573.0,663436.0,1.0,2.0,0.0,1.0,2.0,2.0,4.0,3.0,0.0
776282,False,9,1.0,4,668881.0,607067.0,0.0,0.0,0.0,1.0,0.0,0.0,0.0,0.0,0.0
776329,False,9,3.0,5,666214.0,664285.0,2.0,1.0,0.0,1.0,3.0,2.0,2.0,0.0,0.0
776301,False,9,4.0,tie,805123.0,518876.0,1.0,0.0,1.0,4.0,1.0,0.0,0.0,4.0,0.0
776477,False,9,4.0,5,680730.0,691587.0,3.0,2.0,0.0,2.0,4.0,1.0,0.0,3.0,0.0
776163,False,9,2.0,7,624133.0,690953.0,1.0,0.0,0.0,1.0,1.0,0.0,2.0,0.0,0.0
776363,False,9,3.0,7,608337.0,661563.0,1.0,0.0,1.0,0.0,0.0,0.0,3.0,0.0,0.0
776262,False,9,1.0,tie,686613.0,693433.0,1.0,0.0,0.0,1.0,0.0,0.0,1.0,1.0,0.0
776328,False,9,9.0,5,657277.0,477132.0,5.0,0.0,2.0,0.0,9.0,3.0,0.0,0.0,1.0
776227,False,9,3.0,8,686218.0,686790.0,0.0,0.0,0.0,0.0,0.0,0.0,1.0,3.0,0.0
776442,False,9,1.0,tie,607536.0,601713.0,0.0,0.0,1.0,0.0,1.0,0.0,1.0,0.0,0.0
776503,False,9,6.0,9,668881.0,605135.0,0.0,2.0,0.0,0.0,0.0,0.0,1.0,0.0,6.0
776478,False,9,3.0,7,663554.0,605280.0,0.0,1.0,1.0,0.0,2.0,1.0,3.0,0.0,0.0
776188,False,9,1.0,1,621111.0,676083.0,1.0,0.0,0.0,0.0,0.0,0.0,0.0,0.0,0.0
776421,False,9,2.0,6,656876.0,800048.0,0.0,0.0,0.0,0.0,1.0,2.0,0.0,0.0,0.0
776413,False,9,6.0,4,677944.0,686701.0,1.0,0.0,1.0,6.0,1.0,0.0,1.0,0.0,2.0
776402,False,9,4.0,8,675911.0,690990.0,1.0,0.0,2.0,0.0,0.0,0.0,0.0,4.0,0.0
776334,False,9,4.0,6,605400.0,702070.0,2.0,0.0,0.0,0.0,2.0,4.0,2.0,1.0,2.0
776499,False,9,4.0,4,677651.0,579328.0,0.0,1.0,1.0,4.0,1.0,1.0,0.0,3.0,0.0
776323,False,9,3.0,tie,506433.0,608566.0,3.0,3.0,1.0,1.0,0.0,3.0,2.0,2.0,0.0
776196,False,9,3.0,3,664141.0,543243.0,0.0,1.0,3.0,1.0,0.0,0.0,0.0,2.0,0.0
776281,False,9,4.0,1,678394.0,669372.0,4.0,1.0,1.0,0.0,0.0,0.0,1.0,1.0,0.0
776249,False,9,1.0,tie,696149.0,806960.0,0.0,1.0,1.0,0.0,0.0,0.0,0.0,0.0,0.0
776417,False,9,3.0,4,685299.0,656302.0,2.0,1.0,1.0,3.0,2.0,0.0,0.0,0.0,0.0
776295,False,9,3.0,8,642547.0,702674.0,1.0,1.0,1.0,2.0,1.0,0.0,2.0,3.0,0.0
776489,False,9,4.0,5,664285.0,608331.0,0.0,2.0,0.0,0.0,4.0,1.0,0.0,1.0,0.0
776325,False,9,4.0,5,592662.0,607192.0,0.0,2.0,1.0,0.0,4.0,2.0,0.0,2.0,1.0
776440,False,9,1.0,tie,571510.0,695418.0,1.0,1.0,0.0,1.0,0.0,0.0,0.0,0.0,0.0
776457,False,9,3.0,1,693645.0,592332.0,3.0,2.0,0.0,0.0,1.0,0.0,0.0,1.0,1.0
776394,False,9,3.0,tie,592662.0,668678.0,3.0,0.0,0.0,1.0,3.0,1.0,0.0,0.0,0.0
776411,False,9,5.0,2,702674.0,680573.0,0.0,5.0,1.0,0.0,2.0,2.0,0.0,2.0,3.0
776171,False,9,2.0,6,682990.0,641793.0,0.0,0.0,1.0,1.0,0.0,2.0,0.0,0.0,0.0
776260,False,9,8.0,1,547179.0,453286.0,8.0,0.0,3.0,0.0,0.0,0.0,4.0,6.0,0.0
776242,False,9,2.0,tie,683004.0,800049.0,0.0,1.0,2.0,1.0,0.0,2.0,0.0,0.0,1.0
776214,False,9,4.0,1,681190.0,669145.0,4.0,2.0,0.0,0.0,0.0,0.0,0.0,1.0,0.0
776470,False,9,3.0,8,669461.0,605488.0,0.0,0.0,2.0,0.0,0.0,0.0,1.0,3.0,0.0
776495,True,10,,,,,,,,,,,,,
776399,False,9,5.0,tie,657277.0,622503.0,0.0,5.0,3.0,0.0,0.0,5.0,1.0,2.0,0.0
776253,False,9,7.0,5,687134.0,815083.0,2.0,4.0,0.0,0.0,7.0,0.0,0.0,0.0,0.0
776342,False,9,5.0,1,592836.0,686701.0,5.0,0.0,2.0,0.0,3.0,1.0,2.0,1.0,0.0
776446,False,9,2.0,3,608379.0,641154.0,0.0,0.0,2.0,0.0,1.0,0.0,0.0,0.0,0.0
776236,False,9,3.0,tie,671212.0,813349.0,3.0,0.0,0.0,1.0,0.0,1.0,2.0,3.0,0.0
776162,False,9,3.0,5,693645.0,608372.0,1.0,2.0,0.0,0.0,3.0,0.0,0.0,1.0,0.0
776209,False,9,5.0,5,690990.0,656849.0,3.0,3.0,0.0,1.0,5.0,2.0,0.0,2.0,0.0
776390,False,9,4.0,6,543294.0,805673.0,3.0,0.0,0.0,0.0,2.0,4.0,3.0,0.0,2.0
776337,True,10,,,,,,,,,,,,,
776312,False,9,5.0,7,669461.0,641793.0,0.0,2.0,2.0,0.0,0.0,3.0,5.0,1.0,4.0
776298,False,9,4.0,tie,805673.0,693645.0,3.0,4.0,3.0,1.0,3.0,4.0,0.0,0.0,1.0
776366,False,9,3.0,tie,645261.0,669373.0,1.0,2.0,0.0,3.0,0.0,3.0,1.0,0.0,0.0
776468,False,9,1.0,tie,668678.0,683004.0,1.0,1.0,0.0,0.0,0.0,0.0,0.0,0.0,0.0
776290,False,9,1.0,tie,693855.0,592332.0,1.0,0.0,0.0,1.0,0.0,0.0,1.0,0.0,0.0
776416,False,9,4.0,5,543243.0,678906.0,0.0,0.0,0.0,0.0,4.0,3.0,0.0,0.0,0.0
776311,True,10,,,,,,,,,,,,,
776365,False,9,1.0,tie,681190.0,685326.0,0.0,0.0,1.0,1.0,0.0,0.0,0.0,0.0,0.0
776157,False,9,2.0,5,813349.0,672456.0,0.0,1.0,0.0,0.0,2.0,0.0,0.0,0.0,0.0
776255,False,9,3.0,9,669194.0,592836.0,2.0,1.0,0.0,0.0,1.0,1.0,0.0,2.0,3.0
776391,False,9,3.0,tie,669923.0,669461.0,0.0,2.0,3.0,3.0,0.0,0.0,0.0,0.0,0.0
776331,False,9,3.0,4,677944.0,672782.0,0.0,0.0,0.0,3.0,1.0,0.0,1.0,0.0,0.0
776137,False,9,2.0,8,657277.0,685326.0,1.0,0.0,0.0,1.0,0.0,0.0,0.0,2.0,0.0
776373,True,13,,,,,,,,,,,,,
776340,False,9,5.0,tie,622663.0,668881.0,0.0,5.0,2.0,3.0,0.0,0.0,1.0,5.0,0.0
776367,False,9,3.0,8,677960.0,669022.0,2.0,0.0,0.0,0.0,0.0,0.0,0.0,3.0,0.0
776354,False,9,3.0,tie,621111.0,547179.0,1.0,1.0,3.0,2.0,0.0,0.0,3.0,0.0,0.0
776395,False,9,7.0,5,683004.0,694477.0,0.0,1.0,0.0,0.0,7.0,0.0,0.0,0.0,1.0
776252,True,11,,,,,,,,,,,,,
776436,False,9,2.0,2,661563.0,605135.0,0.0,2.0,0.0,1.0,0.0,1.0,0.0,0.0,0.0
776465,False,9,6.0,3,641482.0,700249.0,1.0,0.0,6.0,0.0,0.0,4.0,1.0,0.0,0.0
776269,False,9,3.0,2,669358.0,605135.0,0.0,3.0,0.0,0.0,0.0,1.0,0.0,0.0,0.0
776350,True,10,,,,,,,,,,,,,
776408,False,9,2.0,7,607192.0,801403.0,0.0,1.0,0.0,0.0,0.0,1.0,2.0,0.0,0.0
776310,False,9,2.0,6,813349.0,605488.0,0.0,0.0,1.0,0.0,0.0,2.0,0.0,0.0,0.0
776184,False,9,3.0,5,607074.0,663436.0,1.0,1.0,0.0,2.0,3.0,0.0,1.0,0.0,0.0
776326,False,9,3.0,2,500779.0,571945.0,0.0,3.0,0.0,1.0,1.0,0.0,0.0,0.0,0.0
776274,False,9,3.0,7,682990.0,579328.0,0.0,0.0,0.0,1.0,2.0,1.0,3.0,0.0,0.0
776447,False,9,4.0,7,694462.0,682243.0,2.0,0.0,0.0,1.0,0.0,1.0,4.0,3.0,1.0
776183,False,9,3.0,8,641816.0,641927.0,1.0,0.0,0.0,0.0,0.0,0.0,0.0,3.0,0.0
776203,False,9,3.0,8,669330.0,669358.0,1.0,1.0,1.0,0.0,0.0,1.0,1.0,3.0,0.0
776344,False,9,2.0,tie,678394.0,608331.0,2.0,0.0,1.0,0.0,2.0,1.0,0.0,1.0,1.0
776479,False,9,1.0,tie,677952.0,686218.0,1.0,1.0,0.0,0.0,0.0,1.0,0.0,0.0,0.0
776265,False,9,5.0,5,543243.0,694819.0,1.0,1.0,1.0,0.0,5.0,0.0,0.0,0.0,0.0
776453,False,9,2.0,6,670912.0,682990.0,1.0,1.0,1.0,0.0,0.0,2.0,0.0,1.0,1.0
776308,False,9,3.0,1,694973.0,690990.0,3.0,1.0,0.0,0.0,1.0,0.0,0.0,0.0,0.0
776393,True,10,,,,,,,,,,,,,
776204,False,9,3.0,3,676440.0,656427.0,0.0,0.0,3.0,0.0,1.0,0.0,2.0,0.0,0.0
776481,False,9,3.0,7,622503.0,656641.0,0.0,0.0,1.0,1.0,0.0,2.0,3.0,0.0,1.0
776142,False,9,1.0,tie,665871.0,681517.0,0.0,0.0,0.0,0.0,1.0,0.0,1.0,0.0,0.0
776156,False,9,2.0,6,675911.0,696149.0,0.0,1.0,1.0,0.0,0.0,2.0,0.0,0.0,0.0
776405,False,9,1.0,2,605400.0,690997.0,0.0,1.0,0.0,0.0,0.0,0.0,0.0,0.0,0.0
776358,False,9,1.0,tie,669372.0,663903.0,1.0,0.0,1.0,0.0,0.0,0.0,0.0,1.0,0.0
776245,False,9,2.0,4,702070.0,669456.0,0.0,0.0,0.0,2.0,0.0,0.0,1.0,0.0,0.0
776475,False,9,7.0,8,641793.0,669456.0,0.0,5.0,1.0,2.0,3.0,1.0,2.0,7.0,1.0
776471,False,9,5.0,1,500779.0,605400.0,5.0,0.0,0.0,1.0,1.0,0.0,2.0,0.0,0.0
776386,False,9,6.0,6,691587.0,663623.0,0.0,0.0,1.0,0.0,0.0,6.0,1.0,3.0,0.0
776451,False,9,5.0,2,643377.0,668909.0,0.0,5.0,0.0,0.0,0.0,3.0,0.0,0.0,0.0
776316,True,11,,,,,,,,,,,,,
776443,False,9,4.0,9,669432.0,808967.0,0.0,0.0,1.0,0.0,1.0,0.0,1.0,0.0,4.0
776375,False,9,2.0,tie,518876.0,642547.0,2.0,1.0,2.0,0.0,2.0,1.0,0.0,1.0,0.0
776346,False,9,3.0,tie,693821.0,686613.0,0.0,3.0,3.0,1.0,0.0,0.0,1.0,0.0,0.0
776195,False,9,3.0,5,622663.0,686613.0,0.0,0.0,1.0,0.0,3.0,0.0,2.0,0.0,0.0
776355,False,9,7.0,9,641154.0,694297.0,1.0,0.0,1.0,3.0,2.0,1.0,2.0,0.0,7.0
776335,True,10,,,,,,,,,,,,,
776304,False,9,5.0,1,605280.0,650633.0,5.0,3.0,1.0,1.0,0.0,0.0,0.0,1.0,0.0
776175,False,9,6.0,1,677944.0,683004.0,6.0,0.0,0.0,0.0,0.0,0.0,3.0,0.0,1.0
776232,False,9,1.0,tie,607536.0,702674.0,1.0,1.0,0.0,1.0,0.0,0.0,0.0,1.0,0.0
776300,False,9,2.0,3,700241.0,671096.0,1.0,0.0,2.0,0.0,0.0,0.0,0.0,0.0,0.0
776169,False,9,4.0,4,543294.0,669920.0,0.0,0.0,0.0,4.0,1.0,0.0,1.0,1.0,0.0
776360,False,9,6.0,5,694462.0,681151.0,0.0,0.0,2.0,2.0,6.0,2.0,0.0,2.0,0.0
776215,True,11,,,,,,,,,,,,,
776240,True,10,,,,,,,,,,,,,
776293,False,9,3.0,tie,607536.0,691587.0,0.0,0.0,3.0,0.0,0.0,3.0,0.0,3.0,2.0
776280,False,9,2.0,tie,605483.0,666200.0,0.0,2.0,0.0,1.0,0.0,0.0,0.0,2.0,0.0
776185,False,9,4.0,tie,656222.0,808967.0,0.0,4.0,0.0,4.0,0.0,0.0,0.0,0.0,0.0
776369,False,9,2.0,tie,592332.0,664299.0,2.0,1.0,0.0,1.0,0.0,0.0,0.0,2.0,0.0
776247,False,9,3.0,9,605288.0,690986.0,0.0,0.0,1.0,1.0,1.0,1.0,2.0,0.0,3.0
