game_pk,date,home,away,home_team_id,away_team_id,home_sp_id,away_sp_id,excluded,n_innings,max_runs,highest_inning,inning_1_runs,inning_2_runs,inning_3_runs,inning_4_runs,inning_5_runs,inning_6_runs,inning_7_runs,inning_8_runs,inning_9_runs,season,home_sp_fip,away_sp_fip,home_team_wrc_plus,away_team_wrc_plus,park_factor_runs
718692,2023-04-05,KC,TOR,118,141,425844.0,666201.0,False,9,2.0,8,0.0,0.0,0.0,0.0,0.0,1.0,0.0,2.0,0.0,2023,2.119607843137255,11.487096774193548,2.8,4.8,98
718702,2023-04-05,BOS,PIT,111,134,446372.0,656605.0,False,9,3.0,7,0.0,0.0,0.0,1.0,0.0,1.0,3.0,0.0,0.0,2023,12.77741935483871,5.242857142857143,6.8,3.8,104
718696,2023-04-05,HOU,DET,117,116,664299.0,593958.0,False,9,3.0,8,0.0,2.0,1.0,2.0,0.0,0.0,2.0,3.0,0.0,2023,1.3,4.864705882352942,4.333333333333333,3.2,99
718699,2023-04-05,NYY,PHI,147,143,543037.0,605400.0,False,9,3.0,7,1.0,0.0,0.0,0.0,0.0,1.0,3.0,1.0,0.0,2023,0.43333333333333357,6.5375,5.0,3.2,97
718686,2023-04-06,KC,TOR,118,141,543475.0,592332.0,False,9,3.0,8,2.0,1.0,0.0,1.0,1.0,0.0,1.0,3.0,0.0,2023,3.492156862745098,1.2666666666666668,2.3333333333333335,4.5,98
718683,2023-04-06,ARI,LAD,109,119,518876.0,669160.0,False,9,2.0,tie,0.0,1.0,2.0,0.0,0.0,2.0,2.0,0.0,0.0,2023,4.35,2.3857142857142857,3.1666666666666665,6.333333333333333,100
718681,2023-04-06,ATL,SD,144,135,675911.0,605483.0,False,9,5.0,4,1.0,0.0,1.0,5.0,0.0,1.0,0.0,4.0,1.0,2023,1.6,-0.5585365853658537,5.333333333333333,4.166666666666667,100
718693,2023-04-07,NYM,MIA,121,146,656731.0,665795.0,False,9,6.0,8,0.0,0.0,2.0,1.0,0.0,1.0,2.0,6.0,0.0,2023,4.1,6.6,3.2857142857142856,2.142857142857143,94
718675,2023-04-07,CHC,TEX,112,140,573186.0,543135.0,False,9,1.0,tie,0.0,0.0,0.0,1.0,0.0,1.0,0.0,0.0,0.0,2023,1.9333333333333333,1.9000000000000001,5.6,6.0,98
718680,2023-04-07,SF,KC,137,118,502171.0,641745.0,False,9,2.0,2,0.0,2.0,0.0,1.0,0.0,0.0,0.0,1.0,0.0,2023,4.35,3.8142857142857145,6.333333333333333,2.4285714285714284,95
718671,2023-04-07,ARI,LAD,109,119,518516.0,477132.0,False,9,2.0,tie,2.0,1.0,1.0,1.0,0.0,2.0,0.0,2.0,0.0,2023,9.1,2.2666666666666666,3.0,6.142857142857143,100
718685,2023-04-07,PHI,CIN,143,113,554430.0,668881.0,False,9,2.0,tie,0.0,1.0,0.0,0.0,2.0,1.0,2.0,1.0,0.0,2023,3.5878048780487806,5.035483870967742,3.0,5.0,102
718677,2023-04-07,CLE,SEA,114,136,650644.0,669302.0,False,9,3.0,6,1.0,0.0,1.0,1.0,2.0,3.0,0.0,0.0,0.0,2023,2.6714285714285717,3.4333333333333336,5.428571428571429,4.142857142857143,97
718670,2023-04-07,LAA,TOR,108,141,663776.0,605135.0,False,9,3.0,7,2.0,0.0,0.0,2.0,0.0,0.0,3.0,0.0,0.0,2023,6.1,19.874193548387098,5.5,4.714285714285714,98
718668,2023-04-08,PHI,CIN,143,113,663559.0,666157.0,False,9,4.0,9,1.0,0.0,0.0,0.0,0.0,0.0,0.0,0.0,4.0,2023,4.472549019607843,0.7000000000000002,3.2857142857142856,4.5,102
718660,2023-04-08,MIL,STL,158,138,641778.0,656756.0,False,9,4.0,3,2.0,0.0,4.0,0.0,0.0,0.0,0.0,0.0,0.0,2023,4.472549019607843,2.5,6.0,4.142857142857143,100
718658,2023-04-08,COL,WSH,115,120,596295.0,592866.0,False,9,4.0,9,0.0,0.0,3.0,0.0,3.0,1.0,1.0,1.0,4.0,2023,6.6,7.699999999999999,3.5,3.375,112
718669,2023-04-08,CHC,TEX,112,140,657006.0,527048.0,False,9,4.0,8,1.0,0.0,2.0,1.0,0.0,2.0,2.0,4.0,1.0,2023,0.9333333333333336,2.138461538461539,5.0,5.142857142857143,98
718656,2023-04-08,ARI,LAD,109,119,605200.0,592789.0,False,9,5.0,1,5.0,4.0,1.0,1.0,1.0,3.0,3.0,1.0,1.0,2023,5.300000000000001,1.1,3.375,5.75,100
718650,2023-04-09,MIL,STL,158,138,642547.0,663765.0,False,9,3.0,7,0.0,0.0,2.0,1.0,1.0,0.0,3.0,0.0,0.0,2023,2.2666666666666666,13.34390243902439,5.25,4.375,100
718645,2023-04-09,COL,WSH,115,120,663372.0,641771.0,False,9,7.0,6,0.0,3.0,0.0,1.0,2.0,7.0,0.0,0.0,0.0,2023,6.433333333333334,4.7,3.7777777777777777,3.7777777777777777,112
718655,2023-04-09,TB,ATH,139,133,656876.0,621076.0,False,9,4.0,4,1.0,0.0,0.0,4.0,2.0,2.0,1.0,1.0,0.0,2023,0.7666666666666666,4.9,8.0,3.375,97
718649,2023-04-09,MIN,HOU,142,117,641816.0,686613.0,False,9,2.0,tie,0.0,0.0,2.0,1.0,2.0,0.0,0.0,1.0,0.0,2023,0.8999999999999999,2.861904761904762,4.5,4.666666666666667,99
718653,2023-04-09,PIT,CWS,134,145,670912.0,656629.0,False,9,1.0,2,0.0,1.0,0.0,0.0,0.0,0.0,0.0,0.0,0.0,2023,13.338095238095237,18.33809523809524,5.125,5.777777777777778,95
718639,2023-04-09,ARI,LAD,109,119,669194.0,675627.0,False,9,5.0,3,3.0,1.0,5.0,3.0,2.0,0.0,0.0,2.0,1.0,2023,6.300000000000001,2.6,4.333333333333333,6.0,100
718631,2023-04-10,LAA,WSH,108,120,660761.0,571578.0,False,9,3.0,4,2.0,1.0,2.0,3.0,1.0,0.0,1.0,0.0,0.0,2023,7.490243902439024,5.655555555555555,6.222222222222222,4.0,98
718632,2023-04-10,PIT,HOU,134,117,672710.0,664285.0,False,9,4.0,2,1.0,4.0,1.0,3.0,0.0,0.0,1.0,0.0,0.0,2023,2.907692307692308,1.4333333333333333,4.666666666666667,4.7,95
718633,2023-04-10,PHI,MIA,143,146,621381.0,645261.0,False,9,5.0,3,0.0,0.0,5.0,0.0,4.0,4.0,4.0,1.0,0.0,2023,2.35,3.1704225352112676,3.3333333333333335,2.7,102
718629,2023-04-10,COL,STL,115,138,608566.0,571927.0,False,9,4.0,4,0.0,0.0,2.0,4.0,0.0,3.0,1.0,0.0,1.0,2023,5.532432432432433,6.041176470588235,4.1,4.0,112
718623,2023-04-11,PIT,HOU,134,117,656605.0,664299.0,False,9,5.0,9,1.0,3.0,0.0,0.0,0.0,2.0,0.0,0.0,5.0,2023,3.1892857142857145,1.3727272727272728,4.4,5.3,95
718622,2023-04-11,TOR,DET,141,116,666201.0,666159.0,False,9,5.0,8,0.0,4.0,0.0,1.0,2.0,0.0,0.0,5.0,0.0,2023,6.16930693069307,5.2153846153846155,5.4,3.0,101
718621,2023-04-11,NYM,SD,121,135,656849.0,677960.0,False,9,3.0,9,0.0,0.0,0.0,1.0,2.0,0.0,0.0,0.0,3.0,2023,5.766666666666667,2.9,3.9,4.8,94
718611,2023-04-11,ARI,MIL,109,158,518876.0,669203.0,False,9,5.0,7,0.0,0.0,0.0,0.0,0.0,0.0,5.0,1.0,2.0,2023,4.052380952380952,6.946153846153846,5.1,4.8,100
718619,2023-04-11,PHI,MIA,143,146,605400.0,666200.0,False,9,6.0,6,0.0,0.0,1.0,0.0,0.0,6.0,1.0,3.0,1.0,2023,3.5347826086956524,1.8704918032786886,4.5,2.7,102
718614,2023-04-11,LAA,WSH,108,120,660271.0,680686.0,False,9,1.0,tie,0.0,0.0,0.0,1.0,0.0,1.0,0.0,0.0,0.0,2023,2.35,5.6454545454545455,6.0,4.4,98
718607,2023-04-12,COL,STL,115,138,570632.0,656427.0,False,9,3.0,tie,1.0,1.0,0.0,3.0,0.0,0.0,3.0,2.0,1.0,2023,16.588372093023253,5.9,4.3,4.0,112
718605,2023-04-12,MIN,CWS,142,145,543243.0,608337.0,False,9,2.0,8,0.0,0.0,0.0,1.0,0.0,0.0,0.0,2.0,1.0,2023,2.0166666666666666,4.655555555555556,4.2,5.3,99
718608,2023-04-12,PIT,HOU,134,117,448179.0,664353.0,False,9,3.0,7,0.0,0.0,1.0,1.0,0.0,0.0,3.0,2.0,0.0,2023,9.21111111111111,4.198901098901099,4.6,5.1,95
718595,2023-04-12,TEX,KC,140,118,543135.0,641745.0,False,9,4.0,7,1.0,3.0,1.0,2.0,0.0,0.0,4.0,0.0,0.0,2023,1.6294117647058823,3.7382978723404254,5.5,3.4,103
718590,2023-04-13,NYY,MIN,147,142,666745.0,657746.0,False,9,9.0,1,9.0,0.0,2.0,1.0,0.0,0.0,0.0,0.0,1.0,2023,2.4000000000000004,3.35,5.1,4.3,97
718597,2023-04-13,CIN,PHI,113,143,666157.0,663559.0,False,9,3.0,3,2.0,0.0,3.0,0.0,2.0,1.0,0.0,0.0,0.0,2023,0.6000000000000001,4.684158415841584,4.5,4.1,105
718587,2023-04-14,TOR,TB,141,139,621244.0,656876.0,False,9,4.0,5,1.0,1.0,0.0,1.0,4.0,0.0,2.0,0.0,0.0,2023,2.882608695652174,0.7923076923076926,5.3,8.0,101
718586,2023-04-14,CIN,PHI,113,143,656818.0,592836.0,False,9,4.0,tie,1.0,1.0,4.0,0.0,0.0,0.0,1.0,0.0,4.0,2023,5.6,5.148192771084338,4.5,4.2,105
718581,2023-04-14,HOU,TEX,117,140,677651.0,527048.0,False,9,3.0,tie,1.0,0.0,3.0,0.0,3.0,0.0,0.0,0.0,1.0,2023,6.211111111111111,2.903921568627451,5.2,4.0,99
718579,2023-04-14,KC,ATL,118,144,663903.0,450203.0,False,9,5.0,1,5.0,3.0,0.0,1.0,2.0,2.0,0.0,0.0,0.0,2023,3.827272727272727,4.783168316831683,4.0,4.8,98
718592,2023-04-14,WSH,CLE,120,114,592866.0,615698.0,False,9,3.0,4,0.0,0.0,0.0,3.0,0.0,1.0,2.0,1.0,0.0,2023,4.585148514851485,4.1869565217391305,4.1,4.7,99
718576,2023-04-15,BOS,LAA,111,108,601713.0,542881.0,False,9,6.0,1,6.0,0.0,1.0,3.0,2.0,1.0,0.0,3.0,0.0,2023,4.8,6.825490196078432,4.3,4.8,104
718573,2023-04-15,WSH,CLE,120,114,641771.0,668676.0,False,9,3.0,tie,3.0,1.0,0.0,3.0,2.0,0.0,0.0,0.0,1.0,2023,7.1,5.35,4.2,4.5,99
718566,2023-04-15,CIN,PHI,113,143,668933.0,621381.0,False,9,5.0,8,0.0,1.0,3.0,1.0,3.0,0.0,0.0,5.0,0.0,2023,3.023076923076923,1.7666666666666668,4.5,4.9,105
718567,2023-04-15,MIA,ARI,146,109,666129.0,669194.0,False,9,3.0,7,1.0,0.0,0.0,0.0,1.0,0.0,3.0,0.0,0.0,2023,0.480952380952381,4.554545454545455,3.8,5.5,93
718565,2023-04-15,ATH,NYM,133,121,660261.0,471911.0,False,9,2.0,tie,0.0,2.0,0.0,1.0,0.0,0.0,2.0,0.0,0.0,2023,5.358064516129033,9.197560975609756,4.3,5.1,97
718560,2023-04-15,SD,MIL,135,158,607625.0,642547.0,False,9,4.0,1,4.0,1.0,0.0,1.0,2.0,0.0,3.0,2.0,0.0,2023,3.176923076923077,2.2666666666666666,4.2,5.1,96
718553,2023-04-16,CWS,BAL,145,110,656302.0,680570.0,False,9,4.0,1,4.0,0.0,0.0,3.0,0.0,1.0,0.0,3.0,1.0,2023,2.78944099378882,2.330769230769231,5.1,5.4,101
718551,2023-04-16,KC,ATL,118,144,425844.0,657140.0,False,9,4.0,3,0.0,0.0,4.0,1.0,0.0,1.0,2.0,0.0,1.0,2023,3.9074534161490684,7.1,3.6,5.5,98
718544,2023-04-17,MIA,SF,146,137,666200.0,657277.0,False,9,3.0,3,0.0,1.0,3.0,0.0,0.0,1.0,2.0,0.0,0.0,2023,2.7703296703296703,4.1,3.9,5.0,93
718536,2023-04-17,ATH,CHC,133,112,666205.0,669713.0,False,9,4.0,tie,1.0,1.0,1.0,4.0,0.0,0.0,0.0,4.0,0.0,2023,4.1563380281690145,12.345283018867923,4.0,5.7,97
718539,2023-04-17,KC,TEX,118,140,543475.0,594798.0,False,9,3.0,1,3.0,0.0,1.0,0.0,0.0,0.0,0.0,0.0,0.0,2023,3.5878048780487806,0.939506172839506,4.0,5.3,98
718538,2023-04-17,STL,ARI,138,109,656427.0,518876.0,False,9,5.0,7,1.0,0.0,0.0,0.0,0.0,1.0,5.0,2.0,0.0,2023,5.219205298013245,4.627777777777778,3.8,5.0,99
718528,2023-04-18,MIA,SF,146,137,665795.0,622072.0,False,9,3.0,4,2.0,0.0,1.0,3.0,0.0,0.0,0.0,0.0,0.0,2023,5.064285714285715,3.7944444444444443,3.8,5.0,93
718521,2023-04-18,COL,PIT,115,134,570632.0,592826.0,False,9,4.0,4,3.0,1.0,0.0,4.0,0.0,0.0,0.0,0.0,0.0,2023,11.164516129032258,5.27741935483871,4.3,4.4,112
718529,2023-04-18,NYY,LAA,147,108,657376.0,660761.0,False,9,4.0,4,2.0,0.0,0.0,4.0,1.0,0.0,0.0,0.0,0.0,2023,6.237254901960785,5.1987654320987655,4.5,4.8,97
718530,2023-04-18,DET,CLE,116,114,571510.0,683769.0,False,9,3.0,4,1.0,0.0,0.0,3.0,2.0,0.0,0.0,0.0,1.0,2023,3.9433734939759035,4.083606557377049,4.0,4.2,96
718541,2023-04-18,DET,CLE,116,114,593958.0,685410.0,False,9,1.0,6,0.0,0.0,0.0,0.0,0.0,1.0,0.0,0.0,0.0,2023,5.452941176470588,1.6714285714285715,4.0,4.2,96
718518,2023-04-19,WSH,BAL,120,110,669022.0,680694.0,False,9,2.0,4,0.0,0.0,1.0,2.0,0.0,0.0,0.0,0.0,1.0,2023,3.5895104895104897,2.2666666666666666,4.5,5.4,99
718507,2023-04-19,SD,ATL,135,144,607259.0,450203.0,False,9,1.0,4,0.0,0.0,0.0,1.0,0.0,0.0,0.0,0.0,0.0,2023,6.588372093023256,4.093788819875776,3.2,5.4,96
718508,2023-04-19,LAD,NYM,119,121,592789.0,453286.0,False,9,3.0,9,0.0,0.0,0.0,1.0,2.0,0.0,0.0,2.0,3.0,2023,4.1625,5.8950310559006205,5.0,5.1,94
718510,2023-04-19,CWS,PHI,145,143,605182.0,592836.0,False,9,3.0,1,3.0,1.0,1.0,2.0,0.0,0.0,0.0,0.0,0.0,2023,3.5968944099378883,4.148951048951049,4.0,5.6,101
718512,2023-04-19,STL,ARI,138,109,663765.0,518516.0,False,9,5.0,3,3.0,2.0,5.0,1.0,3.0,4.0,0.0,1.0,0.0,2023,6.905970149253731,7.56969696969697,4.2,5.6,99
718514,2023-04-19,KC,TEX,118,140,663903.0,527048.0,False,9,4.0,7,1.0,2.0,1.0,2.0,0.0,2.0,4.0,0.0,3.0,2023,5.85,4.942105263157895,3.6,6.4,98
718513,2023-04-19,DET,CLE,116,114,605513.0,615698.0,False,9,3.0,6,0.0,0.0,0.0,0.0,0.0,3.0,1.0,1.0,0.0,2023,4.482113821138212,4.613157894736842,3.7,3.6,96
718501,2023-04-19,HOU,TOR,117,141,677651.0,621244.0,False,9,7.0,8,0.0,2.0,0.0,0.0,0.0,0.0,0.0,7.0,0.0,2023,5.457142857142857,2.1140845070422536,5.2,4.9,99
718503,2023-04-20,SF,NYM,137,121,640455.0,673540.0,False,9,5.0,4,0.0,0.0,0.0,5.0,4.0,1.0,3.0,0.0,0.0,2023,2.88021978021978,4.864705882352942,4.0,5.1,95
718491,2023-04-21,CHC,LAD,112,119,592767.0,628711.0,False,9,7.0,5,2.0,1.0,2.0,0.0,7.0,1.0,0.0,0.0,0.0,2023,4.558333333333334,3.056896551724138,5.9,4.5,98
718487,2023-04-21,NYY,TOR,147,141,593334.0,579328.0,False,9,2.0,tie,2.0,1.0,0.0,0.0,0.0,2.0,0.0,2.0,0.0,2023,3.325563909774436,5.749006622516557,4.4,4.5,97
718486,2023-04-21,TB,CWS,139,145,676534.0,656629.0,False,9,4.0,1,4.0,3.0,3.0,2.0,0.0,0.0,0.0,0.0,3.0,2023,2.6454545454545455,9.21842105263158,5.8,3.1,97
718484,2023-04-21,ARI,SD,109,135,668678.0,607625.0,False,9,7.0,8,0.0,0.0,0.0,1.0,1.0,0.0,0.0,7.0,0.0,2023,2.5871794871794873,2.914814814814815,4.3,3.0,100
718481,2023-04-21,SEA,STL,136,138,669923.0,571927.0,False,9,3.0,tie,0.0,3.0,0.0,1.0,0.0,3.0,0.0,0.0,0.0,2023,2.791358024691358,4.970967741935484,4.8,5.5,94
718466,2023-04-22,LAA,KC,108,118,542881.0,425844.0,False,9,5.0,tie,0.0,0.0,2.0,3.0,2.0,5.0,0.0,2.0,5.0,2023,8.170422535211268,3.8692307692307693,3.3,3.2,98
718470,2023-04-22,MIL,BOS,158,111,489119.0,676477.0,False,9,4.0,5,0.0,1.0,2.0,0.0,4.0,2.0,0.0,0.0,0.0,2023,2.9333333333333336,5.183333333333334,5.0,5.5,100
718468,2023-04-22,MIN,WSH,142,120,641154.0,641771.0,False,9,5.0,7,2.0,2.0,1.0,1.0,1.0,0.0,5.0,0.0,2.0,2023,2.4675889328063243,7.1845070422535215,4.4,3.1,99
718461,2023-04-23,MIL,BOS,158,111,669203.0,678394.0,False,9,10.0,8,1.0,2.0,0.0,1.0,2.0,0.0,1.0,10.0,0.0,2023,4.5414414414414415,7.190909090909091,4.8,5.2,100
718458,2023-04-23,PHI,COL,143,115,554430.0,570632.0,False,9,5.0,4,1.0,0.0,1.0,5.0,0.0,0.0,3.0,2.0,0.0,2023,2.6544554455445546,10.72962962962963,4.4,2.9,102
718463,2023-04-23,PIT,CIN,134,113,592826.0,668881.0,False,9,1.0,tie,1.0,0.0,0.0,0.0,0.0,0.0,0.0,1.0,0.0,2023,5.002173913043478,2.2411042944785278,5.8,3.9,95
718455,2023-04-23,SF,NYM,137,121,548389.0,656731.0,False,9,4.0,4,1.0,1.0,1.0,4.0,0.0,1.0,0.0,1.0,0.0,2023,11.5,5.5285714285714285,4.2,6.2,95
718448,2023-04-24,CLE,COL,114,115,615698.0,596295.0,False,9,4.0,4,1.0,0.0,0.0,4.0,1.0,0.0,0.0,0.0,0.0,2023,3.949056603773585,7.515584415584415,3.5,2.8,97
718443,2023-04-24,ATL,MIA,144,146,675911.0,665795.0,False,9,3.0,tie,0.0,0.0,1.0,2.0,2.0,3.0,0.0,3.0,0.0,2023,2.0545454545454547,4.553488372093024,4.8,3.4,100
718442,2023-04-24,MIN,NYY,142,147,543243.0,666745.0,False,9,3.0,3,0.0,0.0,3.0,1.0,0.0,1.0,0.0,1.0,1.0,2023,1.9636363636363636,3.9391608391608393,4.4,3.2,99
718447,2023-04-24,BAL,BOS,110,111,665152.0,519242.0,False,9,4.0,3,0.0,1.0,4.0,3.0,1.0,0.0,0.0,0.0,0.0,2023,6.433333333333334,5.377777777777778,4.6,6.1,101
718445,2023-04-24,CIN,TEX,113,140,666157.0,543135.0,False,9,5.0,3,1.0,3.0,5.0,1.0,0.0,0.0,0.0,2.0,1.0,2023,4.043396226415094,2.0150943396226415,3.3,7.3,105
718426,2023-04-25,CHC,SD,112,135,657006.0,605483.0,False,9,4.0,8,0.0,2.0,0.0,0.0,0.0,0.0,0.0,4.0,0.0,2023,3.3000000000000003,5.932369942196532,6.0,3.3,98
718435,2023-04-25,BAL,BOS,110,111,680694.0,446372.0,False,9,5.0,9,0.0,3.0,4.0,0.0,1.0,0.0,0.0,1.0,5.0,2023,1.7111111111111112,7.377456647398844,4.7,6.0,101
718427,2023-04-25,MIN,NYY,142,147,657746.0,641482.0,False,9,4.0,6,1.0,0.0,2.0,0.0,1.0,4.0,0.0,0.0,0.0,2023,3.46,3.22987012987013,3.9,3.1,99
718422,2023-04-25,ARI,KC,109,118,669194.0,663903.0,False,9,3.0,8,1.0,0.0,0.0,2.0,2.0,0.0,1.0,3.0,0.0,2023,5.281818181818181,5.242857142857143,5.3,3.3,100
718430,2023-04-25,PHI,SEA,143,136,663559.0,594835.0,False,9,3.0,tie,0.0,0.0,0.0,0.0,3.0,3.0,1.0,0.0,1.0,2023,4.367605633802817,3.1617283950617283,5.1,4.4,102
718432,2023-04-25,PIT,LAD,134,119,670912.0,592789.0,False,9,4.0,4,3.0,2.0,0.0,4.0,1.0,2.0,0.0,3.0,0.0,2023,3.655555555555556,4.554545454545455,5.5,4.2,95
718431,2023-04-25,NYM,WSH,121,120,676130.0,680686.0,False,9,3.0,6,0.0,1.0,1.0,0.0,0.0,3.0,0.0,0.0,0.0,2023,4.7,5.6,6.1,3.0,94
718423,2023-04-26,SF,STL,137,138,543101.0,571927.0,False,9,2.0,tie,1.0,0.0,1.0,2.0,1.0,0.0,2.0,2.0,1.0,2023,2.6708154506437767,4.750485436893204,4.1,4.9,95
718417,2023-04-26,MIN,NYY,142,147,628317.0,593334.0,False,9,8.0,4,0.0,6.0,0.0,8.0,0.0,2.0,1.0,1.0,0.0,2023,4.484615384615385,4.291709844559586,4.1,3.0,99
718416,2023-04-26,BAL,BOS,110,111,669330.0,656557.0,False,9,3.0,4,1.0,1.0,0.0,3.0,0.0,2.0,0.0,1.0,0.0,2023,4.039226519337016,4.004761904761905,4.5,5.9,101
718424,2023-04-26,CIN,TEX,113,140,668933.0,592351.0,False,9,3.0,tie,0.0,2.0,0.0,0.0,3.0,0.0,0.0,0.0,3.0,2023,3.2666666666666666,6.252173913043478,3.1,7.8,105
718397,2023-04-27,TEX,NYY,140,147,571760.0,543037.0,False,9,3.0,2,0.0,3.0,0.0,0.0,0.0,2.0,0.0,0.0,1.0,2023,4.143956043956044,1.9288288288288291,7.9,3.6,103
718404,2023-04-27,PHI,SEA,143,136,621381.0,669923.0,False,9,1.0,2,0.0,1.0,0.0,0.0,0.0,0.0,0.0,0.0,0.0,2023,2.7932515337423314,2.5594594594594593,5.2,4.4,102
718405,2023-04-27,DET,BAL,116,110,666214.0,502043.0,False,9,5.0,7,0.0,1.0,2.0,0.0,2.0,1.0,5.0,0.0,0.0,2023,5.358064516129033,4.260409556313993,2.7,4.5,96
718410,2023-04-27,ATL,MIA,144,146,657140.0,666129.0,False,9,5.0,9,0.0,0.0,0.0,0.0,4.0,0.0,0.0,0.0,5.0,2023,5.675757575757576,1.8671232876712331,4.8,3.1,100
718409,2023-04-27,SF,STL,137,138,657277.0,571945.0,False,9,3.0,8,0.0,0.0,0.0,0.0,0.0,0.0,2.0,3.0,1.0,2023,3.7953642384105963,5.395081967213115,4.2,4.9,95
718392,2023-04-28,TOR,SEA,141,136,666201.0,622491.0,False,9,2.0,tie,0.0,2.0,2.0,0.0,0.0,1.0,0.0,0.0,0.0,2023,5.619685039370079,1.3876712328767125,4.1,3.5,101
718391,2023-04-28,MIA,CHC,146,112,666200.0,573186.0,False,9,2.0,tie,0.0,0.0,2.0,0.0,0.0,0.0,2.0,0.0,1.0,2023,3.2893939393939395,3.617241379310345,3.6,6.2,93
718393,2023-04-28,CWS,TB,145,139,608337.0,621107.0,False,9,2.0,1,2.0,1.0,0.0,1.0,0.0,0.0,0.0,0.0,1.0,2023,4.0285714285714285,2.1,2.7,5.7,101
718382,2023-04-28,LAD,STL,119,138,669160.0,656427.0,False,9,4.0,1,4.0,0.0,2.0,0.0,1.0,0.0,2.0,0.0,1.0,2023,3.487323943661972,4.945018450184502,4.7,5.0,94
718384,2023-04-29,SD,SF,135,137,605397.0,640455.0,False,9,8.0,4,2.0,1.0,4.0,8.0,3.0,0.0,5.0,4.0,0.0,2023,3.3000000000000003,5.782926829268293,2.8,3.9,96
718373,2023-04-29,CWS,TB,145,139,458681.0,676534.0,False,9,10.0,7,0.0,2.0,0.0,0.0,0.0,1.0,10.0,1.0,1.0,2023,5.816535433070866,2.6161290322580646,2.5,5.9,101
718374,2023-04-29,TEX,NYY,140,147,543135.0,666745.0,False,9,2.0,5,0.0,0.0,0.0,0.0,2.0,0.0,0.0,0.0,0.0,2023,1.960294117647059,4.251515151515152,7.3,3.8,103
718377,2023-04-29,ATH,CIN,133,113,666205.0,668881.0,False,9,2.0,tie,0.0,2.0,1.0,0.0,0.0,0.0,0.0,0.0,2.0,2023,5.125862068965517,2.203139013452915,4.3,3.6,97
718399,2023-04-29,WSH,PIT,120,134,641771.0,592826.0,False,9,4.0,tie,1.0,1.0,2.0,4.0,0.0,4.0,1.0,0.0,4.0,2023,7.295402298850576,3.926771653543307,4.2,6.6,99
718401,2023-04-29,DET,BAL,116,110,571510.0,680570.0,False,9,6.0,6,0.0,4.0,0.0,0.0,0.0,6.0,0.0,0.0,0.0,2023,4.793989071038252,3.4141361256544505,2.4,4.6,96
718358,2023-04-30,COL,ARI,115,109,596295.0,669194.0,False,9,4.0,tie,0.0,2.0,4.0,1.0,0.0,4.0,2.0,2.0,1.0,2023,6.580392156862745,4.655555555555556,3.4,5.8,112
718367,2023-04-30,WSH,PIT,120,134,680686.0,670912.0,False,9,3.0,tie,2.0,3.0,3.0,0.0,0.0,0.0,0.0,0.0,1.0,2023,4.497058823529412,3.4859649122807017,3.5,6.9,99
718368,2023-04-30,SD,SF,135,137,506433.0,502171.0,False,9,3.0,tie,1.0,1.0,0.0,2.0,3.0,0.0,0.0,3.0,0.0,2023,2.8854077253218886,2.589051094890511,4.4,4.8,96
718362,2023-04-30,MIN,KC,142,118,543243.0,663903.0,False,9,7.0,3,0.0,1.0,7.0,0.0,0.0,1.0,1.0,0.0,2.0,2023,1.8931034482758622,4.396296296296296,4.9,3.6,99
718364,2023-04-30,MIA,CHC,146,112,663773.0,657006.0,False,9,3.0,3,0.0,0.0,3.0,2.0,0.0,1.0,0.0,1.0,0.0,2023,3.725,3.1332225913621263,3.8,5.6,93
718361,2023-05-01,NYM,ATL,121,144,656731.0,450203.0,False,9,5.0,6,0.0,1.0,0.0,0.0,1.0,5.0,0.0,1.0,0.0,2023,5.74,4.096563573883161,3.9,4.9,94
718350,2023-05-01,HOU,SF,117,137,677651.0,548389.0,False,9,5.0,7,1.0,0.0,2.0,0.0,1.0,0.0,5.0,1.0,0.0,2023,3.4703703703703703,8.408641975308642,4.0,4.7,99
718343,2023-05-01,LAD,PHI,119,143,664062.0,592836.0,False,9,4.0,4,1.0,3.0,1.0,4.0,3.0,1.0,2.0,2.0,0.0,2023,5.358064516129032,5.067213114754098,4.7,3.9,94
718349,2023-05-01,WSH,CHC,120,112,669022.0,592767.0,False,9,2.0,tie,2.0,1.0,0.0,0.0,2.0,0.0,0.0,0.0,1.0,2023,3.2520912547528518,2.949624060150376,4.2,4.7,99
718331,2023-05-02,LAD,PHI,119,143,628711.0,621381.0,False,9,5.0,8,1.0,2.0,0.0,2.0,0.0,0.0,4.0,5.0,0.0,2023,5.2176470588235295,2.539252336448598,5.4,4.3,94
718336,2023-05-02,KC,BAL,118,110,642232.0,669330.0,False,9,5.0,4,3.0,0.0,0.0,5.0,2.0,4.0,3.0,1.0,0.0,2023,3.6,3.915450643776824,3.7,4.8,98
718342,2023-05-02,TEX,ARI,140,109,592351.0,668678.0,False,9,3.0,1,3.0,1.0,1.0,0.0,2.0,2.0,1.0,0.0,0.0,2023,5.6819672131147545,1.4591331269349845,6.6,5.7,103
718344,2023-05-02,WSH,CHC,120,112,592866.0,669713.0,False,9,4.0,7,0.0,0.0,1.0,0.0,0.0,0.0,4.0,0.0,0.0,2023,4.594252873563218,5.857009345794393,4.3,5.0,99
718337,2023-05-02,HOU,SF,117,137,686613.0,543101.0,False,9,1.0,tie,1.0,0.0,0.0,1.0,0.0,0.0,0.0,0.0,0.0,2023,2.2496598639455785,3.3389078498293516,3.9,4.6,99
718329,2023-05-03,DET,NYM,116,121,547179.0,453286.0,False,9,4.0,4,2.0,1.0,0.0,4.0,0.0,0.0,0.0,2.0,0.0,2023,5.0285714285714285,5.456020942408377,3.1,4.7,96
718322,2023-05-03,CWS,MIN,145,142,656302.0,686973.0,False,9,3.0,tie,3.0,0.0,3.0,2.0,0.0,0.0,1.0,1.0,0.0,2023,4.725,7.433333333333334,3.1,5.2,101
718326,2023-05-03,HOU,SF,117,137,664285.0,657277.0,False,9,2.0,tie,0.0,0.0,0.0,0.0,0.0,2.0,1.0,2.0,1.0,2023,3.4823529411764707,3.5934210526315793,3.3,4.8,99
718321,2023-05-03,MIA,ATL,146,144,666129.0,657140.0,False,9,9.0,2,0.0,9.0,3.0,0.0,5.0,0.0,2.0,1.0,0.0,2023,1.7363636363636366,4.64320987654321,3.4,5.5,93
718304,2023-05-04,ATH,SEA,133,136,607968.0,669923.0,False,9,4.0,3,0.0,1.0,4.0,3.0,0.0,0.0,0.0,0.0,0.0,2023,5.792307692307692,2.33841059602649,4.3,3.9,97
718309,2023-05-04,TB,PIT,139,134,621107.0,592826.0,False,9,2.0,9,0.0,1.0,0.0,1.0,0.0,0.0,0.0,1.0,2.0,2023,3.5285714285714285,2.7691176470588235,6.2,5.1,97
718307,2023-05-05,PIT,TOR,134,141,448179.0,605135.0,False,9,2.0,5,1.0,0.0,0.0,1.0,2.0,0.0,0.0,0.0,0.0,2023,4.797416974169741,4.024657534246575,5.1,5.1,95
718305,2023-05-05,CIN,CWS,113,145,668881.0,458681.0,False,9,4.0,5,0.0,0.0,1.0,2.0,4.0,2.0,0.0,0.0,0.0,2023,1.6950413223140497,5.077186311787073,4.3,3.6,105
718306,2023-05-05,CLE,MIN,114,142,685410.0,641927.0,False,9,2.0,6,0.0,0.0,0.0,0.0,0.0,2.0,0.0,0.0,0.0,2023,4.697222222222223,2.6192307692307693,3.3,5.6,97
718293,2023-05-05,SF,MIL,137,158,640455.0,669203.0,False,9,5.0,5,4.0,0.0,0.0,0.0,5.0,0.0,0.0,1.0,0.0,2023,6.736363636363636,3.84468085106383,4.5,3.4,95
718296,2023-05-05,ARI,WSH,109,120,518876.0,680686.0,False,9,2.0,4,1.0,0.0,1.0,2.0,0.0,0.0,0.0,0.0,0.0,2023,3.8801418439716313,3.0290780141843974,5.9,3.9,100
718303,2023-05-05,CHC,MIA,112,146,657006.0,665795.0,False,9,2.0,5,1.0,0.0,0.0,0.0,2.0,1.0,0.0,1.0,0.0,2023,3.5651162790697675,4.938565022421525,3.5,3.6,98
718285,2023-05-06,CLE,MIN,114,142,671106.0,543243.0,False,9,3.0,4,0.0,0.0,0.0,3.0,0.0,2.0,2.0,0.0,0.0,2023,2.190909090909091,1.2333333333333334,2.6,5.2,97
718290,2023-05-06,NYM,COL,121,115,656731.0,596295.0,False,9,2.0,tie,2.0,1.0,1.0,0.0,1.0,2.0,0.0,0.0,0.0,2023,5.67936507936508,6.090196078431372,3.0,4.8,94
718291,2023-05-06,TB,NYY,139,147,656876.0,593334.0,False,9,3.0,8,2.0,0.0,0.0,0.0,0.0,0.0,0.0,3.0,0.0,2023,3.1790513833992096,4.332876712328767,5.8,3.6,97
718284,2023-05-06,PHI,BOS,143,111,663559.0,446372.0,False,9,6.0,4,0.0,1.0,0.0,6.0,1.0,2.0,1.0,0.0,0.0,2023,4.925095057034221,5.550592885375494,3.6,6.4,102
718283,2023-05-06,ATL,BAL,144,110,675911.0,680694.0,False,9,3.0,4,0.0,0.0,1.0,3.0,1.0,2.0,0.0,2.0,0.0,2023,2.0310344827586206,4.729629629629629,6.3,6.7,100
718275,2023-05-06,LAA,TEX,108,140,672282.0,543135.0,False,9,8.0,9,0.0,0.0,0.0,3.0,0.0,0.0,0.0,0.0,8.0,2023,4.278861788617887,1.785897435897436,6.0,5.6,98
718270,2023-05-07,PHI,BOS,143,111,592836.0,656557.0,False,9,2.0,tie,0.0,0.0,0.0,2.0,1.0,2.0,0.0,2.0,0.0,2023,6.176923076923077,3.6185185185185187,3.7,6.3,102
718268,2023-05-07,KC,ATH,118,133,642232.0,695243.0,False,9,3.0,8,1.0,0.0,0.0,2.0,0.0,0.0,0.0,3.0,0.0,2023,5.044444444444444,2.2390728476821193,4.9,4.7,98
718276,2023-05-07,NYM,COL,121,115,664192.0,663372.0,False,9,8.0,5,4.0,0.0,2.0,1.0,8.0,0.0,2.0,0.0,2.0,2023,4.6527950310559,2.977551020408163,3.2,4.7,94
718278,2023-05-07,PIT,TOR,134,141,672710.0,579328.0,False,9,5.0,9,1.0,0.0,3.0,0.0,1.0,0.0,0.0,1.0,5.0,2023,3.5166666666666666,5.186614173228347,4.4,5.1,95
718260,2023-05-08,SF,WSH,137,120,543101.0,663623.0,False,9,5.0,1,5.0,0.0,0.0,0.0,0.0,0.0,0.0,0.0,1.0,2023,3.3875399361022365,5.295121951219512,4.4,3.9,95
718255,2023-05-08,NYY,ATH,147,133,641482.0,676664.0,False,9,5.0,6,0.0,0.0,0.0,0.0,2.0,5.0,2.0,0.0,0.0,2023,4.931501831501832,4.945018450184502,3.2,4.5,97
718249,2023-05-08,ARI,MIA,109,146,668678.0,666129.0,False,9,3.0,6,0.0,0.0,0.0,1.0,1.0,3.0,1.0,0.0,1.0,2023,0.2884984025559105,4.390322580645162,6.5,3.6,100
718256,2023-05-08,CHC,STL,112,138,573186.0,571945.0,False,9,1.0,tie,0.0,1.0,0.0,0.0,1.0,1.0,0.0,1.0,0.0,2023,3.8216494845360827,5.506015037593985,3.3,4.5,98
718251,2023-05-08,SEA,TEX,136,140,669302.0,592351.0,False,9,2.0,7,1.0,0.0,0.0,0.0,0.0,0.0,2.0,0.0,0.0,2023,2.7691176470588235,6.091452991452991,4.0,7.0,94
718247,2023-05-09,NYY,ATH,147,133,657376.0,607968.0,False,9,5.0,3,0.0,1.0,5.0,1.0,2.0,0.0,3.0,3.0,0.0,2023,4.495348837209303,7.385714285714286,3.5,4.0,97
718237,2023-05-09,LAA,HOU,108,117,660271.0,664285.0,False,9,3.0,5,0.0,0.0,1.0,0.0,3.0,0.0,0.0,0.0,0.0,2023,3.7666666666666666,3.6454545454545455,5.1,3.1,98
718240,2023-05-09,CHC,STL,112,138,592791.0,656427.0,False,9,5.0,3,2.0,0.0,5.0,0.0,0.0,1.0,0.0,0.0,2.0,2023,2.2176470588235295,4.937606837606838,3.2,4.2,98
718246,2023-05-09,BAL,TB,110,139,680570.0,621107.0,False,9,3.0,3,1.0,0.0,3.0,1.0,1.0,0.0,0.0,0.0,0.0,2023,4.6246636771300444,2.7071428571428573,5.4,5.7,101
718245,2023-05-09,ATL,BOS,144,111,450203.0,601713.0,False,9,4.0,1,4.0,1.0,1.0,2.0,1.0,1.0,0.0,2.0,0.0,2023,3.8560137457044674,4.766666666666667,5.8,6.2,100
718250,2023-05-09,SF,WSH,137,120,657277.0,571578.0,False,9,2.0,1,2.0,0.0,0.0,1.0,0.0,1.0,1.0,0.0,0.0,2023,4.08159509202454,4.062199312714776,3.8,4.1,95
718226,2023-05-10,ARI,MIA,109,146,518876.0,665795.0,False,9,7.0,4,0.0,0.0,0.0,7.0,1.0,0.0,0.0,0.0,1.0,2023,3.566666666666667,4.335059760956176,6.6,3.6,100
718225,2023-05-10,CIN,NYM,113,121,668881.0,434378.0,False,9,1.0,tie,1.0,1.0,0.0,1.0,0.0,0.0,0.0,0.0,0.0,2023,2.3857142857142857,6.9,4.4,3.4,105
718235,2023-05-10,LAA,HOU,108,117,656288.0,664299.0,False,9,4.0,4,1.0,2.0,0.0,4.0,0.0,0.0,0.0,0.0,2.0,2023,4.592537313432835,4.058904109589041,5.1,3.3,98
718232,2023-05-10,NYY,ATH,147,133,666745.0,666205.0,False,9,7.0,5,4.0,2.0,0.0,0.0,7.0,0.0,1.0,0.0,0.0,2023,6.970967741935484,6.606493506493506,4.3,3.8,97
718228,2023-05-10,MIL,LAD,158,119,489119.0,477132.0,False,9,4.0,6,0.0,0.0,0.0,3.0,2.0,4.0,0.0,0.0,0.0,2023,3.3758620689655174,2.8682119205298013,3.9,6.1,100
718219,2023-05-11,NYY,TB,147,139,593334.0,656876.0,False,9,3.0,tie,0.0,0.0,0.0,0.0,1.0,3.0,1.0,3.0,2.0,2023,3.741025641025641,3.6106382978723404,5.4,4.5,97
718215,2023-05-11,ARI,SF,109,137,674072.0,502171.0,False,9,6.0,9,0.0,2.0,0.0,0.0,0.0,0.0,0.0,0.0,6.0,2023,4.41578947368421,2.3808219178082193,6.1,3.7,100
718217,2023-05-11,ATH,TEX,133,140,665622.0,543135.0,False,9,2.0,6,0.0,0.0,0.0,0.0,1.0,2.0,1.0,0.0,0.0,2023,7.699999999999999,2.041176470588235,3.9,6.6,97
718201,2023-05-12,LAD,SD,119,135,669160.0,605483.0,False,9,4.0,7,0.0,0.0,2.0,0.0,0.0,0.0,4.0,0.0,0.0,2023,3.6681818181818184,5.692592592592593,6.8,4.2,94
718207,2023-05-12,CWS,HOU,145,117,656629.0,641585.0,False,9,2.0,6,0.0,1.0,0.0,1.0,1.0,2.0,0.0,0.0,1.0,2023,6.655555555555555,2.3,5.0,3.7,101
718214,2023-05-12,WSH,NYM,120,121,669022.0,656731.0,False,9,3.0,6,1.0,0.0,0.0,1.0,0.0,3.0,0.0,0.0,0.0,2023,3.3380952380952382,6.0487179487179485,4.5,2.8,99
718209,2023-05-12,MIN,CHC,142,112,543243.0,592767.0,False,9,3.0,9,0.0,2.0,0.0,1.0,0.0,0.0,2.0,0.0,3.0,2023,1.8142857142857143,3.4272727272727272,3.6,3.7,99
718184,2023-05-13,ARI,SF,109,137,668678.0,543101.0,False,9,4.0,tie,1.0,0.0,0.0,0.0,0.0,4.0,0.0,4.0,0.0,2023,0.5440894568690093,3.814285714285714,5.5,4.1,100
718194,2023-05-13,DET,SEA,116,136,656412.0,682243.0,False,9,2.0,tie,0.0,0.0,2.0,1.0,0.0,0.0,0.0,0.0,2.0,2023,8.814285714285715,0.8500000000000001,4.6,4.6,96
718190,2023-05-13,ATH,TEX,133,140,621076.0,592351.0,False,9,2.0,9,1.0,0.0,1.0,1.0,0.0,0.0,0.0,0.0,2.0,2023,9.30967741935484,5.322222222222223,4.2,6.0,97
718182,2023-05-14,CLE,LAA,114,108,676440.0,663776.0,False,9,4.0,8,0.0,1.0,0.0,0.0,0.0,0.0,0.0,4.0,2.0,2023,2.9518518518518517,3.9300395256917,2.7,5.3,97
718203,2023-05-14,WSH,NYM,120,121,592866.0,664192.0,False,9,2.0,7,1.0,0.0,1.0,1.0,0.0,0.0,2.0,0.0,0.0,2023,4.6246636771300444,5.000452488687783,4.5,2.3,99
718169,2023-05-14,ARI,SF,109,137,694297.0,657277.0,False,9,1.0,tie,0.0,0.0,0.0,1.0,1.0,0.0,0.0,0.0,1.0,2023,11.252173913043478,3.219047619047619,5.8,4.1,100
718173,2023-05-14,DET,SEA,116,136,666214.0,669302.0,False,9,4.0,3,1.0,0.0,4.0,0.0,0.0,1.0,2.0,0.0,0.0,2023,5.209375,2.419727891156463,4.0,4.9,96
718171,2023-05-15,BAL,LAA,110,108,680570.0,660271.0,False,9,5.0,4,0.0,3.0,4.0,5.0,2.0,0.0,0.0,0.0,0.0,2023,5.578632478632478,3.72962962962963,4.2,5.0,101
718166,2023-05-15,STL,MIL,138,158,656427.0,642547.0,False,9,11.0,8,3.0,1.0,0.0,0.0,0.0,4.0,0.0,11.0,0.0,2023,5.718025751072961,3.6319148936170214,6.2,4.8,99
718158,2023-05-15,HOU,CHC,117,112,664285.0,592791.0,False,9,4.0,tie,4.0,0.0,0.0,4.0,0.0,0.0,2.0,0.0,0.0,2023,2.6882352941176473,3.4645833333333336,3.6,4.0,99
718151,2023-05-16,STL,MIL,138,158,656756.0,489119.0,False,9,1.0,tie,1.0,1.0,0.0,1.0,1.0,1.0,0.0,0.0,0.0,2023,4.129411764705883,4.272413793103448,7.3,4.3,99
718147,2023-05-16,CWS,CLE,145,114,458681.0,669456.0,False,9,6.0,5,0.0,0.0,0.0,0.0,6.0,2.0,0.0,3.0,0.0,2023,4.158394160583942,4.093788819875776,4.5,2.9,101
718152,2023-05-16,HOU,CHC,117,112,664299.0,657006.0,False,9,4.0,4,1.0,1.0,0.0,4.0,0.0,0.0,2.0,0.0,2.0,2023,2.963013698630137,2.7677740863787377,4.0,4.1,99
718156,2023-05-16,SF,PHI,137,143,502171.0,554430.0,False,9,4.0,4,0.0,0.0,2.0,4.0,0.0,0.0,0.0,0.0,1.0,2023,2.495770392749245,2.069072164948454,3.8,4.5,95
718144,2023-05-16,SD,KC,135,118,607625.0,663903.0,False,9,5.0,2,0.0,5.0,0.0,0.0,2.0,2.0,0.0,0.0,0.0,2023,4.054198473282443,4.13448275862069,2.8,4.6,96
718155,2023-05-16,DET,PIT,116,134,547179.0,682847.0,False,9,2.0,tie,2.0,0.0,2.0,0.0,0.0,0.0,0.0,0.0,0.0,2023,3.992857142857143,5.9,3.7,1.8,96
718129,2023-05-17,CWS,CLE,145,114,605182.0,685410.0,False,9,3.0,4,1.0,1.0,0.0,3.0,1.0,2.0,1.0,0.0,0.0,2023,6.02,3.610948905109489,4.8,2.9,101
718136,2023-05-17,LAD,MIN,119,142,669160.0,543243.0,False,9,6.0,7,0.0,0.0,1.0,2.0,0.0,1.0,6.0,0.0,0.0,2023,3.3181818181818183,1.4274021352313169,4.6,5.5,94
718126,2023-05-17,TEX,ATL,140,144,543135.0,675911.0,False,9,3.0,4,0.0,2.0,0.0,3.0,1.0,1.0,1.0,2.0,1.0,2023,1.5946236559139786,1.080132450331126,5.6,4.6,103
718142,2023-05-17,DET,PIT,116,134,593958.0,448179.0,False,9,4.0,7,0.0,2.0,0.0,1.0,1.0,0.0,4.0,0.0,0.0,2023,1.7363636363636366,2.981889763779528,3.9,1.6,96
718130,2023-05-18,MIA,WSH,146,120,691587.0,592866.0,False,9,3.0,8,0.0,1.0,1.0,2.0,0.0,0.0,1.0,3.0,0.0,2023,7.385714285714286,4.6246636771300444,4.1,5.0,93
718125,2023-05-18,CWS,CLE,145,114,656302.0,671106.0,False,9,2.0,7,0.0,0.0,0.0,1.0,1.0,0.0,2.0,0.0,0.0,2023,4.683333333333334,3.0507389162561576,5.2,3.1,101
718124,2023-05-18,STL,LAD,138,119,425794.0,628711.0,False,9,7.0,8,2.0,0.0,6.0,3.0,0.0,5.0,1.0,7.0,0.0,2023,4.9,5.172727272727273,6.9,5.1,99
718115,2023-05-19,TOR,BAL,141,110,579328.0,502043.0,False,9,3.0,3,0.0,1.0,3.0,0.0,0.0,1.0,0.0,1.0,2.0,2023,5.068503937007874,3.9394160583941606,4.1,3.4,101
718107,2023-05-19,SD,BOS,135,111,605483.0,572020.0,False,9,6.0,3,0.0,1.0,6.0,0.0,0.0,0.0,0.0,0.0,0.0,2023,4.635714285714286,2.7,2.9,4.8,96
718112,2023-05-19,HOU,ATH,117,133,656232.0,686610.0,False,9,2.0,6,0.0,1.0,1.0,1.0,0.0,2.0,0.0,1.0,0.0,2023,5.708695652173914,5.827272727272727,4.3,3.6,99
718111,2023-05-19,CWS,KC,145,118,656629.0,425844.0,False,9,2.0,2,0.0,2.0,0.0,0.0,0.0,0.0,0.0,0.0,0.0,2023,6.038931297709924,5.664102564102564,3.6,4.6,101
718109,2023-05-20,STL,LAD,138,119,571945.0,592789.0,False,9,3.0,tie,1.0,2.0,0.0,0.0,0.0,3.0,0.0,3.0,2.0,2023,4.156603773584906,4.74179104477612,7.0,5.6,99
718093,2023-05-20,TB,MIL,139,158,621107.0,641778.0,False,9,4.0,4,1.0,3.0,1.0,4.0,0.0,0.0,2.0,1.0,0.0,2023,3.6517241379310343,5.3033898305084755,5.0,3.4,97
718108,2023-05-20,WSH,DET,120,116,571578.0,656412.0,False,9,2.0,tie,2.0,0.0,0.0,1.0,2.0,1.0,0.0,1.0,0.0,2023,4.030232558139535,6.923529411764706,4.5,3.6,99
718097,2023-05-20,PHI,CHC,143,112,605400.0,592791.0,False,9,6.0,1,6.0,0.0,2.0,0.0,2.0,2.0,1.0,2.0,0.0,2023,4.214369501466276,3.718556701030928,4.0,4.8,102
718092,2023-05-20,SD,BOS,135,111,605397.0,519242.0,False,9,4.0,2,0.0,4.0,0.0,1.0,0.0,1.0,0.0,0.0,0.0,2023,6.050819672131148,2.1353697749196145,2.8,4.7,96
718088,2023-05-21,PHI,CHC,143,112,592836.0,657006.0,False,9,2.0,7,0.0,0.0,0.0,0.0,0.0,0.0,2.0,0.0,1.0,2023,5.949740932642487,2.4687707641196015,4.6,5.0,102
718084,2023-05-21,CWS,KC,145,118,458681.0,672578.0,False,9,3.0,5,0.0,2.0,0.0,1.0,3.0,0.0,1.0,0.0,0.0,2023,3.78259385665529,-0.8999999999999999,3.4,3.3,101
718082,2023-05-21,NYM,CLE,121,114,434378.0,669456.0,False,9,1.0,tie,1.0,0.0,0.0,0.0,0.0,1.0,0.0,1.0,0.0,2023,5.276470588235294,4.382894736842106,4.4,3.7,94
718091,2023-05-21,PIT,ARI,134,109,672710.0,518876.0,False,9,3.0,tie,1.0,1.0,1.0,0.0,3.0,1.0,3.0,0.0,1.0,2023,4.669965870307167,3.261290322580645,3.7,4.7,95
718076,2023-05-21,TEX,COL,140,115,571760.0,657756.0,False,9,6.0,5,0.0,5.0,0.0,0.0,6.0,1.0,0.0,4.0,0.0,2023,5.142253521126761,6.362411347517731,6.1,5.3,103
718067,2023-05-22,MIN,SF,142,137,641927.0,605154.0,False,9,4.0,1,4.0,0.0,0.0,0.0,0.0,0.0,0.0,1.0,0.0,2023,2.793877551020408,0.7190476190476192,6.2,4.2,99
718077,2023-05-22,TB,TOR,139,141,665001.0,605135.0,False,9,3.0,2,0.0,3.0,1.0,2.0,0.0,1.0,1.0,0.0,2.0,2023,7.6,3.3346041055718474,5.9,3.6,97
718062,2023-05-22,SEA,ATH,136,133,622491.0,666205.0,False,9,5.0,8,2.0,3.0,0.0,0.0,1.0,2.0,0.0,5.0,0.0,2023,4.507407407407408,6.346753246753247,4.8,2.9,94
718068,2023-05-22,MIL,HOU,158,117,669203.0,664299.0,False,9,5.0,6,0.0,3.0,0.0,1.0,2.0,5.0,1.0,2.0,0.0,2023,3.3413793103448275,2.967549668874172,3.3,4.5,100
718073,2023-05-22,PHI,ARI,143,109,554430.0,674072.0,False,9,3.0,2,0.0,3.0,0.0,2.0,1.0,0.0,1.0,1.0,1.0,2023,1.9039867109634554,5.6390625,4.0,5.1,102
718050,2023-05-23,SEA,ATH,136,133,594835.0,665622.0,False,9,3.0,5,2.0,0.0,0.0,0.0,3.0,0.0,0.0,0.0,0.0,2023,5.6471698113207545,6.041176470588235,5.6,3.1,94
718056,2023-05-23,MIL,HOU,158,117,607067.0,641585.0,False,9,4.0,8,0.0,0.0,1.0,1.0,0.0,0.0,0.0,4.0,0.0,2023,5.579338842975207,6.363888888888889,3.4,5.2,100
718061,2023-05-23,TB,TOR,139,141,671737.0,621244.0,False,9,9.0,9,1.0,0.0,1.0,2.0,7.0,0.0,0.0,1.0,9.0,2023,3.1,4.113513513513514,5.7,3.7,97
718063,2023-05-23,CLE,CWS,114,145,671106.0,656302.0,False,9,3.0,7,0.0,0.0,1.0,0.0,1.0,1.0,3.0,0.0,0.0,2023,2.7862745098039214,4.594252873563218,4.1,3.5,97
718059,2023-05-23,CIN,STL,113,138,668933.0,425794.0,False,9,3.0,tie,2.0,2.0,3.0,3.0,1.0,1.0,0.0,0.0,1.0,2023,4.894871794871795,4.744736842105263,4.4,7.3,105
718055,2023-05-23,CHC,NYM,112,121,592767.0,656731.0,False,9,4.0,2,0.0,4.0,0.0,3.0,0.0,1.0,1.0,0.0,0.0,2023,3.3952029520295204,4.534426229508197,4.7,4.9,98
718039,2023-05-24,KC,DET,118,116,425844.0,571510.0,False,9,3.0,tie,0.0,0.0,0.0,2.0,0.0,3.0,1.0,3.0,1.0,2023,4.371186440677967,5.1,3.0,3.4,98
718047,2023-05-24,MIN,SF,142,137,657746.0,543101.0,False,9,3.0,2,1.0,3.0,2.0,1.0,0.0,1.0,0.0,0.0,0.0,2023,1.1,3.2286173633440516,5.9,3.9,99
718040,2023-05-24,NYY,BAL,147,110,641482.0,669330.0,False,9,9.0,7,0.0,0.0,2.0,1.0,3.0,0.0,9.0,0.0,0.0,2023,5.404526748971193,5.156737588652483,5.6,4.7,97
718034,2023-05-24,LAA,BOS,108,111,542881.0,572020.0,False,9,4.0,2,0.0,4.0,1.0,3.0,0.0,0.0,1.0,0.0,1.0,2023,4.4553113553113555,3.7363636363636363,3.9,3.7,98
718041,2023-05-24,CIN,STL,113,138,594902.0,571927.0,False,9,4.0,1,4.0,0.0,1.0,2.0,1.0,2.0,2.0,0.0,1.0,2023,3.1,4.296581196581196,4.2,7.7,105
718031,2023-05-25,DET,CWS,116,145,656412.0,608337.0,False,9,4.0,4,0.0,0.0,1.0,4.0,1.0,1.0,0.0,2.0,0.0,2023,5.994736842105263,3.2923076923076926,3.8,4.1,96
718026,2023-05-25,ATL,PHI,144,143,689266.0,605400.0,False,9,4.0,2,2.0,4.0,0.0,1.0,2.0,0.0,1.0,3.0,0.0,2023,5.550331125827815,3.627859237536657,5.0,3.7,100
718022,2023-05-26,CLE,STL,114,138,669456.0,669461.0,False,9,4.0,5,0.0,0.0,0.0,0.0,4.0,1.0,1.0,0.0,1.0,2023,4.093975903614458,2.5,3.1,5.5,97
718009,2023-05-26,ATH,HOU,133,117,621076.0,686613.0,False,9,4.0,3,0.0,1.0,4.0,0.0,0.0,0.0,2.0,0.0,0.0,2023,6.5426229508196725,3.2893939393939395,2.4,4.6,97
718013,2023-05-26,MIN,TOR,142,141,686973.0,592332.0,False,9,3.0,3,0.0,0.0,3.0,0.0,0.0,1.0,0.0,0.0,0.0,2023,5.041391941391941,1.942443729903537,5.5,4.8,99
718016,2023-05-26,COL,NYM,115,121,657756.0,453286.0,False,9,2.0,tie,2.0,1.0,0.0,0.0,2.0,0.0,0.0,1.0,1.0,2023,7.030635838150289,3.5524886877828052,5.0,5.0,112
718019,2023-05-26,ATL,PHI,144,143,694363.0,592836.0,False,9,2.0,tie,0.0,0.0,2.0,1.0,2.0,2.0,2.0,1.0,0.0,2023,4.922916666666667,4.962745098039216,5.3,4.2,100
718014,2023-05-26,KC,WSH,118,120,543475.0,571578.0,False,9,9.0,6,1.0,0.0,0.0,2.0,0.0,9.0,5.0,5.0,0.0,2023,6.685657370517928,3.5983388704318937,3.1,5.2,98
718010,2023-05-26,ARI,BOS,109,111,694297.0,519242.0,False,9,3.0,tie,0.0,3.0,0.0,3.0,0.0,1.0,0.0,2.0,0.0,2023,7.60777202072539,2.9753894080996885,5.0,3.7,100
718003,2023-05-27,ATH,HOU,133,117,643493.0,664285.0,False,9,6.0,8,2.0,1.0,0.0,0.0,0.0,0.0,0.0,6.0,0.0,2023,3.1,2.364705882352941,2.4,4.7,97
717999,2023-05-27,MIL,SF,158,137,669203.0,657277.0,False,9,2.0,8,1.0,0.0,0.0,0.0,0.0,0.0,1.0,2.0,0.0,2023,5.031034482758621,3.040119760479042,2.6,5.1,100
717991,2023-05-27,ARI,BOS,109,111,605200.0,676477.0,False,9,2.0,4,1.0,0.0,0.0,2.0,0.0,0.0,0.0,0.0,0.0,2023,6.396703296703297,5.725,5.0,4.3,100
718000,2023-05-27,KC,WSH,118,120,663903.0,680686.0,False,9,4.0,6,1.0,0.0,1.0,0.0,0.0,4.0,0.0,0.0,0.0,2023,5.529906542056075,3.8666666666666667,3.5,5.4,98
717980,2023-05-28,ATH,HOU,133,117,686610.0,664299.0,False,9,3.0,tie,2.0,0.0,0.0,3.0,0.0,0.0,2.0,1.0,3.0,2023,6.736363636363636,3.199337748344371,1.8,4.7,97
717986,2023-05-28,MIL,SF,158,137,607067.0,502171.0,False,9,4.0,tie,3.0,4.0,1.0,0.0,0.0,0.0,4.0,0.0,0.0,2023,5.404526748971193,3.7849315068493152,2.4,5.0,100
717994,2023-05-28,TB,LAD,139,119,676596.0,694813.0,False,9,9.0,2,1.0,9.0,5.0,2.0,1.0,2.0,1.0,0.0,0.0,2023,3.225,6.85,4.9,5.8,97
717995,2023-05-28,NYY,SD,147,135,543037.0,506433.0,False,9,7.0,3,2.0,2.0,7.0,0.0,0.0,0.0,3.0,2.0,1.0,2023,5.507407407407408,4.635836177474403,3.8,4.2,97
717978,2023-05-29,SF,PIT,137,134,543101.0,448179.0,False,9,10.0,7,0.0,5.0,1.0,1.0,0.0,0.0,10.0,0.0,1.0,2023,3.4322259136212625,2.1980392156862747,4.8,5.0,95
717971,2023-05-29,CWS,LAA,145,108,656629.0,656288.0,False,9,5.0,1,5.0,0.0,0.0,1.0,1.0,0.0,0.0,2.0,1.0,2023,4.093589743589744,4.839130434782609,4.4,3.7,101
717958,2023-05-30,ATH,ATL,133,144,676664.0,693821.0,False,9,1.0,tie,0.0,0.0,1.0,0.0,1.0,0.0,0.0,0.0,1.0,2023,4.423529411764706,2.756357388316151,2.2,4.3,97
717960,2023-05-30,STL,KC,138,118,571945.0,425844.0,False,9,1.0,tie,0.0,0.0,0.0,0.0,0.0,1.0,0.0,1.0,1.0,2023,3.304778156996587,3.493700787401575,4.2,3.8,99
717959,2023-05-30,CWS,LAA,145,108,608337.0,542881.0,False,9,7.0,4,2.0,0.0,0.0,7.0,0.0,1.0,0.0,0.0,0.0,2023,4.660283687943263,4.376595744680851,4.6,3.7,101
717954,2023-05-31,LAD,WSH,119,120,592789.0,571578.0,False,9,4.0,8,3.0,2.0,2.0,0.0,2.0,0.0,1.0,4.0,2.0,2023,3.763507109004739,3.6144694533762056,6.3,4.8,94
717953,2023-05-31,SF,PIT,137,134,622072.0,656605.0,False,9,5.0,3,0.0,1.0,5.0,2.0,1.0,3.0,0.0,0.0,1.0,2023,4.665656565656565,2.190909090909091,5.9,3.5,95
717950,2023-05-31,CHC,TB,112,139,657006.0,621107.0,False,9,3.0,7,2.0,0.0,0.0,0.0,0.0,0.0,3.0,2.0,0.0,2023,2.071631205673759,3.5545454545454547,2.9,5.0,98
717945,2023-05-31,MIA,SD,146,135,666129.0,605483.0,False,9,2.0,9,0.0,0.0,1.0,0.0,0.0,0.0,0.0,0.0,2.0,2023,5.036758893280632,4.507407407407408,4.9,5.1,93
717943,2023-05-31,CWS,LAA,145,108,458681.0,642545.0,False,9,5.0,9,2.0,1.0,4.0,2.0,0.0,0.0,3.0,0.0,5.0,2023,3.8284768211920532,0.7000000000000002,4.8,3.5,101
717948,2023-05-31,BOS,CIN,111,113,572020.0,596133.0,False,9,3.0,7,0.0,1.0,1.0,0.0,2.0,1.0,3.0,1.0,0.0,2023,5.385714285714286,4.20236220472441,3.3,6.1,104
717934,2023-06-01,NYM,PHI,121,143,453286.0,592836.0,False,9,2.0,tie,2.0,0.0,1.0,2.0,0.0,1.0,0.0,0.0,0.0,2023,3.5149377593360995,3.7808510638297874,4.9,3.2,94
717924,2023-06-02,MIN,CLE,142,114,641927.0,650644.0,False,9,1.0,7,0.0,0.0,0.0,0.0,0.0,0.0,1.0,0.0,0.0,2023,3.203448275862069,2.280327868852459,4.4,4.2,99
717919,2023-06-02,ARI,ATL,109,144,518876.0,450203.0,False,9,2.0,1,2.0,1.0,1.0,0.0,0.0,0.0,1.0,0.0,0.0,2023,2.5212218649517686,3.1364963503649634,4.5,4.2,100
717921,2023-06-02,SD,CHC,135,112,608379.0,592791.0,False,9,1.0,tie,0.0,0.0,1.0,0.0,1.0,1.0,0.0,0.0,0.0,2023,2.725,6.7305732484076435,5.9,2.9,96
717920,2023-06-02,SF,BAL,137,110,657277.0,665152.0,False,9,2.0,2,1.0,2.0,1.0,0.0,0.0,0.0,1.0,0.0,0.0,2023,2.427485380116959,3.240845070422535,5.6,4.9,95
717909,2023-06-03,KC,COL,118,115,663738.0,596295.0,False,9,6.0,1,6.0,0.0,1.0,0.0,0.0,1.0,0.0,1.0,1.0,2023,2.511764705882353,5.923529411764706,4.0,4.9,98
717914,2023-06-03,WSH,PHI,120,143,669022.0,621381.0,False,9,2.0,4,0.0,1.0,1.0,2.0,0.0,1.0,0.0,1.0,0.0,2023,4.050570342205323,3.1,5.5,3.6,99
717913,2023-06-03,MIN,CLE,142,114,543243.0,671106.0,False,9,2.0,7,1.0,1.0,0.0,0.0,1.0,0.0,2.0,0.0,1.0,2023,2.3031872509960163,2.9545454545454546,4.4,3.9,99
717892,2023-06-04,ARI,ATL,109,144,668678.0,647336.0,False,9,4.0,tie,0.0,2.0,2.0,4.0,0.0,0.0,1.0,0.0,4.0,2023,2.5055944055944055,6.266666666666667,4.0,4.2,100
717893,2023-06-04,KC,COL,118,115,663903.0,607536.0,False,9,1.0,tie,0.0,0.0,0.0,0.0,1.0,0.0,0.0,1.0,0.0,2023,4.62892561983471,4.885714285714286,4.2,5.3,98
717899,2023-06-04,HOU,LAA,117,108,641585.0,656288.0,False,9,1.0,tie,0.0,0.0,0.0,0.0,1.0,1.0,0.0,1.0,0.0,2023,5.1703125,4.887072243346008,5.3,4.5,99
717888,2023-06-04,LAD,NYY,119,147,676272.0,593334.0,False,9,2.0,tie,0.0,0.0,0.0,0.0,0.0,0.0,2.0,1.0,2.0,2023,2.0090909090909093,3.318978102189781,6.2,5.1,94
717900,2023-06-04,NYM,TOR,121,141,673540.0,579328.0,False,9,3.0,3,0.0,2.0,3.0,0.0,1.0,2.0,2.0,0.0,0.0,2023,2.2724137931034485,6.639094650205761,4.5,3.6,94
717897,2023-06-04,CIN,MIL,113,158,594902.0,605288.0,False,9,3.0,1,3.0,0.0,0.0,0.0,2.0,0.0,1.0,0.0,0.0,2023,3.709756097560976,3.1,6.4,3.5,105
717879,2023-06-05,TEX,STL,140,138,527048.0,425794.0,False,9,4.0,2,0.0,4.0,0.0,0.0,0.0,0.0,0.0,2.0,1.0,2023,6.054545454545455,4.320472440944882,6.9,2.4,103
717887,2023-06-05,MIA,KC,146,118,666129.0,672578.0,False,9,4.0,tie,2.0,0.0,4.0,4.0,1.0,2.0,0.0,1.0,1.0,2023,3.061977186311787,-0.3999999999999999,5.2,3.9,93
717878,2023-06-05,TOR,HOU,141,117,666201.0,656232.0,False,9,6.0,1,6.0,1.0,0.0,2.0,3.0,0.0,1.0,2.0,0.0,2023,7.707843137254903,4.9750000000000005,3.9,5.4,101
717886,2023-06-05,PHI,DET,143,116,605400.0,666214.0,False,9,6.0,7,1.0,1.0,1.0,0.0,2.0,0.0,6.0,0.0,0.0,2023,4.7875,4.4714285714285715,4.2,3.5,102
717861,2023-06-06,LAA,CHC,108,112,542881.0,669713.0,False,9,5.0,5,0.0,4.0,0.0,1.0,5.0,0.0,1.0,0.0,0.0,2023,4.176923076923077,5.74367816091954,4.0,2.5,98
717877,2023-06-06,NYY,CWS,147,145,657376.0,608337.0,False,9,2.0,5,0.0,0.0,1.0,0.0,2.0,0.0,1.0,0.0,1.0,2023,2.5094488188976376,5.313740458015268,4.9,4.9,97
717855,2023-06-07,LAA,CHC,108,112,642545.0,592791.0,False,9,4.0,6,0.0,0.0,0.0,1.0,3.0,4.0,0.0,0.0,0.0,2023,1.6,5.669832402234637,4.5,2.9,98
717852,2023-06-07,COL,SF,115,137,657756.0,657277.0,False,9,3.0,tie,0.0,3.0,0.0,0.0,0.0,1.0,3.0,2.0,0.0,2023,5.183333333333334,2.276470588235294,4.8,6.1,112
717866,2023-06-07,WSH,ARI,120,109,571578.0,605200.0,False,9,3.0,1,3.0,0.0,2.0,0.0,0.0,0.0,1.0,0.0,2.0,2023,5.230584192439863,4.536781609195403,5.0,4.8,99
717856,2023-06-07,TOR,HOU,141,117,605135.0,669854.0,False,9,3.0,4,0.0,0.0,0.0,3.0,0.0,1.0,1.0,0.0,0.0,2023,4.030930930930931,5.452941176470588,4.2,5.5,101
717851,2023-06-07,MIL,BAL,158,110,669203.0,665152.0,False,9,4.0,7,1.0,0.0,2.0,1.0,2.0,0.0,4.0,0.0,2.0,2023,4.833333333333334,3.487323943661972,3.9,3.8,100
717858,2023-06-07,CLE,BOS,114,111,676440.0,676710.0,False,9,3.0,4,1.0,1.0,0.0,3.0,2.0,0.0,0.0,0.0,0.0,2023,3.391970802919708,4.35,4.3,4.2,97
717838,2023-06-08,LAA,CHC,108,112,672282.0,592767.0,False,9,3.0,2,0.0,3.0,0.0,0.0,0.0,1.0,0.0,0.0,0.0,2023,2.6041322314049586,3.743939393939394,4.6,2.6,98
717843,2023-06-08,TOR,HOU,141,117,621244.0,664285.0,False,9,3.0,5,0.0,2.0,0.0,0.0,3.0,0.0,0.0,0.0,0.0,2023,4.214864864864865,2.1882352941176473,3.8,4.7,101
717849,2023-06-08,MIL,BAL,158,110,607067.0,680694.0,False,9,3.0,tie,3.0,0.0,0.0,0.0,0.0,0.0,1.0,3.0,2.0,2023,5.115810276679842,3.027007299270073,4.8,3.8,100
717836,2023-06-09,PIT,NYM,134,121,448179.0,656731.0,False,9,6.0,3,0.0,3.0,6.0,3.0,0.0,2.0,0.0,2.0,5.0,2023,3.137735849056604,4.7738197424892705,4.3,4.4,95
717839,2023-06-09,BAL,KC,110,118,669330.0,663738.0,False,9,1.0,tie,1.0,1.0,1.0,0.0,1.0,0.0,1.0,0.0,0.0,2023,3.8473309608540927,2.010891089108911,4.1,2.9,101
717823,2023-06-09,SF,CHC,137,112,543101.0,573186.0,False,9,4.0,7,0.0,0.0,1.0,0.0,0.0,0.0,4.0,0.0,0.0,2023,4.414741035856574,3.4525641025641027,5.4,2.2,95
717809,2023-06-10,LAA,SEA,108,136,663776.0,693433.0,False,9,5.0,3,0.0,0.0,5.0,2.0,0.0,0.0,1.0,0.0,0.0,2023,4.115037593984963,0.6000000000000001,4.8,3.3,98
717816,2023-06-10,ATL,WSH,144,120,694363.0,669022.0,False,9,4.0,2,2.0,4.0,0.0,0.0,2.0,0.0,1.0,0.0,1.0,2023,4.325296442687748,4.164638783269962,5.1,3.8,100
717825,2023-06-10,NYY,BOS,147,111,593334.0,656557.0,False,9,2.0,6,0.0,0.0,0.0,1.0,0.0,2.0,1.0,0.0,0.0,2023,3.8450980392156864,3.5761904761904764,4.6,3.8,97
717820,2023-06-10,CWS,MIA,145,146,656629.0,645261.0,False,9,5.0,9,0.0,0.0,0.0,1.0,0.0,0.0,0.0,0.0,5.0,2023,2.835973597359736,3.5444444444444443,3.8,5.2,101
717821,2023-06-10,DET,ARI,116,109,571510.0,669194.0,False,9,3.0,5,0.0,2.0,0.0,0.0,3.0,0.0,0.0,0.0,0.0,2023,3.797674418604651,4.936734693877551,2.3,6.0,96
717802,2023-06-11,CLE,HOU,114,117,669456.0,656232.0,False,9,2.0,2,0.0,2.0,0.0,1.0,1.0,1.0,0.0,0.0,0.0,2023,4.802898550724638,4.694202898550725,5.7,5.2,97
717805,2023-06-11,TOR,MIN,141,142,592332.0,686973.0,False,9,5.0,tie,5.0,0.0,0.0,0.0,5.0,0.0,0.0,3.0,0.0,2023,2.109009009009009,5.325913621262458,3.5,3.4,101
717798,2023-06-11,COL,SD,115,135,659275.0,605483.0,False,9,3.0,9,1.0,0.0,1.0,2.0,0.0,0.0,0.0,2.0,3.0,2023,1.9333333333333333,3.72962962962963,3.7,4.7,112
717807,2023-06-11,ATL,WSH,144,120,693821.0,592866.0,False,9,5.0,6,2.0,0.0,0.0,1.0,0.0,5.0,0.0,0.0,0.0,2023,3.4322259136212625,6.248936170212766,5.5,4.0,100
717791,2023-06-12,STL,SF,138,137,669461.0,657277.0,False,9,2.0,tie,0.0,0.0,2.0,0.0,1.0,2.0,1.0,1.0,0.0,2023,4.314285714285714,2.9753894080996885,3.3,4.9,99
717783,2023-06-13,MIN,MIL,142,158,641154.0,669203.0,False,9,5.0,3,0.0,0.0,5.0,0.0,0.0,0.0,3.0,0.0,4.0,2023,4.621739130434783,4.225,3.2,4.6,99
717782,2023-06-13,CHC,PIT,112,134,592791.0,682847.0,False,9,4.0,tie,4.0,1.0,0.0,0.0,0.0,2.0,4.0,3.0,0.0,2023,5.6000000000000005,5.847747747747748,2.6,5.1,98
717777,2023-06-13,KC,CIN,118,113,543475.0,682227.0,False,9,6.0,2,1.0,6.0,2.0,0.0,0.0,0.0,0.0,0.0,0.0,2023,5.589626556016597,6.245161290322581,2.6,4.9,98
717780,2023-06-13,TEX,LAA,140,108,674003.0,642545.0,False,9,3.0,tie,0.0,0.0,3.0,0.0,1.0,3.0,0.0,0.0,3.0,2023,5.0,1.9000000000000001,6.0,5.1,103
717781,2023-06-13,STL,SF,138,137,656427.0,502171.0,False,9,4.0,1,4.0,0.0,1.0,0.0,3.0,3.0,0.0,1.0,2.0,2023,2.3832764505119455,3.784410646387833,3.4,4.9,99
717779,2023-06-13,NYM,NYY,121,147,453286.0,622663.0,False,9,5.0,4,3.0,2.0,1.0,5.0,1.0,1.0,0.0,0.0,0.0,2023,1.9410596026490068,7.172164948453609,4.1,3.1,94
717775,2023-06-13,ARI,PHI,109,143,605200.0,554430.0,False,9,4.0,tie,4.0,0.0,2.0,0.0,1.0,1.0,2.0,4.0,4.0,2023,3.6084745762711865,2.835973597359736,6.3,5.4,100
717765,2023-06-14,TEX,LAA,140,108,571760.0,672282.0,False,9,3.0,7,0.0,0.0,2.0,0.0,0.0,0.0,3.0,2.0,2.0,2023,3.3962962962962964,2.5488188976377955,6.1,5.6,103
717771,2023-06-14,MIN,MIL,142,158,641927.0,607067.0,False,9,4.0,3,0.0,2.0,4.0,0.0,0.0,0.0,0.0,0.0,0.0,2023,3.1,4.334567901234568,3.2,4.6,99
717761,2023-06-14,ATH,TB,133,139,665622.0,607192.0,False,9,4.0,2,0.0,4.0,0.0,0.0,3.0,0.0,1.0,0.0,1.0,2023,6.502489626556017,3.560526315789474,5.1,4.6,97
717759,2023-06-14,SEA,MIA,136,146,622491.0,691587.0,False,9,2.0,8,0.0,0.0,1.0,0.0,0.0,1.0,0.0,2.0,1.0,2023,3.6,3.6394190871369294,4.7,5.6,94
717770,2023-06-14,DET,ATL,116,144,681857.0,675911.0,False,9,5.0,4,1.0,3.0,2.0,5.0,1.0,0.0,1.0,3.0,1.0,2023,1.3,4.803703703703704,2.5,5.7,96
717769,2023-06-14,BAL,TOR,110,141,680694.0,621244.0,False,9,2.0,8,0.0,0.0,0.0,0.0,0.0,1.0,0.0,2.0,1.0,2023,2.721212121212121,4.152631578947369,5.3,4.2,101
717760,2023-06-14,LAD,CWS,119,145,477132.0,605182.0,False,9,4.0,6,0.0,1.0,1.0,0.0,0.0,4.0,0.0,3.0,3.0,2023,2.9091603053435113,4.447517730496454,5.3,2.9,94
717762,2023-06-14,HOU,WSH,117,120,664285.0,680686.0,False,9,4.0,9,2.0,0.0,0.0,2.0,1.0,0.0,0.0,0.0,4.0,2023,2.6161290322580646,5.054022988505747,4.7,4.3,99
717764,2023-06-14,KC,CIN,118,113,663738.0,594902.0,False,9,5.0,5,0.0,1.0,1.0,1.0,5.0,1.0,1.0,0.0,1.0,2023,2.913664596273292,5.262162162162163,2.8,4.6,98
717756,2023-06-15,ATH,TB,133,139,621112.0,671737.0,False,9,3.0,5,0.0,2.0,0.0,1.0,3.0,0.0,0.0,1.0,0.0,2023,3.1,3.0107142857142857,5.3,4.6,97
717750,2023-06-15,SD,CLE,135,114,677960.0,671106.0,False,9,8.0,1,8.0,1.0,2.0,1.0,1.0,0.0,0.0,1.0,0.0,2023,6.55360824742268,3.3980132450331126,5.0,4.7,96
717751,2023-06-15,TEX,LAA,140,108,543135.0,660271.0,False,9,2.0,tie,0.0,1.0,2.0,1.0,0.0,0.0,1.0,2.0,1.0,2023,3.5531722054380666,4.9,5.1,5.3,103
717755,2023-06-15,ARI,PHI,109,143,669194.0,605400.0,False,9,5.0,3,0.0,2.0,5.0,2.0,0.0,0.0,0.0,0.0,0.0,2023,3.962745098039216,4.408411214953271,6.1,6.2,100
717752,2023-06-15,MIN,DET,142,116,543243.0,571510.0,False,9,5.0,2,0.0,5.0,0.0,1.0,3.0,0.0,0.0,0.0,3.0,2023,3.214503816793893,4.320472440944882,3.5,3.6,99
717742,2023-06-16,BOS,NYY,111,147,656557.0,593334.0,False,9,6.0,3,3.0,2.0,6.0,3.0,0.0,4.0,0.0,2.0,0.0,2023,4.523076923076923,4.194339622641509,3.3,3.7,104
717744,2023-06-16,CHC,BAL,112,110,543294.0,608344.0,False,9,6.0,6,0.0,0.0,3.0,1.0,1.0,6.0,1.0,1.0,0.0,2023,3.273160173160173,4.082658959537572,4.5,5.5,98
717737,2023-06-16,HOU,CIN,117,113,641585.0,671096.0,False,9,2.0,7,0.0,0.0,0.0,0.0,0.0,0.0,2.0,0.0,1.0,2023,5.382608695652174,3.1892857142857145,4.3,5.2,99
717736,2023-06-16,KC,LAA,118,108,663903.0,663776.0,False,9,1.0,tie,1.0,0.0,0.0,0.0,0.0,1.0,1.0,0.0,0.0,2023,3.9085106382978725,3.6882352941176473,2.8,5.6,98
717735,2023-06-16,ATH,PHI,133,143,676664.0,592836.0,False,9,2.0,tie,1.0,1.0,1.0,2.0,0.0,0.0,0.0,0.0,2.0,2023,4.130534351145038,4.089010989010989,5.1,5.6,97
717745,2023-06-16,ATL,COL,144,115,694363.0,659275.0,False,9,3.0,tie,3.0,0.0,2.0,3.0,0.0,1.0,0.0,0.0,0.0,2023,4.126615969581749,3.5545454545454547,6.6,4.2,100
717734,2023-06-17,WSH,MIA,120,146,663623.0,666129.0,False,9,2.0,tie,0.0,1.0,0.0,1.0,0.0,0.0,2.0,1.0,2.0,2023,6.7082474226804125,2.7577946768060837,3.6,4.7,99
717729,2023-06-17,CHC,BAL,112,110,657006.0,502043.0,False,9,3.0,5,0.0,0.0,2.0,0.0,3.0,0.0,0.0,0.0,0.0,2023,2.149586776859504,3.066996699669967,5.5,5.0,98
717719,2023-06-17,ARI,CLE,109,114,674072.0,669456.0,False,9,4.0,8,1.0,0.0,1.0,2.0,0.0,0.0,0.0,4.0,1.0,2023,6.29838056680162,3.560526315789474,6.3,5.0,100
717717,2023-06-17,SD,TB,135,139,605483.0,621107.0,False,9,2.0,5,0.0,0.0,0.0,0.0,2.0,0.0,0.0,0.0,0.0,2023,3.1714285714285717,2.705263157894737,5.1,4.5,96
717718,2023-06-17,NYM,STL,121,138,673540.0,425794.0,False,9,3.0,2,1.0,3.0,1.0,0.0,2.0,0.0,0.0,0.0,1.0,2023,2.8058823529411767,4.072762645914397,5.2,3.4,94
717709,2023-06-18,TEX,TOR,140,141,592351.0,605135.0,False,9,4.0,2,1.0,4.0,3.0,3.0,3.0,1.0,3.0,0.0,0.0,2023,2.488888888888889,5.856183745583039,3.7,3.4,103
717704,2023-06-18,SEA,CWS,136,145,682243.0,458681.0,False,9,3.0,8,0.0,0.0,2.0,0.0,0.0,1.0,0.0,3.0,0.0,2023,4.61639344262295,6.638461538461538,4.5,3.3,94
717706,2023-06-18,ARI,CLE,109,114,605200.0,676440.0,False,9,6.0,4,2.0,4.0,0.0,6.0,3.0,0.0,0.0,0.0,0.0,2023,3.7944444444444447,4.6,5.9,4.9,100
717708,2023-06-18,CHC,BAL,112,110,592791.0,665152.0,False,9,4.0,4,1.0,0.0,0.0,4.0,0.0,3.0,0.0,0.0,1.0,2023,6.285840707964601,3.6319148936170214,5.4,4.9,98
717694,2023-06-19,HOU,NYM,117,121,686613.0,453286.0,False,9,5.0,tie,0.0,0.0,5.0,0.0,0.0,1.0,1.0,0.0,5.0,2023,2.9013245033112582,2.9586572438162544,4.0,5.4,99
717696,2023-06-19,MIL,ARI,158,109,669203.0,518876.0,False,9,6.0,1,6.0,0.0,1.0,1.0,0.0,1.0,0.0,0.0,1.0,2023,4.1625,3.86158940397351,4.4,5.6,100
717698,2023-06-19,PIT,CHC,134,112,674370.0,592767.0,False,9,3.0,tie,0.0,3.0,0.0,0.0,0.0,0.0,2.0,3.0,0.0,2023,2.35,5.865151515151515,3.9,5.5,95
717675,2023-06-20,CWS,TEX,145,140,656302.0,543135.0,False,9,5.0,8,2.0,0.0,0.0,1.0,3.0,0.0,2.0,5.0,0.0,2023,3.59618320610687,3.402114803625378,3.0,5.0,101
717682,2023-06-20,HOU,NYM,117,121,664285.0,434378.0,False,9,3.0,3,0.0,0.0,3.0,0.0,0.0,0.0,1.0,2.0,0.0,2023,2.2176470588235295,3.6357142857142857,3.9,6.0,99
717689,2023-06-20,PHI,ATL,143,144,624133.0,675911.0,False,9,2.0,7,0.0,0.0,0.0,0.0,1.0,1.0,2.0,1.0,1.0,2023,2.971794871794872,5.359259259259259,5.6,7.2,102
717678,2023-06-20,LAA,LAD,108,119,672282.0,477132.0,False,9,2.0,8,0.0,0.0,0.0,0.0,0.0,0.0,0.0,2.0,0.0,2023,2.796969696969697,3.986524822695036,5.7,4.4,98
717690,2023-06-20,MIA,TOR,146,141,691587.0,579328.0,False,9,2.0,8,0.0,0.0,0.0,0.0,0.0,0.0,0.0,2.0,0.0,2023,3.1,5.909917355371901,4.6,3.5,93
717681,2023-06-20,DET,KC,116,118,547179.0,663738.0,False,9,1.0,6,0.0,0.0,0.0,0.0,0.0,1.0,0.0,0.0,0.0,2023,5.2895424836601315,5.221212121212121,5.0,3.4,96
717685,2023-06-20,CIN,COL,113,115,594902.0,663562.0,False,9,3.0,tie,1.0,3.0,2.0,1.0,2.0,1.0,0.0,3.0,1.0,2023,5.0932432432432435,3.725,5.9,3.7,105
717680,2023-06-20,MIL,ARI,158,109,607067.0,669194.0,False,9,4.0,tie,1.0,4.0,0.0,2.0,0.0,1.0,4.0,0.0,0.0,2023,3.7896551724137932,4.370491803278688,3.5,5.4,100
717684,2023-06-20,NYY,SEA,147,136,543037.0,669923.0,False,9,2.0,2,1.0,2.0,0.0,0.0,0.0,1.0,0.0,0.0,0.0,2023,4.410344827586207,3.9450704225352116,3.3,4.6,97
717670,2023-06-21,HOU,NYM,117,121,664299.0,656731.0,False,9,5.0,tie,2.0,3.0,5.0,5.0,0.0,2.0,1.0,0.0,0.0,2023,3.5642857142857145,4.774418604651163,3.4,5.2,99
717674,2023-06-21,SF,SD,137,135,676254.0,506433.0,False,9,4.0,5,0.0,0.0,0.0,0.0,4.0,0.0,1.0,1.0,0.0,2023,16.433333333333334,4.443873517786562,7.6,4.0,95
717671,2023-06-21,PIT,CHC,134,112,448179.0,543294.0,False,9,3.0,tie,0.0,1.0,3.0,0.0,0.0,2.0,3.0,2.0,0.0,2023,3.987372013651877,3.171174377224199,2.0,6.3,95
717677,2023-06-21,TB,BAL,139,110,671737.0,669330.0,False,9,4.0,2,0.0,4.0,1.0,0.0,0.0,0.0,2.0,1.0,1.0,2023,1.8906976744186048,3.942105263157895,4.1,5.5,97
717654,2023-06-22,MIA,PIT,146,134,666129.0,656605.0,False,9,7.0,8,0.0,1.0,0.0,2.0,0.0,0.0,0.0,7.0,0.0,2023,2.7564885496183207,4.749484536082474,4.3,2.2,93
717660,2023-06-22,CLE,ATH,114,133,671106.0,676664.0,False,9,4.0,8,0.0,0.0,0.0,0.0,3.0,0.0,0.0,4.0,0.0,2023,4.421428571428572,5.526470588235295,4.6,3.3,97
717661,2023-06-22,SF,SD,137,135,622072.0,605483.0,False,9,3.0,tie,3.0,0.0,3.0,1.0,3.0,0.0,0.0,0.0,0.0,2023,4.471681415929203,2.033333333333333,8.0,3.9,95
717648,2023-06-23,CLE,MIL,114,158,669456.0,489119.0,False,9,5.0,6,1.0,0.0,0.0,0.0,0.0,5.0,1.0,0.0,1.0,2023,4.388135593220339,5.427586206896551,4.8,3.8,97
717653,2023-06-23,MIA,PIT,146,134,666200.0,682847.0,False,9,3.0,9,1.0,0.0,0.0,0.0,0.0,0.0,0.0,0.0,3.0,2023,2.9154981549815497,5.185106382978724,4.3,2.4,93
717644,2023-06-23,COL,LAA,115,108,607536.0,663776.0,False,9,4.0,8,1.0,3.0,0.0,0.0,2.0,1.0,0.0,4.0,0.0,2023,5.30532319391635,3.9695652173913043,3.9,5.0,112
717643,2023-06-23,LAD,HOU,119,117,686218.0,641585.0,False,9,3.0,4,1.0,1.0,0.0,3.0,0.0,0.0,0.0,0.0,0.0,2023,3.1,4.1457516339869285,3.8,3.8,94
717642,2023-06-23,SD,WSH,135,120,605397.0,571578.0,False,9,6.0,5,1.0,0.0,0.0,0.0,6.0,1.0,4.0,2.0,2.0,2023,2.790721649484536,5.697864768683274,4.5,3.3,96
717629,2023-06-24,CWS,BOS,145,111,458681.0,572020.0,False,9,4.0,6,0.0,2.0,0.0,0.0,1.0,4.0,0.0,0.0,2.0,2023,5.285185185185185,2.80479704797048,3.3,6.3,101
717632,2023-06-24,TB,KC,139,118,630023.0,543475.0,False,9,4.0,4,2.0,2.0,3.0,4.0,0.0,1.0,0.0,1.0,0.0,2023,4.479310344827587,4.5137931034482754,5.0,3.8,97
717633,2023-06-24,DET,MIN,116,142,681857.0,641154.0,False,9,3.0,2,0.0,3.0,0.0,0.0,0.0,1.0,1.0,0.0,0.0,2023,4.447517730496454,3.065034965034965,4.9,3.7,96
717640,2023-06-24,COL,LAA,115,108,502624.0,656288.0,False,9,13.0,3,0.0,2.0,13.0,8.0,0.0,1.0,0.0,2.0,0.0,2023,7.06551724137931,4.4,4.2,4.5,112
717626,2023-06-24,LAD,HOU,119,117,676272.0,669854.0,False,9,5.0,5,3.0,0.0,1.0,0.0,5.0,1.0,2.0,3.0,0.0,2023,2.745390070921986,6.903680981595092,3.2,4.0,94
717634,2023-06-24,TOR,ATH,141,133,621244.0,660261.0,False,9,3.0,tie,2.0,2.0,3.0,0.0,0.0,3.0,0.0,0.0,0.0,2023,3.9450704225352116,7.8887323943661976,3.4,2.7,101
717620,2023-06-25,MIA,PIT,146,134,691587.0,670912.0,False,9,1.0,tie,0.0,0.0,1.0,0.0,0.0,0.0,0.0,1.0,0.0,2023,2.3222222222222224,3.31978021978022,4.4,2.1,93
717616,2023-06-25,COL,LAA,115,108,596295.0,542881.0,False,9,2.0,6,1.0,0.0,0.0,1.0,1.0,2.0,1.0,0.0,1.0,2023,7.466197183098592,2.9076923076923076,3.6,6.1,112
717623,2023-06-25,STL,CHC,138,112,669461.0,573186.0,False,9,4.0,1,4.0,3.0,1.0,2.0,1.0,0.0,0.0,0.0,1.0,2023,4.641666666666667,2.4567251461988304,4.3,7.3,99
717610,2023-06-25,SD,WSH,135,120,607625.0,669022.0,False,9,6.0,7,1.0,0.0,0.0,0.0,1.0,2.0,6.0,0.0,1.0,2023,4.475,4.298630136986302,4.7,3.3,96
717618,2023-06-25,CIN,ATL,113,144,686651.0,450203.0,False,9,4.0,3,0.0,0.0,4.0,2.0,0.0,3.0,1.0,3.0,0.0,2023,5.6,3.779245283018868,6.8,8.2,105
717606,2023-06-26,TEX,DET,140,116,571760.0,571510.0,False,9,3.0,3,1.0,1.0,3.0,1.0,0.0,2.0,1.0,0.0,0.0,2023,5.065811965811966,3.4214285714285717,4.3,4.3,103
717607,2023-06-26,NYM,MIL,121,158,434378.0,607067.0,False,9,2.0,6,0.0,0.0,0.0,1.0,0.0,2.0,0.0,0.0,0.0,2023,3.655555555555556,4.211111111111111,5.2,4.0,94
717608,2023-06-26,LAA,CWS,108,145,672282.0,656302.0,False,9,1.0,tie,1.0,0.0,0.0,1.0,0.0,0.0,0.0,0.0,1.0,2023,2.8872340425531915,3.1381679389312978,5.7,3.3,98
717602,2023-06-26,SEA,WSH,136,120,622491.0,592866.0,False,9,3.0,5,2.0,1.0,1.0,2.0,3.0,0.0,0.0,2.0,1.0,2023,4.572602739726028,5.313438735177866,4.4,3.7,94
717611,2023-06-26,BAL,CIN,110,113,608344.0,682227.0,False,9,3.0,tie,1.0,2.0,2.0,0.0,3.0,2.0,3.0,0.0,0.0,2023,5.4943661971830995,5.688235294117647,3.6,6.9,101
717593,2023-06-27,ARI,TB,109,139,668678.0,671737.0,False,9,5.0,1,5.0,4.0,1.0,1.0,0.0,1.0,0.0,0.0,0.0,2023,3.4846153846153847,1.9085106382978725,5.4,5.0,100
717595,2023-06-27,ATH,NYY,133,147,621112.0,666745.0,False,9,1.0,tie,0.0,0.0,1.0,1.0,1.0,0.0,0.0,0.0,0.0,2023,2.8222222222222224,6.373542600896861,2.6,2.8,97
717597,2023-06-27,NYM,MIL,121,158,656849.0,527054.0,False,9,3.0,6,0.0,0.0,0.0,2.0,2.0,3.0,0.0,2.0,0.0,2023,4.801244813278008,4.096677740863788,4.9,4.0,94
717605,2023-06-27,BOS,MIA,111,146,676477.0,645261.0,False,9,4.0,tie,4.0,0.0,0.0,2.0,1.0,0.0,0.0,4.0,0.0,2023,2.9293515358361777,3.5347826086956524,5.6,4.2,104
717586,2023-06-28,TOR,SF,141,137,670950.0,657277.0,False,9,5.0,1,5.0,0.0,0.0,0.0,1.0,0.0,1.0,0.0,0.0,2023,5.433333333333334,4.278247734138973,4.2,5.7,101
717584,2023-06-28,CHC,PHI,112,143,592767.0,605400.0,False,9,5.0,2,0.0,5.0,1.0,3.0,3.0,0.0,0.0,0.0,1.0,2023,5.789393939393939,3.3875399361022365,5.8,3.9,98
717580,2023-06-28,TEX,DET,140,116,641540.0,666214.0,False,9,4.0,1,4.0,0.0,2.0,0.0,0.0,2.0,2.0,0.0,2.0,2023,5.2631205673758865,4.7738197424892705,4.9,3.8,103
717576,2023-06-28,LAA,CWS,108,145,642545.0,608337.0,False,9,4.0,1,4.0,1.0,2.0,3.0,1.0,0.0,2.0,1.0,2.0,2023,3.6235602094240837,4.06551724137931,5.5,3.0,98
717575,2023-06-28,ARI,TB,109,139,605200.0,621107.0,False,9,3.0,9,0.0,0.0,1.0,1.0,0.0,0.0,0.0,0.0,3.0,2023,3.238888888888889,2.6070422535211266,5.7,5.0,100
717583,2023-06-28,BOS,MIA,111,146,672391.0,666129.0,False,9,3.0,6,0.0,1.0,0.0,1.0,0.0,3.0,0.0,1.0,2.0,2023,6.90952380952381,1.397872340425532,4.2,4.6,104
717565,2023-06-29,NYM,MIL,121,158,453286.0,605288.0,False,9,2.0,tie,0.0,0.0,2.0,0.0,0.0,2.0,1.0,0.0,0.0,2023,3.304778156996587,3.405343511450382,4.9,3.7,94
717572,2023-06-29,COL,LAD,115,119,502624.0,686218.0,False,9,6.0,4,2.0,0.0,3.0,6.0,3.0,1.0,2.0,0.0,0.0,2023,9.325490196078432,5.1,4.2,4.1,112
717555,2023-06-30,TOR,BOS,141,111,621244.0,572020.0,False,9,3.0,6,0.0,0.0,0.0,0.0,1.0,3.0,0.0,1.0,0.0,2023,3.956164383561644,2.1747330960854097,4.6,3.4,101
717556,2023-06-30,NYM,SF,121,137,471911.0,502171.0,False,9,3.0,8,1.0,2.0,0.0,0.0,2.0,1.0,0.0,3.0,0.0,2023,6.613513513513514,3.283823529411765,4.4,3.7,94
717551,2023-06-30,ATH,CWS,133,145,665622.0,621383.0,False,9,4.0,tie,1.0,4.0,0.0,0.0,1.0,0.0,0.0,4.0,1.0,2023,6.283856502242152,4.5814814814814815,2.6,4.5,97
717552,2023-06-30,COL,DET,115,116,596295.0,547179.0,False,9,5.0,2,0.0,5.0,1.0,2.0,0.0,3.0,0.0,2.0,0.0,2023,6.552914798206279,4.523841059602649,4.3,4.2,112
717554,2023-06-30,TEX,HOU,140,117,592351.0,669854.0,False,9,3.0,6,2.0,0.0,0.0,2.0,1.0,3.0,0.0,0.0,0.0,2023,3.332558139534884,6.77713004484305,4.9,6.3,103
717559,2023-06-30,CHC,CLE,112,114,657006.0,615698.0,False,9,4.0,4,0.0,0.0,2.0,4.0,0.0,3.0,1.0,0.0,1.0,2023,2.1948275862068964,5.115209125475285,4.7,5.6,98
717539,2023-07-01,CIN,SD,113,135,682227.0,608379.0,False,9,9.0,7,0.0,0.0,2.0,0.0,0.0,4.0,9.0,2.0,0.0,2023,6.134188034188035,4.154421768707483,6.5,4.5,105
717541,2023-07-01,BAL,MIN,110,142,680694.0,641927.0,False,9,1.0,4,0.0,0.0,0.0,1.0,0.0,0.0,0.0,0.0,0.0,2023,2.6714285714285717,3.959106529209622,4.5,3.8,101
717542,2023-07-01,TEX,HOU,140,117,543135.0,686613.0,False,9,2.0,tie,0.0,0.0,1.0,2.0,0.0,0.0,1.0,1.0,2.0,2023,4.288118811881188,4.473239436619719,4.7,6.1,103
717537,2023-07-01,KC,LAD,118,119,663738.0,628711.0,False,9,5.0,1,5.0,3.0,0.0,0.0,0.0,0.0,1.0,1.0,0.0,2023,5.229032258064516,6.348175182481752,3.3,5.9,98
717525,2023-07-02,NYM,SF,121,137,656849.0,548389.0,False,9,4.0,tie,0.0,0.0,4.0,2.0,0.0,0.0,4.0,2.0,0.0,2023,3.6394190871369294,5.835849056603774,3.9,3.2,94
717530,2023-07-02,TOR,BOS,141,111,592332.0,676477.0,False,9,3.0,3,2.0,0.0,3.0,0.0,0.0,1.0,2.0,0.0,1.0,2023,2.791780821917808,3.2754385964912283,4.5,2.7,101
717518,2023-07-02,ATH,CWS,133,145,621112.0,657053.0,False,9,7.0,3,0.0,0.0,7.0,0.0,1.0,2.0,1.0,2.0,2.0,2023,3.290114068441065,6.5375,3.6,4.6,97
717524,2023-07-02,STL,NYY,138,147,656756.0,543037.0,False,9,3.0,7,0.0,0.0,0.0,2.0,0.0,0.0,3.0,1.0,0.0,2023,2.5754098360655737,2.485665529010239,4.9,4.6,99
717527,2023-07-02,KC,LAD,118,119,663903.0,664062.0,False,9,4.0,4,0.0,1.0,0.0,4.0,3.0,2.0,0.0,0.0,0.0,2023,3.391970802919708,4.019117647058824,3.8,6.0,98
717528,2023-07-02,PHI,WSH,143,120,624133.0,592866.0,False,9,4.0,3,3.0,0.0,4.0,0.0,1.0,0.0,1.0,0.0,0.0,2023,2.314501510574018,5.610288065843622,5.3,4.0,102
717510,2023-07-03,MIN,KC,142,118,657746.0,680735.0,False,9,6.0,8,2.0,1.0,1.0,0.0,1.0,0.0,0.0,6.0,1.0,2023,4.446153846153846,9.6625,3.1,4.3,99
717512,2023-07-03,CLE,ATL,114,144,668909.0,693821.0,False,9,2.0,tie,0.0,0.0,2.0,1.0,1.0,0.0,2.0,0.0,0.0,2023,3.755737704918033,4.3956810631229235,4.9,7.1,97
717508,2023-07-04,NYY,BAL,147,110,657376.0,502043.0,False,9,4.0,5,2.0,0.0,0.0,1.0,4.0,0.0,3.0,1.0,1.0,2023,4.590196078431372,3.1823045267489714,4.7,3.4,97
717498,2023-07-04,ARI,NYM,109,121,605200.0,453286.0,False,9,5.0,4,1.0,0.0,0.0,5.0,2.0,0.0,2.0,1.0,2.0,2023,3.441880341880342,3.8773851590106005,4.3,3.9,100
717488,2023-07-05,MIA,STL,146,138,663773.0,669461.0,False,9,6.0,3,4.0,1.0,6.0,1.0,0.0,2.0,1.0,0.0,4.0,2023,4.962745098039216,4.882178217821782,5.1,4.3,93
717483,2023-07-05,MIL,CHC,158,112,605288.0,657006.0,False,9,3.0,9,0.0,0.0,2.0,0.0,0.0,2.0,0.0,0.0,3.0,2023,4.321374045801527,2.1987124463519314,5.5,5.0,100
717485,2023-07-05,DET,ATH,116,133,593958.0,643493.0,False,9,5.0,8,3.0,0.0,1.0,1.0,0.0,4.0,0.0,5.0,1.0,2023,2.4225806451612906,8.6,4.9,3.7,96
717484,2023-07-05,BOS,TEX,111,140,678394.0,592351.0,False,9,3.0,6,2.0,0.0,0.0,0.0,1.0,3.0,0.0,0.0,0.0,2023,2.346987951807229,3.718556701030928,3.0,5.6,104
717479,2023-07-05,LAD,PIT,119,134,676272.0,674370.0,False,9,5.0,4,1.0,0.0,0.0,5.0,4.0,0.0,0.0,0.0,0.0,2023,3.706060606060606,3.3185792349726775,6.6,5.4,94
717490,2023-07-05,SF,SEA,137,136,502171.0,543548.0,False,9,1.0,tie,0.0,0.0,1.0,0.0,1.0,0.0,0.0,0.0,0.0,2023,2.5444444444444443,6.1952380952380945,2.9,5.0,95
717482,2023-07-05,MIN,KC,142,118,641154.0,679525.0,False,9,2.0,3,1.0,0.0,2.0,0.0,0.0,0.0,1.0,1.0,0.0,2023,2.305298013245033,10.1,3.8,4.1,99
717473,2023-07-06,MIA,STL,146,138,691587.0,656427.0,False,9,1.0,tie,0.0,0.0,0.0,0.0,0.0,1.0,1.0,1.0,0.0,2023,2.7103896103896106,2.9534798534798536,5.7,5.1,93
717453,2023-07-07,HOU,SEA,117,136,686613.0,622491.0,False,9,9.0,4,0.0,0.0,1.0,9.0,0.0,0.0,0.0,0.0,1.0,2023,4.412056737588653,6.25068493150685,6.1,4.9,99
717452,2023-07-07,ARI,PIT,109,134,668678.0,448179.0,False,9,4.0,3,0.0,0.0,4.0,1.0,1.0,2.0,0.0,2.0,0.0,2023,4.093788819875776,3.8092198581560286,3.3,5.7,100
717459,2023-07-07,MIL,CIN,158,113,669203.0,671096.0,False,9,4.0,5,2.0,2.0,0.0,0.0,4.0,0.0,1.0,0.0,1.0,2023,3.1961538461538463,3.330263157894737,5.7,5.8,100
717457,2023-07-07,DET,TOR,116,141,656412.0,666201.0,False,9,6.0,4,0.0,0.0,2.0,6.0,0.0,0.0,0.0,1.0,5.0,2023,4.364822134387352,8.437423312883435,5.5,4.5,96
717455,2023-07-07,CWS,STL,145,138,656302.0,656756.0,False,9,5.0,6,0.0,2.0,3.0,0.0,1.0,5.0,4.0,0.0,0.0,2023,2.6390070921985815,2.3063492063492066,5.0,4.7,101
717440,2023-07-08,HOU,SEA,117,136,664285.0,693433.0,False,9,2.0,1,2.0,0.0,1.0,1.0,0.0,0.0,0.0,1.0,0.0,2023,2.493939393939394,3.2176470588235295,6.0,5.1,99
717449,2023-07-08,BOS,ATH,111,133,572020.0,643493.0,False,9,3.0,1,3.0,2.0,2.0,1.0,2.0,2.0,0.0,1.0,0.0,2023,2.406930693069307,4.9,4.3,4.3,104
717447,2023-07-08,NYY,CHC,147,112,543037.0,592767.0,False,9,3.0,3,1.0,1.0,3.0,0.0,2.0,0.0,0.0,2.0,0.0,2023,2.485665529010239,6.476068376068376,5.0,4.7,97
717442,2023-07-08,DET,TOR,116,141,666159.0,592332.0,False,9,2.0,1,2.0,0.0,0.0,0.0,0.0,0.0,0.0,0.0,0.0,2023,5.529906542056075,2.8426470588235295,5.0,4.5,96
717443,2023-07-08,CLE,KC,114,118,668909.0,663903.0,False,9,5.0,8,1.0,2.0,0.0,2.0,2.0,3.0,1.0,5.0,0.0,2023,5.777595628415301,3.8876712328767127,5.0,3.1,97
717451,2023-07-08,SF,COL,137,115,676254.0,657756.0,False,9,3.0,1,3.0,1.0,0.0,1.0,2.0,0.0,0.0,1.0,0.0,2023,9.29047619047619,6.78,2.4,4.5,95
717422,2023-07-09,SF,COL,137,115,657277.0,607536.0,False,9,1.0,4,0.0,0.0,0.0,1.0,0.0,0.0,0.0,0.0,0.0,2023,2.9757763975155282,5.322222222222222,2.6,4.4,95
717423,2023-07-09,SD,NYM,135,121,605397.0,453286.0,False,9,3.0,1,3.0,0.0,0.0,0.0,2.0,1.0,0.0,2.0,0.0,2023,2.6,5.024398625429553,5.6,4.7,96
717432,2023-07-09,WSH,TEX,120,140,571578.0,641540.0,False,9,4.0,6,0.0,0.0,0.0,0.0,2.0,4.0,2.0,1.0,0.0,2023,5.921428571428572,3.472670807453416,3.7,5.1,99
717430,2023-07-09,HOU,SEA,117,136,656232.0,669302.0,False,9,3.0,4,0.0,0.0,0.0,3.0,0.0,1.0,0.0,0.0,0.0,2023,5.128985507246377,4.129900332225914,5.3,4.9,99
717427,2023-07-09,MIL,CIN,158,113,489119.0,594902.0,False,9,1.0,1,1.0,0.0,0.0,0.0,0.0,0.0,0.0,0.0,0.0,2023,4.750943396226415,5.744927536231884,6.2,6.3,100
717433,2023-07-09,NYY,CHC,147,112,593334.0,543294.0,False,9,3.0,tie,1.0,0.0,0.0,0.0,1.0,3.0,3.0,2.0,1.0,2023,5.331404958677686,3.1311526479750778,4.5,4.5,97
717409,2023-07-14,ATH,MIN,133,142,686610.0,628317.0,False,9,3.0,9,2.0,1.0,2.0,1.0,0.0,0.0,0.0,0.0,3.0,2023,6.82093023255814,3.2818181818181817,4.7,3.7,97
717413,2023-07-14,NYM,LAD,121,119,434378.0,628711.0,False,9,3.0,5,0.0,0.0,0.0,0.0,3.0,1.0,0.0,1.0,1.0,2023,2.6483870967741936,5.703305785123967,4.7,7.2,94
717420,2023-07-14,TOR,ARI,141,109,621244.0,669194.0,False,9,6.0,7,0.0,2.0,0.0,1.0,0.0,0.0,6.0,0.0,0.0,2023,3.9940397350993377,4.440996168582376,4.3,3.0,101
717405,2023-07-14,LAA,HOU,108,117,660271.0,641585.0,False,9,4.0,5,0.0,2.0,0.0,2.0,4.0,3.0,1.0,0.0,0.0,2023,3.959106529209622,4.2783439490445865,4.0,4.0,98
717406,2023-07-14,SEA,DET,136,116,622491.0,593958.0,False,9,3.0,5,2.0,0.0,0.0,0.0,3.0,0.0,2.0,1.0,1.0,2023,5.550331125827815,3.3222222222222224,5.1,5.0,94
717419,2023-07-14,CHC,BOS,112,111,543294.0,678394.0,False,9,3.0,3,0.0,2.0,3.0,2.0,0.0,1.0,2.0,0.0,1.0,2023,3.78259385665529,2.7783625730994155,5.1,5.4,98
717410,2023-07-14,COL,NYY,115,147,596295.0,607074.0,False,9,3.0,2,2.0,3.0,0.0,1.0,0.0,0.0,2.0,1.0,0.0,2023,3.890378006872852,6.041176470588235,4.4,3.9,112
717390,2023-07-15,SEA,DET,136,116,669923.0,547179.0,False,9,4.0,5,0.0,1.0,1.0,0.0,4.0,0.0,0.0,0.0,0.0,2023,2.945201238390093,4.285185185185185,5.1,4.7,94
717395,2023-07-15,ATL,CWS,144,145,675911.0,458681.0,False,9,6.0,3,0.0,0.0,6.0,0.0,2.0,1.0,1.0,0.0,1.0,2023,2.637953795379538,3.4642384105960264,6.7,3.8,100
717394,2023-07-15,COL,NYY,115,147,657756.0,657376.0,False,9,5.0,2,2.0,5.0,0.0,0.0,0.0,0.0,1.0,1.0,0.0,2023,7.649549549549549,4.038775510204082,4.2,3.7,112
717396,2023-07-15,STL,WSH,138,120,571927.0,663623.0,False,9,4.0,tie,0.0,4.0,2.0,1.0,4.0,1.0,0.0,1.0,2.0,2023,3.0148936170212766,4.202941176470588,4.4,4.5,99
717411,2023-07-15,KC,TB,118,139,679525.0,607192.0,False,9,3.0,8,0.0,0.0,1.0,0.0,2.0,0.0,0.0,3.0,1.0,2023,7.877777777777778,3.3845528455284555,3.6,4.8,98
717408,2023-07-15,PHI,SD,143,135,624133.0,605483.0,False,9,4.0,8,0.0,3.0,0.0,0.0,0.0,2.0,1.0,4.0,0.0,2023,4.053947368421053,1.3758620689655174,5.1,6.5,102
717381,2023-07-16,LAA,HOU,108,117,542881.0,664299.0,False,9,6.0,7,1.0,1.0,0.0,2.0,0.0,0.0,6.0,2.0,5.0,2023,2.9518518518518517,6.166037735849056,4.6,5.2,98
717380,2023-07-16,STL,WSH,138,120,656427.0,680686.0,False,9,6.0,6,0.0,1.0,0.0,3.0,1.0,6.0,0.0,1.0,0.0,2023,2.923943661971831,4.950533807829181,5.1,4.7,99
717382,2023-07-16,KC,TB,118,139,663903.0,621107.0,False,9,5.0,8,1.0,4.0,0.0,1.0,1.0,0.0,0.0,5.0,0.0,2023,3.2993355481727575,2.7129032258064516,3.0,3.7,98
717377,2023-07-16,TEX,CLE,140,114,527048.0,676440.0,False,9,6.0,8,2.0,2.0,1.0,0.0,0.0,0.0,0.0,6.0,0.0,2023,6.936206896551724,4.131746031746032,5.4,4.1,103
717365,2023-07-17,SEA,MIN,136,142,669302.0,543243.0,False,9,4.0,5,0.0,0.0,2.0,0.0,4.0,2.0,2.0,0.0,3.0,2023,3.3932551319648097,3.761764705882353,3.8,4.8,94
717366,2023-07-17,ATH,BOS,133,111,621112.0,657514.0,False,9,4.0,6,1.0,1.0,0.0,0.0,0.0,4.0,0.0,0.0,1.0,2023,2.9859315589353614,0.8419354838709681,4.4,6.5,97
717372,2023-07-17,BAL,LAD,110,119,680570.0,686218.0,False,9,5.0,6,1.0,2.0,0.0,1.0,1.0,5.0,0.0,0.0,0.0,2023,9.681632653061223,4.634653465346535,6.7,5.7,101
717355,2023-07-18,COL,HOU,115,117,656234.0,686613.0,False,9,6.0,1,6.0,0.0,0.0,1.0,0.0,0.0,0.0,0.0,0.0,2023,3.6,3.2984126984126987,4.2,5.6,112
717358,2023-07-18,ATL,ARI,144,109,693821.0,605200.0,False,9,7.0,1,7.0,5.0,0.0,5.0,2.0,6.0,0.0,1.0,3.0,2023,4.902120141342756,4.487755102040817,5.0,2.9,100
717363,2023-07-18,PHI,MIL,143,158,605400.0,527054.0,False,9,3.0,5,1.0,1.0,1.0,0.0,3.0,0.0,0.0,1.0,0.0,2023,4.420132013201321,4.846575342465753,4.9,4.4,102
717360,2023-07-18,CIN,SF,113,137,596133.0,543101.0,False,9,6.0,5,3.0,2.0,4.0,0.0,6.0,1.0,5.0,0.0,0.0,2023,6.580392156862745,5.01304347826087,3.8,3.6,105
717336,2023-07-19,CHC,WSH,112,120,543294.0,592866.0,False,9,7.0,8,1.0,1.0,0.0,1.0,0.0,0.0,1.0,7.0,0.0,2023,5.345614035087719,5.298275862068966,6.2,5.0,98
717344,2023-07-19,ATH,BOS,133,111,686610.0,678394.0,False,9,4.0,1,4.0,2.0,0.0,2.0,2.0,1.0,0.0,0.0,0.0,2023,4.918181818181818,3.2506024096385544,3.9,6.5,97
717342,2023-07-19,CIN,SF,113,137,668933.0,548389.0,False,9,3.0,3,0.0,0.0,3.0,0.0,1.0,0.0,1.0,0.0,0.0,2023,5.6819672131147545,4.928571428571429,4.0,4.2,105
717340,2023-07-19,ATL,ARI,144,109,450203.0,669194.0,False,9,2.0,tie,0.0,2.0,2.0,0.0,0.0,1.0,1.0,1.0,1.0,2023,3.170671378091873,4.308791208791209,5.7,4.3,100
717347,2023-07-19,PHI,MIL,143,158,650911.0,607067.0,False,9,3.0,2,0.0,3.0,0.0,1.0,2.0,0.0,1.0,0.0,1.0,2023,4.253846153846154,4.41578947368421,5.0,3.9,102
717345,2023-07-19,COL,HOU,115,117,596295.0,656232.0,False,9,3.0,6,0.0,0.0,1.0,0.0,0.0,3.0,0.0,0.0,1.0,2023,4.4402061855670105,5.216788321167884,4.4,4.7,112
717337,2023-07-20,ATL,ARI,144,109,675911.0,668678.0,False,9,6.0,7,0.0,0.0,0.0,0.0,0.0,1.0,6.0,5.0,0.0,2023,1.2789137380191693,3.9125,5.6,4.3,100
717334,2023-07-20,CIN,SF,113,137,671096.0,502171.0,False,9,2.0,tie,0.0,0.0,2.0,2.0,1.0,0.0,0.0,0.0,1.0,2023,4.704095563139932,2.2153846153846155,3.4,4.4,105
717329,2023-07-20,PHI,MIL,143,158,592836.0,669203.0,False,9,3.0,3,0.0,0.0,3.0,0.0,0.0,0.0,1.0,0.0,0.0,2023,3.06875,3.682191780821918,4.5,3.8,102
717323,2023-07-20,ATH,HOU,133,117,663687.0,641585.0,False,9,2.0,6,1.0,0.0,0.0,0.0,0.0,2.0,0.0,0.0,1.0,2023,5.316748768472906,4.021501706484642,3.3,4.7,97
717314,2023-07-21,MIN,CWS,142,145,657746.0,458681.0,False,9,6.0,1,6.0,0.0,0.0,2.0,1.0,2.0,2.0,0.0,0.0,2023,5.342647058823529,3.5620462046204624,4.7,4.6,99
717326,2023-07-21,WSH,SF,120,137,663623.0,622072.0,False,9,3.0,1,3.0,1.0,2.0,1.0,1.0,0.0,0.0,0.0,0.0,2023,4.885714285714286,5.430097087378641,5.1,4.3,99
717318,2023-07-21,NYY,KC,147,118,657376.0,679525.0,False,9,6.0,4,0.0,1.0,0.0,6.0,1.0,0.0,0.0,1.0,0.0,2023,3.926771653543307,6.433333333333334,3.3,3.6,97
717320,2023-07-21,TB,BAL,139,110,621107.0,680694.0,False,9,1.0,tie,0.0,1.0,0.0,0.0,0.0,1.0,1.0,0.0,0.0,2023,2.8142857142857145,2.64983922829582,3.5,5.9,97
717311,2023-07-21,SEA,TOR,136,141,682243.0,579328.0,False,9,2.0,7,0.0,0.0,0.0,0.0,1.0,0.0,2.0,1.0,1.0,2023,3.615873015873016,3.4041825095057034,3.9,4.5,94
717309,2023-07-22,BOS,NYM,111,121,572020.0,453286.0,False,9,3.0,tie,1.0,1.0,0.0,3.0,1.0,2.0,3.0,0.0,3.0,2023,4.773003802281369,4.633333333333334,6.0,3.6,104
717304,2023-07-22,NYY,KC,147,118,543037.0,663903.0,False,9,2.0,tie,1.0,0.0,2.0,0.0,1.0,0.0,1.0,2.0,0.0,2023,2.8039473684210527,4.039393939393939,3.7,4.0,97
717307,2023-07-22,WSH,SF,120,137,680686.0,657277.0,False,9,6.0,2,0.0,6.0,1.0,4.0,0.0,0.0,0.0,0.0,0.0,2023,4.939080459770115,2.3690058479532166,5.2,4.4,99
717306,2023-07-22,MIA,COL,146,115,456501.0,502624.0,False,9,3.0,7,0.0,1.0,0.0,0.0,2.0,0.0,3.0,0.0,1.0,2023,32.1,9.996551724137932,3.7,4.1,93
717293,2023-07-22,MIN,CWS,142,145,543243.0,656302.0,False,9,3.0,3,0.0,0.0,3.0,0.0,0.0,0.0,2.0,0.0,0.0,2023,3.6985915492957746,2.744128113879004,5.5,4.6,99
717278,2023-07-23,LAA,PIT,108,134,542881.0,656605.0,False,9,4.0,tie,2.0,1.0,0.0,0.0,4.0,1.0,4.0,0.0,0.0,2023,2.94,4.003225806451613,5.9,3.1,98
717284,2023-07-23,TEX,LAD,140,119,527048.0,686218.0,False,9,6.0,1,6.0,3.0,2.0,1.0,0.0,0.0,0.0,0.0,0.0,2023,6.765338645418327,5.044444444444444,4.6,8.1,103
717281,2023-07-23,SEA,TOR,136,141,693433.0,666201.0,False,9,2.0,tie,0.0,2.0,0.0,2.0,0.0,2.0,1.0,0.0,0.0,2023,3.814285714285714,6.143478260869565,3.9,3.8,94
717294,2023-07-23,NYY,KC,147,118,622663.0,543475.0,False,9,4.0,1,4.0,0.0,1.0,1.0,0.0,2.0,0.0,3.0,2.0,2023,5.341379310344828,3.3758620689655174,4.2,3.6,97
717288,2023-07-23,DET,SD,116,135,656412.0,605397.0,False,9,2.0,3,1.0,0.0,2.0,0.0,0.0,0.0,1.0,0.0,0.0,2023,4.046502057613169,1.88125,4.0,5.8,96
717298,2023-07-23,BOS,NYM,111,121,657514.0,471911.0,False,9,4.0,3,1.0,0.0,4.0,0.0,0.0,1.0,1.0,0.0,0.0,2023,1.5313725490196077,5.290082644628099,6.1,3.5,104
717290,2023-07-23,WSH,SF,120,137,669022.0,518397.0,False,9,2.0,tie,2.0,0.0,1.0,2.0,1.0,0.0,1.0,0.0,0.0,2023,5.109803921568627,1.1,6.0,4.0,99
718558,2023-07-24,DET,SF,116,137,669373.0,548389.0,False,9,2.0,8,1.0,0.0,1.0,0.0,1.0,1.0,0.0,2.0,0.0,2023,1.7666666666666668,3.910810810810811,4.0,4.0,96
717276,2023-07-24,SD,PIT,135,134,506433.0,682990.0,False,9,5.0,5,1.0,0.0,3.0,2.0,5.0,1.0,0.0,0.0,0.0,2023,3.5642857142857145,8.590196078431372,5.3,3.4,96
717277,2023-07-24,CLE,KC,114,118,671106.0,642232.0,False,9,3.0,tie,0.0,2.0,0.0,0.0,0.0,3.0,3.0,0.0,0.0,2023,3.90188679245283,3.693220338983051,4.8,3.7,97
717274,2023-07-24,HOU,TEX,117,140,656232.0,592351.0,False,9,6.0,tie,6.0,3.0,0.0,1.0,2.0,0.0,6.0,0.0,1.0,2023,4.880303030303031,4.908118081180811,4.9,5.1,99
717282,2023-07-24,WSH,COL,120,115,571578.0,656234.0,False,9,5.0,8,0.0,0.0,0.0,2.0,0.0,2.0,3.0,5.0,4.0,2023,4.5776632302405496,3.1,5.8,3.8,99
717272,2023-07-25,SF,ATH,137,133,502171.0,605463.0,False,9,2.0,8,0.0,0.0,0.0,0.0,1.0,0.0,0.0,2.0,0.0,2023,3.498406374501992,6.1,3.5,3.5,95
717266,2023-07-25,NYY,NYM,147,121,593334.0,434378.0,False,9,3.0,tie,1.0,0.0,3.0,0.0,0.0,2.0,3.0,1.0,2.0,2023,4.376595744680851,3.196774193548387,4.4,3.5,97
717260,2023-07-25,CLE,KC,114,118,650644.0,425844.0,False,9,4.0,5,0.0,0.0,1.0,0.0,4.0,1.0,0.0,0.0,0.0,2023,2.825085910652921,6.392181069958848,5.0,4.1,97
717239,2023-07-26,HOU,TEX,117,140,664285.0,571760.0,False,9,7.0,5,3.0,0.0,2.0,4.0,7.0,0.0,0.0,0.0,2.0,2023,2.9713826366559486,5.546351931330472,5.5,4.9,99
717248,2023-07-26,NYY,NYM,147,121,607074.0,500779.0,False,9,2.0,2,0.0,2.0,1.0,1.0,0.0,0.0,0.0,0.0,0.0,2023,7.114084507042254,1.9000000000000001,4.3,4.2,97
717252,2023-07-26,TB,MIA,139,146,621107.0,645261.0,False,9,3.0,4,0.0,2.0,1.0,3.0,1.0,1.0,0.0,0.0,0.0,2023,1.7551724137931035,4.523841059602649,3.2,2.9,97
717242,2023-07-26,BOS,ATL,111,144,678394.0,675911.0,False,9,4.0,6,0.0,0.0,0.0,0.0,0.0,4.0,3.0,1.0,0.0,2023,4.888079470198676,2.0456869009584664,6.0,5.2,104
717253,2023-07-26,LAD,TOR,119,141,664062.0,579328.0,False,9,3.0,5,0.0,1.0,1.0,0.0,3.0,2.0,0.0,2.0,0.0,2023,5.88688524590164,3.3755905511811024,6.9,4.4,94
717240,2023-07-26,CWS,CHC,145,112,458681.0,573186.0,False,9,6.0,5,2.0,3.0,0.0,4.0,6.0,0.0,0.0,2.0,0.0,2023,6.116949152542373,4.033333333333333,4.4,7.3,101
717247,2023-07-27,DET,LAA,116,108,666159.0,663776.0,False,9,5.0,2,0.0,5.0,2.0,2.0,0.0,1.0,1.0,1.0,3.0,2023,3.227118644067797,3.649828178694158,4.0,6.4,96
717238,2023-07-27,STL,CHC,138,112,571945.0,657006.0,False,9,3.0,1,3.0,0.0,2.0,2.0,0.0,1.0,2.0,2.0,1.0,2023,3.21070110701107,2.7357615894039737,5.7,7.3,99
717237,2023-07-28,BAL,NYY,110,147,680570.0,543037.0,False,9,1.0,9,0.0,0.0,0.0,0.0,0.0,0.0,0.0,0.0,1.0,2023,5.950467289719626,2.9979591836734696,4.0,4.4,101
717230,2023-07-28,NYM,WSH,121,120,453286.0,669022.0,False,9,3.0,tie,0.0,0.0,0.0,0.0,3.0,0.0,3.0,0.0,0.0,2023,6.1,3.87319587628866,4.4,5.2,94
717223,2023-07-28,ARI,SEA,109,136,674072.0,669302.0,False,9,4.0,1,4.0,0.0,0.0,0.0,0.0,0.0,3.0,0.0,0.0,2023,4.0375,3.50625,5.8,5.3,100
717225,2023-07-28,LAD,CIN,119,113,676272.0,682227.0,False,9,6.0,7,4.0,0.0,0.0,1.0,0.0,0.0,6.0,0.0,0.0,2023,4.278861788617887,3.9181818181818184,6.5,4.6,94
717226,2023-07-28,STL,CHC,138,112,656756.0,669713.0,False,9,2.0,6,1.0,0.0,1.0,0.0,1.0,2.0,0.0,0.0,0.0,2023,3.6964912280701756,6.405785123966942,5.4,7.8,99
717227,2023-07-28,COL,ATH,115,133,607536.0,676664.0,False,9,3.0,tie,1.0,3.0,1.0,1.0,2.0,0.0,1.0,3.0,1.0,2023,6.21787072243346,5.508759124087591,4.7,2.8,112
717235,2023-07-28,TOR,LAA,141,108,592332.0,608337.0,False,9,1.0,tie,1.0,1.0,1.0,0.0,0.0,1.0,1.0,0.0,0.0,2023,2.6862068965517243,5.085815602836879,4.7,6.3,101
717216,2023-07-29,PIT,PHI,134,143,682990.0,605400.0,False,9,6.0,4,0.0,0.0,1.0,6.0,4.0,1.0,0.0,1.0,0.0,2023,8.492156862745098,4.5285714285714285,3.4,3.4,95
717205,2023-07-29,LAD,CIN,119,113,686218.0,596133.0,False,9,3.0,6,2.0,0.0,0.0,0.0,0.0,3.0,0.0,0.0,0.0,2023,5.6,7.478378378378379,6.9,5.0,94
717219,2023-07-29,BAL,NYY,110,147,669330.0,657376.0,False,9,4.0,6,1.0,2.0,2.0,1.0,1.0,4.0,0.0,0.0,0.0,2023,5.589626556016597,4.35,3.7,3.8,101
717211,2023-07-29,ATL,MIL,144,158,693821.0,527054.0,False,9,6.0,1,6.0,0.0,0.0,3.0,1.0,0.0,2.0,4.0,0.0,2023,6.163829787234043,5.675757575757576,5.1,3.8,100
717207,2023-07-29,KC,MIN,118,142,543475.0,641927.0,False,9,3.0,tie,1.0,3.0,2.0,3.0,0.0,3.0,3.0,2.0,0.0,2023,4.171428571428572,2.874193548387097,4.1,5.6,98
717214,2023-07-29,HOU,TB,117,139,686613.0,671737.0,False,9,7.0,7,0.0,2.0,0.0,3.0,3.0,3.0,7.0,2.0,1.0,2023,3.7224066390041495,6.5841628959276015,4.2,2.9,99
717212,2023-07-29,COL,ATH,115,133,623167.0,621112.0,False,9,6.0,2,1.0,6.0,1.0,0.0,0.0,4.0,1.0,1.0,0.0,2023,6.784210526315789,3.6905511811023626,4.9,3.2,112
717209,2023-07-29,SD,TEX,135,140,506433.0,527048.0,False,9,4.0,2,0.0,4.0,0.0,0.0,0.0,0.0,0.0,0.0,0.0,2023,4.908118081180811,6.526294820717132,4.9,5.5,96
717221,2023-07-29,SF,BOS,137,111,676254.0,572020.0,False,9,3.0,9,1.0,0.0,0.0,0.0,0.0,1.0,0.0,0.0,3.0,2023,5.183333333333334,4.168702290076336,3.2,5.6,95
717200,2023-07-30,BAL,NYY,110,147,665152.0,622663.0,False,9,7.0,1,7.0,0.0,1.0,3.0,1.0,0.0,0.0,0.0,0.0,2023,4.938235294117647,6.134188034188035,3.7,3.9,101
717206,2023-07-30,ATL,MIL,144,158,700363.0,607067.0,False,9,5.0,3,3.0,0.0,5.0,0.0,0.0,4.0,0.0,2.0,0.0,2023,7.502985074626865,4.372727272727273,6.1,4.0,100
717194,2023-07-30,LAD,CIN,119,113,675627.0,668933.0,False,9,3.0,tie,3.0,1.0,3.0,0.0,0.0,1.0,0.0,0.0,1.0,2023,4.393103448275863,4.465187713310581,6.6,4.2,94
717195,2023-07-30,STL,CHC,138,112,571927.0,543294.0,False,9,2.0,2,1.0,2.0,0.0,0.0,0.0,0.0,0.0,0.0,0.0,2023,3.347933884297521,4.5181818181818185,4.6,6.4,99
717199,2023-07-30,COL,ATH,115,133,621389.0,665622.0,False,9,1.0,tie,0.0,0.0,1.0,0.0,1.0,0.0,0.0,0.0,0.0,2023,1.7666666666666668,4.20655737704918,4.4,4.3,112
717193,2023-07-30,ARI,SEA,109,136,518876.0,622491.0,False,9,2.0,1,2.0,1.0,0.0,0.0,0.0,0.0,0.0,0.0,1.0,2023,3.8641196013289036,3.8096774193548386,4.3,5.1,100
717184,2023-07-31,HOU,CLE,117,114,641585.0,592789.0,False,9,4.0,6,0.0,2.0,0.0,0.0,0.0,4.0,1.0,2.0,1.0,2023,3.067845659163987,6.4913043478260875,5.4,4.1,99
717189,2023-07-31,MIA,PHI,146,143,665795.0,592836.0,False,9,2.0,tie,2.0,0.0,0.0,2.0,0.0,0.0,1.0,1.0,0.0,2023,4.327272727272727,3.5794520547945208,3.5,3.7,93
717187,2023-07-31,ATL,LAA,144,108,450203.0,681217.0,False,9,1.0,tie,1.0,0.0,0.0,1.0,1.0,1.0,0.0,0.0,1.0,2023,3.549438202247191,3.702409638554217,5.6,5.1,100
717172,2023-08-01,HOU,CLE,117,114,664285.0,668909.0,False,9,2.0,3,0.0,0.0,2.0,0.0,0.0,0.0,0.0,0.0,0.0,2023,4.773003802281369,4.5814814814814815,5.8,3.8,99
717182,2023-08-01,MIA,PHI,146,143,645261.0,624133.0,False,9,3.0,9,0.0,0.0,1.0,0.0,0.0,0.0,0.0,0.0,3.0,2023,4.218012422360248,5.224542124542125,3.5,4.1,93
717180,2023-08-01,SF,ARI,137,109,502171.0,668678.0,False,9,5.0,6,0.0,0.0,0.0,0.0,1.0,5.0,1.0,0.0,0.0,2023,3.17380073800738,4.314953271028037,2.8,3.7,95
717175,2023-08-01,NYY,TB,147,139,607074.0,621107.0,False,9,3.0,3,0.0,1.0,3.0,0.0,1.0,0.0,0.0,0.0,2.0,2023,6.244329896907217,2.023076923076923,3.9,4.0,97
717163,2023-08-02,HOU,CLE,117,114,669854.0,676440.0,False,9,4.0,2,0.0,4.0,0.0,0.0,0.0,1.0,0.0,0.0,0.0,2023,7.3907801418439725,3.3040816326530615,5.4,3.7,99
717154,2023-08-02,LAD,ATH,119,133,664062.0,663687.0,False,9,4.0,2,3.0,4.0,2.0,0.0,0.0,1.0,1.0,0.0,0.0,2023,5.559016393442623,4.3547528517110266,5.8,3.7,94
717165,2023-08-02,ATL,LAA,144,108,630023.0,608337.0,False,9,7.0,4,0.0,0.0,3.0,7.0,0.0,5.0,0.0,1.0,1.0,2023,5.117543859649123,5.647528517110267,5.2,4.1,100
717156,2023-08-02,KC,NYM,118,121,666142.0,673540.0,False,9,2.0,1,2.0,1.0,0.0,0.0,0.0,0.0,0.0,1.0,0.0,2023,3.1,2.6729537366548044,4.7,4.6,98
717158,2023-08-02,COL,SD,115,135,607536.0,607259.0,False,9,7.0,9,1.0,0.0,2.0,1.0,0.0,1.0,0.0,0.0,7.0,2023,5.848091603053435,5.331404958677686,4.4,5.3,112
717155,2023-08-02,STL,MIN,138,142,641712.0,657746.0,False,9,4.0,2,0.0,4.0,3.0,0.0,0.0,0.0,3.0,0.0,0.0,2023,2.4333333333333336,5.19016393442623,4.1,5.1,99
717145,2023-08-03,STL,MIN,138,142,669461.0,543243.0,False,9,5.0,2,0.0,5.0,0.0,0.0,0.0,2.0,0.0,0.0,1.0,2023,4.57239263803681,3.1,4.2,4.5,99
717150,2023-08-03,TOR,BAL,141,110,592332.0,656427.0,False,9,2.0,tie,0.0,2.0,0.0,0.0,1.0,1.0,0.0,1.0,2.0,2023,3.0310344827586206,4.127397260273973,4.6,4.6,101
717142,2023-08-03,NYY,HOU,147,117,657376.0,664299.0,False,9,3.0,1,3.0,2.0,0.0,0.0,0.0,2.0,0.0,0.0,0.0,2023,4.925095057034221,6.021810699588477,4.0,5.6,97
717151,2023-08-03,SF,ARI,137,109,518397.0,694297.0,False,9,1.0,4,0.0,0.0,0.0,1.0,0.0,0.0,0.0,0.0,0.0,2023,1.4333333333333333,5.937209302325582,3.2,3.4,95
717131,2023-08-04,MIL,PIT,158,134,607067.0,682990.0,False,9,5.0,1,5.0,3.0,0.0,0.0,1.0,2.0,1.0,0.0,0.0,2023,5.1454545454545455,7.178947368421053,5.2,3.9,100
717136,2023-08-04,BOS,TOR,111,141,572020.0,666201.0,False,9,2.0,tie,2.0,1.0,2.0,1.0,0.0,2.0,1.0,0.0,1.0,2023,3.725,5.668306010928962,4.5,4.3,104
717138,2023-08-04,NYY,HOU,147,117,622663.0,686613.0,False,9,3.0,1,3.0,1.0,1.0,0.0,2.0,2.0,0.0,1.0,0.0,2023,7.1,4.095850622406639,3.9,5.6,97
717141,2023-08-04,CHC,ATL,112,144,543294.0,608331.0,False,9,7.0,4,0.0,0.0,0.0,7.0,0.0,0.0,1.0,0.0,0.0,2023,4.678947368421053,2.8628458498023717,8.1,5.8,98
717135,2023-08-04,DET,TB,116,139,681857.0,641793.0,False,9,3.0,6,2.0,2.0,0.0,0.0,0.0,3.0,1.0,0.0,0.0,2023,4.483928571428572,2.025619834710744,4.1,4.1,96
717128,2023-08-04,MIN,ARI,142,109,641927.0,518876.0,False,9,1.0,tie,0.0,1.0,1.0,1.0,0.0,1.0,1.0,0.0,0.0,2023,3.9620689655172416,3.8241379310344827,4.7,3.1,99
717127,2023-08-04,STL,COL,138,115,425794.0,623167.0,False,9,4.0,2,3.0,4.0,2.0,1.0,1.0,0.0,1.0,0.0,1.0,2023,8.236612021857923,8.124630541871921,4.3,4.1,99
717129,2023-08-04,SD,LAD,135,119,506433.0,676272.0,False,9,6.0,8,0.0,1.0,0.0,2.0,0.0,1.0,1.0,6.0,4.0,2023,4.6867158671586715,3.646875,5.0,4.9,96
717122,2023-08-05,DET,TB,116,139,669373.0,650644.0,False,9,2.0,tie,0.0,2.0,0.0,2.0,0.0,1.0,1.0,0.0,0.0,2023,1.118867924528302,2.617684887459807,3.8,4.4,96
717119,2023-08-05,STL,COL,138,115,571927.0,621389.0,False,9,3.0,5,0.0,1.0,0.0,1.0,3.0,2.0,0.0,1.0,0.0,2023,2.60381679389313,2.475,3.7,4.8,99
717118,2023-08-05,MIN,ARI,142,109,628317.0,669194.0,False,9,4.0,2,0.0,4.0,3.0,2.0,1.0,1.0,0.0,2.0,0.0,2023,3.136764705882353,6.859124087591241,4.5,2.7,99
717109,2023-08-05,LAA,SEA,108,136,542881.0,669923.0,False,9,3.0,3,0.0,0.0,3.0,0.0,0.0,0.0,0.0,1.0,1.0,2023,3.2915708812260536,2.7691176470588235,4.2,5.9,98
717112,2023-08-05,SD,LAD,135,119,605483.0,675627.0,False,9,7.0,8,1.0,1.0,0.0,1.0,1.0,0.0,0.0,7.0,0.0,2023,2.9518518518518517,3.678512396694215,5.4,5.5,96
717115,2023-08-05,CLE,CWS,114,145,592789.0,656629.0,False,9,4.0,tie,0.0,0.0,1.0,2.0,0.0,4.0,0.0,4.0,0.0,2023,6.585477178423236,10.316494845360825,3.5,2.9,97
717123,2023-08-05,PHI,KC,143,118,650911.0,679525.0,False,9,6.0,5,2.0,1.0,1.0,1.0,6.0,3.0,0.0,1.0,0.0,2023,4.671428571428572,8.346636771300448,4.6,5.6,102
717108,2023-08-06,CLE,CWS,114,145,675540.0,669947.0,False,9,3.0,tie,2.0,0.0,0.0,0.0,3.0,0.0,0.0,0.0,3.0,2023,5.766666666666667,5.0718309859154935,3.4,3.3,97
717098,2023-08-06,CHC,ATL,112,144,657006.0,450203.0,False,9,4.0,tie,0.0,0.0,4.0,0.0,4.0,1.0,1.0,0.0,0.0,2023,3.8641196013289036,5.0636363636363635,7.2,6.5,98
717093,2023-08-06,SD,LAD,135,119,448179.0,458681.0,False,9,4.0,2,2.0,4.0,1.0,0.0,0.0,0.0,1.0,1.0,1.0,2023,4.993004115226338,6.0152542372881355,5.8,5.5,96
717095,2023-08-07,PIT,ATL,134,144,674370.0,675911.0,False,9,6.0,3,0.0,0.0,6.0,5.0,1.0,0.0,0.0,0.0,1.0,2023,5.1,2.5407894736842107,3.9,6.8,95
717092,2023-08-07,NYM,CHC,121,112,673540.0,592767.0,False,9,3.0,tie,3.0,0.0,3.0,0.0,1.0,2.0,3.0,1.0,0.0,2023,2.7113074204946996,7.420388349514564,3.2,6.8,94
717086,2023-08-07,MIL,COL,158,115,642547.0,663567.0,False,9,5.0,4,1.0,0.0,0.0,5.0,0.0,0.0,3.0,4.0,0.0,2023,2.8508896797153027,3.1,5.1,3.6,100
717081,2023-08-07,ATH,TEX,133,140,686610.0,641540.0,False,9,3.0,3,0.0,0.0,3.0,2.0,0.0,0.0,1.0,2.0,0.0,2023,4.281102362204725,5.399270072992701,3.9,5.6,97
717091,2023-08-07,DET,MIN,116,142,666214.0,641154.0,False,9,4.0,1,4.0,3.0,1.0,0.0,0.0,0.0,0.0,1.0,3.0,2023,5.780851063829788,3.2552795031055903,3.7,5.1,96
717068,2023-08-08,LAA,SF,108,137,608337.0,518397.0,False,9,4.0,1,4.0,0.0,3.0,0.0,1.0,0.0,1.0,3.0,0.0,2023,8.036170212765958,1.923529411764706,3.1,3.6,98
717075,2023-08-08,CWS,NYY,145,147,657053.0,657376.0,False,9,5.0,4,0.0,0.0,0.0,5.0,0.0,0.0,0.0,3.0,0.0,2023,4.540329218106996,4.741221374045802,3.3,3.9,101
717069,2023-08-08,ATH,TEX,133,140,676664.0,453286.0,False,9,4.0,4,0.0,1.0,0.0,4.0,0.0,0.0,1.0,1.0,0.0,2023,5.989733840304183,4.874193548387097,4.1,4.8,97
717083,2023-08-08,CIN,MIA,113,146,596133.0,666129.0,False,9,2.0,tie,0.0,2.0,0.0,0.0,1.0,0.0,2.0,0.0,0.0,2023,8.371739130434783,4.306896551724138,4.9,3.4,105
717096,2023-08-08,PHI,WSH,143,120,624133.0,680686.0,False,9,3.0,5,1.0,0.0,0.0,2.0,3.0,0.0,2.0,0.0,1.0,2023,4.266077738515901,5.199236641221374,5.3,4.6,102
717080,2023-08-08,NYM,CHC,121,112,471911.0,592791.0,False,9,2.0,1,2.0,0.0,0.0,1.0,1.0,0.0,0.0,1.0,0.0,2023,4.885714285714286,3.4401360544217687,4.1,6.7,94
717076,2023-08-08,DET,MIN,116,142,593958.0,543243.0,False,9,2.0,tie,1.0,0.0,0.0,2.0,0.0,0.0,1.0,2.0,0.0,2023,2.7946564885496183,3.066887417218543,4.0,5.3,96
717072,2023-08-08,SEA,SD,136,135,669302.0,607259.0,False,9,1.0,tie,0.0,0.0,0.0,0.0,1.0,1.0,0.0,0.0,0.0,2023,4.165292096219932,4.864705882352942,4.8,6.0,94
717057,2023-08-09,ARI,LAD,109,119,518876.0,676272.0,False,9,2.0,8,0.0,0.0,0.0,0.0,0.0,0.0,0.0,2.0,0.0,2023,3.9275862068965517,3.650847457627119,2.3,6.7,100
717066,2023-08-09,PHI,WSH,143,120,547179.0,669022.0,False,9,3.0,1,3.0,1.0,1.0,1.0,0.0,0.0,1.0,0.0,0.0,2023,2.6192307692307693,4.7379310344827585,5.7,5.3,102
717071,2023-08-09,LAA,SF,108,137,660271.0,676254.0,False,9,4.0,6,0.0,1.0,0.0,0.0,0.0,4.0,0.0,0.0,0.0,2023,4.955670103092784,3.6952380952380954,3.7,3.9,98
717054,2023-08-09,CWS,NYY,145,147,605182.0,641656.0,False,9,4.0,8,0.0,3.0,1.0,1.0,1.0,0.0,1.0,4.0,0.0,2023,3.960655737704918,12.1,3.1,3.8,101
717050,2023-08-10,DET,MIN,116,142,681857.0,628317.0,False,9,2.0,7,0.0,0.0,0.0,0.0,0.0,1.0,2.0,0.0,0.0,2023,5.297309417040359,3.290839694656489,4.6,4.6,96
717045,2023-08-10,LAD,COL,119,115,477132.0,621389.0,False,9,1.0,tie,0.0,0.0,0.0,0.0,1.0,0.0,1.0,1.0,0.0,2023,3.584848484848485,3.6737704918032787,6.6,3.8,94
717056,2023-08-10,PIT,ATL,134,144,663559.0,693821.0,False,9,5.0,3,1.0,1.0,5.0,0.0,0.0,2.0,2.0,0.0,1.0,2023,4.663786008230453,6.8500000000000005,4.6,6.4,95
717053,2023-08-10,BAL,HOU,110,117,665152.0,686613.0,False,9,3.0,7,1.0,1.0,1.0,0.0,0.0,1.0,3.0,1.0,1.0,2023,4.544866920152091,5.283908045977011,6.0,4.9,101
717048,2023-08-10,TB,STL,139,138,641793.0,669461.0,False,9,3.0,9,0.0,0.0,0.0,2.0,0.0,1.0,1.0,0.0,3.0,2023,2.4370165745856354,6.648387096774194,5.2,3.4,97
717037,2023-08-11,HOU,LAA,117,108,434378.0,672282.0,False,9,6.0,2,0.0,6.0,3.0,3.0,0.0,1.0,0.0,1.0,0.0,2023,3.4858520900321546,6.552914798206277,5.1,3.8,99
717034,2023-08-11,SEA,BAL,136,110,622491.0,502043.0,False,9,6.0,4,2.0,0.0,0.0,6.0,1.0,1.0,0.0,0.0,1.0,2023,4.3,2.9006644518272426,4.8,5.6,94
717043,2023-08-11,WSH,ATH,120,133,672851.0,621112.0,False,9,3.0,7,2.0,2.0,0.0,1.0,1.0,0.0,3.0,1.0,0.0,2023,2.9333333333333336,3.0267399267399266,4.2,3.3,99
717044,2023-08-11,PHI,MIN,143,142,650911.0,572971.0,False,9,8.0,2,0.0,8.0,0.0,3.0,0.0,2.0,0.0,2.0,0.0,2023,4.951851851851852,4.3,6.2,4.5,102
717042,2023-08-11,BOS,DET,111,116,519242.0,669373.0,False,9,3.0,4,1.0,0.0,0.0,3.0,2.0,1.0,0.0,0.0,0.0,2023,2.689041095890411,1.2165919282511208,3.4,4.4,104
717047,2023-08-11,MIA,NYY,146,147,666200.0,641656.0,False,9,5.0,2,0.0,5.0,1.0,4.0,0.0,1.0,0.0,0.0,2.0,2023,4.274242424242424,8.1,3.4,3.7,93
717041,2023-08-11,TOR,CHC,141,112,621244.0,665871.0,False,9,4.0,4,3.0,0.0,0.0,4.0,0.0,0.0,0.0,1.0,0.0,2023,3.5395604395604394,9.390322580645162,4.0,6.8,101
717021,2023-08-12,NYM,ATL,121,144,500779.0,675911.0,False,9,3.0,8,0.0,0.0,0.0,0.0,1.0,0.0,0.0,3.0,2.0,2023,2.6258620689655174,3.1754716981132076,3.1,6.7,94
718371,2023-08-12,NYM,ATL,121,144,660593.0,642216.0,False,9,8.0,9,1.0,1.0,0.0,3.0,0.0,3.0,3.0,5.0,8.0,2023,30.1,1.3926829268292682,3.1,6.7,94
717019,2023-08-12,KC,STL,118,138,666142.0,571927.0,False,9,3.0,3,0.0,2.0,3.0,0.0,1.0,0.0,0.0,2.0,1.0,2023,1.2395348837209303,3.06309963099631,5.6,4.3,98
717013,2023-08-13,NYM,ATL,121,144,673540.0,630023.0,False,9,6.0,5,3.0,0.0,1.0,0.0,6.0,0.0,1.0,2.0,0.0,2023,2.7577946768060837,6.211111111111111,2.8,7.7,94
717003,2023-08-13,ARI,SD,109,135,694297.0,607625.0,False,9,4.0,1,4.0,0.0,0.0,0.0,1.0,0.0,3.0,1.0,0.0,2023,5.313114754098361,4.979432624113475,2.3,5.2,100
717012,2023-08-13,TOR,CHC,141,112,547943.0,592791.0,False,9,5.0,2,2.0,5.0,0.0,3.0,0.0,0.0,2.0,3.0,0.0,2023,4.1,3.487323943661972,3.9,5.4,101
717007,2023-08-13,LAD,COL,119,115,628711.0,607536.0,False,9,3.0,tie,0.0,2.0,2.0,3.0,0.0,3.0,0.0,1.0,0.0,2023,3.2785714285714285,5.936879432624114,6.1,3.0,94
717011,2023-08-13,MIA,NYY,146,147,691587.0,543037.0,False,9,5.0,9,0.0,1.0,2.0,2.0,2.0,2.0,0.0,1.0,5.0,2023,3.952017937219731,3.0697885196374624,3.8,4.4,93
717016,2023-08-13,WSH,ATH,120,133,592866.0,686610.0,False,9,6.0,9,4.0,0.0,1.0,0.0,1.0,0.0,3.0,0.0,6.0,2023,6.93177570093458,2.8175141242937856,4.4,2.6,99
716998,2023-08-14,COL,ARI,115,109,623167.0,518876.0,False,9,4.0,8,1.0,1.0,0.0,0.0,1.0,3.0,0.0,4.0,0.0,2023,7.712068965517242,4.421428571428572,3.2,2.5,112
717002,2023-08-14,NYM,PIT,121,134,471911.0,682990.0,False,9,2.0,tie,2.0,1.0,2.0,2.0,1.0,1.0,0.0,0.0,0.0,2023,5.883505154639176,6.246551724137931,3.3,5.0,94
716995,2023-08-14,STL,ATH,138,133,571945.0,676664.0,False,9,7.0,7,0.0,1.0,0.0,0.0,4.0,0.0,7.0,0.0,0.0,2023,3.496825396825397,5.471541501976285,4.6,3.0,99
716999,2023-08-14,SF,TB,137,139,676254.0,607192.0,False,9,3.0,tie,0.0,0.0,0.0,3.0,3.0,0.0,1.0,3.0,2.0,2023,1.9095238095238096,2.47888198757764,3.3,4.9,95
717001,2023-08-14,ATL,NYY,144,147,608331.0,657376.0,False,9,4.0,tie,2.0,4.0,4.0,0.0,0.0,1.0,0.0,2.0,1.0,2023,2.658823529411765,4.468821292775665,7.5,4.4,100
716997,2023-08-14,TEX,LAA,140,108,453286.0,663776.0,False,9,5.0,7,0.0,2.0,3.0,0.0,0.0,1.0,5.0,1.0,0.0,2023,4.342424242424243,4.054063604240283,5.0,3.6,103
716992,2023-08-15,CIN,CLE,113,114,668933.0,671106.0,False,9,2.0,1,2.0,0.0,0.0,0.0,0.0,0.0,1.0,0.0,0.0,2023,4.688785046728972,4.755172413793104,4.0,3.9,105
716985,2023-08-15,TEX,LAA,140,108,656756.0,608337.0,False,9,3.0,3,0.0,0.0,3.0,1.0,1.0,0.0,1.0,2.0,2.0,2023,4.5,7.633333333333333,5.7,3.3,103
716988,2023-08-15,NYM,PIT,121,134,656849.0,663559.0,False,9,9.0,7,1.0,1.0,0.0,0.0,0.0,0.0,9.0,0.0,0.0,2023,4.3206572769953056,5.353521126760564,3.7,4.4,94
716971,2023-08-16,TEX,LAA,140,108,592351.0,672282.0,False,9,1.0,tie,1.0,0.0,0.0,0.0,0.0,0.0,0.0,0.0,1.0,2023,3.0632352941176473,6.33943661971831,5.8,2.9,103
716969,2023-08-16,STL,ATH,138,133,669461.0,621112.0,False,9,4.0,1,4.0,0.0,0.0,1.0,1.0,1.0,0.0,0.0,1.0,2023,4.125641025641025,3.5363636363636366,4.9,3.4,99
716982,2023-08-16,WSH,BOS,120,111,669022.0,572020.0,False,9,6.0,8,0.0,0.0,1.0,1.0,0.0,0.0,0.0,6.0,0.0,2023,5.756826568265683,4.220331950207469,4.7,3.8,99
716965,2023-08-16,SD,BAL,135,110,605483.0,665152.0,False,9,3.0,3,1.0,0.0,3.0,0.0,0.0,1.0,2.0,0.0,0.0,2023,4.359259259259259,5.554212454212454,4.3,3.7,96
716966,2023-08-17,WSH,BOS,120,111,571578.0,519242.0,False,9,6.0,7,0.0,0.0,2.0,0.0,5.0,3.0,6.0,1.0,0.0,2023,6.481818181818182,3.245985401459854,4.6,3.6,99
716950,2023-08-18,TEX,MIL,140,158,571760.0,605540.0,False,9,4.0,9,0.0,0.0,3.0,3.0,0.0,1.0,3.0,3.0,4.0,2023,3.772645739910314,3.7756756756756755,4.9,4.3,103
716946,2023-08-18,LAD,MIA,119,146,664062.0,645261.0,False,9,6.0,3,2.0,0.0,6.0,4.0,2.0,0.0,0.0,0.0,0.0,2023,4.9148148148148145,3.0473684210526315,5.4,4.0,94
716955,2023-08-18,CHC,KC,112,118,592791.0,666142.0,False,9,4.0,4,0.0,0.0,1.0,4.0,0.0,2.0,0.0,0.0,0.0,2023,3.901526717557252,2.334234234234234,4.4,5.4,98
716951,2023-08-18,MIN,PIT,142,134,641154.0,656578.0,False,9,3.0,7,0.0,0.0,0.0,2.0,0.0,1.0,3.0,0.0,0.0,2023,2.4870967741935486,6.85,4.4,4.8,99
716953,2023-08-18,NYY,BOS,147,111,666745.0,678394.0,False,9,4.0,1,4.0,3.0,1.0,0.0,0.0,0.0,0.0,2.0,1.0,2023,7.455555555555556,6.092424242424243,3.7,4.2,97
716942,2023-08-18,SD,ARI,135,109,607625.0,694297.0,False,9,4.0,8,0.0,0.0,0.0,0.0,0.0,0.0,0.0,4.0,0.0,2023,4.701423487544484,4.114492753623189,3.9,4.4,96
716936,2023-08-19,MIN,PIT,142,134,543243.0,656605.0,False,9,4.0,9,1.0,0.0,0.0,0.0,1.0,3.0,2.0,0.0,4.0,2023,2.229032258064516,5.084732824427481,4.4,4.2,99
716932,2023-08-19,HOU,SEA,117,136,664285.0,669302.0,False,9,3.0,tie,1.0,1.0,3.0,1.0,2.0,0.0,0.0,2.0,3.0,2023,5.329299363057325,4.234751773049645,6.1,5.0,99
716909,2023-08-19,LAD,MIA,119,146,657571.0,691587.0,False,9,3.0,8,0.0,0.0,0.0,1.0,0.0,0.0,0.0,3.0,0.0,2023,-0.8999999999999999,5.5137931034482754,4.4,5.1,94
716941,2023-08-19,WSH,PHI,120,143,663623.0,650911.0,False,9,8.0,8,0.0,0.0,0.0,2.0,0.0,1.0,3.0,8.0,1.0,2023,5.92608695652174,5.1,5.4,5.6,99
716943,2023-08-19,NYY,BOS,147,111,543037.0,676710.0,False,9,4.0,2,0.0,4.0,0.0,2.0,0.0,1.0,0.0,1.0,1.0,2023,3.0697885196374624,4.448837209302326,3.3,4.4,97
716939,2023-08-19,CLE,DET,114,116,676440.0,666159.0,False,9,4.0,1,4.0,0.0,0.0,0.0,1.0,0.0,2.0,0.0,0.0,2023,3.348447204968944,6.018454935622318,3.8,4.5,97
716917,2023-08-20,CHC,KC,112,118,543294.0,543475.0,False,9,3.0,1,3.0,0.0,0.0,0.0,1.0,0.0,0.0,1.0,2.0,2023,3.776156583629893,6.256028368794326,3.9,5.1,98
716918,2023-08-20,TEX,MIL,140,158,453286.0,605288.0,False,9,3.0,tie,0.0,0.0,3.0,1.0,0.0,0.0,0.0,3.0,1.0,2023,3.8575757575757574,3.1766283524904217,4.7,4.5,103
716923,2023-08-20,MIN,PIT,142,134,572971.0,621366.0,False,9,1.0,tie,0.0,0.0,0.0,1.0,0.0,1.0,0.0,0.0,0.0,2023,5.519354838709678,0.6000000000000001,3.9,4.3,99
716921,2023-08-20,STL,NYM,138,121,641712.0,471911.0,False,9,4.0,7,0.0,0.0,2.0,1.0,2.0,0.0,4.0,1.0,0.0,2023,5.458490566037736,5.352747252747253,4.2,5.3,99
716907,2023-08-21,SD,MIA,135,146,608379.0,677960.0,False,9,4.0,2,1.0,4.0,0.0,0.0,1.0,2.0,0.0,0.0,0.0,2023,3.3836879432624114,9.497058823529413,4.0,4.8,96
716911,2023-08-21,PHI,SF,143,137,605400.0,518397.0,False,9,4.0,7,2.0,2.0,2.0,0.0,2.0,0.0,4.0,0.0,2.0,2023,4.506844106463879,2.2176470588235295,5.9,2.7,102
716901,2023-08-22,PIT,STL,134,138,670912.0,425794.0,False,9,6.0,5,0.0,0.0,0.0,1.0,6.0,1.0,1.0,0.0,0.0,2023,4.375862068965517,6.385714285714286,4.2,3.9,95
716891,2023-08-22,ATL,NYM,144,121,693821.0,656731.0,False,9,2.0,tie,0.0,2.0,0.0,0.0,1.0,2.0,0.0,0.0,0.0,2023,4.474570446735395,4.9750000000000005,6.8,6.3,100
716887,2023-08-22,SD,MIA,135,146,605483.0,666200.0,False,9,3.0,3,0.0,0.0,3.0,0.0,0.0,0.0,0.0,0.0,0.0,2023,4.171428571428572,7.170796460176991,3.6,4.5,96
716897,2023-08-22,CLE,LAD,114,119,592789.0,676272.0,False,9,5.0,7,2.0,0.0,1.0,2.0,0.0,0.0,5.0,1.0,0.0,2023,7.758119658119659,3.1381679389312978,4.1,4.3,97
716894,2023-08-22,MIL,MIN,158,142,489119.0,641927.0,False,9,5.0,6,2.0,2.0,0.0,1.0,0.0,5.0,0.0,0.0,0.0,2023,4.36923076923077,5.140000000000001,4.8,4.1,100
716903,2023-08-23,LAA,CIN,108,113,672282.0,680689.0,False,9,3.0,tie,0.0,1.0,1.0,3.0,2.0,0.0,0.0,3.0,0.0,2023,6.4035714285714285,13.433333333333334,3.3,3.9,98
716874,2023-08-23,BAL,TOR,110,141,665152.0,592332.0,False,9,5.0,8,0.0,0.0,1.0,0.0,1.0,0.0,0.0,5.0,0.0,2023,4.096563573883161,4.3056737588652485,4.8,4.6,101
716885,2023-08-23,DET,CHC,116,112,669373.0,592791.0,False,9,4.0,6,0.0,1.0,2.0,1.0,0.0,4.0,0.0,1.0,1.0,2023,1.800787401574803,4.470370370370371,4.7,4.8,96
716867,2023-08-24,MIN,TEX,142,140,641154.0,571760.0,False,9,4.0,3,1.0,1.0,4.0,1.0,1.0,1.0,0.0,3.0,0.0,2023,2.19375,2.9048780487804877,4.6,4.7,99
716875,2023-08-24,CLE,LAD,114,119,675540.0,477132.0,False,9,4.0,1,4.0,0.0,0.0,1.0,0.0,0.0,0.0,2.0,0.0,2023,4.195238095238095,4.0200000000000005,3.8,4.4,97
716865,2023-08-24,BAL,TOR,110,141,502043.0,621244.0,False,9,4.0,4,0.0,0.0,0.0,4.0,3.0,1.0,0.0,0.0,0.0,2023,3.8560137457044674,4.511764705882353,5.3,4.3,101
716853,2023-08-25,SEA,KC,136,118,682243.0,663903.0,False,9,3.0,2,2.0,3.0,0.0,2.0,2.0,0.0,2.0,1.0,0.0,2023,4.822846441947565,3.4728813559322034,7.1,4.7,94
716861,2023-08-25,PHI,STL,143,138,650911.0,571945.0,False,9,3.0,2,2.0,3.0,1.0,0.0,0.0,1.0,2.0,0.0,0.0,2023,4.789655172413793,4.487755102040817,5.3,3.5,102
716857,2023-08-25,MIL,SD,158,135,605540.0,506433.0,False,9,5.0,3,0.0,0.0,5.0,1.0,0.0,0.0,2.0,0.0,2.0,2023,4.5285714285714285,2.7774193548387096,4.9,3.6,100
716866,2023-08-25,BOS,LAD,111,119,676710.0,458681.0,False,9,4.0,7,1.0,2.0,0.0,0.0,0.0,3.0,4.0,0.0,1.0,2023,3.9085106382978725,3.7506849315068496,6.7,4.9,104
716852,2023-08-25,SF,ATL,137,144,657277.0,675911.0,False,9,2.0,tie,1.0,0.0,0.0,2.0,0.0,2.0,1.0,0.0,0.0,2023,2.5925373134328358,2.7140350877192985,3.7,5.1,95
716858,2023-08-25,DET,HOU,116,117,666159.0,664285.0,False,9,4.0,9,0.0,0.0,1.0,0.0,0.0,0.0,0.0,0.0,4.0,2023,5.957142857142857,5.679617834394905,4.5,5.0,96
716847,2023-08-26,PHI,STL,143,138,554430.0,641712.0,False,9,7.0,7,0.0,0.0,3.0,1.0,1.0,1.0,7.0,0.0,0.0,2023,3.5347826086956524,5.1912547528517115,5.9,3.0,102
716840,2023-08-26,NYM,LAA,121,108,471911.0,681217.0,False,9,4.0,2,1.0,4.0,0.0,2.0,0.0,1.0,0.0,0.0,0.0,2023,5.388557213930348,4.477952755905512,5.2,3.5,94
716832,2023-08-26,SEA,KC,136,118,669302.0,543475.0,False,9,7.0,3,0.0,0.0,7.0,1.0,4.0,1.0,2.0,2.0,0.0,2023,3.8876712328767122,6.016666666666667,7.2,4.5,94
716837,2023-08-26,BAL,COL,110,115,680694.0,623167.0,False,9,3.0,6,0.0,0.0,2.0,0.0,1.0,3.0,1.0,2.0,0.0,2023,3.610204081632653,6.750793650793651,5.7,6.4,101
716849,2023-08-26,BOS,LAD,111,119,572020.0,628711.0,False,9,4.0,6,2.0,0.0,0.0,2.0,2.0,4.0,1.0,2.0,0.0,2023,5.410756972111553,2.970967741935484,6.6,4.8,104
716821,2023-08-27,ARI,CIN,109,113,677944.0,668933.0,False,9,3.0,8,0.0,0.0,1.0,0.0,0.0,1.0,2.0,3.0,0.0,2023,5.051219512195122,4.7,5.6,5.2,100
716829,2023-08-27,NYM,LAA,121,108,656849.0,656288.0,False,9,2.0,8,0.0,0.0,0.0,1.0,0.0,0.0,1.0,2.0,1.0,2023,6.7898395721925136,3.919672131147541,5.1,4.0,94
716815,2023-08-28,BAL,CWS,110,145,680570.0,656629.0,False,9,5.0,8,0.0,0.0,2.0,2.0,0.0,0.0,0.0,5.0,0.0,2023,3.2980198019801983,8.37027027027027,5.8,4.7,101
716811,2023-08-28,KC,PIT,118,134,425844.0,670912.0,False,9,2.0,7,0.0,1.0,1.0,0.0,0.0,0.0,2.0,1.0,0.0,2023,6.952813852813852,4.564285714285714,3.6,4.2,98
716814,2023-08-28,BOS,HOU,111,117,519242.0,664299.0,False,9,6.0,6,2.0,1.0,1.0,0.0,3.0,6.0,2.0,2.0,1.0,2023,2.8209302325581396,6.5426229508196725,6.9,5.8,104
716812,2023-08-28,COL,ATL,115,144,596295.0,693821.0,False,9,5.0,9,1.0,0.0,2.0,1.0,4.0,1.0,4.0,0.0,5.0,2023,4.7725978647686835,4.199290780141844,6.1,4.6,112
716818,2023-08-28,NYM,TEX,121,140,656731.0,592351.0,False,9,2.0,tie,0.0,0.0,2.0,0.0,1.0,1.0,0.0,1.0,2.0,2023,6.109708737864079,2.744128113879004,4.6,3.6,94
716801,2023-08-29,TOR,WSH,141,120,621244.0,669022.0,False,9,3.0,5,0.0,2.0,1.0,0.0,3.0,0.0,1.0,1.0,1.0,2023,4.420754716981132,5.9735632183908045,4.6,3.8,101
716796,2023-08-29,MIN,CLE,142,114,641154.0,668909.0,False,9,2.0,4,0.0,1.0,1.0,2.0,0.0,0.0,1.0,0.0,1.0,2023,2.8333333333333335,3.0233716475095784,5.9,4.4,99
716795,2023-08-29,DET,NYY,116,147,669373.0,650633.0,False,9,3.0,9,1.0,0.0,0.0,0.0,1.0,1.0,0.0,0.0,3.0,2023,2.1151515151515152,4.766666666666667,3.8,3.8,96
716790,2023-08-29,SEA,ATH,136,133,596133.0,686610.0,False,9,2.0,2,1.0,2.0,0.0,1.0,0.0,0.0,0.0,0.0,0.0,2023,5.858620689655172,4.780327868852459,7.5,3.7,94
716793,2023-08-29,KC,PIT,118,134,666142.0,681882.0,False,9,6.0,9,0.0,0.0,0.0,1.0,0.0,0.0,0.0,2.0,6.0,2023,1.3534246575342466,0.10000000000000009,3.2,4.6,98
716781,2023-08-30,DET,NYY,116,147,686839.0,543037.0,False,9,2.0,tie,2.0,1.0,2.0,2.0,0.0,1.0,0.0,0.0,0.0,2023,4.009090909090909,3.9012820512820516,3.9,3.9,96
716779,2023-08-30,CHC,MIL,112,158,543294.0,605540.0,False,9,2.0,tie,2.0,0.0,1.0,0.0,0.0,0.0,0.0,2.0,0.0,2023,3.8604562737642585,4.5285714285714285,5.2,6.4,98
716794,2023-08-30,BOS,HOU,111,117,676710.0,664285.0,False,9,4.0,6,0.0,3.0,3.0,1.0,0.0,4.0,0.0,0.0,0.0,2023,3.915450643776824,4.634090909090909,6.0,7.4,104
716785,2023-08-30,TOR,WSH,141,120,605135.0,571578.0,False,9,2.0,tie,2.0,0.0,0.0,2.0,0.0,2.0,1.0,0.0,0.0,2023,4.689403973509934,6.704240282685513,5.0,3.5,101
716788,2023-08-30,SEA,ATH,136,133,682243.0,594943.0,False,9,3.0,tie,0.0,3.0,3.0,0.0,0.0,0.0,3.0,0.0,0.0,2023,3.0607843137254904,9.3,7.4,3.8,94
716787,2023-08-30,PHI,LAA,143,108,650911.0,672282.0,False,9,4.0,tie,0.0,4.0,0.0,0.0,4.0,3.0,0.0,4.0,3.0,2023,4.5285714285714285,7.6535714285714285,7.5,4.2,102
716780,2023-08-30,KC,PIT,118,134,672582.0,656578.0,False,9,2.0,2,1.0,2.0,0.0,1.0,0.0,0.0,1.0,0.0,0.0,2023,4.671428571428572,6.1136986301369864,3.1,4.5,98
716777,2023-08-31,SD,SF,135,137,658648.0,596001.0,False,9,6.0,3,0.0,0.0,6.0,0.0,1.0,0.0,0.0,1.0,1.0,2023,2.606172839506173,2.368292682926829,3.7,4.2,96
716769,2023-09-01,NYM,SEA,121,136,673540.0,669302.0,False,9,1.0,tie,0.0,0.0,0.0,1.0,0.0,1.0,0.0,1.0,0.0,2023,2.475,4.2627906976744185,3.2,6.9,94
716772,2023-09-01,TEX,MIN,140,142,453286.0,657746.0,False,9,3.0,7,0.0,0.0,0.0,1.0,0.0,0.0,3.0,2.0,0.0,2023,2.404635761589404,7.0914163090128755,3.8,5.4,103
716758,2023-09-01,ATH,LAA,133,108,676664.0,663776.0,False,9,5.0,4,0.0,0.0,0.0,5.0,0.0,0.0,1.0,4.0,1.0,2023,5.683333333333334,4.667796610169492,4.1,4.5,97
716757,2023-09-01,LAD,ATL,119,144,628711.0,608331.0,False,9,4.0,8,0.0,1.0,1.0,1.0,2.0,0.0,0.0,4.0,0.0,2023,3.3580645161290326,3.136764705882353,6.7,6.3,94
716756,2023-09-01,ARI,BAL,109,110,605200.0,608344.0,False,9,3.0,1,3.0,0.0,0.0,0.0,0.0,2.0,0.0,1.0,0.0,2023,5.29607843137255,3.7642066420664206,4.8,6.3,100
716760,2023-09-02,WSH,MIA,120,146,592866.0,456501.0,False,9,4.0,3,1.0,2.0,4.0,3.0,1.0,1.0,2.0,0.0,2.0,2023,6.894466403162056,5.519928825622776,3.2,2.9,99
716748,2023-09-02,COL,TOR,115,141,621389.0,579328.0,False,9,4.0,tie,4.0,3.0,0.0,2.0,4.0,0.0,0.0,0.0,2.0,2023,4.93206106870229,2.004109589041096,4.1,5.6,112
716747,2023-09-02,ARI,BAL,109,110,677944.0,680694.0,False,9,6.0,4,0.0,0.0,2.0,6.0,0.0,0.0,1.0,0.0,1.0,2023,3.547761194029851,2.723287671232877,4.4,5.3,100
716744,2023-09-02,STL,PIT,138,134,680723.0,641672.0,False,9,3.0,tie,0.0,3.0,0.0,1.0,3.0,2.0,2.0,0.0,2.0,2023,5.630120481927711,3.4333333333333336,2.7,4.2,99
716753,2023-09-02,CIN,CHC,113,112,671096.0,665871.0,False,9,2.0,9,0.0,0.0,0.0,0.0,0.0,0.0,1.0,0.0,2.0,2023,3.9444444444444446,4.47809187279152,3.8,4.6,105
716755,2023-09-02,ATH,LAA,133,108,621112.0,656288.0,False,9,2.0,4,1.0,0.0,0.0,2.0,0.0,0.0,0.0,0.0,0.0,2023,3.066887417218543,3.72992125984252,4.4,4.3,97
716751,2023-09-02,NYM,SEA,121,136,656849.0,622491.0,False,9,6.0,6,0.0,1.0,2.0,3.0,1.0,6.0,0.0,1.0,1.0,2023,5.866990291262136,3.190909090909091,3.1,6.3,94
716749,2023-09-02,CWS,DET,145,116,605182.0,681857.0,False,9,4.0,1,4.0,2.0,0.0,2.0,0.0,1.0,0.0,1.0,0.0,2023,3.4333333333333336,3.9837209302325585,4.4,3.5,101
716743,2023-09-02,SD,SF,135,137,605483.0,690986.0,False,9,3.0,6,1.0,2.0,0.0,0.0,0.0,3.0,0.0,0.0,1.0,2023,4.066666666666666,2.339130434782609,3.9,4.4,96
716730,2023-09-03,COL,TOR,115,141,502624.0,592332.0,False,9,5.0,5,0.0,0.0,3.0,2.0,5.0,0.0,0.0,0.0,2.0,2023,6.874509803921569,2.7691176470588235,4.5,5.7,112
716740,2023-09-03,WSH,MIA,120,146,680686.0,645261.0,False,9,4.0,1,4.0,0.0,0.0,0.0,3.0,1.0,0.0,0.0,2.0,2023,6.197826086956522,4.890123456790124,3.6,3.8,99
716731,2023-09-03,ATH,LAA,133,108,666205.0,542881.0,False,9,7.0,7,0.0,0.0,0.0,3.0,0.0,4.0,7.0,0.0,2.0,2023,7.145454545454546,5.1987654320987655,4.1,4.1,97
716725,2023-09-03,LAD,ATL,119,144,676272.0,450203.0,False,9,2.0,5,0.0,0.0,0.0,0.0,2.0,0.0,1.0,1.0,0.0,2023,3.5761904761904764,2.495017793594306,6.3,6.6,94
716733,2023-09-03,STL,PIT,138,134,668868.0,670912.0,False,9,4.0,4,0.0,3.0,1.0,4.0,0.0,0.0,1.0,1.0,0.0,2023,3.5444444444444443,4.466666666666667,3.2,4.3,99
716736,2023-09-03,MIL,PHI,158,143,489119.0,624133.0,False,9,3.0,7,1.0,0.0,1.0,0.0,0.0,1.0,3.0,0.0,0.0,2023,5.446153846153846,3.628169014084507,5.9,6.8,100
716729,2023-09-03,CLE,TB,114,139,675540.0,671737.0,False,9,3.0,tie,0.0,0.0,3.0,0.0,1.0,0.0,0.0,1.0,3.0,2023,3.9000000000000004,5.128301886792453,4.7,5.7,97
716723,2023-09-04,CHC,SF,112,137,657006.0,657277.0,False,9,2.0,tie,0.0,1.0,0.0,0.0,0.0,0.0,2.0,2.0,0.0,2023,2.8508896797153027,2.6737704918032787,5.1,3.4,98
716720,2023-09-04,SD,PHI,135,143,448179.0,592836.0,False,9,4.0,1,4.0,3.0,2.0,3.0,1.0,1.0,2.0,0.0,0.0,2023,7.129850746268657,5.142253521126761,4.5,6.8,96
716719,2023-09-04,CLE,MIN,114,142,608337.0,641154.0,False,9,7.0,7,1.0,5.0,4.0,0.0,0.0,4.0,7.0,0.0,5.0,2023,6.774242424242424,3.566666666666667,4.8,6.1,97
716718,2023-09-04,PIT,MIL,134,158,682847.0,669203.0,False,9,2.0,tie,0.0,2.0,0.0,2.0,2.0,0.0,0.0,0.0,0.0,2023,6.285840707964601,4.029487179487179,4.3,5.4,95
716714,2023-09-05,PIT,MIL,134,158,656578.0,605540.0,False,9,6.0,5,0.0,0.0,0.0,1.0,6.0,0.0,0.0,0.0,3.0,2023,5.26,4.3056737588652485,4.3,4.8,95
716710,2023-09-05,MIA,LAD,146,119,666200.0,477132.0,False,9,3.0,8,0.0,0.0,2.0,1.0,2.0,0.0,1.0,3.0,0.0,2023,6.305128205128206,4.7956521739130435,4.1,5.7,93
716708,2023-09-05,CHC,SF,112,137,543294.0,676254.0,False,9,6.0,7,1.0,1.0,5.0,0.0,0.0,3.0,6.0,2.0,1.0,2023,2.8879858657243815,1.0729729729729733,5.5,3.3,98
716717,2023-09-05,CLE,MIN,114,142,676440.0,543243.0,False,9,5.0,8,2.0,0.0,2.0,0.0,1.0,1.0,0.0,5.0,0.0,2023,3.0,2.292546583850932,5.1,7.4,97
716693,2023-09-06,CIN,SEA,113,136,680689.0,669302.0,False,9,5.0,4,1.0,2.0,0.0,5.0,1.0,1.0,1.0,0.0,1.0,2023,7.878761061946902,3.6940594059405942,3.5,5.2,105
716694,2023-09-06,NYY,DET,147,116,657376.0,666159.0,False,9,2.0,tie,1.0,1.0,2.0,1.0,0.0,0.0,2.0,0.0,0.0,2023,3.9333333333333336,4.402816901408451,4.3,3.3,97
716696,2023-09-06,TB,BOS,139,111,607192.0,601713.0,False,9,2.0,3,0.0,0.0,2.0,1.0,1.0,0.0,0.0,0.0,0.0,2023,2.56875,5.115810276679842,5.1,5.4,97
716695,2023-09-06,MIA,LAD,146,119,608638.0,458681.0,False,9,9.0,5,0.0,0.0,0.0,1.0,9.0,0.0,2.0,0.0,3.0,2023,1.1,5.306405693950178,4.7,5.3,93
716690,2023-09-06,LAA,BAL,108,110,663776.0,502043.0,False,9,6.0,3,0.0,1.0,6.0,0.0,0.0,3.0,0.0,3.0,0.0,2023,4.063302752293578,5.086301369863014,4.4,5.9,98
716699,2023-09-06,CHC,SF,112,137,696136.0,622072.0,False,9,3.0,tie,3.0,0.0,2.0,1.0,0.0,1.0,3.0,0.0,0.0,2023,3.2,7.017525773195876,5.6,3.8,98
716683,2023-09-07,TB,SEA,139,136,641793.0,622491.0,False,9,1.0,2,0.0,1.0,0.0,0.0,0.0,0.0,0.0,0.0,0.0,2023,5.401886792452831,3.225,5.2,4.5,97
716685,2023-09-07,CHC,ARI,112,109,665871.0,669194.0,False,9,2.0,tie,1.0,0.0,2.0,0.0,1.0,0.0,0.0,2.0,2.0,2023,3.5531722054380666,7.068253968253968,5.4,4.0,98
716669,2023-09-08,HOU,SD,117,135,686613.0,605483.0,False,9,4.0,2,1.0,4.0,1.0,0.0,1.0,1.0,2.0,3.0,0.0,2023,5.039655172413793,3.6161290322580646,8.9,4.8,99
716678,2023-09-08,CHC,ARI,112,109,592791.0,668678.0,False,9,1.0,8,0.0,0.0,0.0,0.0,0.0,0.0,0.0,1.0,0.0,2023,5.895275590551181,4.089399293286219,5.4,4.1,98
716679,2023-09-08,PHI,MIA,143,146,650911.0,691587.0,False,9,2.0,6,1.0,0.0,1.0,0.0,0.0,2.0,1.0,0.0,0.0,2023,4.35,4.616393442622951,5.7,5.2,102
716677,2023-09-08,CIN,STL,113,138,671096.0,680723.0,False,9,6.0,3,3.0,0.0,6.0,1.0,0.0,0.0,2.0,1.0,0.0,2023,3.9119658119658123,5.34,3.7,5.2,105
716671,2023-09-08,TB,SEA,139,136,671737.0,669923.0,False,9,4.0,7,2.0,2.0,1.0,0.0,1.0,0.0,4.0,1.0,0.0,2023,4.571861471861472,3.199337748344371,4.9,4.3,97
716674,2023-09-08,ATL,PIT,144,134,693821.0,656605.0,False,9,4.0,3,0.0,0.0,4.0,3.0,1.0,2.0,0.0,0.0,0.0,2023,3.7872852233676975,2.5193548387096776,6.3,4.3,100
716665,2023-09-08,TEX,ATH,140,133,656756.0,621112.0,False,9,3.0,1,3.0,1.0,0.0,1.0,1.0,2.0,1.0,0.0,0.0,2023,2.9586572438162544,3.271232876712329,4.1,4.0,103
716661,2023-09-09,TOR,KC,141,118,592332.0,663704.0,False,9,3.0,5,0.0,0.0,0.0,1.0,3.0,1.0,1.0,0.0,0.0,2023,2.9523985239852397,12.1,6.4,5.2,101
716649,2023-09-09,HOU,SD,117,135,664299.0,607625.0,False,9,5.0,tie,0.0,0.0,1.0,5.0,5.0,1.0,0.0,0.0,0.0,2023,5.868595041322314,2.8586206896551727,7.4,5.5,99
716664,2023-09-09,BOS,BAL,111,110,519242.0,656427.0,False,9,6.0,tie,2.0,1.0,4.0,6.0,0.0,2.0,6.0,0.0,4.0,2023,3.5,4.937606837606838,4.5,7.2,104
716653,2023-09-09,PHI,MIA,143,146,605400.0,456501.0,False,9,7.0,5,0.0,5.0,0.0,0.0,7.0,0.0,0.0,0.0,0.0,2023,3.738297872340426,6.863837638376383,5.6,5.3,102
716647,2023-09-10,WSH,LAD,120,119,592866.0,642232.0,False,9,2.0,tie,2.0,2.0,0.0,2.0,2.0,2.0,0.0,0.0,0.0,2023,7.8826086956521735,3.1340136054421768,4.0,5.3,99
716638,2023-09-10,CHC,ARI,112,109,543294.0,573009.0,False,9,3.0,3,1.0,0.0,3.0,0.0,2.0,1.0,0.0,0.0,0.0,2023,3.2056338028169016,3.1,5.2,4.0,98
716652,2023-09-10,BOS,BAL,111,110,678394.0,680570.0,False,9,3.0,tie,0.0,3.0,2.0,2.0,0.0,3.0,0.0,0.0,0.0,2023,4.267883211678832,3.4225806451612906,5.2,7.6,104
716639,2023-09-10,MIN,NYM,142,121,641154.0,656731.0,False,9,2.0,9,0.0,0.0,0.0,0.0,0.0,0.0,0.0,0.0,2.0,2023,4.2379310344827585,4.832283464566929,6.5,4.4,99
716625,2023-09-11,COL,CHC,115,112,607536.0,696136.0,False,9,3.0,7,1.0,0.0,1.0,0.0,1.0,1.0,3.0,0.0,2.0,2023,5.526470588235295,3.038271604938272,4.7,5.1,112
716590,2023-09-11,PHI,ATL,143,144,547179.0,657140.0,False,9,4.0,1,4.0,0.0,3.0,2.0,1.0,1.0,1.0,0.0,0.0,2023,6.0010238907849835,4.3087912087912095,5.0,5.6,102
716609,2023-09-12,COL,CHC,115,112,623167.0,665871.0,False,9,4.0,4,0.0,2.0,0.0,4.0,0.0,3.0,1.0,0.0,0.0,2023,5.445679012345678,4.542307692307692,4.8,5.4,112
716631,2023-09-12,CWS,KC,145,118,657053.0,543475.0,False,9,8.0,6,4.0,4.0,1.0,0.0,1.0,8.0,1.0,0.0,2.0,2023,6.253526970954357,7.636082474226804,3.6,5.2,101
716608,2023-09-12,LAD,SD,119,135,458681.0,608379.0,False,9,4.0,4,1.0,0.0,3.0,4.0,1.0,0.0,2.0,2.0,0.0,2023,6.9403041825095055,4.5285714285714285,5.4,6.2,94
716606,2023-09-12,SEA,LAA,136,108,693433.0,663776.0,False,9,4.0,4,3.0,0.0,0.0,4.0,1.0,0.0,0.0,0.0,0.0,2023,3.907692307692308,4.410679611650485,4.6,3.9,94
716613,2023-09-12,MIN,TB,142,139,657746.0,641793.0,False,9,2.0,7,0.0,0.0,1.0,1.0,1.0,0.0,2.0,0.0,0.0,2023,6.3432432432432435,4.959649122807018,6.5,5.3,99
716594,2023-09-13,TOR,TEX,141,140,579328.0,656756.0,False,9,4.0,4,0.0,0.0,0.0,4.0,2.0,1.0,0.0,0.0,3.0,2023,2.3125984251968505,3.3545454545454545,5.1,5.4,101
716604,2023-09-13,BAL,STL,110,138,502043.0,680723.0,False,9,1.0,4,0.0,0.0,0.0,1.0,0.0,0.0,0.0,0.0,0.0,2023,5.688652482269504,6.921656050955415,7.6,6.2,101
716589,2023-09-13,LAD,SD,119,135,686752.0,605483.0,False,9,3.0,4,1.0,0.0,0.0,3.0,0.0,0.0,2.0,0.0,1.0,2023,2.6,3.035483870967742,6.2,5.7,94
716586,2023-09-14,BAL,TB,110,139,680694.0,650644.0,False,9,3.0,3,0.0,1.0,3.0,1.0,1.0,0.0,1.0,0.0,0.0,2023,1.8,3.0233716475095784,6.9,4.8,101
716585,2023-09-14,MIL,MIA,158,146,605288.0,691587.0,False,9,3.0,5,1.0,0.0,0.0,1.0,3.0,0.0,1.0,0.0,0.0,2023,3.835930735930736,4.40952380952381,5.0,3.8,100
716587,2023-09-14,TOR,TEX,141,140,592332.0,543135.0,False,9,5.0,8,3.0,2.0,1.0,0.0,0.0,0.0,0.0,5.0,0.0,2023,3.2423487544483987,5.118779342723004,4.4,5.7,101
716568,2023-09-15,SEA,LAD,136,119,669923.0,676272.0,False,9,4.0,6,0.0,0.0,0.0,1.0,2.0,4.0,0.0,1.0,1.0,2023,3.3389078498293516,3.8476635514018693,4.6,6.1,94
716575,2023-09-15,CLE,TEX,114,140,608337.0,592351.0,False,9,5.0,6,0.0,2.0,0.0,1.0,1.0,5.0,3.0,0.0,3.0,2023,7.327941176470588,5.000826446280992,3.4,6.0,97
716573,2023-09-15,CWS,MIN,145,142,669947.0,641927.0,False,9,4.0,tie,0.0,4.0,1.0,1.0,2.0,0.0,0.0,0.0,4.0,2023,6.2627906976744185,5.391666666666667,4.1,6.3,101
716583,2023-09-15,BAL,TB,110,139,656427.0,621107.0,False,9,5.0,6,0.0,0.0,0.0,2.0,1.0,5.0,0.0,0.0,0.0,2023,6.173170731707318,2.8508896797153027,6.4,4.9,101
716569,2023-09-15,ATH,SD,133,135,656794.0,607625.0,False,9,3.0,tie,2.0,3.0,1.0,0.0,1.0,1.0,0.0,0.0,3.0,2023,2.85,3.206761565836299,4.5,5.7,97
716578,2023-09-15,MIL,WSH,158,120,489119.0,663623.0,False,9,4.0,5,3.0,0.0,0.0,0.0,4.0,0.0,0.0,1.0,0.0,2023,6.2620553359683795,4.024657534246575,5.2,4.0,100
716567,2023-09-15,ARI,CHC,109,112,694297.0,657006.0,False,9,4.0,9,3.0,0.0,0.0,0.0,0.0,3.0,0.0,0.0,4.0,2023,3.916326530612245,1.6757575757575758,3.6,4.5,100
716574,2023-09-15,NYM,CIN,121,113,656849.0,668881.0,False,9,5.0,6,0.0,0.0,0.0,0.0,1.0,5.0,2.0,0.0,0.0,2023,4.698360655737705,6.533476394849786,5.5,5.0,94
716556,2023-09-16,CWS,MIN,145,142,657053.0,641154.0,False,9,6.0,1,6.0,0.0,0.0,0.0,0.0,0.0,2.0,4.0,1.0,2023,6.227962085308057,3.8096774193548386,4.2,5.3,101
716557,2023-09-16,STL,PHI,138,143,571945.0,624133.0,False,9,3.0,5,1.0,1.0,1.0,0.0,3.0,0.0,0.0,0.0,1.0,2023,6.7,4.045454545454546,5.5,4.6,99
716565,2023-09-16,MIA,ATL,146,144,663773.0,694363.0,False,9,7.0,1,7.0,0.0,1.0,0.0,1.0,1.0,0.0,6.0,0.0,2023,5.674257425742574,5.302643171806167,3.7,6.3,93
716560,2023-09-16,KC,HOU,118,117,666142.0,641585.0,False,9,6.0,7,3.0,0.0,1.0,0.0,4.0,1.0,6.0,1.0,2.0,2023,1.3119205298013246,7.626748971193416,5.4,7.0,98
716562,2023-09-16,CLE,TEX,114,140,676440.0,641540.0,False,9,2.0,8,0.0,0.0,0.0,0.0,1.0,0.0,0.0,2.0,0.0,2023,3.35,4.561538461538461,4.0,5.7,97
716564,2023-09-16,ATH,SD,133,135,695243.0,663362.0,False,9,2.0,tie,2.0,0.0,1.0,1.0,2.0,1.0,0.0,0.0,0.0,2023,2.796969696969697,6.9028169014084515,3.8,6.1,97
716547,2023-09-17,KC,HOU,118,117,543475.0,664285.0,False,9,3.0,9,0.0,1.0,2.0,1.0,1.0,0.0,0.0,0.0,3.0,2023,6.1927835051546385,3.75625,5.2,6.5,98
716536,2023-09-17,ARI,CHC,109,112,669194.0,696136.0,False,9,3.0,1,3.0,1.0,1.0,0.0,0.0,2.0,1.0,0.0,0.0,2023,6.5418604651162795,3.00990990990991,3.5,3.9,100
716545,2023-09-17,NYM,CIN,121,113,500779.0,682227.0,False,9,4.0,7,1.0,0.0,3.0,0.0,2.0,0.0,4.0,2.0,0.0,2023,3.3061855670103095,3.213636363636364,4.3,4.5,94
716549,2023-09-17,CLE,TEX,114,140,668909.0,674003.0,False,9,9.0,4,0.0,1.0,0.0,9.0,0.0,0.0,0.0,0.0,1.0,2023,5.517061611374407,3.5245283018867926,3.9,5.7,97
716527,2023-09-18,ATH,SEA,133,136,676664.0,693433.0,False,9,2.0,4,0.0,1.0,0.0,2.0,0.0,1.0,0.0,0.0,1.0,2023,5.396296296296296,3.0618320610687024,3.5,3.5,97
716526,2023-09-18,SD,COL,135,115,608379.0,621389.0,False,9,5.0,3,0.0,3.0,5.0,2.0,4.0,2.0,0.0,2.0,2.0,2023,5.951239669421488,4.9148148148148145,6.1,5.6,96
716532,2023-09-18,ATL,PHI,144,143,657140.0,554430.0,False,9,3.0,6,1.0,2.0,1.0,1.0,0.0,3.0,0.0,0.0,0.0,2023,3.8142857142857145,3.4548387096774196,5.6,5.2,100
716533,2023-09-18,TEX,BOS,140,111,656756.0,676710.0,False,9,3.0,8,1.0,0.0,0.0,0.0,1.0,1.0,0.0,3.0,0.0,2023,3.8719298245614038,3.6825242718446605,5.6,3.9,103
716529,2023-09-18,KC,CLE,118,114,663903.0,615698.0,False,9,4.0,8,0.0,2.0,1.0,1.0,0.0,2.0,0.0,4.0,0.0,2023,5.559016393442623,4.330158730158731,4.6,4.6,98
716515,2023-09-19,STL,MIL,138,158,680723.0,656730.0,False,9,4.0,4,2.0,0.0,1.0,4.0,1.0,0.0,0.0,1.0,1.0,2023,5.74423076923077,1.1,3.7,4.6,99
716516,2023-09-19,SD,COL,135,115,605483.0,663372.0,False,9,2.0,9,0.0,0.0,0.0,0.0,0.0,0.0,0.0,0.0,2.0,2023,2.3258064516129036,3.536893203883495,7.1,5.7,96
716519,2023-09-19,TEX,BOS,140,111,543135.0,656557.0,False,9,3.0,tie,0.0,1.0,3.0,0.0,1.0,2.0,3.0,0.0,0.0,2023,6.375862068965517,4.494422310756972,5.5,4.1,103
716521,2023-09-19,ATL,PHI,144,143,675911.0,650911.0,False,9,5.0,6,1.0,0.0,0.0,2.0,4.0,5.0,0.0,0.0,0.0,2023,2.141095890410959,2.569964664310954,4.9,5.7,100
716525,2023-09-19,WSH,CWS,120,145,671131.0,570632.0,False,9,4.0,7,0.0,0.0,0.0,1.0,0.0,1.0,4.0,0.0,1.0,2023,6.85,7.944444444444445,3.4,3.7,99
716522,2023-09-19,CIN,MIN,113,142,518585.0,628317.0,False,9,2.0,tie,0.0,1.0,0.0,1.0,0.0,2.0,2.0,1.0,0.0,2023,-4.172727272727272,4.939080459770115,4.5,5.2,105
716520,2023-09-19,NYY,TOR,147,141,657376.0,579328.0,False,9,3.0,9,2.0,0.0,0.0,1.0,2.0,0.0,0.0,0.0,3.0,2023,3.3985074626865672,3.919672131147541,3.8,3.4,97
716523,2023-09-19,MIA,NYM,146,121,666129.0,664192.0,False,9,3.0,9,0.0,0.0,2.0,0.0,1.0,1.0,0.0,0.0,3.0,2023,3.9823529411764707,4.991891891891892,5.1,4.9,93
716518,2023-09-19,CHC,PIT,112,134,665871.0,663559.0,False,9,8.0,8,2.0,2.0,2.0,0.0,0.0,1.0,0.0,8.0,0.0,2023,4.548763250883392,4.645064377682403,3.3,3.9,98
716517,2023-09-19,KC,CLE,118,114,674444.0,671106.0,False,9,5.0,5,2.0,0.0,2.0,0.0,5.0,2.0,1.0,1.0,0.0,2023,-0.8999999999999999,4.3,4.8,4.8,98
716511,2023-09-19,ARI,SF,109,137,668678.0,502171.0,False,9,4.0,2,3.0,4.0,0.0,2.0,3.0,0.0,0.0,0.0,0.0,2023,4.62317880794702,4.570588235294117,3.5,5.6,100
716524,2023-09-19,TB,LAA,139,108,671737.0,663776.0,False,9,5.0,8,2.0,0.0,0.0,1.0,0.0,0.0,0.0,5.0,0.0,2023,6.433333333333334,4.211111111111111,4.9,3.3,97
716512,2023-09-19,ATH,SEA,133,136,621112.0,622491.0,False,9,6.0,7,0.0,1.0,0.0,1.0,0.0,0.0,6.0,0.0,1.0,2023,4.926086956521739,3.293548387096774,3.0,3.9,97
716508,2023-09-20,HOU,BAL,117,110,664299.0,680694.0,False,9,1.0,tie,1.0,0.0,0.0,0.0,0.0,0.0,0.0,1.0,1.0,2023,5.933333333333334,2.2935483870967746,5.6,5.0,99
716503,2023-09-20,MIA,NYM,146,121,691587.0,673540.0,False,9,2.0,tie,0.0,1.0,2.0,1.0,0.0,2.0,2.0,2.0,1.0,2023,3.3755905511811024,3.006832298136646,5.1,4.8,93
716493,2023-09-21,CHC,PIT,112,134,543294.0,670912.0,False,9,5.0,tie,0.0,0.0,2.0,0.0,1.0,0.0,1.0,5.0,5.0,2023,3.1,4.20236220472441,5.2,4.3,98
716489,2023-09-21,CLE,BAL,114,110,683769.0,680570.0,False,9,5.0,8,0.0,0.0,0.0,0.0,2.0,0.0,0.0,5.0,0.0,2023,5.372727272727273,2.701328903654485,4.8,4.8,97
716491,2023-09-21,STL,MIL,138,158,571945.0,489119.0,False,9,4.0,6,0.0,0.0,1.0,0.0,1.0,4.0,0.0,0.0,0.0,2023,5.966894197952219,6.158823529411764,2.9,4.9,99
716488,2023-09-21,ATH,DET,133,116,665622.0,669373.0,False,9,3.0,tie,2.0,0.0,0.0,0.0,3.0,0.0,0.0,2.0,3.0,2023,4.514634146341463,2.4870967741935486,2.7,4.9,97
716486,2023-09-22,CHC,COL,112,115,592791.0,663562.0,False,9,2.0,tie,1.0,0.0,0.0,2.0,0.0,2.0,1.0,0.0,0.0,2023,4.924817518248175,5.7973684210526315,5.6,5.5,98
716478,2023-09-22,BOS,CWS,111,145,519242.0,657053.0,False,9,2.0,tie,0.0,0.0,0.0,0.0,1.0,2.0,0.0,2.0,0.0,2023,4.00909090909091,4.050226244343891,3.1,4.0,104
716473,2023-09-22,HOU,KC,117,118,664285.0,666142.0,False,9,5.0,1,5.0,1.0,0.0,0.0,0.0,3.0,0.0,3.0,0.0,2023,3.1588235294117646,1.8748344370860928,5.1,5.6,99
716477,2023-09-22,TEX,SEA,140,136,641540.0,682243.0,False,9,4.0,tie,1.0,3.0,0.0,0.0,4.0,4.0,0.0,0.0,1.0,2023,5.225,2.661752988047809,6.4,4.3,103
716483,2023-09-22,CLE,BAL,114,110,669456.0,665152.0,False,9,4.0,tie,4.0,1.0,3.0,3.0,0.0,0.0,2.0,0.0,4.0,2023,4.930985915492958,3.455731225296443,5.2,3.9,97
716475,2023-09-22,MIN,LAA,142,108,641154.0,660761.0,False,9,4.0,7,0.0,1.0,0.0,2.0,3.0,1.0,4.0,2.0,1.0,2023,4.333333333333334,8.38497409326425,5.6,3.5,99
716470,2023-09-23,ATH,DET,133,116,671212.0,622766.0,False,9,3.0,3,0.0,0.0,3.0,0.0,0.0,0.0,0.0,2.0,0.0,2023,2.4333333333333336,4.766666666666667,3.0,5.0,97
716463,2023-09-23,TB,TOR,139,141,641793.0,547943.0,False,9,4.0,tie,4.0,0.0,0.0,1.0,0.0,4.0,0.0,2.0,2.0,2023,4.800680272108844,4.806349206349207,3.8,3.7,97
716456,2023-09-23,LAD,SF,119,137,477132.0,605154.0,False,9,2.0,tie,0.0,1.0,2.0,0.0,2.0,0.0,0.0,2.0,0.0,2023,6.338095238095239,5.792307692307692,5.1,3.9,94
716448,2023-09-24,HOU,KC,117,118,686613.0,674444.0,False,9,5.0,3,1.0,4.0,5.0,0.0,1.0,0.0,0.0,0.0,0.0,2023,4.479310344827586,3.1,4.6,6.2,99
716451,2023-09-24,CIN,PIT,113,134,682227.0,682990.0,False,9,2.0,tie,0.0,0.0,0.0,0.0,2.0,2.0,1.0,1.0,0.0,2023,3.5365079365079364,6.303463203463203,4.5,6.2,105
716450,2023-09-24,CLE,BAL,114,110,663474.0,502043.0,False,9,3.0,2,0.0,3.0,0.0,2.0,1.0,0.0,0.0,0.0,0.0,2023,2.6,6.0473684210526315,5.5,4.7,97
716459,2023-09-24,WSH,ATL,120,144,671131.0,642216.0,False,9,3.0,2,0.0,3.0,0.0,0.0,0.0,1.0,0.0,0.0,1.0,2023,7.078494623655914,2.583568075117371,4.3,5.8,99
716467,2023-09-24,WSH,ATL,120,144,672851.0,675911.0,False,9,4.0,4,0.0,0.0,3.0,4.0,0.0,3.0,2.0,0.0,1.0,2023,4.78,2.415068493150685,4.3,5.8,99
716442,2023-09-24,ATH,DET,133,116,676664.0,593958.0,False,9,2.0,3,0.0,0.0,2.0,0.0,0.0,0.0,0.0,0.0,0.0,2023,5.014893617021277,5.83469387755102,2.8,4.8,97
716447,2023-09-24,MIA,MIL,146,158,665795.0,642547.0,False,9,3.0,tie,0.0,1.0,3.0,0.0,3.0,0.0,0.0,0.0,0.0,2023,5.717801047120419,3.1353356890459363,5.4,6.0,93
716436,2023-09-25,SEA,HOU,136,117,622491.0,434378.0,False,9,3.0,2,0.0,3.0,1.0,0.0,0.0,1.0,0.0,0.0,1.0,2023,3.6483870967741936,5.0032258064516135,4.0,4.9,94
716440,2023-09-25,LAA,TEX,108,140,663776.0,592351.0,False,9,3.0,6,0.0,1.0,0.0,0.0,0.0,3.0,1.0,1.0,0.0,2023,4.463636363636364,7.37027027027027,3.5,5.7,98
716438,2023-09-26,COL,LAD,115,119,502624.0,657571.0,False,9,3.0,1,3.0,0.0,0.0,0.0,0.0,1.0,1.0,0.0,0.0,2023,4.397709923664122,6.300000000000001,4.4,4.9,112
716428,2023-09-26,BOS,TB,111,139,656557.0,621107.0,False,9,4.0,3,3.0,0.0,4.0,0.0,3.0,2.0,1.0,3.0,0.0,2023,4.5107883817427386,2.0679715302491104,2.8,4.3,104
716422,2023-09-26,LAA,TEX,108,140,672282.0,674003.0,False,9,5.0,5,4.0,0.0,0.0,1.0,5.0,0.0,0.0,0.0,2.0,2023,3.672519083969466,4.402083333333334,3.4,5.3,98
716420,2023-09-27,LAA,TEX,108,140,656288.0,641540.0,False,9,3.0,9,1.0,0.0,1.0,0.0,0.0,0.0,0.0,0.0,3.0,2023,2.9969072164948454,5.091701244813278,4.1,5.3,98
716410,2023-09-27,MIN,ATH,142,133,641154.0,683155.0,False,9,3.0,5,1.0,1.0,1.0,0.0,3.0,2.0,0.0,2.0,0.0,2023,3.261290322580645,13.576190476190476,6.3,2.6,99
716418,2023-09-27,CLE,CIN,114,113,669456.0,671096.0,False,9,2.0,tie,0.0,2.0,1.0,1.0,0.0,1.0,0.0,2.0,0.0,2023,3.4802281368821295,5.148780487804878,4.6,5.4,97
716408,2023-09-27,MIL,STL,158,138,489119.0,668868.0,False,9,3.0,6,0.0,1.0,0.0,0.0,0.0,3.0,1.0,0.0,0.0,2023,5.439622641509434,4.484615384615385,5.3,2.6,100
716399,2023-09-28,ATL,CHC,144,112,700363.0,573186.0,False,9,3.0,1,3.0,2.0,1.0,0.0,0.0,1.0,0.0,1.0,0.0,2023,8.045652173913044,4.520765027322405,5.9,6.2,100
716409,2023-09-28,PHI,PIT,143,134,554430.0,682847.0,False,9,2.0,5,1.0,0.0,1.0,0.0,2.0,0.0,0.0,1.0,0.0,2023,4.033333333333333,6.727906976744187,5.3,5.8,102
716400,2023-09-28,MIN,ATH,142,133,543243.0,665622.0,False,9,1.0,tie,0.0,1.0,0.0,0.0,0.0,1.0,0.0,1.0,0.0,2023,2.7,4.619607843137255,5.9,2.8,99
716397,2023-09-28,SEA,TEX,136,140,669302.0,656756.0,False,9,2.0,tie,0.0,0.0,1.0,2.0,0.0,0.0,0.0,0.0,2.0,2023,4.0473684210526315,3.474149659863946,4.2,5.7,94
716379,2023-09-29,SEA,TEX,136,140,693433.0,543135.0,False,9,5.0,4,0.0,0.0,3.0,5.0,0.0,0.0,0.0,0.0,0.0,2023,5.322222222222223,7.333128834355827,4.4,5.7,94
716386,2023-09-29,LAA,ATH,108,133,681217.0,686610.0,False,9,3.0,4,0.0,0.0,1.0,3.0,2.0,0.0,0.0,0.0,0.0,2023,4.645064377682403,5.504580152671756,3.7,2.9,98
716391,2023-09-29,CWS,SD,145,135,656302.0,607259.0,False,9,2.0,6,0.0,0.0,0.0,0.0,1.0,2.0,0.0,1.0,1.0,2023,3.7506849315068496,2.2,2.5,5.4,101
716390,2023-09-29,BAL,BOS,110,111,607644.0,601713.0,False,9,2.0,5,0.0,0.0,0.0,0.0,2.0,0.0,0.0,0.0,1.0,2023,5.556140350877193,2.949056603773585,4.3,2.7,101
716382,2023-09-29,SF,LAD,137,119,676775.0,458681.0,False,9,3.0,tie,3.0,0.0,2.0,0.0,0.0,3.0,0.0,0.0,0.0,2023,3.5500000000000003,7.8528517110266165,2.9,4.8,95
716387,2023-09-29,COL,MIN,115,142,621389.0,657746.0,False,9,3.0,tie,1.0,3.0,2.0,3.0,1.0,0.0,2.0,0.0,1.0,2023,7.338683127572017,2.9412698412698415,3.9,5.4,112
716377,2023-09-30,BAL,BOS,110,111,502043.0,676710.0,False,9,4.0,8,0.0,0.0,0.0,0.0,0.0,0.0,2.0,4.0,1.0,2023,6.081818181818182,3.3415458937198066,3.5,2.8,101
716366,2023-09-30,SEA,TEX,136,140,622491.0,571760.0,False,9,4.0,3,0.0,0.0,4.0,1.0,0.0,0.0,0.0,2.0,0.0,2023,4.4,5.077401129943503,4.7,5.5,94
716380,2023-09-30,DET,CLE,116,114,676684.0,663474.0,False,9,5.0,7,0.0,0.0,0.0,1.0,0.0,2.0,5.0,0.0,0.0,2023,1.281818181818182,4.260714285714286,4.4,4.6,96
716370,2023-09-30,ARI,HOU,109,117,518876.0,434378.0,False,9,1.0,4,0.0,0.0,0.0,1.0,0.0,0.0,0.0,0.0,0.0,2023,3.5929577464788736,4.423529411764706,5.3,4.3,100
716375,2023-09-30,KC,NYY,118,147,674444.0,657376.0,False,9,3.0,6,1.0,0.0,1.0,2.0,0.0,3.0,0.0,0.0,0.0,2023,3.1,5.19016393442623,5.3,3.4,98
716369,2023-09-30,ATL,WSH,144,120,675911.0,672851.0,False,9,4.0,5,3.0,0.0,1.0,0.0,4.0,0.0,0.0,0.0,0.0,2023,3.2094890510948906,5.686206896551724,6.7,4.6,100
716376,2023-09-30,NYM,PHI,121,143,656731.0,592836.0,False,9,3.0,1,3.0,1.0,0.0,0.0,0.0,0.0,0.0,1.0,2.0,2023,4.565201465201465,3.8420494699646643,4.2,5.0,94
716353,2023-10-01,STL,CIN,138,113,571945.0,668881.0,False,9,4.0,3,1.0,1.0,4.0,0.0,0.0,0.0,1.0,0.0,0.0,2023,6.239931740614335,3.822433460076046,3.4,7.0,99
716363,2023-10-01,SF,LAD,137,119,690986.0,676272.0,False,9,6.0,6,0.0,0.0,0.0,0.0,0.0,6.0,0.0,1.0,0.0,2023,5.580314960629922,3.224223602484472,1.8,5.0,95
716361,2023-10-01,DET,CLE,116,114,593958.0,608337.0,False,9,3.0,5,1.0,1.0,1.0,1.0,3.0,0.0,0.0,0.0,0.0,2023,4.675091575091575,6.90952380952381,5.0,4.2,96
716355,2023-10-01,NYM,PHI,121,143,676130.0,621381.0,False,9,6.0,9,0.0,0.0,2.0,0.0,0.0,1.0,0.0,1.0,6.0,2023,3.6928853754940714,2.9611111111111112,5.2,4.7,94
745439,2024-04-02,SD,STL,135,138,506433.0,571945.0,False,9,2.0,tie,0.0,1.0,1.0,1.0,0.0,2.0,0.0,2.0,0.0,2024,2.124390243902439,8.465853658536586,6.714285714285714,4.0,96
745440,2024-04-03,SD,STL,135,138,605397.0,668868.0,False,9,2.0,4,1.0,1.0,0.0,2.0,0.0,0.0,0.0,1.0,0.0,2024,5.532432432432433,10.354901960784314,6.125,4.166666666666667,96
745603,2024-04-03,PHI,CIN,143,113,554430.0,593423.0,False,9,2.0,tie,0.0,0.0,2.0,0.0,0.0,2.0,0.0,0.0,1.0,2024,1.4333333333333333,1.7666666666666668,4.8,6.0,102
745678,2024-04-03,ATH,BOS,133,111,548389.0,601713.0,False,9,1.0,4,0.0,0.0,0.0,1.0,0.0,0.0,0.0,0.0,0.0,2024,4.5,1.9333333333333333,2.5,4.666666666666667,97
746327,2024-04-04,KC,CWS,118,145,607625.0,647336.0,False,9,8.0,7,0.0,1.0,0.0,1.0,0.0,1.0,8.0,0.0,0.0,2024,2.7666666666666666,7.5,4.0,2.2,98
744874,2024-04-05,WSH,PHI,120,143,571578.0,605400.0,False,9,3.0,2,0.0,3.0,0.0,0.0,0.0,0.0,1.0,0.0,0.0,2024,9.197560975609756,8.709756097560977,4.5,4.166666666666667,99
746497,2024-04-05,DET,ATH,116,133,669373.0,676664.0,False,9,3.0,tie,0.0,0.0,0.0,3.0,0.0,3.0,2.0,1.0,0.0,2024,1.1,5.2875,3.8333333333333335,2.142857142857143,96
746328,2024-04-05,KC,CWS,118,145,663903.0,607200.0,False,9,1.0,tie,1.0,1.0,0.0,0.0,0.0,0.0,0.0,1.0,0.0,2024,1.5285714285714287,6.671428571428571,4.857142857142857,2.0,98
746007,2024-04-05,MIL,SEA,158,136,642547.0,669302.0,False,9,4.0,6,0.0,2.0,0.0,1.0,0.0,4.0,0.0,1.0,3.0,2024,3.1,1.2428571428571429,4.0,2.4285714285714284,100
745033,2024-04-05,TEX,HOU,140,117,674003.0,686613.0,False,9,5.0,2,0.0,5.0,0.0,1.0,1.0,3.0,0.0,2.0,0.0,2024,3.9000000000000004,2.1,5.833333333333333,4.285714285714286,103
746248,2024-04-06,LAA,BOS,108,111,672282.0,676477.0,False,9,2.0,6,0.0,0.0,1.0,0.0,0.0,2.0,0.0,0.0,0.0,2024,2.7,0.5,5.285714285714286,4.625,98
745766,2024-04-06,NYY,TOR,147,141,657376.0,592332.0,False,9,3.0,tie,3.0,3.0,1.0,1.0,2.0,1.0,3.0,0.0,3.0,2024,3.6882352941176473,4.0756097560975615,4.0,3.125,97
746498,2024-04-06,DET,ATH,116,133,628317.0,621112.0,False,9,2.0,1,2.0,0.0,0.0,0.0,0.0,1.0,0.0,1.0,0.0,2024,15.358064516129032,2.6714285714285717,4.0,2.375,96
746329,2024-04-06,KC,CWS,118,145,608379.0,623167.0,False,9,3.0,7,0.0,0.0,0.0,0.0,0.0,0.0,3.0,0.0,0.0,2024,4.3,4.807317073170732,4.5,1.8571428571428572,98
745197,2024-04-06,STL,MIA,138,146,571927.0,669432.0,False,9,2.0,4,0.0,0.0,0.0,2.0,1.0,0.0,0.0,1.0,0.0,2024,3.6882352941176473,3.1,4.375,3.625,99
747140,2024-04-06,ATL,ARI,144,109,608331.0,694297.0,False,9,6.0,1,6.0,0.0,0.0,2.0,5.0,0.0,2.0,2.0,0.0,2024,38.1,1.9000000000000001,7.0,6.375,100
746003,2024-04-07,MIL,SEA,158,136,607067.0,676106.0,False,9,4.0,tie,4.0,4.0,0.0,4.0,0.0,0.0,0.0,2.0,2.0,2024,3.5,7.02156862745098,4.142857142857143,3.0,100
746574,2024-04-07,COL,TB,115,139,641712.0,686752.0,False,9,2.0,2,0.0,2.0,1.0,0.0,0.0,0.0,0.0,1.0,1.0,2024,3.492156862745098,6.753846153846154,4.444444444444445,4.555555555555555,112
745523,2024-04-07,PIT,BAL,134,110,594835.0,665152.0,False,9,2.0,tie,0.0,0.0,0.0,2.0,1.0,0.0,0.0,0.0,2.0,2024,3.5,6.825490196078432,6.222222222222222,5.625,95
745362,2024-04-07,SF,SD,137,135,657277.0,663362.0,False,9,2.0,tie,1.0,0.0,0.0,0.0,0.0,2.0,0.0,2.0,0.0,2024,3.6434782608695655,3.6,4.333333333333333,5.6,95
745765,2024-04-07,NYY,TOR,147,141,661563.0,670102.0,False,9,6.0,3,0.0,0.0,6.0,0.0,1.0,2.0,0.0,2.0,0.0,2024,2.3857142857142857,8.590196078431372,4.555555555555555,3.6666666666666665,97
747141,2024-04-07,ATL,ARI,144,109,519242.0,669194.0,False,9,3.0,4,0.0,2.0,0.0,3.0,0.0,0.0,0.0,2.0,0.0,2024,4.6686274509803924,6.736363636363636,7.285714285714286,6.555555555555555,100
746895,2024-04-07,CHC,LAD,112,119,684007.0,694813.0,False,9,3.0,1,3.0,1.0,1.0,2.0,0.0,1.0,0.0,1.0,0.0,2024,0.10000000000000009,1.3,6.25,6.3,98
746330,2024-04-07,KC,CWS,118,145,679525.0,676979.0,False,9,3.0,tie,0.0,0.0,0.0,2.0,3.0,0.0,3.0,0.0,0.0,2024,2.1,1.8692307692307693,4.333333333333333,1.625,98
744871,2024-04-07,WSH,PHI,120,143,669022.0,650911.0,False,9,2.0,tie,0.0,2.0,1.0,0.0,2.0,0.0,0.0,0.0,0.0,2024,3.1,0.5,3.625,4.25,99
745432,2024-04-08,SD,CHC,135,112,506433.0,665871.0,False,9,7.0,6,0.0,4.0,0.0,4.0,0.0,7.0,0.0,2.0,0.0,2024,2.836842105263158,2.4333333333333336,4.3,6.444444444444445,96
745925,2024-04-08,MIN,LAD,142,119,641927.0,572020.0,False,9,2.0,tie,1.0,0.0,2.0,0.0,0.0,1.0,2.0,0.0,0.0,2024,39.46363636363636,4.1,3.0,5.3,99
747138,2024-04-09,ATL,NYM,144,121,625643.0,605288.0,False,9,3.0,tie,1.0,0.0,3.0,1.0,0.0,1.0,0.0,3.0,2.0,2024,2.4333333333333336,3.7,7.0,3.3,100
746981,2024-04-09,BOS,BAL,111,110,678394.0,669203.0,False,9,2.0,tie,1.0,1.0,0.0,2.0,0.0,0.0,1.0,1.0,2.0,2024,6.0,1.7607142857142857,5.0,5.222222222222222,104
746653,2024-04-09,CLE,CWS,114,145,671106.0,647336.0,False,9,7.0,1,7.0,0.0,1.0,2.0,0.0,0.0,0.0,2.0,0.0,2024,4.617857142857143,5.918181818181818,5.7,1.6,97
745429,2024-04-10,SD,CHC,135,112,656302.0,543294.0,False,9,4.0,4,0.0,2.0,0.0,4.0,0.0,3.0,2.0,1.0,0.0,2024,1.727450980392157,8.516666666666667,4.4,6.8,96
745763,2024-04-10,NYY,MIA,147,146,573186.0,677960.0,False,9,4.0,3,0.0,0.0,4.0,0.0,0.0,1.0,0.0,1.0,1.0,2024,2.4333333333333336,4.766666666666667,4.7,3.5,97
745029,2024-04-11,TEX,ATH,140,133,592351.0,676664.0,False,9,1.0,2,0.0,1.0,0.0,0.0,0.0,0.0,0.0,0.0,0.0,2024,6.38125,7.504761904761905,5.2,3.2,103
747217,2024-04-12,ARI,STL,109,138,694297.0,571927.0,False,9,6.0,5,3.0,1.0,2.0,0.0,6.0,0.0,1.0,2.0,0.0,2024,2.707843137254902,3.1,4.7,4.0,100
746408,2024-04-12,HOU,TEX,117,140,641585.0,641540.0,False,9,6.0,3,2.0,0.0,6.0,3.0,0.0,4.0,5.0,0.0,0.0,2024,2.2346153846153847,6.189430894308943,4.4,4.7,99
746812,2024-04-12,CWS,CIN,145,113,623167.0,671096.0,False,9,6.0,3,1.0,0.0,6.0,0.0,0.0,1.0,0.0,2.0,2.0,2024,4.864705882352942,4.288118811881188,2.3,4.9,101
746491,2024-04-12,DET,MIN,116,142,669373.0,641154.0,False,9,3.0,5,1.0,0.0,0.0,1.0,3.0,2.0,0.0,1.0,2.0,2024,3.265289256198347,2.9360655737704917,3.7,2.9,96
745274,2024-04-12,SEA,CHC,136,112,682243.0,696136.0,False,9,3.0,4,0.0,1.0,0.0,3.0,0.0,0.0,1.0,0.0,1.0,2024,3.85,1.3926829268292682,3.3,6.8,94
746161,2024-04-13,LAD,SD,119,135,694813.0,663362.0,False,9,4.0,6,0.0,0.0,0.0,1.0,0.0,4.0,2.0,0.0,0.0,2024,1.85,2.5505494505494504,4.9,4.3,94
745676,2024-04-13,ATH,WSH,133,120,671212.0,669022.0,False,9,1.0,tie,0.0,0.0,1.0,0.0,0.0,1.0,1.0,0.0,1.0,2024,3.655555555555556,3.779611650485437,2.8,3.3,97
746082,2024-04-13,MIA,ATL,146,144,676974.0,519242.0,False,9,3.0,5,1.0,1.0,0.0,0.0,3.0,1.0,0.0,0.0,0.0,2024,5.00909090909091,2.707843137254902,3.1,6.0,93
745594,2024-04-13,PHI,PIT,143,134,605513.0,594835.0,False,9,3.0,1,3.0,0.0,0.0,0.0,2.0,0.0,1.0,0.0,1.0,2024,1.281818181818182,2.5545454545454547,3.7,4.4,102
747215,2024-04-13,ARI,STL,109,138,669194.0,502043.0,False,9,3.0,6,1.0,0.0,0.0,0.0,1.0,3.0,0.0,1.0,0.0,2024,5.877777777777778,6.407692307692308,4.8,4.5,100
745113,2024-04-14,TB,SF,139,137,542888.0,605483.0,False,9,4.0,1,4.0,0.0,1.0,3.0,0.0,2.0,2.0,0.0,1.0,2024,4.1,1.7666666666666668,3.9,3.7,97
745271,2024-04-14,SEA,CHC,136,112,622491.0,665871.0,False,9,2.0,tie,1.0,0.0,0.0,2.0,0.0,2.0,0.0,0.0,0.0,2024,3.2315789473684213,3.463636363636364,3.2,6.0,94
747056,2024-04-14,BAL,MIL,110,158,669203.0,607067.0,False,9,3.0,7,2.0,1.0,2.0,1.0,0.0,0.0,3.0,1.0,0.0,2024,2.6604395604395608,2.7363636363636363,4.5,7.3,101
746164,2024-04-14,LAD,SD,119,135,572020.0,506433.0,False,9,4.0,4,0.0,0.0,0.0,4.0,0.0,2.0,3.0,0.0,0.0,2024,4.281818181818182,3.1,4.6,4.3,94
745681,2024-04-14,ATH,WSH,133,120,622072.0,592866.0,False,9,8.0,6,0.0,0.0,2.0,1.0,2.0,8.0,0.0,0.0,0.0,2024,4.422314049586777,3.199009900990099,2.9,3.2,97
745595,2024-04-14,PHI,PIT,143,134,554430.0,656605.0,False,9,5.0,6,0.0,0.0,1.0,1.0,1.0,5.0,0.0,1.0,2.0,2024,2.1526315789473687,3.284049079754601,3.2,3.9,102
744952,2024-04-14,TOR,COL,141,115,621244.0,607536.0,False,9,2.0,3,1.0,0.0,2.0,0.0,1.0,0.0,0.0,1.0,0.0,2024,3.8142857142857145,7.805882352941177,3.6,5.5,101
745106,2024-04-15,TB,LAA,139,108,621107.0,663776.0,False,9,7.0,8,0.0,0.0,0.0,0.0,1.0,0.0,0.0,7.0,2.0,2024,5.001840490797546,2.573684210526316,4.3,4.6,97
745840,2024-04-15,NYM,PIT,121,134,605288.0,527048.0,False,9,6.0,6,0.0,0.0,0.0,0.0,0.0,6.0,0.0,3.0,0.0,2024,4.4,2.990710382513661,5.8,4.5,94
745268,2024-04-15,SEA,CIN,136,113,669923.0,593423.0,False,9,4.0,7,3.0,1.0,2.0,1.0,0.0,1.0,4.0,0.0,0.0,2024,2.801492537313433,3.038271604938272,3.2,6.0,94
746400,2024-04-16,HOU,ATL,117,144,686613.0,625643.0,False,9,6.0,9,0.0,1.0,0.0,0.0,0.0,0.0,1.0,0.0,6.0,2024,7.405555555555555,2.5166666666666666,4.9,6.1,99
745837,2024-04-16,NYM,PIT,121,134,500779.0,683003.0,False,9,3.0,7,0.0,0.0,0.0,0.0,1.0,0.0,3.0,0.0,0.0,2024,4.893103448275863,3.7358381502890174,6.2,4.1,94
745270,2024-04-16,SEA,CIN,136,113,669302.0,668881.0,False,9,2.0,5,0.0,0.0,0.0,1.0,2.0,1.0,0.0,0.0,0.0,2024,3.87319587628866,3.840740740740741,4.1,5.9,94
745593,2024-04-16,PHI,COL,143,115,624133.0,596295.0,False,9,2.0,tie,2.0,0.0,0.0,0.0,0.0,1.0,0.0,2.0,0.0,2024,3.1,5.5647887323943666,3.1,4.6,102
746809,2024-04-17,CWS,KC,145,118,607200.0,608379.0,False,9,1.0,tie,0.0,0.0,0.0,1.0,0.0,1.0,1.0,0.0,0.0,2024,7.1845070422535215,2.6,2.2,5.3,101
746487,2024-04-17,DET,TEX,116,140,669373.0,641540.0,False,9,4.0,6,1.0,1.0,0.0,0.0,0.0,4.0,1.0,1.0,1.0,2024,2.9830409356725145,6.221387283236995,3.2,3.7,96
745758,2024-04-19,NYY,TB,147,139,657376.0,641302.0,False,9,5.0,7,0.0,0.0,0.0,0.0,0.0,1.0,5.0,2.0,0.0,2024,3.452112676056338,8.953658536585367,4.9,4.0,97
745430,2024-04-19,SD,TOR,135,141,663362.0,684320.0,False,9,4.0,2,1.0,4.0,1.0,0.0,0.0,0.0,0.0,0.0,0.0,2024,3.0290780141843974,5.2875,5.1,4.0,96
746156,2024-04-20,LAD,NYM,119,121,694813.0,676130.0,False,9,5.0,6,2.0,0.0,0.0,1.0,1.0,5.0,0.0,1.0,0.0,2024,2.0436619718309856,1.85,4.1,7.1,94
745354,2024-04-20,SF,ARI,137,109,690986.0,668678.0,False,9,3.0,1,3.0,0.0,1.0,2.0,2.0,0.0,0.0,2.0,0.0,2024,4.926086956521739,1.8272727272727274,4.2,5.7,95
746570,2024-04-20,COL,SEA,115,136,641712.0,622491.0,False,9,4.0,5,0.0,1.0,1.0,1.0,4.0,0.0,0.0,0.0,0.0,2024,3.626315789473684,2.958490566037736,3.6,3.9,112
746894,2024-04-21,CHC,MIA,112,146,543294.0,665795.0,False,9,5.0,4,0.0,2.0,0.0,5.0,1.0,0.0,1.0,0.0,0.0,2024,8.80552147239264,0.2666666666666666,4.5,3.7,98
744866,2024-04-21,WSH,HOU,120,117,680730.0,686613.0,False,9,3.0,1,3.0,0.0,0.0,0.0,2.0,1.0,0.0,0.0,0.0,2024,1.5,6.660606060606061,3.4,4.6,99
745759,2024-04-21,NYY,TB,147,139,661563.0,650644.0,False,9,4.0,5,1.0,0.0,1.0,0.0,4.0,0.0,0.0,3.0,0.0,2024,3.4759398496240603,4.1869565217391305,3.9,3.8,97
745434,2024-04-21,SD,TOR,135,141,605397.0,605135.0,False,9,2.0,tie,1.0,1.0,2.0,0.0,0.0,2.0,1.0,2.0,0.0,2024,5.108547008547008,4.548598130841121,4.3,4.2,96
746316,2024-04-21,KC,BAL,118,110,607625.0,608344.0,False,9,2.0,tie,0.0,0.0,2.0,0.0,0.0,2.0,0.0,0.0,1.0,2024,2.9015873015873015,4.438028169014085,6.0,6.3,98
746154,2024-04-21,LAD,NYM,119,121,607192.0,605288.0,False,9,8.0,5,0.0,0.0,2.0,0.0,8.0,0.0,0.0,0.0,0.0,2024,3.4793103448275864,4.292052980132451,4.1,6.9,94
745192,2024-04-21,STL,MIL,138,158,543243.0,607067.0,False,9,2.0,7,0.0,0.0,0.0,0.0,0.0,0.0,2.0,0.0,0.0,2024,1.1,4.087654320987655,3.2,6.3,99
746727,2024-04-21,CIN,LAA,113,108,593423.0,667755.0,False,9,3.0,6,0.0,0.0,0.0,0.0,0.0,3.0,0.0,0.0,0.0,2024,5.187912087912088,3.5444444444444443,5.3,4.0,105
745916,2024-04-22,MIN,CWS,142,145,663978.0,686563.0,False,9,3.0,3,2.0,0.0,3.0,1.0,0.0,0.0,1.0,0.0,0.0,2024,7.009774436090225,2.5,3.8,2.2,99
746565,2024-04-22,COL,SD,115,135,596295.0,656302.0,False,9,2.0,8,0.0,0.0,1.0,1.0,0.0,0.0,0.0,2.0,0.0,2024,5.172538860103627,2.73963963963964,2.9,4.8,112
745351,2024-04-22,SF,NYM,137,121,676775.0,500779.0,False,9,2.0,tie,0.0,2.0,2.0,0.0,1.0,1.0,0.0,0.0,1.0,2024,3.963636363636364,4.484615384615385,4.2,6.4,95
746723,2024-04-22,CIN,PHI,113,143,668881.0,624133.0,False,9,3.0,9,0.0,1.0,1.0,1.0,1.0,0.0,0.0,0.0,3.0,2024,3.496039603960396,2.6,5.1,5.1,105
745757,2024-04-22,NYY,ATH,147,133,607074.0,676664.0,False,9,2.0,9,0.0,0.0,0.0,0.0,0.0,0.0,0.0,0.0,2.0,2024,4.297916666666667,5.202564102564103,4.1,2.7,97
745917,2024-04-23,MIN,CWS,142,145,641154.0,607200.0,False,9,4.0,8,1.0,0.0,0.0,3.0,0.0,0.0,1.0,4.0,2.0,2024,3.3252252252252252,6.038144329896907,4.3,1.6,99
745193,2024-04-23,STL,ARI,138,109,571927.0,674072.0,False,9,6.0,5,1.0,0.0,4.0,0.0,6.0,4.0,0.0,0.0,0.0,2024,3.618134715025907,4.757458563535911,3.1,5.4,99
746246,2024-04-23,LAA,BAL,108,110,656288.0,680570.0,False,9,3.0,5,1.0,2.0,2.0,2.0,3.0,0.0,1.0,0.0,0.0,2024,6.050819672131148,3.4862660944206008,3.3,5.6,98
745754,2024-04-23,NYY,ATH,147,133,573186.0,621112.0,False,9,5.0,1,5.0,1.0,0.0,1.0,0.0,0.0,0.0,0.0,0.0,2024,3.91447963800905,2.606172839506173,3.9,2.8,97
746566,2024-04-23,COL,SD,115,135,663372.0,650633.0,False,9,5.0,4,2.0,1.0,2.0,5.0,1.0,0.0,0.0,0.0,0.0,2024,4.379620853080569,5.38448275862069,2.7,4.1,112
746647,2024-04-23,CLE,BOS,114,111,594902.0,656557.0,False,9,3.0,7,0.0,0.0,0.0,0.0,0.0,0.0,3.0,2.0,0.0,2024,3.5,1.916793893129771,5.5,4.3,97
745348,2024-04-23,SF,NYM,137,121,657277.0,622663.0,False,9,3.0,5,0.0,0.0,0.0,0.0,3.0,0.0,2.0,0.0,1.0,2024,2.7688741721854306,3.623809523809524,4.6,5.0,95
746722,2024-04-23,CIN,PHI,113,143,671096.0,650911.0,False,9,4.0,3,2.0,0.0,4.0,0.0,2.0,0.0,0.0,1.0,0.0,2024,4.355411255411255,1.8677725118483415,4.9,5.3,105
746888,2024-04-23,CHC,HOU,112,117,696136.0,641585.0,False,9,5.0,1,5.0,0.0,0.0,1.0,1.0,1.0,0.0,1.0,0.0,2024,2.9773006134969324,4.852577319587629,4.6,4.4,98
746321,2024-04-23,KC,TOR,118,141,608379.0,592332.0,False,9,4.0,5,0.0,0.0,1.0,0.0,4.0,0.0,0.0,0.0,0.0,2024,3.1833333333333336,4.965671641791046,3.9,4.4,98
746889,2024-04-24,CHC,HOU,112,117,592791.0,681293.0,False,9,4.0,1,4.0,0.0,2.0,0.0,0.0,0.0,0.0,0.0,1.0,2024,4.1,3.3857142857142857,5.1,4.3,98
746725,2024-04-24,CIN,PHI,113,143,666157.0,605513.0,False,9,5.0,6,1.0,0.0,2.0,0.0,0.0,5.0,2.0,1.0,0.0,2024,1.0646017699115045,2.7818181818181817,4.6,5.2,105
745188,2024-04-24,STL,ARI,138,109,502043.0,656756.0,False,9,2.0,tie,1.0,0.0,0.0,0.0,0.0,2.0,1.0,2.0,0.0,2024,5.78,4.266666666666667,2.3,6.4,99
746244,2024-04-24,LAA,BAL,108,110,542881.0,665152.0,False,9,7.0,6,0.0,0.0,1.0,0.0,1.0,7.0,0.0,1.0,1.0,2024,4.61394422310757,5.25962441314554,3.8,5.9,98
745753,2024-04-24,NYY,ATH,147,133,657376.0,671212.0,False,9,4.0,6,2.0,0.0,0.0,2.0,1.0,4.0,1.0,0.0,0.0,2024,3.4626943005181348,3.979120879120879,4.0,2.9,97
744864,2024-04-24,WSH,LAD,120,119,663623.0,689017.0,False,9,4.0,2,1.0,4.0,1.0,0.0,2.0,0.0,0.0,2.0,3.0,2024,3.273913043478261,4.7,3.5,4.7,99
746564,2024-04-25,COL,SD,115,135,641712.0,681190.0,False,9,7.0,8,1.0,1.0,6.0,2.0,0.0,0.0,2.0,7.0,0.0,2024,4.758767772511848,5.7,2.1,4.0,112
746724,2024-04-25,CIN,PHI,113,143,607259.0,554430.0,False,9,4.0,3,0.0,0.0,4.0,0.0,0.0,1.0,0.0,0.0,0.0,2024,3.8,2.3604501607717046,4.8,5.2,105
746887,2024-04-25,CHC,HOU,112,117,665871.0,434378.0,False,9,3.0,6,1.0,0.0,0.0,0.0,0.0,3.0,0.0,0.0,0.0,2024,3.63921568627451,3.9333333333333336,5.1,3.8,98
744867,2024-04-25,WSH,LAD,120,119,669022.0,808967.0,False,9,2.0,8,0.0,1.0,0.0,0.0,0.0,0.0,0.0,2.0,0.0,2024,2.2191709844559586,2.963636363636364,3.6,5.1,99
745512,2024-04-25,PIT,MIL,134,158,656605.0,642547.0,False,9,4.0,1,4.0,0.0,2.0,0.0,3.0,0.0,0.0,2.0,1.0,2024,3.9532423208191125,2.1517241379310343,2.6,3.3,95
746243,2024-04-26,LAA,MIN,108,142,663776.0,641927.0,False,9,2.0,tie,0.0,1.0,1.0,0.0,1.0,2.0,0.0,1.0,2.0,2024,3.5901960784313727,4.039226519337016,3.9,4.3,98
745835,2024-04-26,NYM,STL,121,138,676130.0,571945.0,False,9,3.0,2,0.0,3.0,1.0,0.0,1.0,1.0,0.0,0.0,0.0,2024,2.540993788819876,5.083805668016194,4.6,2.6,94
745025,2024-04-26,TEX,CIN,140,113,543135.0,668933.0,False,9,1.0,tie,1.0,1.0,0.0,0.0,0.0,0.0,0.0,1.0,0.0,2024,4.055631399317407,4.361682242990654,3.6,3.7,103
745424,2024-04-26,SD,PHI,135,143,605397.0,605400.0,False,9,5.0,3,2.0,0.0,5.0,1.0,0.0,0.0,4.0,0.0,0.0,2024,5.5113475177304965,4.942105263157895,4.3,5.5,96
746972,2024-04-26,BOS,CHC,111,112,676710.0,684007.0,False,9,3.0,7,0.0,2.0,0.0,2.0,1.0,0.0,3.0,0.0,0.0,2024,2.190909090909091,2.0099526066350712,4.4,5.1,104
746245,2024-04-27,LAA,MIN,108,142,667755.0,663978.0,False,9,5.0,tie,1.0,5.0,5.0,3.0,0.0,1.0,4.0,0.0,2.0,2024,3.2333333333333334,4.676354679802956,3.5,4.4,98
745266,2024-04-27,SEA,ARI,136,109,669923.0,677944.0,False,9,2.0,7,0.0,0.0,0.0,0.0,1.0,0.0,2.0,1.0,0.0,2024,2.5262295081967214,4.766666666666667,5.0,5.9,94
744946,2024-04-27,TOR,LAD,141,119,579328.0,607192.0,False,9,2.0,2,1.0,2.0,0.0,1.0,0.0,0.0,1.0,0.0,1.0,2024,2.511764705882353,2.63125,3.4,5.7,101
746560,2024-04-27,COL,HOU,115,117,615698.0,669854.0,False,9,6.0,9,2.0,1.0,3.0,0.0,0.0,2.0,0.0,2.0,6.0,2024,5.2481481481481485,3.285185185185185,3.1,3.0,112
746971,2024-04-27,BOS,CHC,111,112,670174.0,676962.0,False,9,6.0,tie,2.0,0.0,0.0,1.0,6.0,0.0,2.0,6.0,0.0,2024,2.4548387096774196,2.2176470588235295,4.5,5.5,104
745020,2024-04-27,TEX,CIN,140,113,547179.0,668881.0,False,9,4.0,tie,0.0,2.0,0.0,1.0,0.0,0.0,4.0,1.0,4.0,2024,4.463636363636364,3.173529411764706,3.7,3.5,103
745425,2024-04-27,SD,PHI,135,143,656302.0,624133.0,False,9,3.0,5,2.0,0.0,0.0,0.0,3.0,0.0,0.0,1.0,0.0,2024,2.278082191780822,2.493939393939394,3.9,6.2,96
747045,2024-04-28,BAL,ATH,110,133,544150.0,621112.0,False,9,6.0,3,0.0,3.0,6.0,1.0,0.0,0.0,1.0,0.0,2.0,2024,2.2346153846153847,2.8029702970297032,5.6,2.7,101
746001,2024-04-28,MIL,NYY,158,147,668964.0,573186.0,False,9,8.0,6,1.0,0.0,0.0,0.0,7.0,8.0,2.0,2.0,0.0,2024,4.7,4.166176470588235,4.0,4.9,100
746077,2024-04-28,MIA,WSH,146,120,677960.0,571578.0,False,9,6.0,1,6.0,1.0,0.0,5.0,4.0,1.0,2.0,2.0,0.0,2024,4.6079365079365076,4.458490566037736,2.4,3.6,93
745427,2024-04-29,SD,CIN,135,113,663362.0,666157.0,False,9,2.0,tie,2.0,2.0,1.0,0.0,0.0,0.0,0.0,0.0,2.0,2024,4.046502057613169,1.934355828220859,4.0,4.4,96
745263,2024-04-29,SEA,ATL,136,144,682243.0,608331.0,False,9,2.0,9,0.0,0.0,0.0,0.0,0.0,0.0,1.0,0.0,2.0,2024,4.523487544483986,3.919672131147541,4.3,4.6,94
746806,2024-04-30,CWS,MIN,145,142,647336.0,680573.0,False,9,4.0,5,0.0,0.0,1.0,1.0,4.0,1.0,0.0,3.0,1.0,2024,7.392035398230089,1.6454545454545455,4.1,6.5,101
745673,2024-04-30,ATH,PIT,133,134,622072.0,656605.0,False,9,2.0,tie,1.0,2.0,0.0,1.0,1.0,0.0,2.0,0.0,0.0,2024,5.50343347639485,4.130927835051546,3.1,2.3,97
746239,2024-04-30,LAA,PHI,108,143,542881.0,605513.0,False,9,4.0,6,0.0,3.0,1.0,0.0,0.0,4.0,0.0,1.0,3.0,2024,4.827574750830565,3.062962962962963,3.9,6.1,98
744942,2024-04-30,TOR,KC,141,118,621244.0,666142.0,False,9,2.0,tie,0.0,2.0,0.0,0.0,0.0,1.0,0.0,2.0,0.0,2024,3.7953642384105963,1.726609442060086,3.1,3.7,101
746800,2024-05-01,CWS,MIN,145,142,623167.0,641927.0,False,9,4.0,9,2.0,0.0,2.0,0.0,2.0,2.0,3.0,0.0,4.0,2024,5.858620689655172,3.496825396825397,4.1,6.7,101
746238,2024-05-01,LAA,PHI,108,143,663776.0,554430.0,False,9,3.0,2,0.0,3.0,0.0,0.0,0.0,0.0,0.0,0.0,0.0,2024,3.6327868852459018,2.5533762057877816,4.3,5.9,98
746072,2024-05-01,MIA,COL,146,115,682610.0,641712.0,False,9,2.0,tie,0.0,0.0,0.0,0.0,2.0,1.0,0.0,2.0,0.0,2024,6.1,5.248760330578513,3.5,3.6,93
745023,2024-05-01,TEX,WSH,140,120,571760.0,592866.0,False,9,1.0,2,0.0,1.0,0.0,0.0,0.0,0.0,0.0,0.0,0.0,2024,5.738888888888889,2.5656488549618324,3.6,4.9,103
745261,2024-05-01,SEA,ATL,136,144,676106.0,519242.0,False,9,4.0,4,0.0,0.0,1.0,4.0,1.0,0.0,1.0,0.0,0.0,2024,5.046564885496183,3.420512820512821,3.6,3.6,94
745829,2024-05-01,NYM,CHC,121,112,676130.0,684007.0,False,9,1.0,5,0.0,0.0,0.0,0.0,1.0,0.0,0.0,0.0,0.0,2024,4.085915492957747,2.3279411764705884,3.2,3.8,94
747048,2024-05-01,BAL,NYY,110,147,669203.0,661563.0,False,9,2.0,5,0.0,0.0,0.0,0.0,2.0,0.0,0.0,0.0,0.0,2024,4.085915492957747,3.7808510638297874,4.9,5.5,101
746969,2024-05-02,BOS,SF,111,137,670174.0,690986.0,False,9,2.0,tie,0.0,0.0,2.0,0.0,0.0,0.0,2.0,0.0,0.0,2024,2.9360655737704917,3.3962962962962964,5.6,3.3,104
745510,2024-05-03,PIT,COL,134,115,527048.0,615698.0,False,9,3.0,6,0.0,0.0,0.0,0.0,0.0,3.0,0.0,0.0,2.0,2024,3.0659863945578234,5.396296296296296,2.2,3.9,95
745101,2024-05-03,TB,NYM,139,121,650644.0,500779.0,False,9,6.0,2,0.0,6.0,5.0,1.0,4.0,1.0,0.0,0.0,1.0,2024,4.404347826086957,4.054063604240283,3.1,3.3,97
746645,2024-05-03,CLE,LAA,114,108,676440.0,667755.0,False,9,4.0,4,0.0,0.0,1.0,4.0,1.0,0.0,0.0,0.0,0.0,2024,3.6303030303030304,4.025925925925926,3.9,3.9,97
745665,2024-05-03,ATH,MIA,133,146,676664.0,677960.0,False,9,2.0,4,0.0,0.0,0.0,2.0,1.0,0.0,0.0,0.0,1.0,2024,4.825352112676057,5.639682539682539,3.5,3.5,97
745750,2024-05-04,NYY,DET,147,116,657376.0,663554.0,False,9,4.0,3,2.0,0.0,4.0,2.0,0.0,0.0,0.0,0.0,0.0,2024,4.161224489795918,3.0233716475095784,5.2,4.3,97
746644,2024-05-04,CLE,LAA,114,108,594902.0,672282.0,False,9,4.0,6,0.0,2.0,0.0,1.0,1.0,4.0,0.0,0.0,0.0,2024,2.9026315789473687,2.654794520547945,3.3,4.5,97
747209,2024-05-04,ARI,SD,109,135,694297.0,650633.0,False,9,8.0,7,1.0,0.0,0.0,2.0,0.0,0.0,8.0,0.0,3.0,2024,3.7484641638225256,5.972727272727273,3.2,4.9,100
746394,2024-05-04,HOU,SEA,117,136,664285.0,669302.0,False,9,2.0,6,0.0,1.0,0.0,1.0,1.0,2.0,0.0,0.0,0.0,2024,2.6121951219512196,3.6501618122977346,5.1,3.0,99
746395,2024-05-05,HOU,SEA,117,136,686613.0,682243.0,False,9,3.0,6,0.0,2.0,0.0,0.0,0.0,3.0,2.0,1.0,1.0,2024,6.542622950819673,3.199667774086379,5.1,3.1,99
746643,2024-05-05,CLE,LAA,114,108,471911.0,656288.0,False,9,2.0,tie,0.0,1.0,0.0,0.0,0.0,2.0,0.0,2.0,0.0,2024,6.511214953271028,5.50343347639485,3.6,4.4,97
746719,2024-05-05,CIN,BAL,113,110,666157.0,665152.0,False,9,6.0,9,3.0,0.0,0.0,0.0,1.0,0.0,2.0,0.0,6.0,2024,2.155793991416309,4.9727915194346295,3.1,3.9,105
745504,2024-05-05,PIT,COL,134,115,663559.0,663372.0,False,9,4.0,6,0.0,3.0,0.0,1.0,0.0,4.0,0.0,0.0,0.0,2024,3.4214285714285717,3.384697508896797,1.9,3.9,95
746153,2024-05-05,LAD,ATL,119,144,572020.0,608331.0,False,9,2.0,tie,2.0,0.0,0.0,0.0,0.0,2.0,1.0,1.0,0.0,2024,5.56031746031746,3.265562913907285,6.4,3.4,94
746313,2024-05-06,KC,MIL,118,158,666142.0,669060.0,False,9,3.0,7,0.0,0.0,0.0,2.0,0.0,0.0,3.0,0.0,0.0,2024,1.6897435897435897,4.002255639097744,4.4,4.5,98
745182,2024-05-06,STL,NYM,138,121,502043.0,640455.0,False,9,3.0,6,1.0,0.0,0.0,0.0,2.0,3.0,1.0,0.0,0.0,2024,4.422580645161291,4.126785714285715,3.6,3.7,99
746886,2024-05-06,CHC,SD,112,135,657006.0,506433.0,False,9,8.0,6,0.0,0.0,0.0,0.0,0.0,8.0,1.0,0.0,0.0,2024,0.9571428571428573,3.34,3.5,5.7,98
746147,2024-05-07,LAD,MIA,119,146,808967.0,665795.0,False,9,5.0,1,5.0,0.0,4.0,0.0,0.0,1.0,0.0,0.0,0.0,2024,2.742857142857143,2.890575916230367,6.2,5.1,94
745586,2024-05-07,PHI,TOR,143,141,650911.0,621244.0,False,9,5.0,4,1.0,2.0,0.0,5.0,0.0,0.0,1.0,2.0,0.0,2024,3.3904564315352697,3.612820512820513,6.5,3.3,102
745752,2024-05-07,NYY,HOU,147,117,661563.0,434378.0,False,9,4.0,1,4.0,0.0,1.0,2.0,1.0,1.0,2.0,0.0,2.0,2024,3.57244094488189,4.328070175438596,5.4,5.3,97
745186,2024-05-07,STL,NYM,138,121,571945.0,676130.0,False,9,6.0,5,3.0,0.0,0.0,0.0,6.0,1.0,0.0,0.0,2.0,2024,4.766666666666667,3.6494505494505494,3.4,3.9,99
747126,2024-05-07,ATL,BOS,144,111,625643.0,676710.0,False,9,2.0,tie,0.0,0.0,2.0,0.0,0.0,2.0,0.0,2.0,0.0,2024,2.9,2.654794520547945,3.0,5.0,100
746718,2024-05-07,CIN,ARI,113,109,593423.0,668678.0,False,9,5.0,7,0.0,0.0,1.0,0.0,1.0,0.0,5.0,0.0,1.0,2024,5.328260869565218,3.4333333333333336,2.5,2.7,105
746879,2024-05-08,CHC,SD,112,135,669713.0,656302.0,False,9,2.0,5,1.0,0.0,0.0,0.0,2.0,0.0,0.0,0.0,0.0,2024,1.812871287128713,2.651282051282051,3.4,5.3,98
747127,2024-05-08,ATL,BOS,144,111,519242.0,601713.0,False,9,4.0,1,4.0,0.0,1.0,0.0,0.0,0.0,0.0,0.0,0.0,2024,2.681993569131833,2.190909090909091,3.0,4.8,100
746151,2024-05-08,LAD,MIA,119,146,694813.0,677960.0,False,9,2.0,6,1.0,0.0,0.0,1.0,0.0,2.0,0.0,0.0,0.0,2024,4.206719367588933,5.161068702290077,5.8,4.9,94
746562,2024-05-08,COL,SF,115,137,663567.0,663855.0,False,9,7.0,2,0.0,7.0,1.0,0.0,2.0,1.0,1.0,0.0,2.0,2024,5.067213114754098,3.8692307692307693,3.3,2.7,112
746715,2024-05-09,CIN,ARI,113,109,668881.0,677944.0,False,9,4.0,7,1.0,0.0,0.0,0.0,1.0,2.0,4.0,1.0,0.0,2024,3.1,4.404347826086957,2.9,3.5,105
745995,2024-05-09,MIL,STL,158,138,668964.0,543243.0,False,9,3.0,1,3.0,1.0,1.0,1.0,1.0,0.0,1.0,0.0,0.0,2024,7.561538461538461,1.5053156146179403,4.0,3.5,100
746802,2024-05-09,CWS,CLE,145,114,607200.0,594902.0,False,9,2.0,tie,1.0,2.0,0.0,0.0,0.0,0.0,0.0,2.0,0.0,2024,4.543661971830986,2.9113207547169813,3.4,4.2,101
746553,2024-05-10,COL,TEX,115,140,596295.0,592351.0,False,9,2.0,tie,0.0,0.0,0.0,0.0,1.0,1.0,2.0,2.0,0.0,2024,5.024398625429553,1.8417218543046359,3.4,6.7,112
746964,2024-05-10,BOS,WSH,111,120,656557.0,571578.0,False,9,2.0,tie,0.0,2.0,1.0,1.0,0.0,0.0,0.0,0.0,2.0,2024,2.359259259259259,4.046969696969697,4.7,5.3,104
745340,2024-05-10,SF,CIN,137,113,657277.0,671096.0,False,9,2.0,1,2.0,1.0,1.0,1.0,0.0,0.0,0.0,1.0,0.0,2024,2.8945205479452056,4.754411764705882,3.0,2.5,95
746801,2024-05-10,CWS,CLE,145,114,676979.0,471911.0,False,9,3.0,tie,0.0,0.0,0.0,0.0,3.0,0.0,3.0,3.0,0.0,2024,5.081981981981982,6.214754098360656,3.3,4.1,101
745827,2024-05-10,NYM,ATL,121,144,500779.0,450203.0,False,9,4.0,3,0.0,0.0,4.0,0.0,0.0,0.0,1.0,0.0,1.0,2024,3.455731225296443,3.916326530612245,4.2,2.9,94
746479,2024-05-10,DET,HOU,116,117,663554.0,664285.0,False,9,4.0,8,0.0,0.0,2.0,0.0,0.0,1.0,0.0,4.0,0.0,2024,3.13690036900369,3.9372093023255816,4.2,4.8,96
745828,2024-05-11,NYM,ATL,121,144,681035.0,608331.0,False,9,2.0,tie,0.0,0.0,2.0,1.0,0.0,0.0,0.0,0.0,2.0,2024,1.6483870967741936,3.7948640483383684,4.0,3.1,94
746232,2024-05-11,LAA,KC,108,118,542881.0,666142.0,False,9,5.0,7,1.0,3.0,2.0,0.0,0.0,1.0,5.0,0.0,0.0,2024,5.86595744680851,2.1573770491803277,3.4,4.9,98
745422,2024-05-11,SD,LAD,135,119,663362.0,572020.0,False,9,4.0,6,1.0,0.0,0.0,0.0,0.0,4.0,0.0,0.0,0.0,2024,5.207438016528926,5.751515151515152,5.1,5.7,96
746480,2024-05-11,DET,HOU,116,117,669373.0,664299.0,False,9,7.0,2,0.0,7.0,0.0,3.0,0.0,0.0,0.0,0.0,0.0,2024,1.5053156146179403,3.532900432900433,4.0,4.5,96
746797,2024-05-11,CWS,CLE,145,114,605182.0,663474.0,False,9,2.0,2,0.0,2.0,0.0,1.0,0.0,0.0,0.0,1.0,0.0,2024,9.1,4.9,3.7,3.5,101
745419,2024-05-12,SD,LAD,135,119,506433.0,621111.0,False,9,2.0,1,2.0,0.0,0.0,1.0,1.0,0.0,0.0,0.0,0.0,2024,3.5,5.1,4.9,5.4,96
745092,2024-05-12,TB,NYY,139,147,641302.0,661563.0,False,9,5.0,7,1.0,0.0,1.0,2.0,2.0,0.0,5.0,4.0,1.0,2024,4.495348837209303,4.125641025641026,4.4,4.2,97
744941,2024-05-12,TOR,MIN,141,142,666201.0,641927.0,False,9,4.0,7,0.0,0.0,0.0,0.0,0.0,0.0,4.0,2.0,0.0,2024,10.35,2.7677740863787377,4.3,5.7,101
745825,2024-05-12,NYM,ATL,121,144,622663.0,693821.0,False,9,2.0,tie,0.0,1.0,1.0,0.0,0.0,2.0,0.0,1.0,2.0,2024,3.6333333333333333,6.502777777777778,4.0,3.1,94
746476,2024-05-12,DET,HOU,116,117,656427.0,434378.0,False,9,4.0,tie,0.0,0.0,0.0,0.0,0.0,2.0,2.0,4.0,4.0,2024,2.485665529010239,6.041176470588235,4.7,3.7,96
746961,2024-05-13,BOS,TB,111,139,676710.0,621107.0,False,9,6.0,1,6.0,0.0,0.0,1.0,0.0,0.0,0.0,1.0,0.0,2024,2.9013245033112582,3.000990099009901,2.9,4.8,104
746233,2024-05-13,LAA,STL,108,138,667755.0,669461.0,False,9,8.0,7,0.0,0.0,4.0,0.0,0.0,0.0,8.0,1.0,2.0,2024,3.3232142857142857,-0.02499999999999991,3.9,2.8,98
746471,2024-05-13,DET,MIA,116,146,666159.0,664350.0,False,9,5.0,8,0.0,3.0,0.0,0.0,3.0,0.0,0.0,5.0,0.0,2024,4.958974358974359,4.276470588235294,3.9,4.0,96
747205,2024-05-14,ARI,CIN,109,113,677944.0,668881.0,False,9,2.0,tie,0.0,0.0,2.0,2.0,2.0,2.0,0.0,0.0,0.0,2024,5.081132075471698,3.0645390070921987,4.9,2.6,100
745418,2024-05-14,SD,COL,135,115,656302.0,615698.0,False,9,4.0,tie,0.0,0.0,0.0,1.0,0.0,4.0,4.0,0.0,0.0,2024,2.0440993788819877,4.391390728476821,4.5,4.1,96
745257,2024-05-14,SEA,KC,136,118,669302.0,608379.0,False,9,3.0,7,0.0,0.0,0.0,1.0,0.0,0.0,3.0,1.0,1.0,2024,3.1,4.651020408163266,4.8,4.1,94
746799,2024-05-14,CWS,WSH,145,120,607200.0,680730.0,False,9,3.0,3,0.0,0.0,3.0,0.0,0.0,0.0,0.0,1.0,0.0,2024,2.861904761904762,2.9859315589353614,3.0,4.2,101
745014,2024-05-14,TEX,CLE,140,114,683004.0,594902.0,False,9,7.0,2,0.0,7.0,1.0,0.0,1.0,0.0,0.0,1.0,1.0,2024,6.294444444444444,3.137878787878788,5.9,4.5,103
746796,2024-05-14,CWS,WSH,145,120,623167.0,592866.0,False,9,5.0,5,0.0,1.0,0.0,0.0,5.0,0.0,0.0,3.0,0.0,2024,4.704938271604938,2.142145593869732,3.0,4.2,101
745821,2024-05-14,NYM,PHI,121,143,676130.0,605400.0,False,9,2.0,tie,0.0,0.0,2.0,0.0,0.0,0.0,0.0,0.0,2.0,2024,4.39277566539924,2.66656346749226,4.4,6.9,94
746472,2024-05-15,DET,MIA,116,146,663554.0,669432.0,False,9,2.0,1,2.0,0.0,0.0,0.0,0.0,0.0,0.0,0.0,0.0,2024,3.2423487544483987,5.9155339805825236,4.0,4.0,96
747123,2024-05-15,ATL,CHC,144,112,450203.0,665871.0,False,9,3.0,1,3.0,0.0,1.0,0.0,1.0,0.0,1.0,2.0,0.0,2024,3.2923076923076926,2.8142857142857145,3.5,3.8,100
746231,2024-05-15,LAA,STL,108,138,656288.0,458681.0,False,9,4.0,1,4.0,0.0,0.0,0.0,0.0,2.0,2.0,1.0,0.0,2024,3.784410646387833,4.054198473282443,4.3,4.1,98
746960,2024-05-15,BOS,TB,111,139,656557.0,671737.0,False,9,4.0,6,1.0,0.0,0.0,2.0,0.0,4.0,0.0,0.0,0.0,2024,1.9888888888888892,1.7666666666666668,3.0,4.6,104
745992,2024-05-15,MIL,PIT,158,134,688107.0,527048.0,False,9,6.0,3,0.0,0.0,6.0,1.0,1.0,3.0,1.0,0.0,0.0,2024,2.2666666666666666,3.6533596837944664,4.8,4.1,100
746391,2024-05-16,HOU,ATH,117,133,664299.0,683155.0,False,9,6.0,3,0.0,0.0,6.0,2.0,0.0,0.0,1.0,0.0,0.0,2024,5.083471074380165,3.7,4.5,4.6,99
746881,2024-05-16,CHC,PIT,112,134,657006.0,683003.0,False,9,2.0,tie,2.0,1.0,0.0,2.0,2.0,1.0,0.0,1.0,0.0,2024,5.4387096774193555,3.2724137931034485,3.9,4.2,98
746388,2024-05-17,HOU,MIL,117,158,686613.0,642547.0,False,9,3.0,tie,0.0,3.0,0.0,3.0,3.0,0.0,0.0,0.0,0.0,2024,5.625773195876289,3.594296577946768,4.9,5.8,99
746878,2024-05-17,CHC,PIT,112,134,543294.0,694973.0,False,9,4.0,8,0.0,0.0,2.0,3.0,3.0,0.0,0.0,4.0,0.0,2024,6.855656108597286,5.1,3.8,4.2,98
745335,2024-05-17,SF,COL,137,115,696131.0,663372.0,False,9,4.0,tie,4.0,1.0,0.0,1.0,4.0,1.0,2.0,2.0,0.0,2024,7.002439024390244,3.6653710247349824,3.8,5.2,95
747037,2024-05-17,BAL,SEA,110,136,607644.0,682243.0,False,9,6.0,1,6.0,0.0,0.0,0.0,1.0,0.0,4.0,0.0,0.0,2024,2.5642857142857145,3.9275862068965517,3.9,4.4,101
747201,2024-05-17,ARI,DET,109,116,669194.0,669373.0,False,9,6.0,5,0.0,1.0,3.0,1.0,6.0,2.0,0.0,0.0,0.0,2024,4.181081081081081,1.4333333333333336,5.1,3.7,100
745579,2024-05-17,PHI,WSH,143,120,554430.0,663623.0,False,9,3.0,2,1.0,3.0,1.0,0.0,1.0,0.0,0.0,0.0,0.0,2024,2.928178694158076,2.7808510638297874,6.5,3.8,102
747202,2024-05-18,ARI,DET,109,116,668678.0,656427.0,False,9,6.0,7,0.0,0.0,0.0,0.0,0.0,2.0,6.0,3.0,0.0,2024,4.5285714285714285,2.2496598639455785,4.0,4.8,100
745744,2024-05-18,NYY,CWS,147,145,661563.0,641745.0,False,9,3.0,1,3.0,2.0,1.0,0.0,1.0,0.0,0.0,0.0,0.0,2024,3.7713780918727915,2.147619047619048,5.4,2.8,97
746142,2024-05-18,LAD,CIN,119,113,621111.0,668933.0,False,9,2.0,4,0.0,0.0,0.0,2.0,1.0,0.0,0.0,1.0,0.0,2024,8.592957746478874,5.245593869731801,4.3,3.9,94
746642,2024-05-18,CLE,MIN,114,142,671106.0,641927.0,False,9,4.0,tie,2.0,0.0,2.0,1.0,2.0,0.0,4.0,0.0,4.0,2024,5.7548672566371675,2.305298013245033,4.2,4.2,97
747036,2024-05-18,BAL,SEA,110,136,680570.0,622491.0,False,9,2.0,tie,0.0,1.0,1.0,0.0,0.0,0.0,2.0,2.0,1.0,2024,3.7015037593984963,3.068944099378882,4.5,4.5,101
744938,2024-05-18,TOR,TB,141,139,592332.0,621107.0,False,9,3.0,tie,0.0,0.0,0.0,1.0,3.0,3.0,0.0,2.0,0.0,2024,2.9479087452471484,3.647945205479452,4.1,4.3,101
746308,2024-05-18,KC,ATH,118,133,607625.0,548389.0,False,9,2.0,tie,2.0,2.0,0.0,0.0,1.0,1.0,2.0,0.0,0.0,2024,3.4903903903903903,5.1535714285714285,4.4,3.9,98
745179,2024-05-19,STL,BOS,138,111,669461.0,601713.0,False,9,3.0,tie,1.0,1.0,0.0,3.0,3.0,2.0,2.0,0.0,2.0,2024,4.211111111111111,5.08019801980198,5.1,3.2,99
747035,2024-05-19,BAL,SEA,110,136,669203.0,669923.0,False,9,2.0,tie,2.0,2.0,2.0,0.0,0.0,0.0,2.0,1.0,0.0,2024,3.8167235494880547,2.7666666666666666,4.6,3.9,101
746636,2024-05-19,CLE,MIN,114,142,676440.0,663978.0,False,9,4.0,9,2.0,0.0,1.0,0.0,0.0,0.0,0.0,0.0,4.0,2024,2.9859315589353614,2.744128113879004,4.6,4.0,97
745745,2024-05-19,NYY,CWS,147,145,607074.0,623167.0,False,9,4.0,2,0.0,4.0,0.0,3.0,2.0,0.0,0.0,0.0,0.0,2024,4.474570446735395,4.0375000000000005,5.0,2.8,97
746064,2024-05-19,MIA,NYM,146,121,664350.0,640455.0,False,9,4.0,1,4.0,2.0,0.0,0.0,0.0,0.0,1.0,0.0,3.0,2024,4.072222222222223,3.1381679389312978,4.1,3.8,93
746880,2024-05-19,CHC,PIT,112,134,592791.0,656605.0,False,9,2.0,5,0.0,1.0,1.0,0.0,2.0,1.0,0.0,0.0,0.0,2024,4.565201465201465,3.9064516129032256,3.6,4.7,98
747120,2024-05-19,ATL,SD,144,135,693821.0,506433.0,False,9,4.0,4,3.0,0.0,0.0,4.0,1.0,0.0,1.0,0.0,1.0,2024,4.9974358974358974,2.9,3.2,2.7,100
745093,2024-05-20,TB,BOS,139,111,671737.0,656557.0,False,9,3.0,4,0.0,0.0,0.0,3.0,2.0,0.0,0.0,0.0,0.0,2024,3.0090909090909093,2.376315789473684,4.4,4.3,97
745746,2024-05-20,NYY,SEA,147,136,573186.0,669302.0,False,9,4.0,9,2.0,0.0,0.0,0.0,1.0,0.0,0.0,2.0,4.0,2024,5.855905511811024,3.6573770491803277,4.8,3.9,97
744857,2024-05-20,WSH,MIN,120,142,680730.0,641154.0,False,9,5.0,6,0.0,3.0,0.0,1.0,4.0,5.0,0.0,2.0,0.0,2024,3.784410646387833,2.989705882352941,3.1,3.6,99
746390,2024-05-20,HOU,LAA,117,108,664285.0,672282.0,False,9,7.0,5,1.0,4.0,0.0,2.0,7.0,1.0,0.0,0.0,1.0,2024,2.940255591054313,5.747058823529412,5.4,4.9,99
744935,2024-05-20,TOR,CWS,141,145,621244.0,607200.0,False,9,3.0,tie,0.0,3.0,2.0,1.0,0.0,1.0,3.0,2.0,0.0,2024,5.653191489361703,2.523076923076923,3.6,2.6,101
747121,2024-05-20,ATL,SD,144,135,519242.0,681190.0,False,9,1.0,tie,1.0,0.0,1.0,0.0,1.0,0.0,0.0,0.0,0.0,2024,1.9125,5.306896551724138,3.2,3.0,100
746309,2024-05-21,KC,DET,118,116,679525.0,663554.0,False,9,4.0,2,2.0,4.0,2.0,3.0,0.0,1.0,1.0,0.0,0.0,2024,3.919672131147541,3.811743772241993,4.4,4.7,98
746716,2024-05-21,CIN,SD,113,135,671096.0,605397.0,False,9,2.0,2,0.0,2.0,0.0,0.0,0.0,0.0,0.0,0.0,0.0,2024,5.046564885496183,6.9931297709923665,3.4,3.1,105
744936,2024-05-21,TOR,CWS,141,145,579328.0,676979.0,False,9,2.0,tie,0.0,1.0,0.0,0.0,2.0,0.0,0.0,2.0,0.0,2024,2.8674418604651164,2.6384615384615384,4.4,2.6,101
745578,2024-05-21,PHI,TEX,143,140,624133.0,592351.0,False,9,3.0,8,0.0,0.0,2.0,1.0,0.0,1.0,0.0,3.0,0.0,2024,2.7363636363636363,1.75814696485623,6.5,3.3,102
746876,2024-05-22,CHC,ATL,112,144,657006.0,608331.0,False,9,6.0,7,0.0,0.0,2.0,0.0,0.0,1.0,6.0,2.0,0.0,2024,5.6,3.3416918429003024,3.5,3.0,98
745576,2024-05-22,PHI,TEX,143,140,592836.0,641540.0,False,9,4.0,6,1.0,3.0,1.0,3.0,1.0,4.0,1.0,1.0,0.0,2024,5.7760563380281695,4.253846153846154,6.2,2.3,102
746386,2024-05-22,HOU,LAA,117,108,686613.0,542881.0,False,9,3.0,5,0.0,0.0,0.0,0.0,3.0,0.0,0.0,0.0,0.0,2024,5.496694214876033,4.387128712871287,6.0,5.8,99
746063,2024-05-22,MIA,MIL,146,158,666200.0,642547.0,False,9,1.0,1,1.0,0.0,0.0,0.0,0.0,0.0,0.0,0.0,0.0,2024,3.5166666666666666,4.60197628458498,4.7,4.9,93
746634,2024-05-22,CLE,NYM,114,121,663474.0,500779.0,False,9,3.0,6,1.0,1.0,0.0,1.0,0.0,3.0,1.0,2.0,0.0,2024,3.804225352112676,4.839130434782609,5.1,4.2,97
744933,2024-05-22,TOR,CWS,141,145,605135.0,680897.0,False,9,7.0,2,0.0,7.0,0.0,2.0,0.0,0.0,0.0,2.0,0.0,2024,4.929268292682927,5.35,3.9,2.5,101
745180,2024-05-22,STL,BAL,138,110,458681.0,680694.0,False,9,2.0,6,0.0,1.0,0.0,0.0,1.0,2.0,0.0,0.0,0.0,2024,3.8142857142857145,2.220879120879121,5.5,3.8,99
745173,2024-05-22,STL,BAL,138,110,502043.0,607644.0,False,9,3.0,tie,0.0,0.0,3.0,0.0,1.0,3.0,1.0,0.0,1.0,2024,3.533333333333333,3.041860465116279,5.5,3.8,99
744853,2024-05-24,WSH,SEA,120,136,669022.0,669923.0,False,9,3.0,4,1.0,0.0,0.0,3.0,0.0,2.0,0.0,1.0,0.0,2024,3.7896551724137932,3.7774193548387096,3.2,3.5,99
746227,2024-05-24,LAA,CLE,108,114,663776.0,671106.0,False,9,5.0,4,1.0,2.0,3.0,5.0,1.0,1.0,0.0,1.0,0.0,2024,2.6205479452054794,4.036170212765958,5.1,5.6,98
746793,2024-05-24,CWS,BAL,145,110,623167.0,669203.0,False,9,6.0,5,0.0,0.0,1.0,0.0,6.0,0.0,1.0,2.0,0.0,2024,3.8024793388429754,2.9006644518272426,3.0,4.1,101
745905,2024-05-24,MIN,TEX,142,140,641927.0,570632.0,False,9,2.0,tie,2.0,2.0,0.0,1.0,0.0,0.0,0.0,0.0,0.0,2024,2.85177304964539,4.379069767441861,3.0,2.4,99
746713,2024-05-24,CIN,LAD,113,119,668933.0,572020.0,False,9,7.0,5,3.0,4.0,0.0,0.0,7.0,0.0,0.0,0.0,1.0,2024,4.670881226053639,4.596350364963504,3.3,4.2,105
745176,2024-05-25,STL,CHC,138,112,571945.0,592791.0,False,9,4.0,8,0.0,0.0,2.0,3.0,0.0,1.0,1.0,4.0,2.0,2024,4.206870229007634,4.835849056603774,5.7,2.3,99
746226,2024-05-25,LAA,CLE,108,114,667755.0,676440.0,False,9,7.0,3,0.0,0.0,7.0,0.0,0.0,0.0,0.0,0.0,0.0,2024,3.5219409282700425,2.886476868327402,5.3,5.9,98
746470,2024-05-25,DET,TOR,116,141,681857.0,621244.0,False,9,2.0,1,2.0,0.0,0.0,0.0,0.0,0.0,1.0,0.0,0.0,2024,2.6390070921985815,6.114184397163121,4.1,4.6,96
744851,2024-05-25,WSH,SEA,120,136,592866.0,669302.0,False,9,2.0,7,0.0,1.0,0.0,0.0,1.0,0.0,2.0,0.0,0.0,2024,3.22448132780083,3.7930693069306933,3.6,3.0,99
746789,2024-05-26,CWS,BAL,145,110,676979.0,680694.0,False,9,2.0,tie,0.0,0.0,0.0,0.0,0.0,2.0,0.0,2.0,1.0,2024,2.1357142857142857,2.220879120879121,3.0,4.8,101
745824,2024-05-26,NYM,SF,121,137,640455.0,657277.0,False,9,3.0,9,0.0,2.0,1.0,0.0,0.0,1.0,0.0,0.0,3.0,2024,3.3290076335877865,2.9091603053435113,4.6,7.1,94
745088,2024-05-26,TB,KC,139,118,671737.0,608379.0,False,9,4.0,7,0.0,0.0,0.0,0.0,0.0,1.0,4.0,0.0,0.0,2024,3.3777777777777778,4.486861313868613,3.4,6.6,97
746469,2024-05-26,DET,TOR,116,141,663554.0,579328.0,False,9,7.0,8,0.0,4.0,1.0,2.0,4.0,3.0,1.0,7.0,3.0,2024,4.301716738197425,2.6016611295681065,4.3,4.4,96
746711,2024-05-26,CIN,LAD,113,119,608718.0,808967.0,False,9,4.0,3,0.0,0.0,4.0,0.0,0.0,0.0,0.0,0.0,1.0,2024,18.1,2.940255591054313,3.4,3.3,105
745986,2024-05-27,MIL,CHC,158,112,688107.0,657006.0,False,9,5.0,8,0.0,0.0,0.0,0.0,0.0,0.0,0.0,5.0,1.0,2024,3.1,5.336286919831224,4.5,3.2,100
747034,2024-05-27,BAL,BOS,110,111,608344.0,681867.0,False,9,5.0,4,0.0,1.0,1.0,5.0,0.0,0.0,4.0,3.0,0.0,2024,2.9606271777003483,3.948214285714286,4.9,4.9,101
746708,2024-05-27,CIN,STL,113,138,666157.0,458681.0,False,9,2.0,tie,2.0,2.0,0.0,0.0,0.0,0.0,0.0,0.0,0.0,2024,3.203092783505155,3.8142857142857145,3.7,5.4,105
745904,2024-05-27,MIN,KC,142,118,657746.0,679525.0,False,9,4.0,9,0.0,0.0,2.0,0.0,3.0,1.0,0.0,1.0,4.0,2024,3.1643086816720256,3.25748031496063,3.4,6.3,99
746229,2024-05-28,LAA,NYY,108,147,656288.0,641482.0,False,9,3.0,1,3.0,0.0,0.0,1.0,1.0,0.0,0.0,2.0,0.0,2024,5.489705882352942,2.8945205479452056,4.9,5.0,98
745258,2024-05-28,SEA,HOU,136,117,622491.0,686613.0,False,9,3.0,8,1.0,0.0,0.0,2.0,0.0,0.0,0.0,3.0,0.0,2024,4.225827814569536,5.496694214876033,3.5,4.4,94
745903,2024-05-28,MIN,KC,142,118,680573.0,666142.0,False,9,2.0,tie,2.0,0.0,0.0,1.0,2.0,0.0,0.0,1.0,0.0,2024,3.852212389380531,2.4929712460063898,4.0,6.6,99
746709,2024-05-28,CIN,STL,113,138,671096.0,502043.0,False,9,3.0,7,0.0,0.0,1.0,2.0,0.0,1.0,3.0,0.0,1.0,2024,4.612027491408934,3.4571428571428573,3.3,4.8,105
745412,2024-05-28,SD,MIA,135,146,663362.0,666200.0,False,9,2.0,1,2.0,0.0,0.0,0.0,1.0,0.0,0.0,1.0,0.0,2024,3.5526748971193416,2.1066225165562913,3.6,3.9,96
745816,2024-05-28,NYM,LAD,121,119,500779.0,694813.0,False,9,1.0,tie,1.0,1.0,0.0,0.0,0.0,1.0,0.0,0.0,0.0,2024,4.544866920152091,4.25625,4.5,3.3,94
745900,2024-05-29,MIN,KC,142,118,641927.0,607625.0,False,9,4.0,3,0.0,1.0,4.0,0.0,2.0,0.0,0.0,0.0,0.0,2024,3.7896551724137932,3.010179640718563,4.2,6.2,99
747031,2024-05-29,BAL,BOS,110,111,669203.0,676710.0,False,9,6.0,2,0.0,6.0,0.0,0.0,0.0,0.0,1.0,0.0,0.0,2024,2.3691029900332228,4.0893992932862195,5.1,4.9,101
746790,2024-05-29,CWS,TOR,145,141,623167.0,666201.0,False,9,1.0,tie,0.0,0.0,1.0,1.0,0.0,1.0,0.0,0.0,1.0,2024,4.253846153846154,5.577477477477478,2.9,5.8,101
746954,2024-05-30,BOS,DET,111,116,601713.0,656427.0,False,9,3.0,8,0.0,0.0,0.0,0.0,1.0,1.0,0.0,3.0,0.0,2024,5.117167381974249,2.3459016393442624,4.8,4.6,104
745249,2024-05-30,SEA,HOU,136,117,669302.0,681293.0,False,9,2.0,4,0.0,0.0,0.0,2.0,1.0,1.0,0.0,0.0,0.0,2024,3.5966887417218545,3.9365019011406845,3.4,4.0,94
745253,2024-05-31,SEA,LAA,136,108,693433.0,667755.0,False,9,4.0,7,3.0,0.0,0.0,0.0,1.0,0.0,4.0,1.0,0.0,2024,2.628301886792453,2.9947368421052634,2.9,3.9,94
745820,2024-05-31,NYM,ARI,121,109,622663.0,656756.0,False,9,7.0,1,7.0,1.0,1.0,3.0,0.0,3.0,0.0,0.0,4.0,2024,4.221794871794872,4.502214022140222,3.1,3.2,94
746635,2024-05-31,CLE,WSH,114,120,676440.0,571578.0,False,9,5.0,7,0.0,0.0,2.0,0.0,0.0,0.0,5.0,1.0,0.0,2024,3.8011070110701106,5.475886524822695,6.3,4.6,97
745331,2024-05-31,SF,NYY,137,147,663855.0,573186.0,False,9,4.0,6,0.0,1.0,3.0,0.0,0.0,4.0,0.0,0.0,0.0,2024,4.225,4.3244897959183675,5.4,4.6,95
747032,2024-05-31,BAL,TB,110,139,544150.0,650644.0,False,9,3.0,6,0.0,1.0,0.0,0.0,0.0,3.0,0.0,0.0,0.0,2024,2.8282608695652174,5.185106382978724,5.1,2.8,101
746305,2024-06-01,KC,SD,118,135,679525.0,681190.0,False,9,3.0,tie,3.0,0.0,2.0,3.0,0.0,0.0,0.0,0.0,2.0,2024,4.019117647058824,5.1,6.1,3.7,98
746138,2024-06-01,LAD,COL,119,115,808967.0,615698.0,False,9,3.0,2,0.0,3.0,0.0,1.0,1.0,0.0,0.0,0.0,0.0,2024,2.9679867986798683,2.8435897435897437,3.6,5.5,94
745332,2024-06-01,SF,NYY,137,147,657277.0,547001.0,False,9,4.0,3,2.0,0.0,4.0,0.0,1.0,0.0,0.0,3.0,0.0,2024,2.466666666666667,3.9333333333333336,5.2,4.8,95
746952,2024-06-01,BOS,DET,111,116,681867.0,681857.0,False,9,2.0,tie,1.0,1.0,1.0,1.0,0.0,2.0,1.0,0.0,2.0,2024,4.1747663551401875,2.916849816849817,3.9,4.7,104
746062,2024-06-01,MIA,TEX,146,140,677960.0,547179.0,False,9,2.0,tie,0.0,0.0,2.0,2.0,0.0,0.0,1.0,0.0,2.0,2024,3.2818181818181817,4.321864951768489,3.5,3.2,93
744932,2024-06-01,TOR,PIT,141,134,579328.0,656605.0,False,9,3.0,1,3.0,0.0,0.0,0.0,2.0,2.0,0.0,0.0,2.0,2024,3.2476014760147605,3.224223602484472,5.2,5.0,101
745575,2024-06-01,PHI,STL,143,138,624133.0,543243.0,False,9,3.0,1,3.0,0.0,2.0,0.0,0.0,0.0,2.0,0.0,0.0,2024,2.8096774193548386,3.8801418439716313,4.7,4.3,102
745252,2024-06-02,SEA,LAA,136,108,622491.0,656288.0,False,9,4.0,8,0.0,0.0,0.0,1.0,0.0,0.0,0.0,4.0,1.0,2024,4.778082191780822,5.232352941176471,3.4,3.0,94
747030,2024-06-02,BAL,TB,110,139,608344.0,641793.0,False,9,2.0,8,1.0,0.0,1.0,1.0,1.0,0.0,1.0,2.0,0.0,2024,2.6932203389830507,3.276056338028169,5.9,3.2,101
745330,2024-06-02,SF,NYY,137,147,605483.0,641482.0,False,9,4.0,9,1.0,1.0,1.0,1.0,2.0,2.0,0.0,0.0,4.0,2024,4.575409836065575,3.206007067137809,4.9,5.2,95
746383,2024-06-02,HOU,MIN,117,142,686613.0,680573.0,False,9,2.0,tie,1.0,2.0,2.0,0.0,0.0,1.0,0.0,1.0,0.0,2024,4.970229007633588,3.6327868852459018,2.8,3.9,99
745984,2024-06-02,MIL,CWS,158,145,642547.0,680897.0,False,9,4.0,2,2.0,4.0,0.0,1.0,0.0,0.0,0.0,2.0,0.0,2024,3.59645390070922,7.8826086956521735,5.4,2.8,100
746871,2024-06-02,CHC,CIN,112,113,676962.0,666157.0,False,9,4.0,2,0.0,4.0,1.0,0.0,1.0,1.0,0.0,0.0,0.0,2024,2.6081967213114754,3.8829181494661924,3.9,4.0,98
745813,2024-06-02,NYM,ARI,121,109,500779.0,694297.0,False,9,4.0,3,2.0,1.0,4.0,0.0,0.0,0.0,0.0,0.0,2.0,2024,5.610288065843621,2.9125,3.9,4.1,94
744930,2024-06-03,TOR,BAL,141,110,592332.0,680570.0,False,9,4.0,4,0.0,3.0,0.0,4.0,0.0,0.0,1.0,0.0,1.0,2024,1.988888888888889,3.328136882129278,4.9,5.8,101
744854,2024-06-03,WSH,NYM,120,121,669022.0,656731.0,False,9,5.0,tie,0.0,2.0,0.0,5.0,5.0,1.0,0.0,0.0,2.0,2024,2.9161764705882356,1.9125,4.0,4.0,99
745009,2024-06-03,TEX,DET,140,116,543135.0,669373.0,False,9,1.0,tie,1.0,0.0,1.0,0.0,0.0,0.0,0.0,1.0,0.0,2024,4.012698412698413,1.8707641196013292,4.2,5.2,103
746548,2024-06-03,COL,CIN,115,113,663372.0,671096.0,False,9,5.0,3,1.0,1.0,5.0,3.0,1.0,3.0,0.0,0.0,2.0,2024,4.839130434782609,5.033333333333333,4.8,4.2,112
745739,2024-06-04,NYY,MIN,147,142,661563.0,641927.0,False,9,2.0,tie,0.0,1.0,2.0,0.0,0.0,0.0,1.0,2.0,0.0,2024,2.5080996884735205,4.7733067729083665,5.2,4.0,97
746550,2024-06-04,COL,CIN,115,113,621389.0,593423.0,False,9,2.0,4,1.0,0.0,1.0,2.0,0.0,0.0,0.0,0.0,1.0,2024,4.359541984732824,4.938235294117647,4.2,5.1,112
747196,2024-06-04,ARI,SF,109,137,686796.0,690986.0,False,9,4.0,7,0.0,0.0,3.0,2.0,1.0,0.0,4.0,3.0,0.0,2024,2.623809523809524,4.951851851851852,3.7,4.0,100
745497,2024-06-04,PIT,LAD,134,119,683003.0,607192.0,False,9,1.0,3,0.0,0.0,1.0,0.0,0.0,0.0,0.0,0.0,0.0,2024,3.684192439862543,2.5193548387096776,5.2,3.5,95
744852,2024-06-05,WSH,NYM,120,121,571578.0,622663.0,False,9,6.0,6,0.0,0.0,1.0,0.0,1.0,6.0,1.0,1.0,0.0,2024,5.440425531914894,4.760777385159011,4.1,4.5,99
746379,2024-06-05,HOU,STL,117,138,669854.0,571945.0,False,9,4.0,5,0.0,0.0,1.0,0.0,4.0,1.0,0.0,0.0,0.0,2024,4.832283464566929,3.7666666666666666,3.8,4.1,99
746221,2024-06-05,LAA,SD,108,135,667755.0,656302.0,False,9,2.0,tie,1.0,2.0,0.0,0.0,0.0,2.0,0.0,0.0,0.0,2024,3.1,3.0272727272727273,2.6,3.7,98
746056,2024-06-05,MIA,TB,146,139,666129.0,621107.0,False,9,5.0,1,5.0,0.0,2.0,0.0,1.0,0.0,0.0,0.0,0.0,2024,3.3155172413793106,3.8534246575342466,3.1,3.8,93
745494,2024-06-05,PIT,LAD,134,119,694973.0,572020.0,False,9,7.0,2,0.0,7.0,2.0,0.0,2.0,1.0,3.0,1.0,0.0,2024,2.372727272727273,5.225984251968504,4.8,3.5,95
746873,2024-06-05,CHC,CWS,112,145,592791.0,607200.0,False,9,4.0,4,1.0,1.0,0.0,4.0,2.0,0.0,3.0,1.0,1.0,2024,4.123622047244094,2.7677740863787377,4.6,2.9,98
747195,2024-06-05,ARI,SF,109,137,656756.0,663855.0,False,9,6.0,3,1.0,0.0,6.0,1.0,1.0,0.0,0.0,1.0,2.0,2024,3.313523131672598,4.653784860557769,4.5,3.7,100
746707,2024-06-06,CIN,CHC,113,112,668881.0,665871.0,False,9,5.0,3,0.0,0.0,5.0,0.0,0.0,4.0,3.0,0.0,0.0,2024,4.163122923588039,4.49344262295082,5.5,4.7,105
746784,2024-06-06,CWS,BOS,145,111,663765.0,656557.0,False,9,5.0,6,1.0,2.0,0.0,4.0,0.0,5.0,3.0,1.0,0.0,2024,2.6121951219512196,2.230434782608696,3.1,4.3,101
745495,2024-06-06,PIT,LAD,134,119,663559.0,621111.0,False,9,6.0,5,4.0,1.0,3.0,0.0,6.0,1.0,0.0,3.0,0.0,2024,4.660509554140128,5.445679012345678,5.2,3.5,95
746220,2024-06-07,LAA,HOU,108,117,656288.0,664285.0,False,9,5.0,7,1.0,1.0,0.0,0.0,0.0,0.0,5.0,1.0,0.0,2024,5.399270072992701,3.9125,2.6,3.5,98
746785,2024-06-07,CWS,BOS,145,111,676979.0,681867.0,False,9,3.0,4,1.0,0.0,2.0,3.0,0.0,2.0,0.0,1.0,0.0,2024,1.410344827586207,3.5484304932735427,3.0,5.5,101
746466,2024-06-07,DET,MIL,116,158,681857.0,668964.0,False,9,5.0,2,0.0,5.0,0.0,3.0,2.0,0.0,0.0,0.0,0.0,2024,3.7569343065693435,6.367326732673266,4.9,4.8,96
745008,2024-06-07,TEX,SF,140,137,547179.0,657277.0,False,9,2.0,tie,0.0,1.0,0.0,1.0,2.0,0.0,2.0,1.0,0.0,2024,3.5487179487179485,2.4333333333333336,4.5,3.9,103
745496,2024-06-07,PIT,MIN,134,142,656605.0,657746.0,False,9,1.0,tie,0.0,1.0,0.0,1.0,0.0,0.0,0.0,1.0,0.0,2024,2.587951807228916,4.096784565916399,4.8,4.1,95
745169,2024-06-07,STL,COL,138,115,458681.0,596295.0,False,9,4.0,4,3.0,1.0,0.0,4.0,1.0,1.0,0.0,3.0,0.0,2024,3.5365079365079364,4.367123287671233,3.6,4.1,99
746703,2024-06-08,CIN,CHC,113,112,671096.0,676962.0,False,9,2.0,tie,2.0,0.0,2.0,0.0,1.0,1.0,0.0,1.0,0.0,2024,4.77741935483871,2.971794871794872,5.9,4.9,105
746223,2024-06-08,LAA,HOU,108,117,542881.0,686613.0,False,9,2.0,tie,0.0,0.0,2.0,0.0,2.0,0.0,1.0,2.0,0.0,2024,4.488888888888889,4.797416974169741,2.3,4.0,98
744848,2024-06-08,WSH,ATL,120,144,669022.0,450203.0,False,9,3.0,6,2.0,1.0,0.0,1.0,2.0,3.0,1.0,0.0,0.0,2024,3.382685512367491,4.206870229007634,3.3,3.5,99
745736,2024-06-09,NYY,LAD,147,119,661563.0,607192.0,False,9,4.0,6,0.0,0.0,2.0,0.0,2.0,4.0,0.0,2.0,0.0,2024,1.9473520249221186,3.1,5.6,5.2,97
745085,2024-06-09,TB,BAL,139,110,641793.0,680570.0,False,9,4.0,8,0.0,0.0,1.0,1.0,0.0,3.0,2.0,4.0,0.0,2024,4.191549295774648,3.4169014084507046,3.7,5.6,97
746463,2024-06-09,DET,MIL,116,158,669373.0,669060.0,False,9,8.0,5,2.0,0.0,0.0,0.0,8.0,0.0,1.0,0.0,1.0,2024,2.4687707641196015,5.166115702479339,3.1,5.5,96
745897,2024-06-10,MIN,COL,142,115,663978.0,641712.0,False,9,3.0,8,0.0,0.0,1.0,1.0,0.0,0.0,0.0,3.0,0.0,2024,4.386764705882353,5.5150943396226415,4.1,3.1,99
745327,2024-06-11,SF,HOU,137,117,663855.0,669854.0,False,9,2.0,tie,0.0,0.0,2.0,0.0,2.0,0.0,0.0,0.0,0.0,2024,4.9884120171673825,4.685365853658537,4.0,4.9,95
745077,2024-06-11,TB,CHC,139,112,621107.0,592791.0,False,9,4.0,9,0.0,0.0,0.0,1.0,0.0,1.0,1.0,0.0,4.0,2024,3.283823529411765,4.657377049180328,3.7,4.4,97
746702,2024-06-11,CIN,CLE,113,114,608718.0,663474.0,False,9,3.0,3,1.0,0.0,3.0,0.0,0.0,1.0,0.0,1.0,2.0,2024,10.6,6.845454545454546,6.1,5.6,105
747027,2024-06-11,BAL,ATL,110,144,544150.0,608331.0,False,9,3.0,2,0.0,3.0,0.0,0.0,0.0,1.0,0.0,0.0,0.0,2024,2.7120689655172416,2.2452991452991453,6.1,3.9,101
745170,2024-06-11,STL,PIT,138,134,571945.0,694973.0,False,9,3.0,9,0.0,0.0,0.0,0.0,0.0,0.0,0.0,0.0,3.0,2024,4.1689655172413795,2.988888888888889,4.1,5.5,99
746951,2024-06-11,BOS,PHI,111,143,676710.0,554430.0,False,9,2.0,tie,2.0,0.0,0.0,2.0,1.0,0.0,0.0,0.0,0.0,2024,4.3820512820512825,3.9038585209003216,5.2,3.9,104
746296,2024-06-11,KC,NYY,118,147,663903.0,573186.0,False,9,4.0,4,2.0,0.0,0.0,4.0,0.0,1.0,3.0,1.0,0.0,2024,3.9641975308641975,4.448684210526316,5.5,5.6,98
745079,2024-06-12,TB,CHC,139,112,650644.0,665871.0,False,9,3.0,7,0.0,0.0,1.0,2.0,0.0,0.0,3.0,0.0,1.0,2024,4.885714285714286,4.825490196078432,3.6,4.2,97
745896,2024-06-12,MIN,COL,142,115,641154.0,596295.0,False,9,10.0,8,6.0,0.0,0.0,4.0,0.0,3.0,2.0,10.0,1.0,2024,5.989733840304183,4.234751773049646,3.7,3.1,99
747026,2024-06-13,BAL,ATL,110,144,608344.0,625643.0,False,9,3.0,7,2.0,0.0,0.0,1.0,0.0,1.0,3.0,0.0,2.0,2024,3.389855072463768,2.916849816849817,5.7,3.6,101
746545,2024-06-14,COL,PIT,115,134,663372.0,669387.0,False,9,2.0,7,1.0,0.0,0.0,0.0,1.0,1.0,2.0,1.0,1.0,2024,4.602145922746781,3.9333333333333336,4.0,4.1,112
746134,2024-06-14,LAD,KC,119,118,694813.0,666142.0,False,9,3.0,tie,0.0,0.0,0.0,3.0,3.0,0.0,0.0,1.0,0.0,2024,3.0315068493150688,1.7000000000000002,5.6,4.8,94
746947,2024-06-14,BOS,NYY,111,147,678394.0,661563.0,False,9,3.0,9,2.0,0.0,0.0,2.0,2.0,0.0,0.0,0.0,3.0,2024,4.903921568627451,2.109584664536741,5.7,6.0,104
744846,2024-06-15,WSH,MIA,120,146,687792.0,669432.0,False,9,2.0,8,1.0,0.0,1.0,0.0,0.0,0.0,0.0,2.0,0.0,2024,4.5814814814814815,4.951851851851853,4.5,2.5,99
744925,2024-06-15,TOR,CLE,141,114,670950.0,471911.0,False,9,3.0,2,0.0,3.0,0.0,1.0,1.0,0.0,0.0,0.0,0.0,2024,-0.8999999999999999,4.092366412213741,3.3,4.2,101
747187,2024-06-15,ARI,CWS,109,145,543518.0,607200.0,False,9,3.0,tie,1.0,0.0,1.0,1.0,3.0,0.0,3.0,0.0,2.0,2024,58.1,3.0656357388316153,5.8,3.7,100
745241,2024-06-15,SEA,TEX,136,140,669923.0,543135.0,False,9,4.0,9,1.0,0.0,3.0,0.0,1.0,0.0,1.0,2.0,4.0,2024,3.2333333333333334,2.7197718631178707,4.2,3.1,94
746865,2024-06-15,CHC,STL,112,138,684007.0,669467.0,False,9,3.0,tie,0.0,0.0,0.0,3.0,0.0,0.0,3.0,0.0,0.0,2024,3.5545454545454547,4.171428571428572,3.5,4.1,98
746547,2024-06-15,COL,PIT,115,134,621389.0,683003.0,False,9,6.0,8,0.0,0.0,1.0,4.0,2.0,2.0,5.0,6.0,0.0,2024,5.237404580152672,4.170110701107011,3.9,4.2,112
747023,2024-06-16,BAL,PHI,110,143,669203.0,554430.0,False,9,6.0,5,1.0,2.0,1.0,0.0,6.0,0.0,1.0,0.0,0.0,2024,2.6151515151515152,3.070674486803519,5.0,3.9,101
746130,2024-06-16,LAD,KC,119,118,607192.0,663903.0,False,9,2.0,6,0.0,0.0,1.0,0.0,0.0,2.0,0.0,0.0,0.0,2024,3.306896551724138,4.329508196721312,5.8,4.9,94
745977,2024-06-16,MIL,CIN,158,113,607067.0,593423.0,False,9,3.0,6,1.0,0.0,1.0,1.0,1.0,3.0,1.0,1.0,0.0,2024,4.274242424242424,4.61394422310757,3.4,4.7,100
744926,2024-06-16,TOR,CLE,141,114,621244.0,594902.0,False,9,7.0,5,0.0,2.0,0.0,0.0,7.0,2.0,0.0,0.0,2.0,2024,4.35,4.523357664233577,3.7,3.9,101
746866,2024-06-16,CHC,STL,112,138,592791.0,571945.0,False,9,2.0,2,0.0,2.0,0.0,0.0,0.0,0.0,1.0,0.0,0.0,2024,3.1,3.8333333333333335,3.3,3.7,98
745242,2024-06-16,SEA,TEX,136,140,669302.0,641540.0,False,9,2.0,8,0.0,0.0,0.0,1.0,1.0,0.0,1.0,2.0,0.0,2024,3.580769230769231,5.295121951219512,4.8,3.5,94
745895,2024-06-16,MIN,ATH,142,133,641927.0,676664.0,False,9,3.0,tie,3.0,0.0,0.0,1.0,0.0,0.0,3.0,0.0,1.0,2024,6.289655172413793,3.1355871886121,5.9,2.3,99
744918,2024-06-17,TOR,BOS,141,111,579328.0,601713.0,False,9,3.0,7,2.0,1.0,2.0,1.0,0.0,1.0,3.0,0.0,0.0,2024,4.056175298804781,2.8222222222222224,4.1,5.9,101
747108,2024-06-17,ATL,DET,144,116,608331.0,681857.0,False,9,1.0,tie,0.0,0.0,0.0,0.0,0.0,1.0,1.0,1.0,0.0,2024,2.616616314199396,4.7,4.4,4.5,100
746868,2024-06-17,CHC,SF,112,137,665871.0,663855.0,False,9,6.0,7,0.0,0.0,0.0,1.0,0.0,2.0,6.0,1.0,3.0,2024,6.011392405063291,4.522222222222222,2.7,5.1,98
745567,2024-06-17,PHI,SD,143,135,650911.0,681190.0,False,9,4.0,5,0.0,0.0,2.0,1.0,4.0,2.0,2.0,0.0,0.0,2024,2.0679715302491104,5.068503937007874,3.9,5.2,102
745005,2024-06-17,TEX,NYM,140,121,592351.0,656849.0,False,9,6.0,2,1.0,6.0,2.0,2.0,2.0,1.0,0.0,2.0,0.0,2024,2.5833948339483395,4.458024691358025,3.4,5.6,103
746627,2024-06-18,CLE,SEA,114,136,663474.0,682243.0,False,9,4.0,3,0.0,1.0,4.0,1.0,1.0,3.0,2.0,1.0,0.0,2024,6.963636363636364,3.7666666666666666,4.3,5.0,97
746867,2024-06-18,CHC,SF,112,137,657006.0,657277.0,False,9,3.0,8,0.0,2.0,0.0,0.0,2.0,0.0,0.0,3.0,0.0,2024,2.64983922829582,2.2818181818181817,2.9,4.9,98
746217,2024-06-18,LAA,MIL,108,158,656288.0,668964.0,False,9,3.0,tie,1.0,1.0,0.0,3.0,0.0,1.0,0.0,0.0,3.0,2024,5.891519434628975,3.9778625954198477,4.7,4.1,98
744917,2024-06-18,TOR,BOS,141,111,605135.0,656557.0,False,9,3.0,2,0.0,3.0,0.0,0.0,0.0,2.0,0.0,2.0,0.0,2024,2.4000000000000004,2.1,3.8,5.2,101
745893,2024-06-18,MIN,TB,142,139,641154.0,650644.0,False,9,4.0,tie,3.0,0.0,1.0,4.0,4.0,0.0,0.0,0.0,1.0,2024,5.957142857142857,5.107874015748031,6.3,3.1,99
746542,2024-06-18,COL,LAD,115,119,596295.0,621111.0,False,9,7.0,9,4.0,3.0,1.0,1.0,0.0,2.0,2.0,0.0,7.0,2024,4.5,4.6873015873015875,5.1,5.3,112
745650,2024-06-18,ATH,KC,133,118,663687.0,679525.0,False,9,3.0,4,2.0,2.0,2.0,3.0,1.0,0.0,0.0,2.0,0.0,2024,5.569135802469136,4.266666666666667,3.0,4.5,97
746538,2024-06-19,COL,LAD,115,119,663372.0,676272.0,False,9,4.0,2,3.0,4.0,0.0,1.0,2.0,0.0,2.0,0.0,1.0,2024,4.903921568627451,3.8142857142857145,5.5,6.2,112
745561,2024-06-19,PHI,SD,143,135,624133.0,663362.0,False,9,4.0,8,0.0,1.0,1.0,0.0,0.0,0.0,1.0,4.0,0.0,2024,2.228787878787879,2.3604501607717046,4.8,4.4,102
745646,2024-06-19,ATH,KC,133,118,665622.0,666142.0,False,9,2.0,tie,0.0,0.0,2.0,0.0,1.0,0.0,2.0,1.0,0.0,2024,4.280555555555556,2.666666666666667,3.5,4.0,97
746219,2024-06-19,LAA,MIL,108,158,542881.0,642547.0,False,9,1.0,tie,1.0,0.0,0.0,0.0,0.0,0.0,0.0,1.0,0.0,2024,4.981188118811882,4.399212598425197,4.9,3.7,98
745489,2024-06-19,PIT,CIN,134,113,656605.0,668881.0,False,9,1.0,8,0.0,0.0,0.0,0.0,0.0,0.0,0.0,1.0,0.0,2024,3.265562913907285,5.14778156996587,3.8,3.0,95
745164,2024-06-20,STL,SF,138,137,669467.0,676775.0,False,9,5.0,3,3.0,0.0,5.0,0.0,1.0,2.0,0.0,0.0,0.0,2024,3.509356725146199,6.642857142857142,3.8,4.8,99
746626,2024-06-20,CLE,SEA,114,136,671106.0,622491.0,False,9,3.0,tie,3.0,1.0,0.0,1.0,3.0,0.0,0.0,1.0,0.0,2024,5.621367521367522,4.2379310344827585,4.5,4.5,97
744841,2024-06-20,WSH,ARI,120,109,669022.0,669194.0,False,9,3.0,4,0.0,0.0,1.0,3.0,1.0,1.0,0.0,0.0,1.0,2024,2.4617021276595743,4.430798479087453,4.7,6.0,99
745006,2024-06-21,TEX,KC,140,118,543135.0,663903.0,False,9,5.0,6,0.0,0.0,1.0,1.0,1.0,5.0,0.0,0.0,0.0,2024,3.2716738197424893,5.580314960629922,3.5,3.1,103
745649,2024-06-21,ATH,MIN,133,142,683155.0,663978.0,False,9,3.0,tie,2.0,0.0,0.0,0.0,3.0,1.0,3.0,2.0,0.0,2024,4.325296442687748,4.885714285714286,3.8,6.7,97
746540,2024-06-21,COL,WSH,115,120,641712.0,687792.0,False,9,7.0,4,0.0,0.0,6.0,7.0,1.0,2.0,0.0,0.0,0.0,2024,4.121126760563381,2.1070921985815603,5.8,4.2,112
745729,2024-06-21,NYY,ATL,147,144,607074.0,519242.0,False,9,3.0,tie,3.0,2.0,1.0,3.0,0.0,0.0,0.0,0.0,0.0,2024,3.033333333333333,2.1,5.8,4.6,97
745483,2024-06-21,PIT,TB,134,139,669387.0,686752.0,False,9,4.0,4,0.0,1.0,1.0,4.0,0.0,3.0,0.0,1.0,3.0,2024,3.1,4.792913385826772,3.5,4.2,95
746861,2024-06-21,CHC,NYM,112,121,684007.0,500779.0,False,9,4.0,tie,4.0,3.0,1.0,4.0,0.0,0.0,0.0,0.0,0.0,2024,3.452112676056338,6.076190476190476,3.5,6.3,98
745564,2024-06-22,PHI,ARI,143,109,554430.0,674072.0,False,9,3.0,tie,2.0,0.0,3.0,1.0,3.0,2.0,0.0,2.0,0.0,2024,4.868488745980708,4.427800829875519,4.2,6.0,102
745163,2024-06-22,STL,SF,138,137,571945.0,663855.0,False,9,5.0,1,5.0,0.0,1.0,3.0,0.0,2.0,2.0,0.0,0.0,2024,3.2286173633440516,4.0777777777777775,3.9,5.1,99
745486,2024-06-22,PIT,TB,134,139,683003.0,621107.0,False,9,3.0,3,2.0,0.0,3.0,1.0,0.0,0.0,0.0,0.0,1.0,2024,4.7996047430830036,3.848031496062992,3.3,5.0,95
745644,2024-06-22,ATH,MIN,133,142,676664.0,641927.0,False,9,8.0,2,2.0,8.0,1.0,0.0,0.0,0.0,1.0,0.0,0.0,2024,4.950533807829181,5.827272727272728,4.3,6.7,97
745396,2024-06-23,SD,MIL,135,158,650633.0,668964.0,False,9,5.0,2,0.0,5.0,0.0,0.0,1.0,0.0,1.0,1.0,0.0,2024,2.26030534351145,3.241342756183746,4.5,4.4,96
746457,2024-06-23,DET,CWS,116,145,681857.0,686563.0,False,9,5.0,1,5.0,4.0,0.0,0.0,0.0,0.0,3.0,1.0,0.0,2024,3.4041825095057034,3.4169014084507046,3.1,3.1,96
746862,2024-06-23,CHC,NYM,112,121,665871.0,622663.0,False,9,3.0,3,0.0,0.0,3.0,0.0,1.0,0.0,2.0,1.0,0.0,2024,4.242857142857143,4.497515527950311,3.8,6.7,98
745566,2024-06-23,PHI,ARI,143,109,650911.0,677944.0,False,9,2.0,6,0.0,1.0,0.0,0.0,0.0,2.0,1.0,0.0,1.0,2024,2.3882562277580073,4.611111111111111,5.0,5.2,102
746218,2024-06-24,LAA,ATH,108,133,656288.0,665622.0,False,9,2.0,tie,2.0,1.0,2.0,0.0,0.0,1.0,0.0,0.0,0.0,2024,5.184805653710248,3.9673469387755103,4.0,3.8,98
745974,2024-06-24,MIL,TEX,158,140,642547.0,547179.0,False,9,6.0,6,0.0,0.0,0.0,0.0,3.0,6.0,0.0,0.0,0.0,2024,3.960655737704918,5.086301369863014,4.5,3.9,100
745078,2024-06-24,TB,SEA,139,136,671737.0,693433.0,False,9,3.0,8,0.0,0.0,0.0,2.0,0.0,0.0,2.0,3.0,0.0,2024,5.054022988505747,3.0285714285714285,4.8,4.3,97
746696,2024-06-24,CIN,PIT,113,134,686730.0,663559.0,False,9,5.0,4,0.0,0.0,1.0,5.0,4.0,4.0,2.0,0.0,0.0,2024,1.9333333333333333,4.1676156583629895,3.0,3.4,105
747021,2024-06-24,BAL,CLE,110,114,700249.0,676440.0,False,9,2.0,1,2.0,1.0,1.0,0.0,0.0,1.0,0.0,0.0,0.0,2024,4.733986928104575,2.1780141843971634,5.9,4.9,101
746780,2024-06-24,CWS,LAD,145,119,676979.0,572020.0,False,9,2.0,7,0.0,0.0,0.0,0.0,0.0,0.0,2.0,0.0,1.0,2024,1.4870967741935486,4.548598130841121,3.2,5.0,101
745806,2024-06-25,NYM,NYY,121,147,656849.0,543037.0,False,9,5.0,8,1.0,2.0,0.0,3.0,1.0,3.0,1.0,5.0,0.0,2024,4.5414414414414415,1.35,6.2,4.3,94
746213,2024-06-25,LAA,ATH,108,133,542881.0,687765.0,False,9,5.0,4,0.0,0.0,2.0,5.0,1.0,1.0,1.0,2.0,0.0,2024,5.079522184300341,3.4754266211604095,3.7,3.7,98
747022,2024-06-25,BAL,CLE,110,114,608344.0,671106.0,False,9,7.0,4,3.0,3.0,1.0,7.0,0.0,0.0,1.0,3.0,0.0,2024,4.150583657587549,7.117094017094017,5.8,5.0,101
746293,2024-06-25,KC,MIA,118,146,607625.0,630023.0,False,9,2.0,7,1.0,0.0,0.0,0.0,0.0,0.0,2.0,0.0,0.0,2024,3.9333333333333336,3.3000000000000003,2.5,3.1,98
746777,2024-06-26,CWS,LAD,145,119,607200.0,694813.0,False,9,3.0,3,1.0,0.0,3.0,0.0,0.0,0.0,0.0,0.0,0.0,2024,2.7,2.9293515358361777,3.1,5.2,101
745400,2024-06-26,SD,WSH,135,120,656302.0,687792.0,False,9,5.0,9,0.0,2.0,0.0,2.0,0.0,0.0,0.0,4.0,5.0,2024,4.079591836734694,4.140462427745665,5.6,4.5,96
747019,2024-06-26,BAL,CLE,110,114,680570.0,471911.0,False,9,2.0,tie,0.0,2.0,0.0,0.0,2.0,0.0,1.0,1.0,0.0,2024,3.168027210884354,3.8024793388429754,6.3,5.7,101
745158,2024-06-26,STL,ATL,138,144,669461.0,693821.0,False,9,3.0,8,0.0,0.0,2.0,0.0,0.0,0.0,0.0,3.0,0.0,2024,6.62,5.455555555555556,4.8,5.0,99
747184,2024-06-26,ARI,MIN,109,142,669194.0,680573.0,False,9,3.0,tie,0.0,3.0,1.0,3.0,2.0,2.0,0.0,0.0,0.0,2024,5.113651877133106,4.29047619047619,4.4,5.7,100
745157,2024-06-26,STL,ATL,138,144,502043.0,625643.0,False,9,5.0,2,0.0,5.0,0.0,0.0,1.0,2.0,0.0,0.0,0.0,2024,3.206382978723404,2.364705882352941,4.8,5.0,99
745808,2024-06-26,NYM,NYY,121,147,640455.0,661563.0,False,9,5.0,6,0.0,0.0,3.0,0.0,4.0,5.0,1.0,1.0,0.0,2024,4.286440677966102,4.048616600790514,6.8,4.7,94
746288,2024-06-27,KC,CLE,118,114,608379.0,594902.0,False,9,2.0,6,0.0,0.0,0.0,0.0,1.0,2.0,0.0,0.0,0.0,2024,3.4092783505154642,4.7287878787878785,2.1,5.9,98
744919,2024-06-27,TOR,NYY,141,147,621244.0,607074.0,False,9,5.0,1,5.0,3.0,0.0,0.0,2.0,1.0,0.0,0.0,0.0,2024,6.010958904109589,4.276470588235294,4.4,4.1,101
745162,2024-06-27,STL,CIN,138,113,571945.0,671096.0,False,9,5.0,3,1.0,1.0,5.0,2.0,3.0,0.0,1.0,2.0,0.0,2024,3.4215434083601286,5.195588235294117,5.0,3.6,99
745565,2024-06-27,PHI,MIA,143,146,554430.0,669432.0,False,9,5.0,7,1.0,0.0,0.0,1.0,1.0,0.0,5.0,2.0,1.0,2024,4.161093247588425,4.7095890410958905,5.3,3.3,102
745070,2024-06-28,TB,WSH,139,120,621107.0,680730.0,False,9,1.0,tie,0.0,1.0,1.0,0.0,0.0,1.0,1.0,0.0,0.0,2024,3.610948905109489,3.663380281690141,5.7,4.6,97
745804,2024-06-28,NYM,HOU,121,117,500779.0,669854.0,False,9,4.0,6,2.0,0.0,1.0,1.0,0.0,4.0,0.0,1.0,0.0,2024,5.35296442687747,4.18843537414966,7.8,5.7,94
747017,2024-06-28,BAL,TEX,110,140,544150.0,453286.0,False,9,1.0,tie,0.0,0.0,0.0,1.0,1.0,0.0,1.0,0.0,0.0,2024,3.9583690987124465,1.5,6.4,4.0,101
745970,2024-06-28,MIL,CHC,158,112,607067.0,592791.0,False,9,6.0,4,0.0,0.0,0.0,6.0,0.0,0.0,0.0,0.0,0.0,2024,5.480952380952381,3.033333333333333,4.7,4.1,100
745071,2024-06-29,TB,WSH,139,120,650644.0,663623.0,False,9,6.0,7,2.0,0.0,0.0,1.0,0.0,0.0,6.0,0.0,0.0,2024,4.206382978723404,3.513793103448276,5.2,4.4,97
745801,2024-06-29,NYM,HOU,121,117,656731.0,664285.0,False,9,6.0,2,0.0,6.0,1.0,3.0,0.0,0.0,0.0,3.0,2.0,2024,3.0173553719008264,3.5545454545454547,8.0,5.4,94
745559,2024-06-29,PHI,MIA,143,146,605400.0,682610.0,False,9,2.0,7,0.0,1.0,1.0,0.0,1.0,0.0,2.0,0.0,0.0,2024,3.78259385665529,9.876859504132232,4.7,3.3,102
747182,2024-06-30,ARI,ATH,109,133,694297.0,665622.0,False,9,3.0,7,0.0,0.0,0.0,1.0,1.0,0.0,3.0,1.0,0.0,2024,5.420819112627986,4.471681415929203,3.4,3.2,100
747101,2024-06-30,ATL,PIT,144,134,680885.0,663559.0,False,9,4.0,5,0.0,0.0,0.0,1.0,4.0,0.0,0.0,0.0,1.0,2024,3.3290076335877865,3.94,3.9,3.2,100
746290,2024-06-30,KC,CLE,118,114,607625.0,671106.0,False,9,2.0,tie,1.0,1.0,0.0,0.0,2.0,0.0,2.0,2.0,0.0,2024,3.6448717948717952,8.19433962264151,2.9,5.1,98
745072,2024-06-30,TB,WSH,139,120,671737.0,571578.0,False,9,3.0,2,0.0,3.0,0.0,1.0,0.0,0.0,1.0,0.0,0.0,2024,5.504580152671755,3.951063829787234,4.7,5.2,97
745971,2024-06-30,MIL,CHC,158,112,642547.0,543294.0,False,9,7.0,4,1.0,0.0,0.0,7.0,0.0,0.0,0.0,0.0,0.0,2024,3.8438016528925623,3.2968503937007876,4.5,3.7,100
745243,2024-06-30,SEA,MIN,136,142,622491.0,657746.0,False,9,4.0,5,1.0,0.0,0.0,0.0,4.0,0.0,1.0,2.0,0.0,2024,4.452313167259787,5.293548387096774,3.3,5.8,94
744916,2024-06-30,TOR,NYY,141,147,592332.0,543037.0,False,9,3.0,5,2.0,2.0,1.0,0.0,3.0,1.0,0.0,0.0,0.0,2024,5.201910828025477,10.225,5.4,5.1,101
745154,2024-06-30,STL,CIN,138,113,458681.0,668881.0,False,9,1.0,tie,0.0,0.0,0.0,0.0,1.0,1.0,0.0,0.0,0.0,2024,3.5273504273504273,5.224542124542125,4.2,4.9,99
746938,2024-06-30,BOS,SD,111,135,670174.0,663362.0,False,9,2.0,1,2.0,0.0,1.0,0.0,1.0,0.0,1.0,0.0,0.0,2024,4.864705882352942,3.1311526479750778,3.9,7.3,104
744914,2024-07-01,TOR,HOU,141,117,684320.0,686613.0,False,9,3.0,9,0.0,0.0,0.0,0.0,1.0,0.0,0.0,0.0,3.0,2024,4.904511278195489,2.906451612903226,5.2,6.9,101
746282,2024-07-02,KC,TB,118,139,663903.0,641793.0,False,9,2.0,tie,0.0,1.0,0.0,0.0,0.0,2.0,2.0,0.0,1.0,2024,4.986792452830189,5.6,3.2,4.9,98
747102,2024-07-02,ATL,SF,144,137,625643.0,806185.0,False,9,2.0,tie,0.0,2.0,0.0,0.0,2.0,1.0,0.0,2.0,1.0,2024,2.5642857142857145,5.957142857142857,3.4,5.1,100
744913,2024-07-02,TOR,HOU,141,117,621244.0,681293.0,False,9,5.0,5,1.0,0.0,4.0,2.0,5.0,0.0,0.0,1.0,0.0,2024,6.661643835616438,5.354901960784314,5.2,6.8,101
746133,2024-07-02,LAD,ARI,119,109,676272.0,573009.0,False,9,3.0,tie,1.0,0.0,1.0,2.0,0.0,0.0,3.0,1.0,3.0,2024,5.483419689119172,3.1,5.2,3.8,94
746534,2024-07-03,COL,MIL,115,158,641712.0,607067.0,False,9,1.0,tie,1.0,1.0,0.0,0.0,1.0,0.0,0.0,0.0,0.0,2024,6.262393162393163,5.184805653710248,3.9,5.0,112
746858,2024-07-03,CHC,PHI,112,143,684007.0,554430.0,False,9,2.0,tie,0.0,1.0,1.0,1.0,0.0,2.0,1.0,2.0,0.0,2024,4.240684410646388,4.505750798722045,3.5,5.2,98
746857,2024-07-04,CHC,PHI,112,143,592791.0,650911.0,False,9,6.0,4,1.0,0.0,0.0,6.0,3.0,0.0,1.0,1.0,0.0,2024,3.4,2.06969696969697,3.0,4.5,98
745641,2024-07-04,ATH,LAA,133,108,676664.0,672710.0,False,9,3.0,3,0.0,0.0,3.0,0.0,0.0,1.0,0.0,1.0,0.0,2024,6.523423423423424,3.7666666666666666,3.2,4.6,97
745726,2024-07-04,NYY,CIN,147,113,573186.0,593423.0,False,9,5.0,tie,0.0,1.0,1.0,0.0,5.0,0.0,5.0,0.0,0.0,2024,6.055465587044534,3.1796812749003984,5.3,4.9,97
744912,2024-07-04,TOR,HOU,141,117,605135.0,664285.0,False,9,6.0,1,6.0,0.0,0.0,0.0,1.0,0.0,1.0,0.0,0.0,2024,2.88125,3.960927152317881,5.3,6.4,101
744834,2024-07-04,WSH,NYM,120,121,663623.0,500779.0,False,9,1.0,8,0.0,0.0,0.0,0.0,0.0,0.0,0.0,1.0,0.0,2024,4.2379310344827585,5.031330472103004,4.5,6.6,99
745398,2024-07-05,SD,ARI,135,109,681190.0,677944.0,False,9,9.0,9,2.0,1.0,0.0,4.0,0.0,2.0,0.0,0.0,9.0,2024,5.733744855967078,3.4482587064676617,5.6,5.3,96
745884,2024-07-05,MIN,HOU,142,117,641154.0,681869.0,False,9,10.0,9,0.0,5.0,1.0,0.0,1.0,3.0,2.0,3.0,10.0,2024,4.025925925925926,4.712903225806452,5.9,6.4,99
746859,2024-07-05,CHC,LAA,112,108,657006.0,656288.0,False,9,2.0,tie,2.0,0.0,1.0,0.0,2.0,1.0,0.0,0.0,0.0,2024,2.2640866873065013,5.060132890365448,3.8,4.4,98
745724,2024-07-06,NYY,BOS,147,111,543037.0,670174.0,False,9,8.0,5,1.0,0.0,5.0,0.0,8.0,0.0,4.0,0.0,0.0,2024,7.253846153846155,4.35,5.1,4.5,97
746044,2024-07-06,MIA,CWS,146,145,630023.0,676979.0,False,9,3.0,3,1.0,0.0,3.0,1.0,0.0,0.0,2.0,0.0,0.0,2024,3.8801418439716313,1.1128205128205129,3.1,4.5,93
745642,2024-07-06,ATH,BAL,133,110,665622.0,700249.0,False,9,7.0,2,3.0,7.0,2.0,3.0,0.0,3.0,3.0,4.0,2.0,2024,4.638461538461539,5.2176470588235295,3.7,4.5,97
746615,2024-07-06,CLE,SF,114,137,671106.0,690986.0,False,9,3.0,tie,3.0,1.0,0.0,0.0,3.0,1.0,1.0,0.0,0.0,2024,6.502489626556017,3.985608856088561,4.4,4.8,97
744835,2024-07-06,WSH,STL,120,138,669022.0,458681.0,False,9,6.0,3,4.0,5.0,6.0,3.0,0.0,0.0,1.0,1.0,0.0,2024,2.364705882352941,3.2181102362204728,4.4,3.8,99
745235,2024-07-06,SEA,TOR,136,141,676106.0,684320.0,False,9,5.0,8,0.0,0.0,0.0,1.0,1.0,0.0,1.0,5.0,1.0,2024,5.466412213740458,4.970967741935484,2.8,4.2,94
745476,2024-07-06,PIT,NYM,134,121,663559.0,656849.0,False,9,3.0,3,0.0,0.0,3.0,2.0,0.0,2.0,0.0,0.0,0.0,2024,4.225,4.523357664233577,5.1,6.2,95
746529,2024-07-06,COL,KC,115,118,596295.0,607625.0,False,9,2.0,2,0.0,2.0,0.0,0.0,1.0,1.0,0.0,0.0,0.0,2024,4.364822134387352,2.394871794871795,3.3,4.1,112
745885,2024-07-06,MIN,HOU,142,117,657746.0,686613.0,False,9,3.0,tie,2.0,3.0,3.0,2.0,0.0,0.0,2.0,0.0,0.0,2024,3.2282051282051283,2.3903225806451616,6.8,6.9,99
746616,2024-07-07,CLE,SF,114,137,471911.0,806185.0,False,9,3.0,6,0.0,2.0,1.0,2.0,0.0,3.0,0.0,0.0,1.0,2024,4.703053435114504,6.795652173913044,3.9,4.7,97
746855,2024-07-07,CHC,LAA,112,108,669713.0,667755.0,False,9,2.0,tie,0.0,0.0,2.0,0.0,1.0,0.0,2.0,0.0,0.0,2024,4.016334661354581,4.233333333333333,3.8,4.0,98
745637,2024-07-07,ATH,BAL,133,110,687765.0,680570.0,False,9,4.0,1,4.0,0.0,1.0,0.0,0.0,2.0,1.0,0.0,1.0,2024,3.7690140845070426,3.595049504950495,5.5,4.5,97
746691,2024-07-07,CIN,DET,113,116,668933.0,669373.0,False,9,3.0,8,0.0,0.0,0.0,1.0,0.0,0.0,2.0,3.0,0.0,2024,5.533628318584071,3.8508532423208193,4.4,4.1,105
747098,2024-07-07,ATL,PHI,144,143,625643.0,675650.0,False,9,5.0,2,0.0,5.0,0.0,0.0,0.0,1.0,0.0,0.0,0.0,2024,3.9045977011494255,2.7,3.0,4.3,100
745391,2024-07-07,SD,ARI,135,109,656302.0,669194.0,False,9,5.0,9,2.0,0.0,0.0,0.0,0.0,0.0,2.0,1.0,5.0,2024,4.116949152542373,4.722641509433963,6.2,6.2,96
745316,2024-07-09,SF,TOR,137,141,605483.0,579328.0,False,9,3.0,7,0.0,0.0,0.0,1.0,0.0,0.0,3.0,1.0,2.0,2024,5.1,5.3641509433962264,4.7,3.9,95
745393,2024-07-09,SD,SEA,135,136,800049.0,669302.0,False,9,3.0,7,1.0,1.0,2.0,0.0,1.0,0.0,3.0,2.0,1.0,2024,5.780412371134021,2.7996996996997,5.4,3.0,96
745074,2024-07-09,TB,NYY,139,147,686752.0,607074.0,False,9,5.0,1,5.0,0.0,0.0,0.0,0.0,0.0,2.0,1.0,0.0,2024,5.6,5.708695652173914,3.3,5.6,97
746368,2024-07-09,HOU,MIA,117,146,669854.0,669432.0,False,9,3.0,7,1.0,1.0,0.0,0.0,1.0,0.0,3.0,1.0,0.0,2024,4.514473684210526,4.391512915129152,6.2,3.9,99
745968,2024-07-09,MIL,PIT,158,134,607067.0,676596.0,False,9,6.0,6,0.0,0.0,4.0,0.0,0.0,6.0,1.0,3.0,0.0,2024,4.590066225165563,3.1,4.8,4.3,100
745796,2024-07-10,NYM,WSH,121,120,622663.0,571578.0,False,9,4.0,6,1.0,0.0,0.0,2.0,0.0,4.0,0.0,1.0,0.0,2024,5.6723472668810295,3.384697508896797,4.5,4.5,94
747179,2024-07-10,ARI,ATL,109,144,677944.0,450203.0,False,9,4.0,tie,0.0,4.0,2.0,0.0,0.0,0.0,2.0,4.0,0.0,2024,2.7534653465346537,4.3043795620437955,6.4,4.0,100
745318,2024-07-10,SF,TOR,137,141,657277.0,605135.0,False,9,7.0,6,2.0,0.0,0.0,0.0,4.0,7.0,0.0,1.0,2.0,2024,2.706060606060606,3.3413793103448275,4.8,3.7,95
746773,2024-07-10,CWS,MIN,145,142,689672.0,641154.0,False,9,2.0,6,0.0,1.0,1.0,0.0,0.0,2.0,1.0,0.0,0.0,2024,4.321374045801527,2.85,5.4,6.3,101
746205,2024-07-10,LAA,TEX,108,140,656288.0,547179.0,False,9,4.0,2,0.0,4.0,1.0,0.0,2.0,0.0,0.0,2.0,0.0,2024,5.519928825622776,5.707142857142857,3.3,6.2,98
745155,2024-07-10,STL,KC,138,118,669467.0,679525.0,False,9,3.0,5,0.0,1.0,2.0,0.0,3.0,1.0,0.0,2.0,1.0,2024,3.2185770750988145,4.463636363636364,4.8,4.6,99
745556,2024-07-10,PHI,LAD,143,119,650911.0,694813.0,False,9,3.0,5,1.0,1.0,0.0,1.0,3.0,0.0,0.0,1.0,0.0,2024,2.6161290322580646,3.680204778156997,4.3,5.0,102
746366,2024-07-10,HOU,MIA,117,146,664285.0,663773.0,False,9,4.0,2,1.0,4.0,0.0,1.0,1.0,3.0,0.0,0.0,0.0,2024,3.9823529411764707,1.4333333333333333,6.4,3.5,99
746772,2024-07-10,CWS,MIN,145,142,607200.0,641927.0,False,9,2.0,6,0.0,0.0,0.0,0.0,1.0,2.0,1.0,0.0,0.0,2024,3.56875,2.8763578274760384,5.4,6.3,101
746452,2024-07-11,DET,CLE,116,114,656427.0,675921.0,False,9,4.0,6,1.0,2.0,2.0,2.0,0.0,4.0,0.0,0.0,0.0,2024,3.062406015037594,5.480952380952381,5.1,4.4,96
747011,2024-07-11,BAL,CHC,110,112,544150.0,657006.0,False,9,3.0,tie,0.0,0.0,1.0,0.0,3.0,1.0,3.0,0.0,0.0,2024,4.760079051383399,2.4002915451895044,3.6,4.6,101
746688,2024-07-11,CIN,COL,113,115,668881.0,596295.0,False,9,4.0,7,0.0,0.0,3.0,1.0,1.0,0.0,4.0,0.0,0.0,2024,3.3661596958174904,4.711721611721612,4.7,3.5,105
746367,2024-07-11,HOU,MIA,117,146,814005.0,682610.0,False,9,3.0,1,3.0,2.0,0.0,2.0,2.0,0.0,0.0,0.0,0.0,2024,2.7875,8.1,6.4,3.6,99
746450,2024-07-12,DET,LAD,116,119,669373.0,572020.0,False,9,2.0,tie,2.0,1.0,0.0,2.0,0.0,0.0,0.0,1.0,1.0,2024,3.332558139534884,3.9518518518518517,5.4,3.7,96
745064,2024-07-12,TB,CLE,139,114,671737.0,471911.0,False,9,1.0,tie,0.0,0.0,1.0,0.0,1.0,0.0,0.0,0.0,0.0,2024,2.622184300341297,4.692592592592593,3.8,4.3,97
746685,2024-07-12,CIN,MIA,113,146,686730.0,630023.0,False,9,4.0,3,2.0,1.0,4.0,3.0,0.0,0.0,0.0,0.0,1.0,2024,4.5864864864864865,3.3094240837696334,5.5,3.6,105
747012,2024-07-12,BAL,NYY,110,147,700249.0,543037.0,False,9,3.0,2,0.0,3.0,1.0,0.0,0.0,0.0,0.0,0.0,1.0,2024,6.1841121495327105,6.433333333333334,3.0,4.4,101
745800,2024-07-12,NYM,COL,121,115,640455.0,685299.0,False,9,5.0,2,0.0,5.0,1.0,2.0,1.0,0.0,1.0,3.0,0.0,2024,3.34822695035461,6.050819672131148,4.4,2.8,94
746774,2024-07-12,CWS,PIT,145,134,676979.0,594835.0,False,9,2.0,tie,0.0,0.0,1.0,0.0,2.0,2.0,0.0,0.0,0.0,2024,1.4219178082191781,3.4529411764705884,4.3,5.0,101
745153,2024-07-12,STL,CHC,138,112,543243.0,543294.0,False,9,2.0,8,0.0,0.0,1.0,1.0,0.0,0.0,1.0,2.0,1.0,2024,2.373927392739274,3.8870370370370373,5.2,4.9,99
747175,2024-07-12,ARI,TOR,109,141,669194.0,684320.0,False,9,3.0,8,0.0,0.0,1.0,1.0,1.0,1.0,1.0,3.0,1.0,2024,4.590196078431372,4.3,6.4,4.2,100
745963,2024-07-13,MIL,WSH,158,120,572971.0,680730.0,False,9,5.0,1,5.0,0.0,0.0,3.0,0.0,0.0,1.0,0.0,2.0,2024,6.50909090909091,4.233333333333333,4.0,4.3,100
745311,2024-07-13,SF,MIN,137,142,806185.0,680573.0,False,9,3.0,4,0.0,0.0,0.0,3.0,1.0,1.0,0.0,0.0,1.0,2024,5.338805970149254,4.39277566539924,4.2,5.6,95
746766,2024-07-13,CWS,PIT,145,134,623167.0,682847.0,False,9,3.0,9,1.0,0.0,0.0,0.0,0.0,1.0,2.0,1.0,3.0,2024,6.4460076045627375,1.1,4.0,5.0,101
745798,2024-07-13,NYM,COL,121,115,681035.0,663372.0,False,9,4.0,2,0.0,4.0,1.0,0.0,2.0,0.0,0.0,3.0,0.0,2024,4.714173228346457,3.8534246575342466,4.4,3.1,94
746687,2024-07-13,CIN,MIA,113,146,671096.0,665795.0,False,9,6.0,3,0.0,1.0,6.0,5.0,0.0,4.0,0.0,0.0,0.0,2024,4.8667844522968196,5.668306010928962,5.7,3.4,105
746370,2024-07-14,HOU,TEX,117,140,669854.0,453286.0,False,9,2.0,tie,2.0,0.0,1.0,0.0,0.0,0.0,0.0,2.0,1.0,2024,4.947133757961783,4.305357142857143,5.8,4.6,99
745314,2024-07-14,SF,MIN,137,142,605483.0,663978.0,False,9,3.0,9,0.0,1.0,1.0,0.0,0.0,0.0,0.0,0.0,3.0,2024,3.978048780487805,4.2682242990654204,3.9,5.5,95
746686,2024-07-14,CIN,MIA,113,146,666157.0,669432.0,False,9,2.0,tie,0.0,0.0,0.0,0.0,2.0,2.0,0.0,1.0,0.0,2024,5.1454545454545455,3.5779411764705884,6.4,3.7,105
745151,2024-07-14,STL,CHC,138,112,571945.0,592791.0,False,9,3.0,6,0.0,2.0,2.0,0.0,2.0,3.0,0.0,2.0,0.0,2024,2.7466431095406363,3.50625,5.6,5.3,99
744829,2024-07-19,WSH,CIN,120,113,571578.0,593423.0,False,9,4.0,tie,0.0,0.0,1.0,4.0,3.0,0.0,1.0,0.0,4.0,2024,3.4571428571428573,4.962068965517242,4.4,5.8,99
745640,2024-07-19,ATH,LAA,133,108,676664.0,656288.0,False,9,8.0,6,0.0,1.0,2.0,5.0,0.0,8.0,0.0,0.0,0.0,2024,6.511214953271028,5.199236641221374,7.2,3.4,97
746040,2024-07-19,MIA,NYM,146,121,665795.0,640455.0,False,9,3.0,5,0.0,2.0,2.0,0.0,3.0,2.0,0.0,1.0,0.0,2024,8.770731707317072,3.6298013245033114,3.8,5.1,93
746284,2024-07-19,KC,CWS,118,145,608379.0,623167.0,False,9,5.0,5,1.0,0.0,1.0,0.0,5.0,0.0,0.0,1.0,0.0,2024,3.787022900763359,5.531506849315068,4.9,3.2,98
746618,2024-07-19,CLE,SD,114,135,676440.0,663362.0,False,9,6.0,8,0.0,0.0,0.0,0.0,1.0,0.0,0.0,6.0,0.0,2024,2.791780821917808,5.093355481727575,3.0,3.6,97
746531,2024-07-19,COL,SF,115,137,615698.0,690986.0,False,9,4.0,8,0.0,2.0,1.0,0.0,0.0,2.0,1.0,4.0,0.0,2024,6.130303030303031,4.048616600790513,3.8,4.1,112
745481,2024-07-19,PIT,PHI,134,143,527048.0,605400.0,False,9,6.0,1,6.0,0.0,2.0,2.0,1.0,0.0,2.0,0.0,2.0,2024,4.796428571428572,3.132051282051282,5.8,4.6,95
744911,2024-07-19,TOR,DET,141,116,605135.0,656427.0,False,9,3.0,4,0.0,0.0,0.0,3.0,0.0,2.0,2.0,2.0,0.0,2024,3.2724137931034485,4.046969696969697,4.5,5.7,101
745721,2024-07-19,NYY,TB,147,139,543037.0,621107.0,False,9,4.0,3,0.0,0.0,4.0,1.0,0.0,2.0,0.0,0.0,0.0,2024,5.0913419913419915,3.6629139072847683,4.5,3.2,97
747096,2024-07-20,ATL,STL,144,138,693821.0,543243.0,False,9,4.0,2,2.0,4.0,0.0,1.0,1.0,3.0,0.0,0.0,3.0,2024,5.036936936936937,2.472937293729373,4.5,5.6,100
744994,2024-07-20,TEX,BAL,140,110,453286.0,680570.0,False,9,6.0,2,0.0,6.0,1.0,0.0,0.0,2.0,0.0,2.0,1.0,2024,4.274242424242424,4.405841924398626,4.6,3.6,103
745478,2024-07-20,PIT,PHI,134,143,682847.0,650911.0,False,9,2.0,tie,0.0,0.0,0.0,0.0,0.0,2.0,0.0,2.0,1.0,2024,1.2976744186046512,2.372727272727273,5.2,5.1,95
746041,2024-07-20,MIA,NYM,146,121,682610.0,622663.0,False,9,1.0,4,0.0,0.0,0.0,1.0,0.0,0.0,0.0,0.0,0.0,2024,6.660606060606061,5.311538461538461,3.9,5.3,93
744910,2024-07-20,TOR,DET,141,116,579328.0,681857.0,False,9,9.0,6,0.0,0.0,0.0,0.0,1.0,9.0,0.0,0.0,0.0,2024,3.993617021276596,2.485665529010239,4.6,5.7,101
746125,2024-07-21,LAD,BOS,119,111,572020.0,676710.0,False,9,4.0,1,4.0,0.0,1.0,1.0,2.0,1.0,0.0,3.0,3.0,2024,4.38099173553719,4.019117647058824,3.9,4.6,94
746610,2024-07-21,CLE,SD,114,135,594902.0,650633.0,False,9,2.0,2,0.0,2.0,0.0,0.0,0.0,0.0,1.0,0.0,0.0,2024,5.618248175182481,2.1842490842490845,3.0,3.4,97
745722,2024-07-21,NYY,TB,147,139,573186.0,669358.0,False,9,5.0,7,1.0,0.0,0.0,2.0,0.0,0.0,5.0,0.0,2.0,2024,6.091803278688525,4.090099009900991,4.5,3.2,97
745635,2024-07-22,ATH,HOU,133,117,663687.0,681293.0,False,9,3.0,3,0.0,0.0,3.0,1.0,0.0,0.0,0.0,0.0,0.0,2024,5.226696832579186,4.13448275862069,7.2,4.1,97
746280,2024-07-22,KC,ARI,118,109,666142.0,700270.0,False,9,6.0,3,0.0,1.0,6.0,4.0,1.0,1.0,0.0,1.0,0.0,2024,2.6695364238410595,3.7666666666666666,5.2,4.7,98
745232,2024-07-22,SEA,LAA,136,108,682243.0,542881.0,False,9,2.0,9,1.0,0.0,0.0,0.0,0.0,0.0,0.0,1.0,2.0,2024,3.808661417322835,4.292052980132451,4.1,3.9,94
746036,2024-07-23,MIA,BAL,146,110,667725.0,544150.0,False,9,4.0,tie,1.0,4.0,4.0,0.0,0.0,0.0,0.0,0.0,0.0,2024,4.754135338345865,4.766666666666667,3.4,3.5,93
744904,2024-07-23,TOR,TB,141,139,621244.0,542888.0,False,9,2.0,tie,0.0,1.0,0.0,0.0,2.0,2.0,1.0,0.0,0.0,2024,6.729629629629629,0.8500000000000001,4.8,3.4,101
745227,2024-07-23,SEA,LAA,136,108,669302.0,667755.0,False,9,6.0,5,0.0,0.0,0.0,0.0,6.0,0.0,0.0,0.0,0.0,2024,3.3402402402402402,4.444827586206896,3.8,3.8,94
744828,2024-07-23,WSH,SD,120,135,687792.0,681190.0,False,9,2.0,5,0.0,0.0,0.0,0.0,2.0,1.0,0.0,1.0,0.0,2024,3.7481481481481485,4.298347107438016,3.9,2.6,99
746614,2024-07-23,CLE,DET,114,116,675540.0,663947.0,False,9,3.0,4,0.0,0.0,1.0,3.0,1.0,2.0,2.0,0.0,0.0,2024,4.657377049180328,3.9333333333333336,2.8,6.5,97
746524,2024-07-23,COL,BOS,115,111,621389.0,681867.0,False,9,3.0,1,3.0,2.0,1.0,0.0,0.0,0.0,0.0,0.0,0.0,2024,5.695419847328244,4.009090909090909,5.2,5.3,112
746848,2024-07-23,CHC,MIL,112,158,592791.0,607067.0,False,9,1.0,8,0.0,0.0,0.0,0.0,0.0,0.0,0.0,1.0,0.0,2024,3.3243589743589745,4.979432624113475,3.9,5.3,98
746281,2024-07-23,KC,ARI,118,109,679525.0,656756.0,False,9,4.0,1,4.0,0.0,0.0,0.0,2.0,0.0,0.0,1.0,1.0,2024,5.427586206896551,5.158823529411765,6.1,4.7,98
745475,2024-07-23,PIT,STL,134,138,694973.0,458681.0,False,9,1.0,tie,0.0,0.0,0.0,0.0,1.0,0.0,0.0,1.0,1.0,2024,2.493939393939394,5.727450980392157,4.6,4.7,95
746851,2024-07-24,CHC,MIL,112,158,657006.0,642239.0,False,9,2.0,1,2.0,0.0,1.0,0.0,0.0,1.0,0.0,0.0,1.0,2024,2.5594594594594597,2.147619047619048,3.5,4.5,98
745472,2024-07-24,PIT,STL,134,138,527048.0,669461.0,False,9,4.0,2,0.0,4.0,0.0,1.0,0.0,0.0,0.0,0.0,0.0,2024,5.472093023255814,4.775675675675676,3.5,4.5,95
746611,2024-07-24,CLE,DET,114,116,676440.0,656427.0,False,9,1.0,tie,1.0,0.0,0.0,0.0,1.0,0.0,0.0,1.0,0.0,2024,3.628169014084507,4.340601503759399,2.4,6.1,97
744905,2024-07-24,TOR,TB,141,139,684320.0,621107.0,False,9,4.0,8,1.0,0.0,1.0,0.0,1.0,1.0,0.0,4.0,1.0,2024,3.4278688524590164,3.2333333333333334,4.5,3.3,101
744989,2024-07-24,TEX,CWS,140,145,543135.0,623167.0,False,9,6.0,8,1.0,1.0,1.0,0.0,2.0,1.0,0.0,6.0,0.0,2024,4.281818181818182,6.165693430656935,3.1,2.0,103
747010,2024-07-26,BAL,SD,110,135,680570.0,800049.0,False,9,4.0,6,0.0,1.0,0.0,1.0,0.0,4.0,0.0,2.0,2.0,2024,3.930564784053156,6.012621359223301,4.0,3.6,101
746767,2024-07-26,CWS,SEA,145,136,689672.0,669923.0,False,9,8.0,1,8.0,0.0,0.0,2.0,0.0,0.0,0.0,0.0,0.0,2024,4.163122923588039,1.4056478405315616,1.8,3.0,101
745554,2024-07-26,PHI,CLE,143,114,650911.0,594902.0,False,9,2.0,4,1.0,0.0,0.0,2.0,1.0,0.0,0.0,0.0,0.0,2024,2.8435897435897437,4.711721611721612,4.4,2.1,102
746200,2024-07-26,LAA,ATH,108,133,608334.0,621112.0,False,9,4.0,1,4.0,2.0,0.0,0.0,0.0,3.0,0.0,0.0,0.0,2024,3.6952380952380954,5.428244274809161,3.9,7.4,98
745793,2024-07-27,NYM,ATL,121,144,656731.0,680885.0,False,9,2.0,4,0.0,0.0,0.0,2.0,1.0,0.0,1.0,0.0,0.0,2024,4.265919282511211,3.6862068965517243,5.1,3.3,94
746768,2024-07-27,CWS,SEA,145,136,607200.0,693433.0,False,9,3.0,4,0.0,0.0,1.0,3.0,2.0,1.0,0.0,2.0,0.0,2024,4.329235880398671,3.992018779342723,1.7,2.9,101
745059,2024-07-27,TB,CIN,139,113,641793.0,671096.0,False,9,3.0,5,0.0,1.0,0.0,0.0,3.0,0.0,0.0,0.0,0.0,2024,5.123809523809523,5.143795620437956,4.3,5.4,97
745553,2024-07-27,PHI,CLE,143,114,663969.0,471911.0,False,9,7.0,4,0.0,0.0,0.0,7.0,0.0,1.0,0.0,0.0,0.0,2024,4.183333333333334,4.402681992337165,4.0,2.4,102
744908,2024-07-27,TOR,TEX,141,140,592332.0,547179.0,False,9,5.0,1,5.0,0.0,2.0,0.0,1.0,1.0,0.0,1.0,0.0,2024,4.499317406143344,5.62,3.9,3.8,101
745150,2024-07-27,STL,WSH,138,120,502043.0,663623.0,False,9,9.0,6,0.0,1.0,1.0,0.0,0.0,9.0,1.0,1.0,4.0,2024,3.8024793388429754,5.293548387096774,4.7,4.5,99
746278,2024-07-27,KC,CHC,118,112,607625.0,684007.0,False,9,4.0,7,2.0,1.0,1.0,0.0,0.0,3.0,4.0,0.0,2.0,2024,2.38125,4.492857142857143,5.1,2.4,98
746770,2024-07-28,CWS,SEA,145,136,676979.0,682243.0,False,9,3.0,3,2.0,1.0,3.0,1.0,0.0,0.0,2.0,0.0,0.0,2024,1.072972972972973,3.541176470588235,1.8,3.0,101
746195,2024-07-28,LAA,ATH,108,133,667755.0,674370.0,False,9,9.0,3,0.0,0.0,9.0,4.0,1.0,0.0,0.0,0.0,0.0,2024,4.424503311258278,3.7944444444444443,3.6,7.1,98
745795,2024-07-28,NYM,ATL,121,144,656849.0,625643.0,False,9,4.0,tie,0.0,0.0,0.0,4.0,0.0,0.0,3.0,4.0,0.0,2024,4.997233201581028,4.317712177121772,4.4,3.1,94
745961,2024-07-28,MIL,MIA,158,146,668964.0,667725.0,False,9,3.0,1,3.0,0.0,0.0,2.0,2.0,0.0,1.0,0.0,0.0,2024,3.36578073089701,4.128571428571428,4.2,4.8,100
746929,2024-07-28,BOS,NYY,111,147,656557.0,607074.0,False,9,3.0,tie,3.0,0.0,0.0,3.0,0.0,0.0,1.0,2.0,1.0,2024,5.107874015748031,5.131872509960159,6.1,5.4,104
745305,2024-07-28,SF,COL,137,115,669062.0,596295.0,False,9,3.0,6,1.0,2.0,0.0,1.0,0.0,3.0,1.0,0.0,1.0,2024,3.7,4.195406360424029,4.5,5.5,95
746364,2024-07-28,HOU,LAD,117,119,681293.0,689981.0,False,9,4.0,6,0.0,0.0,0.0,0.0,1.0,4.0,0.0,2.0,1.0,2024,3.5642857142857145,4.080392156862745,3.6,4.6,99
746928,2024-07-29,BOS,SEA,111,136,601713.0,669302.0,False,9,7.0,3,0.0,0.0,7.0,4.0,2.0,4.0,0.0,4.0,0.0,2024,2.351968503937008,3.3222222222222224,5.8,3.5,104
745147,2024-07-29,STL,TEX,138,140,669467.0,543135.0,False,9,4.0,7,0.0,0.0,3.0,2.0,0.0,0.0,4.0,0.0,0.0,2024,3.884982935153584,3.3424242424242427,3.8,3.8,99
747005,2024-07-30,BAL,TOR,110,141,669203.0,605135.0,False,9,3.0,3,1.0,0.0,3.0,2.0,1.0,0.0,1.0,0.0,0.0,2024,4.003426791277259,4.055882352941176,5.4,4.9,101
746763,2024-07-30,CWS,KC,145,118,686563.0,608379.0,False,9,4.0,8,1.0,0.0,1.0,1.0,0.0,0.0,0.0,4.0,0.0,2024,5.785950413223141,4.638461538461538,2.1,5.6,101
746365,2024-07-30,HOU,PIT,117,134,686613.0,663559.0,False,9,3.0,tie,0.0,1.0,0.0,3.0,0.0,3.0,0.0,1.0,0.0,2024,3.2333333333333334,3.5090909090909093,3.8,3.9,99
745309,2024-07-30,SF,ATH,137,133,592662.0,676664.0,False,9,2.0,tie,0.0,1.0,1.0,0.0,2.0,0.0,0.0,2.0,1.0,2024,2.3,4.377372262773723,4.7,5.9,95
745787,2024-07-30,NYM,MIN,121,142,640455.0,701581.0,False,9,1.0,tie,0.0,0.0,0.0,1.0,1.0,0.0,0.0,0.0,0.0,2024,5.052054794520548,7.0,5.2,4.3,94
746197,2024-07-30,LAA,COL,108,115,656288.0,615698.0,False,9,4.0,tie,4.0,4.0,2.0,3.0,0.0,0.0,2.0,2.0,0.0,2024,5.83542600896861,6.004564315352697,4.1,5.1,98
745958,2024-07-30,MIL,ATL,158,144,605452.0,693821.0,False,9,4.0,3,0.0,0.0,4.0,1.0,0.0,0.0,1.0,0.0,0.0,2024,4.418181818181818,3.55643153526971,4.9,3.7,100
747170,2024-07-31,ARI,WSH,109,120,668678.0,669022.0,False,9,4.0,6,0.0,0.0,1.0,1.0,0.0,4.0,0.0,1.0,2.0,2024,4.516309012875537,4.484615384615385,6.6,4.8,100
746363,2024-07-31,HOU,PIT,117,134,664285.0,663765.0,False,9,5.0,2,0.0,5.0,2.0,0.0,0.0,2.0,0.0,0.0,0.0,2024,2.819298245614035,6.803703703703704,3.7,3.7,99
745061,2024-07-31,TB,MIA,139,146,671737.0,682610.0,False,9,3.0,3,1.0,2.0,3.0,0.0,0.0,0.0,2.0,0.0,0.0,2024,1.6576923076923078,6.887878787878789,5.3,4.4,97
746605,2024-08-02,CLE,BAL,114,110,471911.0,665152.0,False,9,4.0,6,0.0,3.0,0.0,0.0,2.0,4.0,3.0,0.0,0.0,2024,4.746090534979424,4.8695473251028805,3.9,6.0,97
745631,2024-08-02,ATH,LAD,133,119,683155.0,694813.0,False,9,4.0,5,2.0,0.0,0.0,2.0,4.0,0.0,0.0,0.0,3.0,2024,3.6639097744360902,4.644117647058824,4.3,4.4,97
745471,2024-08-02,PIT,ARI,134,109,682847.0,694297.0,False,9,5.0,tie,5.0,0.0,0.0,1.0,2.0,5.0,1.0,1.0,2.0,2024,2.5863013698630137,2.309621993127148,3.7,6.8,95
746354,2024-08-02,HOU,TB,117,139,579328.0,669358.0,False,9,2.0,tie,2.0,0.0,0.0,2.0,0.0,0.0,1.0,0.0,0.0,2024,4.033852140077821,3.88125,3.8,4.6,99
747087,2024-08-03,ATL,MIA,144,146,656550.0,667725.0,False,9,3.0,3,1.0,0.0,3.0,0.0,2.0,0.0,1.0,0.0,0.0,2024,2.5,4.355813953488372,4.6,4.7,100
745714,2024-08-03,NYY,TOR,147,141,607074.0,621244.0,False,9,3.0,1,3.0,2.0,0.0,0.0,2.0,2.0,1.0,1.0,0.0,2024,4.8938931297709924,5.313740458015268,7.2,5.3,97
744823,2024-08-03,WSH,MIL,120,158,687792.0,650644.0,False,9,4.0,1,4.0,0.0,1.0,0.0,2.0,0.0,1.0,2.0,0.0,2024,4.5285714285714285,6.0019607843137255,4.5,3.5,99
744987,2024-08-03,TEX,BOS,140,111,674003.0,656557.0,False,9,6.0,4,1.0,0.0,0.0,6.0,0.0,3.0,1.0,0.0,0.0,2024,2.284782608695652,5.758730158730159,4.0,7.4,103
746608,2024-08-03,CLE,BAL,114,110,676282.0,621107.0,False,9,6.0,8,0.0,0.0,2.0,2.0,1.0,0.0,0.0,6.0,0.0,2024,12.45483870967742,3.454609929078014,4.5,6.1,97
745876,2024-08-03,MIN,CWS,142,145,641927.0,676979.0,False,9,3.0,8,0.0,1.0,0.0,0.0,2.0,1.0,1.0,3.0,0.0,2024,2.6151515151515152,1.8,4.8,2.4,99
745879,2024-08-04,MIN,CWS,142,145,680573.0,623167.0,False,9,6.0,2,2.0,6.0,2.0,1.0,0.0,0.0,4.0,5.0,0.0,2024,4.001639344262295,4.539393939393939,4.7,2.4,99
745468,2024-08-04,PIT,ARI,134,109,694973.0,669194.0,False,9,3.0,tie,1.0,3.0,0.0,0.0,0.0,2.0,3.0,0.0,2.0,2024,2.7480938416422287,2.367515923566879,4.7,7.4,95
746680,2024-08-04,CIN,SF,113,137,686730.0,592662.0,False,9,5.0,8,0.0,2.0,0.0,2.0,0.0,1.0,0.0,5.0,0.0,2024,4.359541984732824,7.056043956043956,4.0,4.7,105
744826,2024-08-04,WSH,MIL,120,158,680730.0,668964.0,False,9,3.0,tie,1.0,0.0,0.0,0.0,0.0,3.0,0.0,3.0,0.0,2024,5.3169811320754725,4.096563573883161,5.1,3.8,99
746439,2024-08-04,DET,KC,116,118,656412.0,608379.0,False,9,3.0,9,0.0,1.0,0.0,0.0,1.0,0.0,0.0,0.0,3.0,2024,0.7666666666666666,4.949315068493151,2.7,6.2,96
746191,2024-08-04,LAA,NYM,108,121,656288.0,500779.0,False,9,3.0,2,0.0,3.0,1.0,0.0,1.0,0.0,0.0,0.0,0.0,2024,5.5215246636771305,4.888079470198676,4.1,5.4,98
744979,2024-08-04,TEX,BOS,140,111,543135.0,601713.0,False,9,3.0,6,1.0,1.0,1.0,1.0,1.0,3.0,0.0,1.0,0.0,2024,4.1,2.447826086956522,4.4,7.0,103
746847,2024-08-05,CHC,MIN,112,142,543294.0,701581.0,False,9,1.0,tie,0.0,0.0,1.0,0.0,1.0,0.0,0.0,0.0,1.0,2024,5.35,6.166666666666667,5.4,6.0,98
747086,2024-08-06,ATL,MIL,144,158,693821.0,607067.0,False,9,3.0,1,3.0,1.0,2.0,1.0,0.0,2.0,0.0,1.0,0.0,2024,3.5780876494023905,3.9823529411764707,4.3,4.0,100
746120,2024-08-06,LAD,PHI,119,143,477132.0,650911.0,False,9,4.0,6,0.0,0.0,0.0,0.0,1.0,4.0,0.0,1.0,2.0,2024,4.488888888888889,3.9333333333333336,4.7,4.3,94
745467,2024-08-06,PIT,SD,134,135,663559.0,656302.0,False,9,4.0,5,0.0,0.0,0.0,0.0,4.0,0.0,0.0,0.0,2.0,2024,4.095670995670996,2.2520467836257314,5.1,6.5,95
746033,2024-08-06,MIA,CIN,146,113,676974.0,666157.0,False,9,6.0,4,0.0,1.0,1.0,6.0,1.0,0.0,0.0,1.0,0.0,2024,5.061538461538461,4.465461847389559,4.3,3.9,93
746273,2024-08-06,KC,BOS,118,111,607625.0,678394.0,False,9,3.0,6,1.0,2.0,1.0,0.0,2.0,3.0,0.0,2.0,0.0,2024,3.569208211143695,4.548763250883392,5.8,7.3,98
746840,2024-08-06,CHC,MIN,112,142,684007.0,641154.0,False,9,3.0,1,3.0,0.0,1.0,2.0,0.0,2.0,0.0,2.0,0.0,2024,3.9223684210526315,3.166666666666667,5.4,5.8,98
746521,2024-08-07,COL,NYM,115,121,663372.0,621112.0,False,9,4.0,9,2.0,1.0,0.0,1.0,0.0,0.0,0.0,0.0,4.0,2024,4.949315068493151,6.138461538461538,3.4,4.2,112
746272,2024-08-07,KC,BOS,118,111,666142.0,676710.0,False,9,6.0,4,1.0,1.0,3.0,6.0,0.0,1.0,0.0,0.0,0.0,2024,3.2973684210526315,7.51696113074205,5.9,7.0,98
745630,2024-08-07,ATH,CWS,133,145,683155.0,663436.0,False,9,3.0,7,0.0,2.0,0.0,0.0,0.0,0.0,3.0,0.0,0.0,2024,4.158394160583942,6.85,3.3,3.4,97
746842,2024-08-07,CHC,MIN,112,142,665871.0,657746.0,False,9,3.0,3,2.0,1.0,3.0,2.0,0.0,0.0,0.0,2.0,0.0,2024,7.60777202072539,3.064788732394366,5.2,5.2,98
747081,2024-08-08,ATL,MIL,144,158,450203.0,593423.0,False,9,5.0,tie,3.0,3.0,5.0,0.0,5.0,0.0,2.0,3.0,2.0,2024,6.1314960629921265,6.0249011857707515,4.0,5.3,100
747169,2024-08-08,ARI,PHI,109,143,656756.0,663465.0,False,9,6.0,6,0.0,0.0,0.0,0.0,1.0,6.0,1.0,0.0,2.0,2024,5.030693069306931,5.85,7.2,4.9,100
745466,2024-08-08,PIT,SD,134,135,682847.0,681190.0,False,9,4.0,9,2.0,2.0,0.0,0.0,0.0,3.0,2.0,0.0,4.0,2024,4.619434628975265,3.805394190871369,5.1,6.5,95
746522,2024-08-08,COL,NYM,115,121,596295.0,656849.0,False,9,4.0,1,4.0,0.0,1.0,0.0,3.0,0.0,0.0,2.0,0.0,2024,5.034306569343066,4.402681992337165,3.6,4.7,112
746523,2024-08-09,COL,ATL,115,144,685299.0,656550.0,False,9,4.0,7,1.0,0.0,3.0,2.0,1.0,0.0,4.0,0.0,0.0,2024,5.848815165876777,3.6434782608695655,3.7,3.8,112
746275,2024-08-09,KC,STL,118,138,547179.0,571945.0,False,9,4.0,3,2.0,0.0,4.0,2.0,0.0,1.0,0.0,2.0,2.0,2024,5.305882352941177,4.901470588235294,6.4,4.5,98
745712,2024-08-10,NYY,TEX,147,140,607074.0,543135.0,False,9,3.0,4,1.0,0.0,2.0,3.0,1.0,0.0,0.0,1.0,0.0,2024,4.397709923664122,4.566666666666666,6.3,3.6,97
747164,2024-08-10,ARI,PHI,109,143,668678.0,605400.0,False,9,7.0,7,1.0,1.0,0.0,0.0,3.0,0.0,7.0,0.0,0.0,2024,3.5779411764705884,4.0929078014184395,6.5,5.0,100
746922,2024-08-10,BOS,HOU,111,117,670174.0,681293.0,False,9,3.0,8,1.0,0.0,0.0,0.0,1.0,2.0,2.0,3.0,0.0,2024,5.4369565217391305,3.203448275862069,6.8,3.5,104
744897,2024-08-10,TOR,ATH,141,133,684320.0,674370.0,False,9,1.0,6,0.0,0.0,0.0,0.0,0.0,1.0,0.0,0.0,0.0,2024,2.4877551020408166,4.197560975609756,4.6,2.9,101
746269,2024-08-10,KC,STL,118,138,608379.0,669467.0,False,9,4.0,7,0.0,2.0,1.0,0.0,0.0,1.0,4.0,3.0,0.0,2024,5.017808219178082,3.347349823321555,6.1,4.5,98
745219,2024-08-10,SEA,NYM,136,121,669302.0,640455.0,False,9,3.0,1,3.0,0.0,0.0,0.0,0.0,0.0,1.0,0.0,0.0,2024,2.7853146853146855,3.8284768211920532,4.9,3.9,94
746112,2024-08-10,LAD,PIT,119,134,689981.0,694973.0,False,9,2.0,3,1.0,0.0,2.0,0.0,1.0,0.0,0.0,0.0,1.0,2024,3.9275862068965517,2.73855421686747,5.0,5.1,94
745216,2024-08-11,SEA,NYM,136,121,622491.0,622663.0,False,9,7.0,6,0.0,1.0,0.0,0.0,3.0,7.0,2.0,0.0,0.0,2024,2.4870967741935486,4.414741035856574,4.6,3.7,94
747166,2024-08-11,ARI,PHI,109,143,518876.0,650911.0,False,9,6.0,7,3.0,0.0,4.0,0.0,3.0,1.0,6.0,0.0,0.0,2024,3.7198347107438017,3.276056338028169,5.9,4.5,100
745711,2024-08-11,NYY,TEX,147,140,573186.0,571760.0,False,9,4.0,7,1.0,0.0,1.0,0.0,3.0,2.0,4.0,3.0,1.0,2024,6.68974358974359,4.215537848605578,5.3,3.6,97
746923,2024-08-11,BOS,HOU,111,117,572020.0,686613.0,False,9,6.0,6,0.0,0.0,1.0,0.0,5.0,6.0,0.0,0.0,0.0,2024,4.602145922746781,3.0657534246575344,5.8,3.7,104
745872,2024-08-11,MIN,CLE,142,114,701581.0,676440.0,False,9,4.0,6,0.0,1.0,0.0,1.0,0.0,4.0,0.0,2.0,0.0,2024,4.8,3.464963503649635,5.6,4.6,99
744895,2024-08-11,TOR,ATH,141,133,605135.0,676664.0,False,9,6.0,1,6.0,0.0,0.0,2.0,0.0,1.0,0.0,3.0,0.0,2024,4.607352941176471,3.4947368421052634,3.8,2.4,101
746682,2024-08-12,CIN,STL,113,138,671096.0,543243.0,False,9,4.0,3,0.0,0.0,4.0,0.0,3.0,0.0,0.0,0.0,0.0,2024,7.251785714285715,3.6151515151515152,4.7,3.8,105
746603,2024-08-12,CLE,CHC,114,112,594902.0,684007.0,False,9,5.0,4,0.0,0.0,2.0,5.0,3.0,1.0,4.0,2.0,0.0,2024,5.747058823529412,3.3547770700636943,4.1,5.9,97
745058,2024-08-12,TB,HOU,139,117,671737.0,664285.0,False,9,5.0,3,1.0,0.0,5.0,0.0,1.0,0.0,0.0,0.0,0.0,2024,2.9287671232876713,2.7,3.0,4.5,97
745953,2024-08-12,MIL,LAD,158,119,642547.0,477132.0,False,9,2.0,tie,0.0,0.0,2.0,0.0,2.0,2.0,1.0,0.0,0.0,2024,4.908118081180811,3.363157894736842,6.3,4.9,100
745548,2024-08-13,PHI,MIA,143,146,592836.0,678368.0,False,9,2.0,1,2.0,0.0,1.0,0.0,0.0,0.0,1.0,0.0,1.0,2024,5.7377952755905515,3.397029702970297,4.5,4.6,102
745788,2024-08-13,NYM,ATH,121,133,621112.0,671212.0,False,9,4.0,3,3.0,1.0,4.0,0.0,3.0,2.0,0.0,0.0,0.0,2024,5.0285714285714285,5.550000000000001,3.5,2.7,94
747004,2024-08-13,BAL,WSH,110,120,669432.0,663623.0,False,9,3.0,6,2.0,1.0,1.0,2.0,0.0,3.0,0.0,1.0,2.0,2024,4.752542372881356,6.1038022813688215,5.0,4.6,101
745055,2024-08-13,TB,HOU,139,117,669358.0,579328.0,False,9,1.0,tie,0.0,1.0,1.0,0.0,1.0,1.0,0.0,1.0,0.0,2024,4.082142857142857,3.986075949367089,2.9,4.6,97
745954,2024-08-13,MIL,LAD,158,119,607067.0,694813.0,False,9,5.0,4,0.0,1.0,2.0,5.0,0.0,0.0,1.0,0.0,0.0,2024,3.1,6.134188034188035,6.3,5.3,100
745381,2024-08-14,SD,PIT,135,134,527048.0,656605.0,False,9,4.0,3,3.0,1.0,4.0,0.0,0.0,1.0,0.0,0.0,1.0,2024,5.713636363636364,4.94,6.1,3.5,96
745544,2024-08-14,PHI,MIA,143,146,663969.0,665795.0,False,9,6.0,4,3.0,1.0,1.0,6.0,0.0,0.0,3.0,0.0,0.0,2024,5.085294117647059,4.050570342205323,4.3,4.8,102
745301,2024-08-14,SF,ATL,137,144,592662.0,656550.0,False,9,6.0,1,6.0,0.0,1.0,0.0,1.0,2.0,1.0,2.0,2.0,2024,5.18955223880597,3.8746478873239436,4.6,4.4,95
745790,2024-08-14,NYM,ATH,121,133,656849.0,683155.0,False,9,6.0,7,0.0,1.0,1.0,1.0,0.0,1.0,6.0,0.0,0.0,2024,3.988888888888889,4.766666666666667,3.4,3.6,94
747000,2024-08-14,BAL,WSH,110,120,665152.0,687792.0,False,9,2.0,tie,2.0,1.0,0.0,0.0,0.0,0.0,2.0,0.0,0.0,2024,4.698360655737705,4.038967136150235,5.0,5.2,101
745869,2024-08-14,MIN,KC,142,118,686973.0,666142.0,False,9,1.0,tie,0.0,1.0,1.0,1.0,0.0,1.0,1.0,0.0,0.0,2024,6.1841121495327105,3.710169491525424,5.6,5.4,99
746437,2024-08-15,DET,SEA,116,136,656412.0,682243.0,False,9,2.0,8,1.0,0.0,0.0,0.0,0.0,0.0,0.0,2.0,0.0,2024,2.523076923076923,2.449315068493151,4.7,3.9,96
745950,2024-08-15,MIL,LAD,158,119,668964.0,656427.0,False,9,3.0,tie,3.0,2.0,1.0,0.0,0.0,1.0,0.0,3.0,0.0,2024,3.33972602739726,3.2056338028169016,5.8,4.9,100
745784,2024-08-16,NYM,MIA,121,146,640455.0,682610.0,False,9,8.0,4,1.0,0.0,0.0,8.0,1.0,0.0,0.0,0.0,0.0,2024,3.8633587786259542,6.160344827586207,4.3,4.9,94
745144,2024-08-16,STL,LAD,138,119,571945.0,680736.0,False,9,7.0,6,0.0,4.0,1.0,0.0,1.0,7.0,0.0,0.0,0.0,2024,5.052191235059761,5.327979274611399,3.0,5.0,99
745542,2024-08-16,PHI,WSH,143,120,605400.0,571578.0,False,9,3.0,9,0.0,0.0,2.0,0.0,0.0,0.0,0.0,0.0,3.0,2024,5.085294117647059,4.061538461538461,5.4,4.6,102
746189,2024-08-16,LAA,ATL,108,144,667755.0,680885.0,False,9,4.0,4,0.0,0.0,0.0,4.0,0.0,1.0,0.0,0.0,0.0,2024,2.9175182481751825,2.978787878787879,3.9,5.4,98
744974,2024-08-16,TEX,MIN,140,142,571760.0,680573.0,False,9,4.0,5,0.0,1.0,1.0,0.0,4.0,1.0,0.0,0.0,0.0,2024,3.799588477366255,3.471900826446281,4.5,4.4,103
746357,2024-08-16,HOU,CWS,117,145,681293.0,676979.0,False,9,3.0,3,0.0,1.0,3.0,0.0,1.0,2.0,0.0,1.0,1.0,2024,3.3903225806451616,6.874834437086093,4.7,3.9,99
746841,2024-08-17,CHC,TOR,112,141,657006.0,605135.0,False,9,2.0,5,1.0,0.0,0.0,0.0,2.0,0.0,1.0,0.0,1.0,2024,3.3264150943396227,5.619083969465649,4.7,4.6,98
745537,2024-08-17,PHI,WSH,143,120,650911.0,669022.0,False,9,4.0,6,0.0,0.0,0.0,2.0,0.0,4.0,0.0,0.0,0.0,2024,3.4759398496240603,6.512322274881516,5.4,4.7,102
746434,2024-08-17,DET,NYY,116,147,672456.0,607074.0,False,9,3.0,2,1.0,3.0,0.0,0.0,0.0,0.0,0.0,0.0,0.0,2024,5.697864768683274,4.121897810218978,4.1,5.0,96
745049,2024-08-17,TB,ARI,139,109,605488.0,668678.0,False,9,2.0,tie,2.0,2.0,0.0,0.0,1.0,2.0,0.0,0.0,0.0,2024,6.054545454545455,3.0644128113879003,2.8,6.6,97
745139,2024-08-18,STL,LAD,138,119,543243.0,477132.0,False,9,2.0,5,0.0,0.0,0.0,0.0,2.0,0.0,0.0,1.0,0.0,2024,4.906451612903226,2.919277108433735,3.9,5.2,99
745464,2024-08-18,PIT,SEA,134,136,663765.0,669923.0,False,9,3.0,4,2.0,2.0,0.0,3.0,1.0,2.0,2.0,1.0,0.0,2024,4.304188481675393,4.088593155893536,4.0,3.7,95
745539,2024-08-18,PHI,WSH,143,120,592836.0,663623.0,False,9,3.0,6,1.0,0.0,1.0,2.0,1.0,3.0,0.0,1.0,1.0,2024,6.561538461538461,5.220141342756184,5.3,3.7,102
746516,2024-08-18,COL,SD,115,135,687134.0,605397.0,False,9,2.0,6,0.0,0.0,1.0,1.0,0.0,2.0,0.0,1.0,0.0,2024,1.5615384615384618,5.062616822429907,4.8,6.1,112
745294,2024-08-19,SF,CWS,137,145,690986.0,686563.0,False,9,5.0,5,0.0,0.0,0.0,0.0,5.0,1.0,0.0,2.0,0.0,2024,5.133898305084746,5.565753424657535,3.4,3.5,95
745620,2024-08-19,ATH,TB,133,139,671212.0,671737.0,False,9,2.0,1,2.0,0.0,0.0,0.0,1.0,0.0,0.0,0.0,0.0,2024,6.0473684210526315,4.164638783269963,3.5,3.7,97
745380,2024-08-19,SD,MIN,135,142,650633.0,805673.0,False,9,3.0,tie,3.0,1.0,3.0,0.0,0.0,0.0,0.0,0.0,1.0,2024,1.5053156146179403,3.7,5.4,4.9,96
745780,2024-08-19,NYM,BAL,121,110,656849.0,669432.0,False,9,2.0,tie,2.0,0.0,0.0,1.0,1.0,0.0,2.0,0.0,1.0,2024,4.059409594095941,4.3820512820512825,4.2,4.5,94
745295,2024-08-20,SF,CWS,137,145,592662.0,663436.0,False,9,2.0,3,0.0,1.0,2.0,0.0,1.0,0.0,1.0,0.0,0.0,2024,6.351231527093596,4.627777777777778,3.0,3.3,95
746029,2024-08-20,MIA,ARI,146,109,665795.0,593958.0,False,9,2.0,5,1.0,0.0,0.0,0.0,2.0,1.0,0.0,0.0,0.0,2024,3.8662835249042145,5.354901960784314,4.3,6.7,93
746839,2024-08-20,CHC,DET,112,116,665871.0,656412.0,False,9,2.0,5,0.0,1.0,0.0,0.0,2.0,1.0,0.0,0.0,0.0,2024,4.602347417840376,4.229032258064516,4.4,3.8,98
745136,2024-08-20,STL,MIL,138,158,607200.0,593423.0,False,9,3.0,8,0.0,1.0,0.0,0.0,1.0,0.0,0.0,3.0,0.0,2024,6.011877394636015,4.759192825112107,3.6,3.6,99
745374,2024-08-20,SD,MIN,135,142,527048.0,641927.0,False,9,6.0,8,0.0,1.0,0.0,2.0,1.0,0.0,2.0,6.0,0.0,2024,5.2978021978021985,2.835294117647059,5.2,4.6,96
744812,2024-08-21,WSH,COL,120,115,680730.0,685299.0,False,9,4.0,3,0.0,1.0,4.0,0.0,0.0,1.0,1.0,0.0,0.0,2024,4.7450216450216445,5.476237623762376,3.5,5.0,99
746028,2024-08-21,MIA,ARI,146,109,682610.0,656756.0,False,9,4.0,tie,3.0,0.0,2.0,4.0,0.0,0.0,4.0,2.0,3.0,2024,6.902816901408451,4.35,4.0,6.7,93
745297,2024-08-21,SF,CWS,137,145,657277.0,676979.0,False,9,4.0,9,1.0,0.0,0.0,3.0,0.0,0.0,0.0,0.0,4.0,2024,2.17185628742515,5.848538011695906,3.1,3.2,95
745622,2024-08-21,ATH,TB,133,139,687765.0,686752.0,False,9,2.0,tie,1.0,0.0,0.0,0.0,2.0,1.0,2.0,0.0,0.0,2024,4.99873417721519,2.3913385826771654,3.4,3.1,97
745704,2024-08-21,NYY,CLE,147,114,641482.0,676282.0,False,9,3.0,4,2.0,0.0,2.0,3.0,0.0,0.0,1.0,1.0,0.0,2024,4.8479674796747965,7.327642276422765,4.6,4.0,97
747082,2024-08-22,ATL,PHI,144,143,680885.0,650911.0,False,9,1.0,tie,1.0,1.0,1.0,0.0,0.0,1.0,1.0,0.0,0.0,2024,3.261290322580645,3.2973684210526315,4.7,4.4,100
745623,2024-08-22,ATH,TB,133,139,674370.0,605488.0,False,9,2.0,2,0.0,2.0,1.0,1.0,0.0,0.0,0.0,0.0,0.0,2024,3.367175572519084,4.638461538461539,3.5,3.0,97
744815,2024-08-22,WSH,COL,120,115,571578.0,615698.0,False,9,4.0,6,0.0,0.0,2.0,0.0,0.0,4.0,0.0,3.0,2.0,2024,4.7182572614107885,6.062962962962963,3.8,4.5,99
745870,2024-08-23,MIN,STL,142,138,701581.0,669467.0,False,9,2.0,tie,0.0,1.0,1.0,2.0,0.0,1.0,0.0,2.0,0.0,2024,4.225541125541126,3.5014598540145987,5.8,3.4,99
746268,2024-08-23,KC,PHI,118,143,608379.0,592836.0,False,9,6.0,3,1.0,0.0,6.0,1.0,1.0,0.0,0.0,2.0,0.0,2024,4.72251655629139,6.861061946902655,5.9,4.5,98
745702,2024-08-23,NYY,COL,147,115,607074.0,607536.0,False,9,1.0,tie,0.0,0.0,0.0,1.0,1.0,1.0,0.0,0.0,0.0,2024,3.590566037735849,4.638461538461539,4.8,4.0,97
745625,2024-08-23,ATH,MIL,133,158,676664.0,650644.0,False,9,5.0,2,1.0,5.0,0.0,4.0,0.0,0.0,0.0,0.0,4.0,2024,3.187719298245614,4.7205533596837945,3.7,3.3,97
746597,2024-08-23,CLE,TEX,114,140,676440.0,543135.0,False,9,5.0,2,0.0,5.0,1.0,1.0,0.0,0.0,1.0,0.0,0.0,2024,3.5545454545454547,3.7785714285714285,3.6,3.5,97
745378,2024-08-23,SD,NYM,135,121,605397.0,621112.0,False,9,3.0,2,1.0,3.0,2.0,0.0,0.0,0.0,0.0,1.0,0.0,2024,2.606726457399103,4.507407407407408,4.5,5.3,96
746022,2024-08-24,MIA,CHC,146,112,678368.0,684007.0,False,9,5.0,5,1.0,0.0,2.0,1.0,5.0,0.0,3.0,2.0,2.0,2024,3.5761904761904764,4.6845070422535215,4.1,4.0,93
746599,2024-08-24,CLE,TEX,114,140,594902.0,592351.0,False,9,4.0,3,2.0,3.0,4.0,0.0,1.0,2.0,3.0,1.0,2.0,2024,6.306106870229008,4.019117647058824,3.4,3.6,97
746756,2024-08-24,CWS,DET,145,116,681066.0,669373.0,False,9,7.0,3,1.0,0.0,7.0,4.0,0.0,0.0,1.0,0.0,4.0,2024,5.987323943661972,3.1,3.3,4.3,101
745703,2024-08-24,NYY,COL,147,115,701542.0,687134.0,False,9,5.0,3,1.0,1.0,5.0,1.0,1.0,0.0,2.0,0.0,0.0,2024,4.7197183098591555,2.8115384615384618,4.3,3.1,97
746917,2024-08-24,BOS,ARI,111,109,676710.0,668678.0,False,9,2.0,tie,0.0,0.0,0.0,2.0,0.0,0.0,2.0,0.0,1.0,2024,7.461233480176212,2.815302491103203,5.2,6.6,104
745617,2024-08-24,ATH,MIL,133,158,671212.0,607067.0,False,9,4.0,9,1.0,3.0,0.0,0.0,2.0,2.0,1.0,1.0,4.0,2024,4.889473684210526,4.2627906976744185,3.2,4.2,97
744890,2024-08-24,TOR,LAA,141,108,670102.0,608334.0,False,9,2.0,1,2.0,0.0,0.0,0.0,0.0,0.0,0.0,1.0,1.0,2024,3.34822695035461,5.802702702702703,5.3,2.9,101
746754,2024-08-25,CWS,DET,145,116,686563.0,689225.0,False,9,3.0,tie,2.0,0.0,2.0,1.0,3.0,0.0,3.0,2.0,0.0,2024,6.1136986301369864,1.456164383561644,2.5,4.1,101
744892,2024-08-25,TOR,LAA,141,108,592332.0,542881.0,False,9,3.0,8,0.0,0.0,1.0,1.0,1.0,2.0,2.0,3.0,0.0,2024,4.51566265060241,4.401369863013699,5.0,2.9,101
746023,2024-08-25,MIA,CHC,146,112,670124.0,665871.0,False,9,4.0,8,2.0,1.0,1.0,0.0,0.0,0.0,0.0,4.0,1.0,2024,12.623809523809523,3.399145299145299,3.6,4.6,93
747078,2024-08-25,ATL,WSH,144,120,625643.0,687792.0,False,9,3.0,7,1.0,0.0,0.0,0.0,0.0,1.0,3.0,0.0,1.0,2024,2.6,3.0572649572649575,4.4,3.2,100
745376,2024-08-25,SD,NYM,135,121,527048.0,500779.0,False,9,2.0,8,0.0,0.0,0.0,1.0,0.0,0.0,1.0,2.0,1.0,2024,4.690106007067138,5.313740458015268,4.8,4.7,96
745133,2024-08-26,STL,SD,138,135,502043.0,681190.0,False,9,3.0,5,2.0,1.0,2.0,1.0,3.0,0.0,1.0,0.0,1.0,2024,4.821611721611722,3.660344827586207,3.8,4.3,99
746915,2024-08-26,BOS,TOR,111,141,677161.0,621244.0,False,9,5.0,5,0.0,0.0,1.0,0.0,5.0,0.0,0.0,2.0,2.0,2024,1.6714285714285715,3.9181818181818184,4.2,4.9,104
745458,2024-08-26,PIT,CHC,134,112,656605.0,592791.0,False,9,8.0,tie,0.0,2.0,3.0,0.0,0.0,8.0,2.0,3.0,8.0,2024,3.988888888888889,5.398850574712643,4.1,4.7,95
746513,2024-08-26,COL,MIA,115,146,663372.0,665795.0,False,9,4.0,5,0.0,0.0,0.0,0.0,4.0,1.0,0.0,0.0,0.0,2024,5.470689655172414,4.9148148148148145,3.6,3.8,112
744813,2024-08-26,WSH,NYY,120,147,680730.0,641482.0,False,9,2.0,tie,1.0,0.0,0.0,1.0,0.0,2.0,1.0,2.0,0.0,2024,3.7273062730627307,2.809090909090909,3.6,4.9,99
744811,2024-08-27,WSH,NYY,120,147,571578.0,543037.0,False,9,2.0,4,0.0,1.0,0.0,2.0,0.0,1.0,0.0,1.0,1.0,2024,5.134632034632034,3.790909090909091,3.5,4.4,99
746916,2024-08-27,BOS,TOR,111,141,681867.0,684320.0,False,9,3.0,tie,3.0,0.0,1.0,0.0,3.0,1.0,0.0,0.0,1.0,2024,4.364822134387352,6.255080213903743,4.4,5.1,104
746671,2024-08-27,CIN,ATH,113,133,596001.0,687765.0,False,9,4.0,7,0.0,0.0,0.0,1.0,0.0,0.0,4.0,2.0,2.0,2024,1.85,4.5843750000000005,4.1,3.1,105
746103,2024-08-28,LAD,BAL,119,110,621111.0,669203.0,False,9,4.0,3,1.0,3.0,4.0,0.0,2.0,0.0,0.0,0.0,0.0,2024,7.0790575916230365,4.046969696969697,4.8,3.6,94
745211,2024-08-28,SEA,TB,136,139,622491.0,656876.0,False,9,4.0,5,0.0,2.0,0.0,0.0,4.0,1.0,0.0,1.0,0.0,2024,4.50893470790378,1.7666666666666668,3.9,3.1,94
745866,2024-08-28,MIN,ATL,142,144,701581.0,519242.0,False,9,4.0,7,1.0,0.0,0.0,0.0,0.0,1.0,4.0,0.0,0.0,2024,2.8652582159624416,1.0591836734693878,5.0,4.8,99
747161,2024-08-28,ARI,NYM,109,121,593958.0,622663.0,False,9,4.0,tie,0.0,1.0,2.0,1.0,4.0,1.0,0.0,4.0,0.0,2024,4.1457516339869285,4.655555555555556,6.0,4.4,100
745541,2024-08-28,PHI,HOU,143,117,592836.0,681293.0,False,9,5.0,4,1.0,0.0,0.0,5.0,0.0,0.0,1.0,3.0,0.0,2024,8.933333333333334,3.5635761589403976,4.9,3.4,102
745943,2024-08-28,MIL,SF,158,137,642547.0,690986.0,False,9,5.0,5,0.0,0.0,0.0,0.0,5.0,0.0,1.0,2.0,0.0,2024,5.492857142857143,4.766666666666667,4.5,3.8,100
746589,2024-08-28,CLE,KC,114,118,676440.0,608379.0,False,9,4.0,7,3.0,0.0,1.0,0.0,1.0,2.0,4.0,1.0,0.0,2024,3.1,3.06875,3.8,5.2,97
747159,2024-08-29,ARI,NYM,109,121,669194.0,656849.0,False,9,2.0,3,0.0,1.0,2.0,0.0,0.0,1.0,0.0,0.0,1.0,2024,2.5871794871794873,3.1,6.4,4.5,100
746514,2024-08-29,COL,MIA,115,146,687134.0,678368.0,False,9,9.0,4,0.0,1.0,3.0,9.0,1.0,5.0,0.0,0.0,1.0,2024,3.8741935483870966,5.6660377358490575,4.1,4.3,112
746748,2024-08-29,CWS,TEX,145,140,680897.0,543135.0,False,9,1.0,tie,0.0,0.0,0.0,1.0,0.0,0.0,1.0,0.0,1.0,2024,8.777083333333334,3.803703703703704,2.7,3.2,101
745531,2024-08-29,PHI,ATL,143,144,650911.0,450203.0,False,9,4.0,6,0.0,1.0,2.0,0.0,0.0,4.0,2.0,0.0,0.0,2024,3.2315789473684213,5.181632653061225,4.4,4.2,102
745945,2024-08-29,MIL,SF,158,137,650644.0,806185.0,False,9,3.0,4,0.0,2.0,1.0,3.0,0.0,0.0,0.0,0.0,0.0,2024,4.171428571428572,5.638860103626943,4.5,3.5,100
745700,2024-08-30,NYY,STL,147,138,573186.0,607200.0,False,9,5.0,3,0.0,1.0,5.0,0.0,0.0,0.0,0.0,3.0,0.0,2024,3.804225352112676,5.379411764705882,4.5,4.1,97
744810,2024-08-30,WSH,CHC,120,112,663623.0,684007.0,False,9,7.0,2,2.0,7.0,1.0,0.0,0.0,0.0,0.0,0.0,3.0,2024,6.396703296703297,5.119867549668874,4.1,7.8,99
746749,2024-08-30,CWS,NYM,145,121,686563.0,656731.0,False,9,3.0,3,1.0,1.0,3.0,0.0,0.0,0.0,0.0,0.0,1.0,2024,5.747058823529412,5.2030042918454935,2.8,4.6,101
745533,2024-08-30,PHI,ATL,143,144,624133.0,625643.0,False,9,3.0,4,0.0,0.0,2.0,3.0,0.0,2.0,2.0,0.0,0.0,2024,4.00909090909091,2.523076923076923,4.5,4.3,102
746353,2024-08-30,HOU,KC,117,118,664285.0,607625.0,False,9,3.0,9,0.0,0.0,1.0,0.0,0.0,0.0,0.0,1.0,3.0,2024,1.8974683544303796,3.819178082191781,4.3,4.7,99
746511,2024-08-30,COL,BAL,115,110,596295.0,544150.0,False,9,3.0,9,0.0,1.0,2.0,2.0,0.0,0.0,0.0,0.0,3.0,2024,5.341379310344827,3.325563909774436,4.6,3.8,112
745299,2024-08-30,SF,MIA,137,146,605483.0,670124.0,False,9,3.0,8,0.0,0.0,0.0,0.0,0.0,0.0,1.0,3.0,0.0,2024,2.0710610932475886,6.717021276595744,3.5,5.2,95
745532,2024-08-31,PHI,ATL,143,144,554430.0,608331.0,False,9,1.0,tie,0.0,0.0,1.0,0.0,0.0,1.0,1.0,0.0,0.0,2024,2.56875,2.5841269841269843,4.6,4.7,102
746507,2024-08-31,COL,BAL,115,110,663372.0,665152.0,False,9,4.0,4,0.0,3.0,0.0,4.0,3.0,0.0,0.0,2.0,0.0,2024,5.34,3.4321033210332104,4.6,4.0,112
745699,2024-08-31,NYY,STL,147,138,701542.0,502043.0,False,9,4.0,tie,0.0,1.0,4.0,0.0,0.0,2.0,0.0,4.0,0.0,2024,3.9139534883720932,5.334848484848485,4.9,4.2,97
744971,2024-08-31,TEX,ATH,140,133,674003.0,683155.0,False,9,2.0,2,0.0,2.0,0.0,1.0,0.0,1.0,0.0,0.0,1.0,2024,3.835294117647059,4.749122807017544,2.8,4.9,103
746348,2024-08-31,HOU,KC,117,118,579328.0,666142.0,False,9,5.0,6,0.0,0.0,0.0,0.0,0.0,5.0,1.0,1.0,0.0,2024,3.5633204633204634,4.638461538461538,4.1,4.4,99
745050,2024-08-31,TB,SD,139,135,669358.0,681190.0,False,9,4.0,2,3.0,4.0,0.0,3.0,1.0,0.0,2.0,2.0,0.0,2024,3.474149659863946,4.00909090909091,3.0,4.9,97
745859,2024-08-31,MIN,TOR,142,141,805673.0,621244.0,False,9,7.0,1,7.0,2.0,2.0,0.0,0.0,1.0,0.0,2.0,1.0,2024,3.7,4.244578313253012,4.3,4.0,99
746182,2024-08-31,LAA,SEA,108,136,542881.0,693433.0,False,9,3.0,4,0.0,1.0,1.0,3.0,0.0,1.0,2.0,0.0,1.0,2024,4.864705882352942,2.379279279279279,3.1,4.2,98
747157,2024-09-01,ARI,LAD,109,119,694297.0,680736.0,False,9,8.0,2,0.0,8.0,1.0,1.0,0.0,3.0,2.0,2.0,0.0,2024,3.464963503649635,6.474485596707819,6.4,6.4,100
746426,2024-09-01,DET,BOS,116,111,689225.0,681867.0,False,9,3.0,5,0.0,0.0,0.0,0.0,3.0,2.0,0.0,0.0,0.0,2024,2.2358024691358027,4.416872427983539,5.1,3.2,96
746592,2024-09-01,CLE,PIT,114,134,502171.0,656605.0,False,9,3.0,7,2.0,0.0,0.0,1.0,0.0,1.0,3.0,0.0,0.0,2024,4.589361702127659,4.266666666666667,4.5,5.3,97
744806,2024-09-01,WSH,CHC,120,112,680730.0,696136.0,False,9,7.0,9,0.0,1.0,3.0,1.0,0.0,0.0,3.0,0.0,7.0,2024,4.096168582375479,3.2025641025641027,4.3,8.7,99
744972,2024-09-02,TEX,NYY,140,147,683004.0,543037.0,False,9,5.0,6,0.0,0.0,3.0,0.0,0.0,5.0,2.0,1.0,1.0,2024,6.890322580645162,2.99010989010989,3.3,4.8,103
745779,2024-09-02,NYM,BOS,121,111,622663.0,678394.0,False,9,2.0,tie,0.0,1.0,2.0,2.0,0.0,0.0,0.0,0.0,0.0,2024,3.986524822695036,3.6119453924914677,4.5,2.9,94
745619,2024-09-02,ATH,SEA,133,136,674370.0,669302.0,False,9,5.0,3,2.0,0.0,5.0,0.0,0.0,1.0,0.0,0.0,1.0,2024,2.203448275862069,2.0419795221843007,5.3,4.5,97
746264,2024-09-03,KC,CLE,118,114,663903.0,676440.0,False,9,3.0,8,0.0,1.0,0.0,0.0,1.0,1.0,2.0,3.0,0.0,2024,2.8426470588235295,4.046969696969697,3.8,5.2,98
746834,2024-09-03,CHC,PIT,112,134,543294.0,694973.0,False,9,3.0,7,0.0,0.0,2.0,0.0,0.0,0.0,3.0,0.0,0.0,2024,5.436448598130841,2.8508896797153027,9.2,5.2,98
745778,2024-09-03,NYM,BOS,121,111,656849.0,676710.0,False,9,5.0,8,0.0,0.0,2.0,0.0,1.0,0.0,1.0,5.0,0.0,2024,3.5968944099378883,4.238211382113821,4.1,2.8,94
746991,2024-09-03,BAL,CWS,110,145,700249.0,680897.0,False,9,4.0,2,3.0,4.0,0.0,1.0,1.0,0.0,0.0,0.0,0.0,2024,4.937606837606838,8.054954954954955,5.2,2.3,101
745615,2024-09-03,ATH,SEA,133,136,669372.0,622491.0,False,9,3.0,1,3.0,0.0,0.0,1.0,0.0,0.0,0.0,0.0,1.0,2024,7.9,4.548763250883392,5.5,4.5,97
746990,2024-09-04,BAL,CWS,110,145,544150.0,686563.0,False,9,3.0,4,2.0,0.0,0.0,3.0,2.0,0.0,0.0,0.0,2.0,2024,2.861904761904762,5.996825396825397,5.4,1.9,101
746666,2024-09-04,CIN,HOU,113,117,607259.0,681293.0,False,9,9.0,1,9.0,1.0,1.0,0.0,2.0,3.0,1.0,0.0,0.0,2024,5.361904761904762,2.7178343949044588,5.0,4.4,105
745614,2024-09-04,ATH,SEA,133,136,676664.0,669923.0,False,9,8.0,7,1.0,2.0,0.0,3.0,0.0,1.0,8.0,4.0,0.0,2024,4.34203821656051,7.2101694915254235,5.5,4.1,97
746178,2024-09-04,LAA,LAD,108,119,656288.0,676272.0,False,9,5.0,1,5.0,1.0,0.0,0.0,1.0,0.0,1.0,3.0,0.0,2024,5.166420664206642,7.190909090909091,2.9,6.3,98
744964,2024-09-04,TEX,NYY,140,147,543135.0,573186.0,False,9,4.0,9,1.0,1.0,0.0,3.0,2.0,3.0,2.0,0.0,4.0,2024,2.85,2.663492063492064,3.8,5.1,103
745042,2024-09-05,TB,MIN,139,142,671737.0,641154.0,False,9,3.0,tie,0.0,3.0,3.0,0.0,0.0,0.0,1.0,0.0,0.0,2024,6.448214285714286,3.2923076923076926,4.1,3.1,97
745369,2024-09-05,SD,DET,135,116,527048.0,663554.0,False,9,4.0,9,1.0,2.0,0.0,0.0,0.0,0.0,0.0,0.0,4.0,2024,5.9163265306122454,2.7825396825396824,5.1,4.0,96
746912,2024-09-06,BOS,CWS,111,145,601713.0,663436.0,False,9,2.0,7,0.0,1.0,0.0,1.0,0.0,0.0,2.0,0.0,0.0,2024,5.751515151515152,3.8114624505928854,2.7,2.3,104
745941,2024-09-06,MIL,COL,158,115,593423.0,663372.0,False,9,3.0,6,0.0,1.0,0.0,0.0,0.0,3.0,1.0,0.0,0.0,2024,3.492857142857143,5.757657657657658,5.7,4.3,100
747074,2024-09-06,ATL,TOR,144,141,608331.0,592332.0,False,9,3.0,2,0.0,3.0,1.0,0.0,0.0,0.0,0.0,0.0,0.0,2024,3.5810996563573885,3.3173913043478263,4.5,4.9,100
745131,2024-09-06,STL,SEA,138,136,607200.0,682243.0,False,9,3.0,9,0.0,0.0,0.0,0.0,1.0,2.0,1.0,0.0,3.0,2024,4.711721611721612,3.2773049645390073,5.3,5.6,99
745125,2024-09-07,STL,SEA,138,136,502043.0,669302.0,False,9,2.0,8,0.0,0.0,0.0,0.0,0.0,0.0,0.0,2.0,0.0,2024,4.804545454545455,2.007849829351536,5.0,5.7,99
745455,2024-09-07,PIT,WSH,134,120,682847.0,687792.0,False,9,2.0,tie,0.0,1.0,0.0,1.0,0.0,2.0,2.0,0.0,2.0,2024,4.996551724137931,2.9672566371681417,5.4,3.9,95
746259,2024-09-07,KC,MIN,118,142,679525.0,641927.0,False,9,4.0,8,0.0,0.0,2.0,0.0,0.0,0.0,0.0,4.0,0.0,2024,5.559016393442623,4.176923076923077,3.2,2.7,98
745775,2024-09-07,NYM,CIN,121,113,500779.0,596001.0,False,9,4.0,6,0.0,0.0,0.0,0.0,0.0,4.0,0.0,0.0,0.0,2024,5.419391634980989,1.725,5.3,5.0,94
746986,2024-09-07,BAL,TB,110,139,621107.0,686752.0,False,9,2.0,tie,1.0,0.0,1.0,0.0,0.0,2.0,2.0,1.0,1.0,2024,2.4769470404984424,4.517624521072797,5.1,4.2,101
746829,2024-09-07,CHC,NYY,112,147,665871.0,657376.0,False,9,1.0,tie,1.0,0.0,0.0,0.0,0.0,1.0,0.0,0.0,0.0,2024,4.3121212121212125,2.86027397260274,8.2,4.8,98
745616,2024-09-08,ATH,DET,133,116,669372.0,689225.0,False,9,6.0,8,0.0,0.0,2.0,1.0,0.0,1.0,0.0,6.0,0.0,2024,4.281818181818182,3.7451612903225806,4.7,3.1,97
745453,2024-09-08,PIT,WSH,134,120,683003.0,571578.0,False,9,5.0,1,5.0,1.0,1.0,1.0,0.0,1.0,0.0,0.0,1.0,2024,4.849049429657795,3.4952569169960475,5.0,4.5,95
745774,2024-09-08,NYM,CIN,121,113,622663.0,687924.0,False,9,2.0,9,0.0,0.0,0.0,0.0,0.0,1.0,1.0,0.0,2.0,2024,3.5966887417218545,7.297530864197531,4.9,4.4,94
746098,2024-09-08,LAD,CLE,119,114,656427.0,676440.0,False,9,2.0,8,0.0,0.0,0.0,1.0,1.0,0.0,0.0,2.0,0.0,2024,4.603759398496241,4.198484848484849,5.9,4.1,94
745128,2024-09-08,STL,SEA,138,136,571945.0,622491.0,False,9,5.0,1,5.0,4.0,0.0,0.0,2.0,0.0,0.0,2.0,1.0,2024,3.755737704918033,5.762116040955632,4.7,5.5,99
746258,2024-09-08,KC,MIN,118,142,608379.0,680573.0,False,9,2.0,5,0.0,0.0,0.0,0.0,2.0,0.0,0.0,0.0,0.0,2024,3.0,5.231147540983606,3.0,2.3,98
746909,2024-09-09,BOS,BAL,111,110,678394.0,700249.0,False,9,4.0,6,2.0,0.0,3.0,1.0,0.0,4.0,3.0,2.0,0.0,2024,3.199667774086379,3.3755905511811024,2.7,4.5,104
745454,2024-09-09,PIT,MIA,134,146,694973.0,678368.0,False,9,2.0,2,1.0,2.0,0.0,1.0,0.0,0.0,0.0,0.0,1.0,2024,2.8142857142857145,6.978326996197719,4.7,5.3,95
744888,2024-09-09,TOR,NYM,141,121,621114.0,656731.0,False,9,2.0,tie,0.0,0.0,0.0,1.0,0.0,0.0,2.0,2.0,0.0,2024,2.1,5.298275862068966,4.4,4.5,101
744807,2024-09-10,WSH,ATL,120,144,669022.0,625643.0,False,9,4.0,3,0.0,0.0,4.0,3.0,1.0,2.0,0.0,1.0,1.0,2024,3.283823529411765,2.523076923076923,4.4,3.0,99
745856,2024-09-10,MIN,LAA,142,108,641154.0,656288.0,False,9,6.0,5,0.0,4.0,2.0,0.0,6.0,2.0,0.0,0.0,1.0,2024,2.4518518518518517,4.821611721611721,2.2,4.5,99
745535,2024-09-10,PHI,TB,143,139,624133.0,671737.0,False,9,5.0,8,1.0,2.0,3.0,0.0,1.0,1.0,0.0,5.0,0.0,2024,3.0203187250996018,6.314285714285714,5.1,4.2,102
745210,2024-09-10,SEA,SD,136,135,669923.0,506433.0,False,9,3.0,tie,1.0,1.0,3.0,0.0,0.0,2.0,3.0,0.0,0.0,2024,5.701626016260163,4.288524590163934,5.9,4.8,94
745857,2024-09-11,MIN,LAA,142,108,805673.0,686799.0,False,9,3.0,4,2.0,0.0,1.0,3.0,0.0,1.0,2.0,0.0,1.0,2024,5.327272727272727,4.670512820512821,3.2,4.5,99
745127,2024-09-11,STL,CIN,138,113,458681.0,682227.0,False,9,2.0,4,0.0,0.0,0.0,2.0,0.0,0.0,0.0,1.0,0.0,2024,5.703305785123967,4.067741935483871,4.3,3.7,99
744881,2024-09-11,TOR,NYM,141,121,670102.0,640455.0,False,9,7.0,9,0.0,0.0,0.0,1.0,0.0,0.0,0.0,0.0,7.0,2024,2.842857142857143,3.8784431137724553,5.0,4.2,101
745129,2024-09-12,STL,CIN,138,113,543243.0,596001.0,False,9,2.0,tie,0.0,0.0,1.0,0.0,0.0,2.0,2.0,2.0,0.0,2024,4.789655172413793,1.7153846153846155,4.2,3.4,99
744805,2024-09-12,WSH,MIA,120,146,680730.0,670766.0,False,9,3.0,tie,3.0,0.0,2.0,0.0,0.0,0.0,0.0,3.0,1.0,2024,3.4896103896103896,4.685365853658537,3.8,4.3,99
745288,2024-09-12,SF,MIL,137,158,806185.0,593423.0,False,9,2.0,8,0.0,0.0,0.0,0.0,0.0,0.0,1.0,2.0,0.0,2024,6.127027027027028,3.166666666666667,5.1,3.6,95
746427,2024-09-12,DET,COL,116,115,669373.0,663372.0,False,9,2.0,tie,0.0,0.0,1.0,2.0,0.0,0.0,1.0,0.0,2.0,2024,1.7754966887417218,4.901801801801802,5.0,2.6,96
746509,2024-09-13,COL,CHC,115,112,596295.0,665871.0,False,9,7.0,8,2.0,3.0,0.0,1.0,0.0,0.0,1.0,7.0,0.0,2024,3.6151515151515152,3.9695652173913043,2.3,5.5,112
747069,2024-09-13,ATL,LAD,144,119,680885.0,689017.0,False,9,4.0,2,1.0,4.0,1.0,1.0,0.0,0.0,0.0,1.0,0.0,2024,3.2171875,4.663786008230453,3.6,5.0,100
747153,2024-09-13,ARI,MIL,109,158,593958.0,642547.0,False,9,2.0,4,1.0,0.0,0.0,2.0,0.0,0.0,0.0,0.0,0.0,2024,3.9189655172413795,5.039163498098859,7.3,3.4,100
746740,2024-09-14,CWS,ATH,145,133,623167.0,669372.0,False,9,4.0,9,0.0,2.0,1.0,0.0,0.0,3.0,2.0,1.0,4.0,2024,4.5285714285714285,4.475,3.1,3.3,101
746422,2024-09-14,DET,BAL,116,110,689225.0,669203.0,False,9,3.0,7,0.0,0.0,1.0,0.0,0.0,0.0,3.0,0.0,2.0,2024,3.261290322580645,5.044444444444444,4.7,3.7,96
745689,2024-09-14,NYY,BOS,147,111,543037.0,678394.0,False,9,4.0,5,0.0,0.0,1.0,3.0,4.0,0.0,0.0,0.0,0.0,2024,2.7551724137931037,3.408219178082192,3.7,4.2,97
746177,2024-09-14,LAA,HOU,108,117,542881.0,434378.0,False,9,3.0,5,2.0,0.0,0.0,1.0,3.0,0.0,0.0,1.0,1.0,2024,5.242857142857143,4.856756756756757,4.4,5.1,98
745528,2024-09-14,PHI,NYM,143,121,663465.0,622663.0,False,9,3.0,3,1.0,0.0,3.0,1.0,0.0,2.0,2.0,1.0,0.0,2024,5.5285714285714285,2.7496815286624203,5.8,5.2,102
745858,2024-09-14,MIN,CIN,142,113,680573.0,607259.0,False,9,9.0,4,1.0,0.0,0.0,9.0,1.0,0.0,0.0,1.0,0.0,2024,5.193023255813953,5.19016393442623,3.3,3.4,99
747070,2024-09-14,ATL,LAD,144,119,519242.0,656427.0,False,9,6.0,6,1.0,0.0,4.0,0.0,0.0,6.0,0.0,0.0,0.0,2024,1.50625,3.7666666666666666,4.0,4.9,100
745206,2024-09-15,SEA,TEX,136,140,669923.0,571760.0,False,9,3.0,1,3.0,0.0,0.0,0.0,0.0,1.0,1.0,2.0,0.0,2024,5.107575757575757,2.9007968127490042,6.0,4.4,94
745530,2024-09-15,PHI,NYM,143,121,650911.0,656849.0,False,9,2.0,8,0.0,0.0,0.0,0.0,0.0,0.0,0.0,2.0,1.0,2024,3.0698795180722893,3.067948717948718,5.4,5.2,102
745449,2024-09-15,PIT,KC,134,118,683003.0,663903.0,False,9,2.0,tie,1.0,1.0,0.0,2.0,2.0,1.0,0.0,0.0,0.0,2024,4.062199312714776,3.3573529411764707,4.1,4.1,95
747071,2024-09-15,ATL,LAD,144,119,450203.0,621111.0,False,9,7.0,9,0.0,0.0,2.0,0.0,1.0,0.0,1.0,0.0,7.0,2024,3.249812734082397,6.1516431924882635,4.7,3.9,100
746180,2024-09-15,LAA,HOU,108,117,702674.0,669854.0,False,9,4.0,4,0.0,0.0,1.0,4.0,0.0,0.0,0.0,2.0,3.0,2024,11.242857142857142,3.9119658119658123,4.5,5.3,98
744801,2024-09-15,WSH,MIA,120,146,669022.0,670124.0,False,9,2.0,4,0.0,0.0,1.0,2.0,1.0,0.0,1.0,1.0,1.0,2024,3.478787878787879,5.374509803921569,3.9,3.8,99
745693,2024-09-15,NYY,BOS,147,111,607074.0,676710.0,False,9,3.0,3,0.0,1.0,3.0,2.0,0.0,0.0,1.0,0.0,0.0,2024,3.1,4.29718309859155,3.4,4.7,97
746419,2024-09-15,DET,BAL,116,110,672456.0,700249.0,False,9,3.0,8,0.0,0.0,2.0,0.0,0.0,1.0,0.0,3.0,0.0,2024,3.491459074733096,3.727450980392157,4.9,2.8,96
745852,2024-09-15,MIN,CIN,142,113,701581.0,695076.0,False,9,5.0,7,0.0,0.0,0.0,3.0,0.0,3.0,5.0,0.0,0.0,2024,2.6258620689655174,3.1,3.3,3.3,99
745367,2024-09-16,SD,HOU,135,117,506433.0,681293.0,False,9,2.0,8,1.0,0.0,0.0,1.0,0.0,0.0,0.0,2.0,0.0,2024,5.6,4.1887096774193555,4.9,5.4,96
746587,2024-09-17,CLE,MIN,114,142,668909.0,805673.0,False,9,2.0,8,0.0,0.0,1.0,1.0,1.0,0.0,0.0,2.0,0.0,2024,4.688785046728972,6.483084577114427,3.3,3.7,97
746987,2024-09-17,BAL,SF,110,137,544150.0,605483.0,False,9,6.0,9,1.0,2.0,0.0,1.0,0.0,0.0,0.0,0.0,6.0,2024,4.407420494699647,1.9260869565217391,2.1,3.5,101
745044,2024-09-17,TB,BOS,139,111,669358.0,601713.0,False,9,4.0,tie,0.0,2.0,0.0,1.0,4.0,0.0,0.0,4.0,0.0,2024,4.84917491749175,4.421428571428572,2.5,4.6,97
745935,2024-09-17,MIL,PHI,158,143,593423.0,554430.0,False,9,2.0,6,0.0,1.0,0.0,1.0,0.0,2.0,1.0,0.0,1.0,2024,2.938709677419355,2.132258064516129,4.9,4.9,100
746176,2024-09-17,LAA,CWS,108,145,656288.0,663436.0,False,9,1.0,tie,0.0,0.0,1.0,1.0,1.0,1.0,1.0,0.0,0.0,2024,6.409090909090909,4.052380952380952,4.2,3.9,98
746830,2024-09-17,CHC,ATH,112,133,696136.0,687765.0,False,9,3.0,3,2.0,0.0,3.0,0.0,1.0,0.0,0.0,0.0,1.0,2024,6.317821782178218,2.922695035460993,5.1,3.4,98
745205,2024-09-17,SEA,NYY,136,147,693433.0,661563.0,False,9,3.0,tie,2.0,3.0,0.0,2.0,1.0,3.0,0.0,1.0,1.0,2024,4.777631578947369,4.926086956521739,5.1,3.3,94
746503,2024-09-17,COL,ARI,115,109,663372.0,656756.0,False,9,3.0,8,0.0,2.0,1.0,1.0,0.0,2.0,1.0,3.0,0.0,2024,3.614018691588785,5.27948717948718,3.7,6.1,112
745933,2024-09-18,MIL,PHI,158,143,642547.0,605400.0,False,9,1.0,tie,0.0,1.0,0.0,0.0,1.0,0.0,0.0,0.0,1.0,2024,4.68102766798419,4.539393939393939,4.8,3.8,100
745121,2024-09-18,STL,PIT,138,134,543243.0,663765.0,False,9,6.0,7,0.0,2.0,2.0,2.0,0.0,3.0,6.0,0.0,0.0,2024,3.4333333333333336,5.317194570135746,2.8,3.4,99
746254,2024-09-18,KC,DET,118,116,679525.0,669373.0,False,9,3.0,3,1.0,1.0,3.0,0.0,0.0,0.0,0.0,1.0,0.0,2024,3.951063829787234,2.1066225165562913,4.1,4.8,98
746831,2024-09-18,CHC,ATH,112,133,657006.0,669620.0,False,9,3.0,5,0.0,0.0,0.0,1.0,3.0,0.0,2.0,2.0,0.0,2024,2.3748091603053436,2.199099099099099,5.4,3.1,98
744962,2024-09-19,TEX,TOR,140,141,677958.0,592332.0,False,9,1.0,tie,0.0,1.0,1.0,0.0,0.0,0.0,1.0,0.0,1.0,2024,4.35,2.8350993377483444,4.5,4.4,103
746663,2024-09-19,CIN,ATL,113,144,687924.0,519242.0,False,9,5.0,5,0.0,1.0,4.0,0.0,5.0,3.0,1.0,1.0,3.0,2024,6.300000000000001,1.75625,3.7,4.7,105
746341,2024-09-19,HOU,LAA,117,108,579328.0,660761.0,False,9,2.0,8,1.0,0.0,0.0,1.0,0.0,0.0,0.0,2.0,0.0,2024,3.5276315789473687,9.009090909090908,4.0,4.2,99
746256,2024-09-20,KC,SF,118,137,608379.0,696131.0,False,9,1.0,tie,1.0,0.0,0.0,0.0,0.0,1.0,0.0,0.0,1.0,2024,2.6517241379310343,5.415270935960591,3.9,4.3,98
746984,2024-09-20,BAL,DET,110,116,669203.0,663947.0,False,9,2.0,tie,2.0,1.0,0.0,2.0,0.0,2.0,0.0,0.0,1.0,2024,3.702836879432624,1.727450980392157,2.5,5.0,101
745770,2024-09-20,NYM,PHI,121,143,656849.0,650911.0,False,9,6.0,4,2.0,1.0,1.0,6.0,0.0,2.0,0.0,2.0,0.0,2024,2.7815286624203823,2.971794871794872,5.9,3.9,94
746013,2024-09-20,MIA,ATL,146,144,678368.0,450203.0,False,9,3.0,1,3.0,0.0,1.0,1.0,1.0,1.0,0.0,0.0,0.0,2024,8.38688524590164,3.208695652173913,3.7,5.8,93
744960,2024-09-20,TEX,SEA,140,136,594798.0,669923.0,False,9,3.0,5,0.0,0.0,1.0,2.0,3.0,0.0,2.0,2.0,0.0,2024,1.5375,4.486861313868613,3.9,4.5,103
745934,2024-09-20,MIL,ARI,158,109,607067.0,668678.0,False,9,5.0,5,1.0,2.0,0.0,0.0,5.0,3.0,0.0,0.0,0.0,2024,5.957142857142857,2.914814814814815,4.5,7.0,100
745936,2024-09-21,MIL,ARI,158,109,650644.0,518876.0,False,9,2.0,tie,2.0,0.0,0.0,0.0,1.0,0.0,0.0,0.0,2.0,2024,4.096168582375479,5.626690391459075,4.6,6.5,100
745610,2024-09-21,ATH,NYY,133,147,676664.0,607074.0,False,9,4.0,7,2.0,1.0,3.0,0.0,0.0,0.0,4.0,0.0,0.0,2024,5.050354609929078,3.6653710247349824,3.6,3.6,97
746338,2024-09-21,HOU,LAA,117,108,669854.0,672282.0,False,9,4.0,3,1.0,3.0,4.0,2.0,0.0,0.0,2.0,0.0,2.0,2024,3.72992125984252,4.799604743083004,4.3,4.0,99
746096,2024-09-21,LAD,COL,119,115,621111.0,615698.0,False,9,2.0,tie,1.0,2.0,2.0,1.0,1.0,0.0,0.0,0.0,2.0,2024,5.207438016528926,7.399065420560747,7.7,4.4,94
745360,2024-09-21,SD,CWS,135,145,527048.0,623167.0,False,9,3.0,8,0.0,2.0,0.0,1.0,1.0,1.0,0.0,3.0,0.0,2024,5.270212765957447,3.6394190871369294,4.5,3.1,96
746660,2024-09-21,CIN,PIT,113,134,695076.0,683003.0,False,9,3.0,tie,0.0,0.0,3.0,3.0,0.0,1.0,0.0,0.0,1.0,2024,2.7534653465346537,4.1727969348659,4.4,2.9,105
745124,2024-09-21,STL,CLE,138,114,571945.0,571510.0,False,9,4.0,tie,0.0,0.0,0.0,2.0,1.0,0.0,4.0,4.0,0.0,2024,4.226126126126126,1.988888888888889,3.5,3.5,99
745768,2024-09-21,NYM,PHI,121,143,640455.0,624133.0,False,9,3.0,7,1.0,2.0,0.0,0.0,1.0,0.0,3.0,2.0,0.0,2024,3.3147239263803683,3.3904564315352697,5.8,4.9,94
744958,2024-09-21,TEX,SEA,140,136,641540.0,676106.0,False,9,5.0,6,2.0,0.0,2.0,0.0,0.0,5.0,0.0,0.0,3.0,2024,5.576635514018692,5.815517241379311,3.4,4.3,103
746825,2024-09-22,CHC,WSH,112,120,684007.0,663623.0,False,9,3.0,4,2.0,0.0,0.0,3.0,0.0,0.0,0.0,0.0,0.0,2024,4.584848484848485,3.574452554744526,5.0,2.9,98
745358,2024-09-22,SD,CWS,135,145,506433.0,680732.0,False,9,3.0,8,0.0,0.0,2.0,0.0,0.0,1.0,0.0,3.0,0.0,2024,6.417757009345795,4.9,4.5,3.0,96
745767,2024-09-22,NYM,PHI,121,143,656731.0,554430.0,False,9,1.0,tie,1.0,1.0,0.0,0.0,0.0,1.0,0.0,0.0,0.0,2024,3.6166051660516607,1.88125,6.2,4.3,94
746657,2024-09-22,CIN,PIT,113,134,668881.0,694973.0,False,9,1.0,tie,1.0,0.0,0.0,0.0,1.0,0.0,0.0,0.0,0.0,2024,2.584848484848485,1.3142857142857143,4.8,2.4,105
745118,2024-09-22,STL,CLE,138,114,669467.0,668909.0,False,9,2.0,6,0.0,0.0,0.0,0.0,0.0,2.0,1.0,0.0,0.0,2024,3.7506849315068496,3.593273542600897,3.9,3.4,99
744885,2024-09-23,TOR,BOS,141,111,605135.0,656557.0,False,9,1.0,tie,0.0,1.0,1.0,1.0,0.0,0.0,0.0,1.0,1.0,2024,3.250943396226415,3.3962962962962964,3.3,3.8,101
745688,2024-09-24,NYY,BAL,147,110,657376.0,665152.0,False,9,3.0,7,0.0,1.0,0.0,2.0,0.0,1.0,3.0,1.0,0.0,2024,3.5098360655737704,2.9220640569395018,4.9,3.1,97
746743,2024-09-24,CWS,LAA,145,108,686563.0,686799.0,False,9,4.0,8,0.0,0.0,0.0,0.0,0.0,0.0,1.0,4.0,0.0,2024,4.943137254901961,4.126490066225165,3.2,4.4,101
746336,2024-09-24,HOU,SEA,117,136,664285.0,669302.0,False,9,2.0,tie,1.0,1.0,2.0,1.0,2.0,0.0,0.0,0.0,0.0,2024,2.4188854489164084,2.87491961414791,4.7,5.0,99
745441,2024-09-24,PIT,MIL,134,158,663559.0,668964.0,False,9,5.0,2,0.0,5.0,0.0,1.0,0.0,0.0,3.0,0.0,0.0,2024,4.430798479087453,4.321374045801527,2.3,5.1,95
745526,2024-09-24,PHI,CHC,143,112,621383.0,657006.0,False,9,7.0,2,1.0,7.0,0.0,0.0,0.0,4.0,0.0,2.0,0.0,2024,-1.6619047619047618,2.244144144144144,4.4,4.4,102
746581,2024-09-24,CLE,CIN,114,113,676440.0,686730.0,False,9,3.0,1,3.0,0.0,0.0,1.0,1.0,0.0,2.0,0.0,0.0,2024,4.908510638297873,7.256378600823046,3.3,4.7,97
744877,2024-09-25,TOR,BOS,141,111,592332.0,690916.0,False,9,2.0,tie,0.0,0.0,0.0,2.0,2.0,1.0,2.0,0.0,0.0,2024,2.2390728476821193,3.1657894736842107,3.3,4.3,101
745854,2024-09-25,MIN,MIA,142,146,680573.0,665795.0,False,9,5.0,7,3.0,0.0,2.0,1.0,0.0,0.0,5.0,0.0,0.0,2024,4.70427807486631,2.8628458498023717,3.2,3.8,99
745521,2024-09-25,PHI,CHC,143,112,650911.0,665871.0,False,9,4.0,tie,3.0,0.0,1.0,4.0,4.0,1.0,1.0,0.0,1.0,2024,3.4311258278145695,4.401369863013699,4.2,4.9,102
745607,2024-09-25,ATH,TEX,133,140,669620.0,674003.0,False,9,3.0,1,3.0,1.0,2.0,0.0,0.0,0.0,0.0,0.0,0.0,2024,2.184967320261438,4.024657534246575,3.3,3.9,97
744796,2024-09-26,WSH,KC,120,118,571578.0,608379.0,False,9,6.0,3,1.0,1.0,6.0,0.0,0.0,0.0,0.0,0.0,3.0,2024,3.64945054945055,2.745390070921986,1.8,2.2,99
745691,2024-09-26,NYY,BAL,147,110,543037.0,669203.0,False,9,6.0,6,0.0,1.0,0.0,0.0,0.0,6.0,2.0,1.0,1.0,2024,2.83421926910299,3.3666666666666667,5.2,4.2,97
746415,2024-09-26,DET,TB,116,139,681857.0,641302.0,False,9,2.0,tie,0.0,0.0,2.0,0.0,1.0,2.0,0.0,2.0,0.0,2024,4.684699453551913,5.381368821292775,4.0,2.2,96
746904,2024-09-27,BOS,TB,111,139,601713.0,671737.0,False,9,3.0,7,0.0,0.0,0.0,0.0,0.0,0.0,3.0,0.0,0.0,2024,3.614705882352941,4.711570247933884,3.7,2.4,104
746417,2024-09-27,DET,CWS,116,145,669724.0,676979.0,False,9,2.0,tie,0.0,0.0,0.0,0.0,2.0,1.0,2.0,0.0,0.0,2024,2.6454545454545455,1.802290076335878,4.2,3.5,96
744879,2024-09-27,TOR,MIA,141,146,621244.0,670124.0,False,9,5.0,7,3.0,2.0,4.0,4.0,0.0,1.0,5.0,1.0,0.0,2024,3.162111801242236,4.773003802281369,3.2,4.7,101
745280,2024-09-27,SF,STL,137,138,694738.0,571945.0,False,9,4.0,4,1.0,3.0,1.0,4.0,0.0,0.0,0.0,0.0,0.0,2024,2.7666666666666666,4.5864864864864865,5.3,4.8,95
745692,2024-09-27,NYY,PIT,147,134,607074.0,683003.0,False,9,2.0,tie,0.0,0.0,0.0,0.0,2.0,2.0,0.0,2.0,0.0,2024,3.7360424028268553,5.283908045977011,6.1,2.1,97
746173,2024-09-27,LAA,TEX,108,140,672282.0,594798.0,False,9,4.0,1,4.0,0.0,0.0,1.0,1.0,0.0,0.0,0.0,1.0,2024,5.790582959641256,3.261290322580645,3.9,3.8,98
745685,2024-09-28,NYY,PIT,147,134,661563.0,694973.0,False,9,3.0,tie,0.0,1.0,0.0,1.0,3.0,3.0,1.0,1.0,3.0,2024,4.759751037344398,1.2481481481481482,5.8,2.5,97
747146,2024-09-28,ARI,SD,109,135,593958.0,681190.0,False,9,5.0,9,0.0,0.0,0.0,0.0,0.0,0.0,0.0,0.0,5.0,2024,5.160085836909872,5.0282511210762335,5.1,3.7,100
744878,2024-09-28,TOR,MIA,141,146,684320.0,675540.0,False,9,3.0,tie,3.0,0.0,0.0,0.0,0.0,3.0,0.0,3.0,0.0,2024,4.4744075829383885,5.124539877300614,3.4,5.9,101
746819,2024-09-28,CHC,CIN,112,113,543294.0,695076.0,False,9,3.0,8,0.0,0.0,0.0,0.0,0.0,0.0,0.0,3.0,0.0,2024,4.314953271028037,2.742857142857143,4.1,3.0,98
746499,2024-09-28,COL,LAD,115,119,622608.0,808967.0,False,9,4.0,9,1.0,3.0,2.0,1.0,3.0,0.0,0.0,1.0,4.0,2024,6.85,2.0,4.9,7.6,112
745932,2024-09-29,MIL,NYM,158,121,607067.0,656849.0,False,9,2.0,4,1.0,0.0,0.0,2.0,1.0,1.0,0.0,0.0,0.0,2024,6.883783783783784,2.372727272727273,4.4,4.7,100
746496,2024-09-29,COL,LAD,115,119,663372.0,607455.0,False,9,2.0,8,0.0,1.0,0.0,0.0,0.0,0.0,0.0,2.0,0.0,2024,3.8246376811594205,12.1,4.8,8.0,112
747061,2024-09-29,ATL,KC,144,118,450203.0,679525.0,False,9,3.0,1,3.0,0.0,1.0,2.0,0.0,0.0,0.0,0.0,0.0,2024,3.1704225352112676,4.588372093023256,5.1,1.6,100
746174,2024-09-29,LAA,TEX,108,140,686799.0,543135.0,False,9,3.0,9,0.0,0.0,0.0,1.0,0.0,0.0,2.0,2.0,3.0,2024,3.9012820512820516,4.159602649006622,4.0,3.9,98
745686,2024-09-29,NYY,PIT,147,134,657376.0,663559.0,False,9,5.0,3,2.0,0.0,5.0,0.0,1.0,0.0,0.0,2.0,0.0,2024,3.3040816326530615,3.74638783269962,5.1,3.3,97
745846,2024-09-29,MIN,BAL,142,110,641927.0,544150.0,False,9,3.0,5,0.0,1.0,1.0,0.0,3.0,0.0,2.0,1.0,0.0,2024,3.4846153846153847,5.719047619047618,3.3,5.3,99
747064,2024-09-30,ATL,NYM,144,121,656550.0,664192.0,False,9,2.0,7,0.0,1.0,0.0,0.0,0.0,0.0,2.0,0.0,0.0,2024,4.711570247933884,8.221951219512196,5.3,5.0,100
778494,2025-04-01,ATH,CHC,133,112,622663.0,657006.0,False,9,5.0,1,5.0,0.0,4.0,1.0,0.0,0.0,1.0,0.0,0.0,2025,3.6,6.877777777777778,3.4,6.142857142857143,97
778469,2025-04-02,SEA,DET,136,116,622491.0,669373.0,False,9,2.0,tie,0.0,2.0,0.0,1.0,2.0,0.0,0.0,0.0,0.0,2025,5.9,8.1,2.5,5.0,94
778476,2025-04-02,SD,CLE,135,114,656302.0,594902.0,False,9,4.0,3,0.0,0.0,4.0,0.0,0.0,0.0,2.0,1.0,0.0,2025,4.319512195121952,4.5,5.166666666666667,3.6,96
778484,2025-04-02,NYY,ARI,147,109,607074.0,668678.0,False,9,3.0,9,2.0,2.0,0.0,0.0,0.0,0.0,0.0,0.0,3.0,2025,4.080392156862745,7.35,10.25,6.8,97
778479,2025-04-02,TB,PIT,139,134,686752.0,694973.0,False,9,2.0,8,0.0,1.0,0.0,0.0,1.0,1.0,0.0,2.0,1.0,2025,1.4333333333333333,1.5313725490196077,4.6,2.5,97
778468,2025-04-03,MIL,CIN,158,113,641482.0,666157.0,False,9,1.0,4,0.0,0.0,0.0,1.0,0.0,0.0,0.0,0.0,0.0,2025,41.1,5.433333333333334,3.8333333333333335,4.0,100
778457,2025-04-04,WSH,ARI,120,109,663623.0,694297.0,False,9,4.0,1,4.0,0.0,1.0,0.0,2.0,1.0,2.0,0.0,0.0,2025,6.1,4.1,3.5,6.428571428571429,99
778458,2025-04-04,DET,CWS,116,145,656427.0,686563.0,False,9,3.0,9,1.0,1.0,2.0,2.0,1.0,1.0,0.0,0.0,3.0,2025,5.407692307692308,2.9,4.5,3.8333333333333335,96
778447,2025-04-04,LAA,CLE,108,114,667755.0,668909.0,False,9,3.0,tie,2.0,1.0,3.0,0.0,2.0,2.0,1.0,0.0,3.0,2025,2.5285714285714285,2.9,4.0,3.3333333333333335,98
778463,2025-04-04,BOS,STL,111,138,621111.0,607200.0,False,9,5.0,1,5.0,0.0,2.0,3.0,3.0,0.0,4.0,2.0,3.0,2025,5.5390243902439025,2.4333333333333336,3.857142857142857,7.0,104
778465,2025-04-04,NYM,TOR,121,141,656731.0,592332.0,False,9,3.0,6,2.0,0.0,0.0,0.0,0.0,3.0,0.0,0.0,0.0,2025,1.3,4.433333333333334,3.8333333333333335,4.571428571428571,94
778459,2025-04-04,PHI,LAD,143,119,666200.0,808967.0,False,9,2.0,tie,1.0,0.0,0.0,0.0,0.0,0.0,2.0,0.0,2.0,2025,2.5,3.8,5.5,5.625,102
778455,2025-04-04,KC,BAL,118,110,607625.0,665152.0,False,9,5.0,8,1.0,2.0,0.0,2.0,0.0,0.0,0.0,5.0,0.0,2025,5.9,4.472549019607843,3.8333333333333335,5.142857142857143,98
778452,2025-04-05,WSH,ARI,120,109,680730.0,593958.0,False,9,3.0,1,3.0,0.0,0.0,1.0,0.0,1.0,1.0,0.0,1.0,2025,2.444262295081967,8.001960784313725,3.5714285714285716,6.375,99
778437,2025-04-05,LAA,CLE,108,114,686799.0,676440.0,False,9,7.0,5,4.0,0.0,2.0,0.0,7.0,0.0,0.0,1.0,0.0,2025,3.9333333333333336,3.4846153846153847,4.285714285714286,4.0,98
778439,2025-04-05,MIL,CIN,158,113,660730.0,663903.0,False,9,5.0,7,1.0,3.0,0.0,4.0,4.0,0.0,5.0,0.0,1.0,2025,5.6,1.6714285714285715,3.375,3.25,100
778438,2025-04-05,TEX,TB,140,139,594798.0,671737.0,False,9,4.0,1,4.0,0.0,1.0,0.0,0.0,3.0,2.0,0.0,0.0,2025,2.5,1.2666666666666668,2.875,3.857142857142857,103
778435,2025-04-06,NYM,TOR,121,141,656849.0,670102.0,False,9,2.0,3,0.0,0.0,2.0,0.0,1.0,0.0,0.0,0.0,0.0,2025,5.933333333333334,7.6,3.875,3.7777777777777777,94
778433,2025-04-06,DET,CWS,116,145,695549.0,527048.0,False,9,3.0,9,2.0,1.0,0.0,1.0,0.0,0.0,0.0,0.0,3.0,2025,11.1,2.1,5.125,3.625,96
778414,2025-04-07,ATH,SD,133,135,622663.0,650633.0,False,9,3.0,1,3.0,0.0,2.0,2.0,0.0,0.0,2.0,0.0,0.0,2025,5.266666666666667,3.5166666666666666,4.1,4.6,97
778418,2025-04-07,WSH,LAD,120,119,669022.0,669160.0,False,9,3.0,tie,0.0,2.0,3.0,0.0,0.0,0.0,3.0,2.0,0.0,2025,1.8272727272727274,2.5,3.7777777777777777,5.3,99
778426,2025-04-07,BOS,TOR,111,141,690916.0,621244.0,False,9,3.0,3,0.0,0.0,3.0,0.0,1.0,0.0,2.0,1.0,1.0,2025,6.1,5.845098039215687,6.3,3.5,104
778412,2025-04-07,KC,MIN,118,142,547179.0,680573.0,False,9,3.0,2,1.0,3.0,0.0,0.0,0.0,1.0,0.0,0.0,1.0,2025,4.6686274509803924,1.35,4.0,3.888888888888889,98
778405,2025-04-07,SEA,HOU,136,117,669302.0,669713.0,False,9,4.0,8,0.0,0.0,0.0,0.0,2.0,1.0,0.0,4.0,0.0,2025,1.4333333333333333,5.7,3.2,3.0,94
778415,2025-04-07,PIT,STL,134,138,669387.0,669461.0,False,9,4.0,7,1.0,3.0,0.0,0.0,1.0,1.0,4.0,1.0,1.0,2025,2.475,1.7666666666666668,3.2,6.888888888888889,95
778395,2025-04-08,ATH,SD,133,135,605488.0,656302.0,False,9,9.0,1,9.0,1.0,3.0,0.0,0.0,0.0,1.0,0.0,0.0,2025,3.5444444444444443,2.511764705882353,4.3,4.4,97
778408,2025-04-08,PIT,STL,134,138,694973.0,543243.0,False,9,3.0,3,0.0,0.0,3.0,1.0,0.0,2.0,0.0,0.0,2.0,2025,1.447107438016529,5.00909090909091,3.6,6.6,95
778400,2025-04-08,KC,MIN,118,142,666142.0,641154.0,False,9,1.0,tie,0.0,0.0,0.0,1.0,1.0,0.0,0.0,1.0,0.0,2025,3.0,4.183333333333334,4.0,3.7,98
778379,2025-04-09,COL,MIL,115,158,622608.0,641302.0,False,9,7.0,9,0.0,0.0,6.0,1.0,5.0,0.0,0.0,0.0,7.0,2025,3.1,3.1,3.1,4.7,112
778387,2025-04-09,DET,NYY,116,147,656427.0,608331.0,False,9,5.0,9,0.0,0.0,0.0,0.0,0.0,0.0,2.0,0.0,5.0,2025,3.4846153846153847,3.951063829787234,5.2,7.4,96
778393,2025-04-09,ATL,PHI,144,143,656550.0,592836.0,False,9,3.0,tie,0.0,0.0,0.0,0.0,0.0,3.0,3.0,0.0,1.0,2025,7.85,2.7666666666666666,3.1,5.0,100
778390,2025-04-09,NYM,MIA,121,146,656731.0,676974.0,False,9,3.0,9,0.0,0.0,0.0,0.0,2.0,0.0,0.0,0.0,3.0,2025,2.3079207920792078,2.6535714285714285,4.4,3.3,94
778381,2025-04-09,ATH,SD,133,135,674370.0,681190.0,False,9,1.0,tie,0.0,1.0,1.0,0.0,1.0,0.0,0.0,0.0,0.0,2025,3.7,4.766666666666667,4.6,4.4,97
778380,2025-04-09,ARI,BAL,109,110,694297.0,665152.0,False,9,5.0,5,1.0,0.0,1.0,0.0,5.0,0.0,0.0,2.0,0.0,2025,6.183333333333334,3.6434782608695655,4.9,4.1,100
778383,2025-04-09,SEA,HOU,136,117,622379.0,686613.0,False,9,5.0,8,0.0,3.0,1.0,0.0,0.0,0.0,0.0,5.0,4.0,2025,3.7666666666666666,2.4333333333333336,3.3,2.9,94
778360,2025-04-11,SEA,TEX,136,140,682243.0,594798.0,False,9,2.0,tie,1.0,1.0,0.0,2.0,0.0,2.0,0.0,2.0,0.0,2025,4.26504854368932,4.766666666666667,3.8,3.5,94
778375,2025-04-11,CLE,KC,114,118,676440.0,663460.0,False,9,4.0,8,0.0,0.0,0.0,3.0,0.0,0.0,0.0,4.0,0.0,2025,8.752173913043478,1.460655737704918,3.4,3.5,97
778356,2025-04-11,LAD,CHC,119,112,808967.0,571510.0,False,9,3.0,6,0.0,0.0,0.0,0.0,0.0,3.0,0.0,0.0,0.0,2025,3.475,2.6454545454545455,4.6,7.7,94
778358,2025-04-11,ATH,NYM,133,121,676664.0,656288.0,False,9,6.0,6,0.0,3.0,0.0,0.0,1.0,6.0,0.0,1.0,2.0,2025,4.238211382113821,3.9695652173913043,4.3,4.1,97
778352,2025-04-12,SD,COL,135,115,606996.0,801403.0,False,9,1.0,tie,1.0,0.0,0.0,0.0,1.0,0.0,0.0,0.0,0.0,2025,9.446153846153846,6.5,4.8,3.2,96
778353,2025-04-12,TB,ATL,139,144,656876.0,700363.0,False,9,3.0,9,1.0,0.0,1.0,0.0,0.0,0.0,2.0,2.0,3.0,2025,1.8,4.441463414634146,3.9,3.4,97
778355,2025-04-12,NYY,SF,147,137,701542.0,663855.0,False,9,5.0,5,2.0,2.0,0.0,0.0,5.0,3.0,0.0,0.0,0.0,2025,4.211111111111111,4.811711711711712,4.7,5.2,97
778341,2025-04-12,SEA,TEX,136,140,693433.0,677958.0,False,9,4.0,tie,1.0,0.0,4.0,0.0,1.0,0.0,4.0,0.0,1.0,2025,4.183333333333334,6.1,4.1,3.5,94
778348,2025-04-12,MIN,DET,142,116,663978.0,695549.0,False,9,2.0,6,1.0,0.0,0.0,1.0,0.0,2.0,0.0,0.0,0.0,2025,10.001408450704226,6.766666666666667,4.4,5.4,99
778342,2025-04-13,CLE,KC,114,118,594902.0,666142.0,False,9,2.0,tie,0.0,2.0,0.0,2.0,2.0,0.0,0.0,0.0,0.0,2025,4.447517730496454,1.85,3.9,2.7,97
778337,2025-04-13,MIA,WSH,146,120,615698.0,669022.0,False,9,4.0,tie,0.0,2.0,0.0,4.0,0.0,1.0,3.0,4.0,1.0,2025,5.322222222222223,2.3941176470588235,3.8,5.0,93
778339,2025-04-13,NYY,SF,147,137,607074.0,657277.0,False,9,3.0,6,1.0,2.0,0.0,1.0,0.0,3.0,1.0,1.0,0.0,2025,4.62046783625731,2.0473684210526315,5.0,4.9,97
778330,2025-04-13,SD,COL,135,115,650633.0,607536.0,False,9,4.0,1,4.0,0.0,0.0,1.0,0.0,0.0,1.0,0.0,0.0,2025,4.551612903225807,2.3349726775956285,4.3,3.1,96
778333,2025-04-13,ATH,NYM,133,121,622663.0,673540.0,False,9,4.0,9,0.0,0.0,0.0,0.0,0.0,1.0,2.0,1.0,4.0,2025,5.521052631578947,2.9,4.8,3.8,97
778336,2025-04-13,STL,PHI,138,143,669461.0,554430.0,False,9,2.0,tie,0.0,0.0,0.0,2.0,0.0,2.0,1.0,2.0,0.0,2025,2.356198347107438,3.486740331491713,5.2,3.5,99
778335,2025-04-13,MIN,DET,142,116,680573.0,663554.0,False,9,2.0,6,1.0,1.0,0.0,1.0,0.0,2.0,0.0,1.0,0.0,2025,3.752173913043478,2.5642857142857145,3.6,4.9,99
778329,2025-04-13,HOU,LAA,117,108,669713.0,543294.0,False,9,6.0,2,1.0,6.0,0.0,0.0,0.0,2.0,1.0,0.0,0.0,2025,4.433333333333334,3.372727272727273,4.5,6.2,99
778332,2025-04-13,ARI,MIL,109,158,668678.0,642547.0,False,9,2.0,tie,2.0,0.0,0.0,0.0,1.0,1.0,1.0,2.0,0.0,2025,3.9333333333333336,3.488888888888889,4.3,5.9,100
778323,2025-04-14,MIL,DET,158,116,641302.0,669373.0,False,9,4.0,4,2.0,2.0,0.0,4.0,1.0,0.0,0.0,0.0,1.0,2025,4.647619047619047,4.27283950617284,5.8,4.6,100
778325,2025-04-14,STL,HOU,138,117,543243.0,664285.0,False,9,3.0,tie,0.0,0.0,1.0,3.0,3.0,0.0,1.0,0.0,3.0,2025,4.725,3.7111111111111112,5.2,5.1,99
778315,2025-04-14,SD,CHC,135,112,656302.0,592791.0,False,9,5.0,8,0.0,0.0,1.0,3.0,0.0,2.0,3.0,5.0,0.0,2025,2.747887323943662,5.336024844720496,4.2,6.6,96
778320,2025-04-14,PHI,SF,143,137,592836.0,694738.0,False,9,6.0,2,3.0,6.0,0.0,0.0,1.0,0.0,2.0,0.0,2.0,2025,3.1,1.9000000000000001,3.0,5.1,102
778322,2025-04-14,TOR,ATL,141,144,687922.0,656550.0,False,9,4.0,5,2.0,0.0,2.0,0.0,4.0,1.0,0.0,2.0,1.0,2025,1.812871287128713,5.475,3.5,4.1,101
778309,2025-04-15,CWS,ATH,145,133,680732.0,605488.0,False,9,6.0,1,6.0,1.0,1.0,0.0,0.0,4.0,0.0,0.0,3.0,2025,6.229770992366412,4.1,2.8,4.4,101
778319,2025-04-15,TB,BOS,139,111,686752.0,621111.0,False,9,3.0,2,1.0,3.0,2.0,2.0,0.0,0.0,1.0,0.0,2.0,2025,5.85,4.613157894736842,5.2,3.8,97
778306,2025-04-15,TEX,LAA,140,108,641816.0,579328.0,False,9,2.0,8,0.0,0.0,0.0,0.0,0.0,1.0,1.0,2.0,0.0,2025,2.872727272727273,5.544444444444444,3.4,5.6,103
778313,2025-04-15,PHI,SF,143,137,666200.0,434378.0,False,9,3.0,6,0.0,2.0,0.0,2.0,0.0,3.0,2.0,1.0,0.0,2025,1.8777777777777778,4.0756097560975615,3.1,5.5,102
778316,2025-04-15,CIN,SEA,113,136,666157.0,622491.0,False,9,6.0,5,1.0,1.0,2.0,0.0,6.0,0.0,0.0,2.0,0.0,2025,3.264835164835165,4.1,3.8,4.6,105
778294,2025-04-16,CWS,ATH,145,133,686563.0,674370.0,False,9,3.0,6,0.0,0.0,1.0,0.0,0.0,3.0,0.0,0.0,0.0,2025,6.40827067669173,2.8333333333333335,3.0,5.4,101
778301,2025-04-16,BAL,CLE,110,114,665152.0,668909.0,False,9,4.0,tie,0.0,4.0,1.0,0.0,0.0,0.0,1.0,4.0,0.0,2025,6.2343283582089555,3.330769230769231,3.7,4.5,101
778304,2025-04-16,CIN,SEA,113,136,607259.0,682243.0,False,9,4.0,7,1.0,1.0,0.0,1.0,1.0,0.0,4.0,0.0,0.0,2025,4.463636363636364,3.8189542483660133,4.6,4.7,105
778293,2025-04-16,PIT,WSH,134,120,663559.0,680730.0,False,9,5.0,7,0.0,0.0,0.0,0.0,1.0,0.0,5.0,0.0,1.0,2025,5.366666666666667,3.486740331491713,3.7,5.1,95
778289,2025-04-16,TEX,LAA,140,108,571578.0,667755.0,False,9,3.0,2,0.0,3.0,0.0,0.0,0.0,1.0,0.0,0.0,0.0,2025,7.85,3.8253886010362694,3.7,5.1,103
778283,2025-04-17,CWS,ATH,145,133,663436.0,676664.0,False,9,3.0,9,1.0,0.0,0.0,0.0,1.0,2.0,1.0,0.0,3.0,2025,4.688235294117647,4.265644171779141,2.7,5.1,101
778275,2025-04-18,BOS,CWS,111,145,690928.0,527048.0,False,9,3.0,tie,3.0,0.0,1.0,3.0,0.0,1.0,3.0,1.0,1.0,2025,2.9,2.7319018404907975,2.3,2.5,104
778268,2025-04-18,CHC,ARI,112,109,607067.0,669203.0,False,9,16.0,8,0.0,2.0,0.0,0.0,1.0,0.0,5.0,16.0,0.0,2025,0.9125000000000001,6.013907284768212,5.4,5.0,98
778269,2025-04-18,HOU,SD,117,135,687473.0,606996.0,False,9,4.0,2,0.0,4.0,1.0,2.0,0.0,0.0,2.0,1.0,0.0,2025,4.1,5.332142857142857,4.8,5.0,99
778276,2025-04-18,BAL,CIN,110,113,700249.0,671096.0,False,9,4.0,4,0.0,1.0,3.0,4.0,0.0,1.0,0.0,2.0,0.0,2025,2.6804195804195805,4.9,4.6,4.3,101
778256,2025-04-19,NYM,STL,121,138,673540.0,669461.0,False,9,2.0,3,0.0,0.0,2.0,0.0,0.0,0.0,0.0,1.0,0.0,2025,2.864705882352941,1.9950276243093925,4.6,3.3,94
778259,2025-04-19,HOU,SD,117,135,669713.0,650633.0,False,9,2.0,6,0.0,0.0,1.0,0.0,1.0,2.0,1.0,0.0,0.0,2025,5.044444444444444,3.3336448598130843,4.5,4.6,99
778253,2025-04-19,MIL,ATH,158,133,694477.0,622663.0,False,9,1.0,tie,0.0,0.0,1.0,0.0,1.0,1.0,0.0,0.0,1.0,2025,4.070149253731343,4.876859504132232,5.5,5.0,100
778266,2025-04-20,COL,WSH,115,120,622608.0,695418.0,False,9,2.0,4,1.0,0.0,0.0,2.0,0.0,0.0,0.0,1.0,0.0,2025,6.145977011494253,3.804225352112676,3.3,4.9,112
778249,2025-04-20,ATL,MIN,144,142,656550.0,657746.0,False,9,2.0,tie,2.0,1.0,2.0,1.0,1.0,0.0,1.0,0.0,0.0,2025,5.0736842105263165,3.0090909090909093,4.0,3.5,100
778235,2025-04-20,COL,WSH,115,120,607536.0,663623.0,False,9,3.0,2,0.0,3.0,1.0,0.0,0.0,1.0,0.0,0.0,0.0,2025,2.584978540772532,4.708695652173914,3.3,4.9,112
778240,2025-04-20,TB,NYY,139,147,686752.0,608331.0,False,9,1.0,tie,1.0,0.0,1.0,0.0,0.0,1.0,0.0,0.0,1.0,2025,5.827272727272727,2.701769911504425,5.2,4.4,97
778226,2025-04-21,SF,MIL,137,158,592662.0,682990.0,False,9,3.0,2,0.0,3.0,0.0,0.0,1.0,1.0,1.0,1.0,0.0,2025,5.979581151832461,4.3,5.4,4.6,95
778238,2025-04-21,BOS,CWS,111,145,621111.0,686563.0,False,9,3.0,3,1.0,1.0,3.0,0.0,0.0,0.0,0.0,1.0,0.0,2025,5.030693069306931,5.513793103448276,3.7,3.4,104
778227,2025-04-21,CLE,NYY,114,147,668909.0,657376.0,False,9,4.0,3,0.0,0.0,4.0,1.0,0.0,1.0,2.0,2.0,0.0,2025,4.81875,3.4846153846153847,4.8,4.4,97
778233,2025-04-21,ATL,STL,144,138,680885.0,607200.0,False,9,5.0,8,0.0,2.0,2.0,0.0,0.0,1.0,0.0,5.0,3.0,2025,3.6371900826446284,4.957142857142857,4.3,3.1,100
778217,2025-04-22,HOU,TOR,117,141,669854.0,605135.0,False,9,3.0,1,3.0,0.0,1.0,0.0,0.0,1.0,1.0,0.0,0.0,2025,4.458024691358025,1.001785714285714,4.6,3.7,99
778219,2025-04-22,MIA,CIN,146,113,665795.0,607259.0,False,9,2.0,tie,1.0,0.0,1.0,0.0,1.0,2.0,2.0,0.0,0.0,2025,5.817391304347826,4.885714285714286,5.7,7.2,93
778210,2025-04-22,SF,MIL,137,158,663855.0,500779.0,False,9,8.0,6,0.0,0.0,4.0,0.0,0.0,8.0,1.0,1.0,0.0,2025,4.321719457013574,3.919672131147541,5.0,4.6,95
778223,2025-04-22,NYM,PHI,121,143,656288.0,650911.0,False,9,3.0,7,1.0,2.0,0.0,0.0,0.0,0.0,3.0,0.0,0.0,2025,3.7896551724137932,3.6982905982905985,4.4,5.1,94
778214,2025-04-23,ATL,STL,144,138,693821.0,571945.0,False,9,3.0,8,1.0,0.0,0.0,0.0,0.0,0.0,1.0,3.0,0.0,2025,7.1,3.0393939393939395,4.7,4.4,100
778206,2025-04-23,CLE,NYY,114,147,682847.0,607074.0,False,9,3.0,1,3.0,2.0,0.0,0.0,0.0,0.0,1.0,0.0,0.0,2025,4.7176470588235295,4.47809187279152,4.4,4.1,97
778202,2025-04-23,LAA,PIT,108,134,686799.0,571760.0,False,9,1.0,tie,0.0,0.0,1.0,0.0,1.0,0.0,0.0,0.0,1.0,2025,5.98659793814433,2.8211155378486055,2.6,3.9,98
778198,2025-04-23,SF,MIL,137,158,657277.0,642547.0,False,9,4.0,6,0.0,0.0,0.0,0.0,0.0,4.0,0.0,0.0,2.0,2025,1.7000000000000002,3.206761565836299,4.9,5.0,95
778209,2025-04-23,DET,SD,116,135,681857.0,606996.0,False,9,2.0,tie,1.0,0.0,0.0,0.0,1.0,0.0,2.0,2.0,0.0,2025,3.773575129533679,6.001234567901235,3.6,3.8,96
778190,2025-04-24,KC,COL,118,115,666142.0,608566.0,False,9,4.0,3,3.0,1.0,4.0,0.0,2.0,0.0,1.0,0.0,0.0,2025,1.85,5.112987012987013,2.6,3.1,98
778195,2025-04-24,KC,COL,118,115,547179.0,801403.0,False,9,3.0,5,0.0,1.0,1.0,0.0,3.0,1.0,0.0,2.0,0.0,2025,3.734146341463415,8.945070422535212,2.6,3.1,98
778191,2025-04-24,LAA,PIT,108,134,542881.0,669387.0,False,9,3.0,4,2.0,1.0,0.0,3.0,0.0,0.0,0.0,1.0,0.0,2025,4.7981132075471695,3.6521472392638037,2.3,4.0,98
778177,2025-04-25,ARI,ATL,109,144,668678.0,519242.0,False,9,4.0,8,0.0,3.0,0.0,1.0,0.0,2.0,0.0,4.0,0.0,2025,4.956060606060606,3.9035714285714285,5.8,4.6,100
778186,2025-04-25,MIN,LAA,142,108,641154.0,543294.0,False,9,6.0,4,1.0,1.0,2.0,6.0,1.0,3.0,1.0,0.0,0.0,2025,3.346913580246914,5.1,3.5,2.3,99
778182,2025-04-25,CHC,PHI,112,143,607067.0,592836.0,False,9,1.0,tie,0.0,1.0,1.0,1.0,0.0,0.0,1.0,0.0,0.0,2025,0.8027027027027027,4.35,6.7,5.1,98
778175,2025-04-25,SEA,MIA,136,146,669302.0,615698.0,False,9,6.0,5,0.0,1.0,0.0,0.0,6.0,3.0,0.0,2.0,0.0,2025,2.2666666666666666,5.439181286549708,5.5,5.2,94
778171,2025-04-25,SF,TEX,137,140,434378.0,543135.0,False,9,1.0,tie,0.0,0.0,1.0,0.0,0.0,1.0,0.0,0.0,0.0,2025,4.759574468085106,2.934437086092715,4.4,3.0,95
778187,2025-04-25,KC,HOU,118,117,607625.0,669713.0,False,9,1.0,tie,0.0,0.0,0.0,0.0,1.0,1.0,0.0,0.0,0.0,2025,5.617482517482518,4.969565217391304,3.2,3.9,98
778165,2025-04-26,ATH,CWS,133,145,605488.0,656457.0,False,9,4.0,tie,4.0,2.0,0.0,1.0,0.0,1.0,4.0,0.0,1.0,2025,5.271945701357466,-0.8999999999999999,5.0,3.0,97
778161,2025-04-26,COL,CIN,115,113,622608.0,668881.0,False,9,4.0,2,0.0,4.0,0.0,1.0,1.0,1.0,0.0,0.0,3.0,2025,5.322222222222223,3.298675496688742,4.4,7.4,112
778164,2025-04-26,STL,MIL,138,158,543243.0,682990.0,False,9,3.0,9,0.0,1.0,2.0,2.0,2.0,1.0,0.0,0.0,3.0,2025,3.9620689655172416,4.385714285714286,3.3,5.2,99
778159,2025-04-26,SF,TEX,137,140,592662.0,641816.0,False,9,2.0,5,1.0,0.0,1.0,0.0,2.0,0.0,0.0,0.0,1.0,2025,5.963070539419087,2.5656488549618324,4.0,3.1,95
778150,2025-04-27,STL,MIL,138,158,607200.0,500779.0,False,9,4.0,4,3.0,0.0,0.0,4.0,1.0,0.0,0.0,0.0,0.0,2025,5.137037037037038,3.64945054945055,3.9,5.2,99
778151,2025-04-27,SF,TEX,137,140,663855.0,683004.0,False,9,3.0,1,3.0,0.0,0.0,1.0,0.0,0.0,0.0,0.0,1.0,2025,4.059409594095941,1.4000000000000001,3.2,2.9,95
778157,2025-04-27,CLE,BOS,114,111,671106.0,678394.0,False,9,5.0,5,0.0,2.0,0.0,1.0,5.0,4.0,3.0,0.0,1.0,2025,3.6583756345177667,7.5,3.9,5.0,97
778145,2025-04-27,LAD,PIT,119,134,607192.0,663559.0,False,9,6.0,1,6.0,1.0,0.0,0.0,3.0,1.0,0.0,0.0,0.0,2025,3.864705882352941,4.484615384615385,5.0,4.0,94
778147,2025-04-27,ARI,ATL,109,144,694297.0,680885.0,False,9,4.0,7,1.0,1.0,0.0,1.0,2.0,0.0,4.0,0.0,1.0,2025,4.46986301369863,3.1961538461538463,5.2,5.1,100
778142,2025-04-28,HOU,DET,117,116,669854.0,656427.0,False,9,4.0,7,0.0,0.0,2.0,3.0,0.0,2.0,4.0,2.0,0.0,2025,4.6625,3.138910505836576,3.4,4.8,99
778138,2025-04-28,WSH,NYM,120,121,592866.0,656288.0,False,9,9.0,8,0.0,2.0,0.0,0.0,1.0,3.0,5.0,9.0,4.0,2025,3.8438016528925623,3.3766798418972335,4.1,4.6,99
778140,2025-04-28,BAL,NYY,110,147,608372.0,701542.0,False,9,3.0,3,0.0,1.0,3.0,0.0,0.0,0.0,1.0,2.0,0.0,2025,5.957142857142857,3.7930693069306933,3.0,4.8,101
778143,2025-04-28,TEX,ATH,140,133,571578.0,676664.0,False,9,2.0,5,0.0,0.0,0.0,0.0,2.0,1.0,0.0,0.0,0.0,2025,5.5113475177304965,4.198901098901099,2.8,4.1,103
778124,2025-04-29,HOU,DET,117,116,687473.0,681857.0,False,9,3.0,tie,1.0,0.0,0.0,0.0,1.0,3.0,3.0,0.0,2.0,2025,2.4661971830985916,3.175757575757576,4.1,4.7,99
778120,2025-04-29,COL,ATL,115,144,608566.0,700363.0,False,9,3.0,tie,0.0,3.0,0.0,3.0,1.0,2.0,0.0,1.0,0.0,2025,5.007216494845361,4.3121212121212125,4.0,5.7,112
778125,2025-04-29,CWS,MIL,145,158,656457.0,642547.0,False,9,4.0,6,3.0,0.0,0.0,0.0,0.0,4.0,0.0,2.0,0.0,2025,1.6,2.744128113879004,4.1,5.4,101
778135,2025-04-29,PIT,CHC,134,112,571760.0,684007.0,False,9,3.0,7,0.0,0.0,0.0,2.0,2.0,0.0,3.0,1.0,1.0,2025,2.2961414790996786,5.318430034129693,3.6,5.2,95
778117,2025-04-30,NYM,ARI,121,109,623211.0,669203.0,False,9,4.0,9,0.0,0.0,1.0,0.0,0.0,0.0,2.0,0.0,4.0,2025,4.1,4.7793893129770995,6.4,4.9,94
778112,2025-04-30,PIT,CHC,134,112,669387.0,571510.0,False,9,3.0,5,1.0,0.0,0.0,1.0,3.0,0.0,2.0,0.0,0.0,2025,3.8981220657276996,4.06085409252669,3.5,5.9,95
778106,2025-04-30,TEX,ATH,140,133,543135.0,622663.0,False,9,6.0,9,0.0,0.0,1.0,1.0,0.0,0.0,0.0,0.0,6.0,2025,2.7357615894039737,4.03167701863354,3.9,3.4,103
778100,2025-05-01,PIT,CHC,134,112,694973.0,607067.0,False,9,3.0,tie,1.0,0.0,1.0,0.0,3.0,0.0,2.0,1.0,3.0,2025,1.7915887850467291,1.0838709677419356,3.2,6.0,95
778095,2025-05-01,TOR,BOS,141,111,621244.0,656557.0,False,9,3.0,8,0.0,0.0,0.0,0.0,2.0,0.0,1.0,3.0,0.0,2025,4.230742049469965,4.859656652360515,2.5,6.4,101
778096,2025-05-01,TEX,ATH,140,133,641816.0,605488.0,False,9,1.0,tie,1.0,0.0,0.0,0.0,0.0,0.0,1.0,1.0,0.0,2025,2.466666666666667,6.44841628959276,3.6,3.8,103
778101,2025-05-01,LAA,DET,108,116,579328.0,663554.0,False,9,5.0,8,0.0,1.0,4.0,1.0,0.0,0.0,0.0,5.0,3.0,2025,4.972509960159362,4.0473684210526315,2.5,4.8,98
778084,2025-05-02,STL,NYM,138,121,543243.0,605280.0,False,9,4.0,5,1.0,2.0,2.0,0.0,4.0,0.0,2.0,0.0,1.0,2025,3.7333333333333334,1.7561264822134388,4.4,5.9,99
778079,2025-05-02,CWS,HOU,145,117,686563.0,664285.0,False,9,4.0,8,1.0,1.0,0.0,1.0,2.0,1.0,0.0,4.0,0.0,2025,5.621367521367522,3.8241379310344827,4.1,4.2,101
778087,2025-05-02,CIN,WSH,113,120,668881.0,680730.0,False,9,2.0,tie,2.0,1.0,2.0,0.0,1.0,1.0,0.0,0.0,0.0,2025,3.612820512820513,4.1,4.6,4.2,105
778088,2025-05-02,NYY,TB,147,139,608331.0,686752.0,False,9,3.0,5,0.0,0.0,0.0,0.0,3.0,0.0,0.0,0.0,0.0,2025,2.8468354430379748,6.135714285714286,5.5,2.7,97
778075,2025-05-03,MIA,ATH,146,133,676974.0,674370.0,False,9,5.0,9,1.0,1.0,2.0,2.0,2.0,1.0,0.0,1.0,5.0,2025,2.815302491103203,6.092125984251968,4.2,4.1,93
778072,2025-05-03,BAL,KC,110,118,608372.0,663460.0,False,9,2.0,8,0.0,0.0,0.0,1.0,1.0,0.0,0.0,2.0,0.0,2025,5.361484098939929,3.1341296928327647,2.5,3.8,101
778076,2025-05-03,ATL,LAD,144,119,680885.0,808963.0,False,9,6.0,4,0.0,2.0,2.0,6.0,0.0,0.0,0.0,3.0,0.0,2025,3.3884615384615384,5.29626168224299,5.1,7.0,100
778078,2025-05-03,PHI,ARI,143,109,605400.0,694297.0,False,9,3.0,tie,0.0,3.0,3.0,1.0,0.0,0.0,2.0,0.0,0.0,2025,4.127397260273972,3.956164383561644,4.0,4.3,102
778064,2025-05-03,TOR,CLE,141,114,592332.0,668909.0,False,9,4.0,9,1.0,0.0,1.0,0.0,1.0,0.0,0.0,1.0,4.0,2025,3.8692307692307693,5.431838565022423,2.7,2.9,101
778066,2025-05-03,CWS,HOU,145,117,663436.0,686613.0,False,9,3.0,tie,3.0,0.0,1.0,2.0,0.0,3.0,0.0,2.0,0.0,2025,5.166420664206642,1.3580645161290323,4.6,4.3,101
778070,2025-05-03,TEX,SEA,140,136,571578.0,622491.0,False,9,1.0,tie,1.0,0.0,0.0,1.0,0.0,0.0,0.0,0.0,1.0,2025,4.575409836065574,3.6166051660516607,2.9,7.5,103
778050,2025-05-04,LAA,DET,108,116,686799.0,681857.0,False,9,4.0,7,0.0,3.0,2.0,0.0,0.0,3.0,4.0,0.0,2.0,2025,6.1314960629921265,2.662043795620438,2.5,6.0,98
778052,2025-05-04,TEX,SEA,140,136,594798.0,688138.0,False,9,7.0,3,0.0,0.0,7.0,0.0,0.0,0.0,0.0,2.0,0.0,2025,4.052380952380952,6.300000000000001,2.8,6.9,103
778060,2025-05-04,ATL,LAD,144,119,693821.0,669160.0,False,9,2.0,tie,2.0,0.0,2.0,1.0,0.0,1.0,1.0,0.0,0.0,2025,5.9148148148148145,3.2845018450184504,4.7,7.9,100
778057,2025-05-04,NYY,TB,147,139,701542.0,671737.0,False,9,3.0,tie,0.0,1.0,1.0,3.0,0.0,2.0,2.0,3.0,0.0,2025,3.4278688524590164,4.921305841924399,5.2,2.9,97
778058,2025-05-04,CIN,WSH,113,120,607259.0,669022.0,False,9,3.0,7,0.0,2.0,0.0,0.0,0.0,0.0,3.0,0.0,0.0,2025,3.664516129032258,2.8000000000000003,5.2,4.3,105
778068,2025-05-04,STL,NYM,138,121,669467.0,656731.0,False,9,6.0,3,0.0,2.0,6.0,0.0,0.0,1.0,0.0,0.0,0.0,2025,5.342647058823529,2.5466403162055338,4.1,6.3,99
778061,2025-05-04,MIA,ATH,146,133,665795.0,676664.0,False,9,2.0,tie,0.0,2.0,0.0,2.0,0.0,0.0,0.0,0.0,1.0,2025,5.737362637362637,3.74638783269962,4.5,4.2,93
778036,2025-05-05,STL,PIT,138,134,571945.0,669387.0,False,9,4.0,6,2.0,0.0,2.0,1.0,0.0,4.0,0.0,0.0,0.0,2025,2.9222222222222225,3.7334841628959277,4.1,2.4,99
778037,2025-05-06,BOS,TEX,111,140,608337.0,543135.0,False,9,5.0,4,1.0,0.0,0.0,5.0,0.0,1.0,0.0,0.0,0.0,2025,6.1,2.695588235294118,5.8,3.3,104
778046,2025-05-06,WSH,CLE,120,114,695418.0,594902.0,False,9,4.0,6,0.0,0.0,0.0,0.0,0.0,4.0,3.0,2.0,1.0,2025,3.3985074626865672,4.240684410646388,4.6,3.5,99
778024,2025-05-06,ATH,SEA,133,136,605488.0,676106.0,False,9,3.0,9,2.0,1.0,1.0,0.0,0.0,0.0,0.0,1.0,3.0,2025,5.331075697211155,4.495348837209303,4.2,6.5,97
778031,2025-05-06,MIL,HOU,158,117,694477.0,669713.0,False,9,4.0,1,4.0,0.0,0.0,0.0,0.0,0.0,3.0,0.0,0.0,2025,3.3857142857142857,4.564285714285714,3.8,4.1,100
778033,2025-05-06,KC,CWS,118,145,607625.0,680732.0,False,9,2.0,tie,0.0,0.0,0.0,1.0,0.0,2.0,0.0,2.0,2.0,2025,4.650632911392405,7.156603773584905,3.9,4.6,98
778016,2025-05-07,STL,PIT,138,134,543243.0,656605.0,False,9,2.0,tie,0.0,0.0,2.0,0.0,1.0,0.0,0.0,2.0,0.0,2025,3.6338078291814946,3.9247422680412374,4.0,2.2,99
778021,2025-05-07,TB,PHI,139,143,669358.0,650911.0,False,9,5.0,4,0.0,0.0,1.0,5.0,0.0,1.0,0.0,0.0,0.0,2025,4.513427561837456,3.5347826086956524,2.6,5.6,97
778017,2025-05-07,MIA,LAD,146,119,678368.0,689017.0,False,9,6.0,7,0.0,0.0,0.0,0.0,0.0,1.0,6.0,0.0,4.0,2025,5.360869565217391,6.8096774193548395,4.2,7.7,93
778010,2025-05-07,ATH,SEA,133,136,680684.0,693433.0,False,9,3.0,tie,3.0,0.0,0.0,2.0,1.0,3.0,0.0,2.0,0.0,2025,2.9333333333333336,2.4146417445482866,4.2,6.6,97
778012,2025-05-07,KC,CWS,118,145,608379.0,686563.0,False,9,2.0,5,0.0,0.0,0.0,0.0,2.0,0.0,0.0,0.0,1.0,2025,3.3181818181818183,5.149180327868853,4.1,4.4,98
778022,2025-05-07,WSH,CLE,120,114,647336.0,671106.0,False,9,8.0,6,0.0,1.0,2.0,0.0,0.0,8.0,3.0,0.0,0.0,2025,5.1,3.685774058577406,5.2,4.5,99
778014,2025-05-07,ARI,NYM,109,121,518876.0,673540.0,False,9,3.0,9,0.0,0.0,0.0,0.0,0.0,1.0,2.0,2.0,3.0,2025,2.958156028368794,2.7323529411764707,4.8,6.3,100
778008,2025-05-08,KC,CWS,118,145,663460.0,663436.0,False,9,4.0,8,1.0,0.0,1.0,0.0,2.0,2.0,0.0,4.0,0.0,2025,3.491459074733096,5.283908045977011,4.1,3.5,98
778000,2025-05-08,LAA,TOR,108,141,667755.0,605135.0,False,9,4.0,6,2.0,2.0,2.0,0.0,1.0,4.0,1.0,1.0,0.0,2025,3.5528301886792453,3.8421875,3.1,3.5,98
778007,2025-05-08,MIN,BAL,142,110,641927.0,665152.0,False,9,3.0,8,1.0,1.0,1.0,0.0,0.0,1.0,0.0,3.0,0.0,2025,2.844408945686901,5.806766917293233,4.6,2.6,99
777998,2025-05-09,PIT,ATL,134,144,663559.0,693821.0,False,9,2.0,tie,0.0,0.0,1.0,0.0,0.0,2.0,0.0,0.0,2.0,2025,4.7236162361623615,4.671428571428572,1.8,3.7,95
778002,2025-05-09,TB,MIL,139,158,641793.0,500779.0,False,9,2.0,tie,1.0,0.0,1.0,2.0,0.0,1.0,0.0,2.0,0.0,2025,6.85,4.412056737588653,2.7,3.6,97
777986,2025-05-09,LAA,BAL,108,110,543294.0,608372.0,False,9,2.0,2,1.0,2.0,0.0,0.0,0.0,0.0,1.0,0.0,1.0,2025,5.992561983471075,5.291780821917808,3.5,2.6,98
777997,2025-05-09,CLE,PHI,114,143,668909.0,605400.0,False,9,3.0,5,0.0,0.0,0.0,1.0,3.0,0.0,2.0,0.0,0.0,2025,5.245922746781116,2.9287671232876713,5.0,6.0,97
777994,2025-05-09,ATH,NYY,133,147,674370.0,701542.0,False,9,6.0,8,0.0,0.0,2.0,0.0,1.0,1.0,1.0,6.0,1.0,2025,6.682677165354331,4.127027027027027,4.4,5.6,97
777996,2025-05-09,DET,TEX,116,140,669373.0,571578.0,False,9,1.0,tie,0.0,1.0,0.0,1.0,0.0,1.0,0.0,0.0,0.0,2025,1.2000000000000002,4.8872340425531915,7.9,3.7,96
777976,2025-05-10,COL,SD,115,135,687134.0,663568.0,False,9,8.0,4,5.0,1.0,1.0,8.0,4.0,1.0,0.0,1.0,0.0,2025,4.748351648351648,2.707843137254902,3.2,5.2,112
777974,2025-05-10,MIN,SF,142,137,657746.0,657277.0,False,9,2.0,3,0.0,1.0,2.0,0.0,0.0,0.0,0.0,0.0,0.0,2025,3.033333333333333,1.725429553264605,3.8,4.9,99
777983,2025-05-10,CLE,PHI,114,143,676440.0,624133.0,False,9,6.0,8,0.0,0.0,0.0,1.0,0.0,0.0,0.0,6.0,1.0,2025,5.399270072992701,1.225,5.5,5.7,97
777975,2025-05-10,ARI,LAD,109,119,669203.0,669160.0,False,9,1.0,tie,0.0,0.0,1.0,0.0,0.0,1.0,0.0,1.0,0.0,2025,4.7725978647686835,4.235531135531136,4.9,8.0,100
777972,2025-05-10,ATH,NYY,133,147,676664.0,607074.0,False,9,5.0,6,0.0,1.0,3.0,1.0,0.0,5.0,3.0,4.0,1.0,2025,3.023954372623574,3.0342105263157895,4.4,6.1,97
777978,2025-05-10,CWS,MIA,145,146,681343.0,665795.0,False,9,2.0,8,1.0,0.0,0.0,0.0,0.0,0.0,1.0,2.0,0.0,2025,3.5365079365079364,4.937606837606838,3.7,3.9,101
777980,2025-05-10,WSH,STL,120,138,592866.0,669467.0,False,9,4.0,2,0.0,4.0,0.0,0.0,0.0,0.0,0.0,2.0,0.0,2025,4.616393442622951,5.42824427480916,4.5,5.3,99
777965,2025-05-11,KC,BOS,118,111,607625.0,608337.0,False,9,2.0,6,0.0,0.0,1.0,1.0,0.0,2.0,0.0,0.0,0.0,2025,4.6950920245398775,4.947826086956522,4.5,4.4,98
777958,2025-05-11,SEA,TOR,136,141,682243.0,570632.0,False,9,3.0,5,0.0,1.0,1.0,1.0,3.0,2.0,2.0,0.0,0.0,2025,3.5310344827586206,6.026829268292683,5.3,5.0,94
777966,2025-05-11,CWS,MIA,145,146,680732.0,645261.0,False,9,3.0,6,0.0,0.0,1.0,1.0,0.0,3.0,1.0,0.0,0.0,2025,6.548275862068966,7.168627450980393,3.4,3.6,101
777971,2025-05-11,CLE,PHI,114,143,682847.0,554430.0,False,9,2.0,8,0.0,1.0,0.0,0.0,0.0,0.0,0.0,2.0,0.0,2025,3.6490196078431376,3.037888198757764,5.4,5.7,97
777957,2025-05-11,ATH,NYY,133,147,622663.0,642232.0,False,9,6.0,5,0.0,5.0,1.0,1.0,6.0,0.0,1.0,0.0,0.0,2025,2.570198675496689,4.35,5.3,6.5,97
777962,2025-05-11,WSH,STL,120,138,669022.0,571945.0,False,9,2.0,tie,1.0,1.0,0.0,1.0,0.0,0.0,2.0,2.0,0.0,2025,2.9620689655172416,3.8114624505928854,4.1,5.1,99
777949,2025-05-12,TEX,COL,140,115,641816.0,801403.0,False,9,2.0,6,0.0,1.0,0.0,0.0,0.0,2.0,0.0,0.0,0.0,2025,3.4448275862068964,6.757407407407408,3.7,3.7,103
777952,2025-05-12,CHC,MIA,112,146,607067.0,615698.0,False,9,5.0,5,0.0,0.0,0.0,0.0,5.0,0.0,2.0,0.0,0.0,2025,3.1427350427350427,4.82093023255814,4.9,3.6,98
777950,2025-05-12,NYM,PIT,121,134,656849.0,694973.0,False,9,3.0,7,0.0,1.0,0.0,1.0,0.0,0.0,3.0,0.0,2.0,2025,2.475,4.030232558139535,5.1,2.1,94
777959,2025-05-12,ATL,WSH,144,120,656550.0,663623.0,False,9,3.0,9,0.0,0.0,2.0,1.0,1.0,0.0,0.0,0.0,3.0,2025,5.608710801393729,4.697444089456869,3.0,4.0,100
777947,2025-05-12,SD,LAA,135,108,650633.0,579328.0,False,9,6.0,9,0.0,0.0,5.0,0.0,1.0,1.0,0.0,1.0,6.0,2025,2.639473684210526,3.888381742738589,6.7,3.8,96
777932,2025-05-13,SD,LAA,135,108,656302.0,667755.0,False,9,3.0,7,1.0,0.0,0.0,0.0,2.0,0.0,3.0,2.0,2.0,2025,3.712244897959184,3.5526748971193416,6.7,4.3,96
777937,2025-05-13,LAD,ATH,119,133,689017.0,605488.0,False,9,4.0,5,0.0,0.0,3.0,0.0,4.0,0.0,2.0,1.0,2.0,2025,4.5285714285714285,5.423651452282158,6.1,4.8,94
777942,2025-05-13,ATL,WSH,144,120,680885.0,647336.0,False,9,3.0,4,1.0,0.0,0.0,3.0,1.0,1.0,0.0,1.0,0.0,2025,4.046969696969697,3.4,3.3,3.9,100
777917,2025-05-14,LAD,ATH,119,133,808967.0,680684.0,False,9,5.0,8,1.0,1.0,2.0,1.0,1.0,1.0,0.0,5.0,0.0,2025,2.5827586206896553,2.73963963963964,6.0,5.6,94
777928,2025-05-14,CIN,CWS,113,145,666157.0,663436.0,False,9,2.0,7,0.0,1.0,0.0,0.0,1.0,1.0,2.0,1.0,0.0,2025,4.009090909090909,4.092063492063492,3.0,2.8,105
777915,2025-05-14,SEA,NYY,136,147,622491.0,701542.0,False,9,2.0,3,0.0,0.0,2.0,0.0,0.0,1.0,1.0,1.0,0.0,2025,4.096168582375479,3.1485436893203884,3.4,6.7,94
777925,2025-05-14,CLE,MIL,114,158,668909.0,701656.0,False,9,3.0,tie,0.0,2.0,0.0,1.0,1.0,3.0,2.0,3.0,2.0,2025,5.4175965665236046,2.7666666666666666,5.0,2.5,97
777916,2025-05-14,SF,ARI,137,109,663855.0,593958.0,False,9,4.0,tie,1.0,4.0,3.0,4.0,0.0,0.0,2.0,0.0,1.0,2025,2.4214285714285717,5.2681415929203546,5.3,4.9,95
777933,2025-05-14,PHI,STL,143,138,605400.0,543243.0,False,9,6.0,tie,6.0,0.0,6.0,4.0,0.0,0.0,0.0,3.0,2.0,2025,3.8534246575342466,3.0003322259136214,5.3,5.0,102
777901,2025-05-16,KC,STL,118,138,666142.0,669467.0,False,9,4.0,6,0.0,1.0,0.0,3.0,1.0,4.0,0.0,2.0,2.0,2025,2.4388429752066116,5.457414448669201,3.4,5.6,98
777907,2025-05-16,BAL,WSH,110,120,700249.0,669022.0,False,9,2.0,tie,0.0,1.0,2.0,0.0,0.0,2.0,0.0,1.0,1.0,2025,6.770886075949367,3.8534246575342466,3.3,3.2,101
777898,2025-05-16,MIL,MIN,158,142,694477.0,657746.0,False,9,2.0,1,2.0,1.0,0.0,0.0,0.0,0.0,0.0,0.0,0.0,2025,3.021875,3.2724137931034485,3.2,5.4,100
777891,2025-05-16,SF,ATH,137,133,657277.0,676664.0,False,9,4.0,3,0.0,0.0,4.0,0.0,0.0,3.0,0.0,3.0,0.0,2025,1.6852090032154343,3.2465201465201465,5.4,4.9,95
777887,2025-05-17,ARI,COL,109,115,668678.0,608566.0,False,9,6.0,1,6.0,3.0,4.0,3.0,1.0,4.0,3.0,1.0,1.0,2025,3.6136986301369864,5.992156862745098,5.0,3.2,100
777885,2025-05-17,KC,STL,118,138,702070.0,571945.0,False,9,1.0,6,0.0,0.0,0.0,0.0,0.0,1.0,0.0,0.0,0.0,2025,4.575409836065574,4.281102362204725,3.4,6.1,98
777888,2025-05-17,NYY,NYM,147,121,657376.0,656288.0,False,9,2.0,4,0.0,0.0,1.0,2.0,0.0,1.0,0.0,0.0,1.0,2025,5.046564885496183,2.803703703703704,6.9,3.9,97
777882,2025-05-17,TEX,HOU,140,117,641816.0,669854.0,False,9,2.0,tie,1.0,0.0,1.0,0.0,0.0,2.0,2.0,0.0,0.0,2025,3.6154639175257732,4.457615894039735,3.9,4.7,103
777894,2025-05-17,PHI,PIT,143,134,554430.0,669387.0,False,9,3.0,4,1.0,0.0,1.0,3.0,0.0,0.0,0.0,0.0,2.0,2025,2.4373493975903617,5.1535714285714285,5.1,2.5,102
777867,2025-05-18,SF,ATH,137,133,434378.0,605488.0,False,9,2.0,tie,1.0,0.0,0.0,2.0,0.0,0.0,0.0,2.0,0.0,2025,4.5776632302405496,4.632567049808429,5.3,4.0,95
777869,2025-05-18,TEX,HOU,140,117,683004.0,664285.0,False,9,3.0,tie,0.0,0.0,0.0,3.0,0.0,0.0,1.0,3.0,0.0,2025,4.387553648068669,3.6294117647058823,4.0,4.5,103
777864,2025-05-18,KC,STL,118,138,608379.0,669461.0,False,9,2.0,4,0.0,0.0,0.0,2.0,0.0,0.0,1.0,0.0,0.0,2025,2.670957095709571,2.4772893772893774,3.0,5.6,98
777876,2025-05-18,BOS,ATL,111,144,678394.0,680885.0,False,9,5.0,3,2.0,0.0,5.0,1.0,3.0,0.0,0.0,3.0,0.0,2025,5.678125,3.510958904109589,5.0,4.1,104
777866,2025-05-18,LAD,LAA,119,108,664062.0,579328.0,False,9,3.0,tie,3.0,0.0,1.0,0.0,1.0,0.0,3.0,1.0,1.0,2025,2.85,4.593775933609958,7.5,5.0,94
777874,2025-05-18,CIN,CLE,113,114,671096.0,682847.0,False,9,2.0,4,0.0,0.0,0.0,2.0,0.0,1.0,1.0,0.0,0.0,2025,2.7,3.7083650190114072,4.0,4.1,105
777872,2025-05-18,CHC,CWS,112,145,607067.0,686563.0,False,9,3.0,6,1.0,0.0,0.0,1.0,0.0,3.0,1.0,1.0,1.0,2025,3.81969696969697,4.533823529411765,4.7,2.8,98
777858,2025-05-19,TB,HOU,139,117,686752.0,676467.0,False,9,3.0,2,0.0,3.0,0.0,0.0,2.0,1.0,1.0,0.0,0.0,2025,3.8473309608540927,6.270731707317074,4.4,4.0,97
777856,2025-05-19,BOS,NYM,111,121,690928.0,673540.0,False,9,2.0,1,2.0,1.0,1.0,0.0,0.0,0.0,0.0,0.0,0.0,2025,3.5044117647058823,2.834848484848485,4.8,3.8,104
777850,2025-05-20,MIA,CHC,146,112,677960.0,592791.0,False,9,8.0,6,1.0,0.0,1.0,0.0,0.0,8.0,0.0,0.0,5.0,2025,4.3,5.5285714285714285,3.8,5.4,93
777842,2025-05-20,COL,PHI,115,143,622608.0,666200.0,False,9,4.0,7,3.0,0.0,0.0,1.0,1.0,0.0,4.0,0.0,2.0,2025,5.640983606557377,2.570198675496689,4.0,4.4,112
777843,2025-05-20,ATH,LAA,133,108,680684.0,543294.0,False,9,4.0,tie,0.0,1.0,0.0,4.0,4.0,0.0,0.0,0.0,3.0,2025,5.1987654320987655,5.848091603053435,3.7,5.0,97
777841,2025-05-20,WSH,ATL,120,144,680730.0,675911.0,False,9,4.0,2,3.0,4.0,0.0,0.0,0.0,0.0,1.0,0.0,0.0,2025,3.734920634920635,4.9,3.9,4.6,99
777844,2025-05-20,MIL,BAL,158,110,701656.0,669211.0,False,9,2.0,tie,0.0,0.0,1.0,2.0,0.0,0.0,2.0,2.0,0.0,2025,3.1,3.9333333333333336,2.8,3.9,100
777849,2025-05-20,NYY,TEX,147,140,701542.0,571578.0,False,9,2.0,tie,0.0,1.0,0.0,1.0,0.0,1.0,0.0,2.0,2.0,2025,2.4852459016393444,4.997810218978103,6.4,4.3,97
777832,2025-05-21,TB,HOU,139,117,671737.0,686613.0,False,9,5.0,8,4.0,0.0,0.0,1.0,2.0,0.0,0.0,5.0,0.0,2025,5.12846975088968,1.5472049689440996,4.0,3.4,97
777823,2025-05-21,COL,PHI,115,143,687223.0,592836.0,False,9,4.0,3,3.0,1.0,4.0,1.0,1.0,2.0,0.0,0.0,2.0,2025,3.85,4.455140186915888,3.5,5.1,112
777831,2025-05-21,BOS,NYM,111,121,676979.0,656731.0,False,9,3.0,7,0.0,1.0,0.0,0.0,1.0,0.0,3.0,0.0,1.0,2025,3.3903225806451616,3.896460176991151,4.7,2.5,104
777829,2025-05-21,MIN,CLE,142,114,663978.0,668909.0,False,9,2.0,tie,0.0,0.0,1.0,0.0,0.0,2.0,0.0,1.0,2.0,2025,4.130927835051546,4.366968325791856,4.8,3.0,99
777824,2025-05-21,LAD,ARI,119,109,669160.0,669203.0,False,9,3.0,6,0.0,0.0,0.0,1.0,0.0,3.0,0.0,0.0,0.0,2025,5.1,3.332558139534884,6.1,5.3,94
777812,2025-05-22,ATH,LAA,133,108,622663.0,542881.0,False,9,5.0,7,2.0,0.0,1.0,1.0,3.0,0.0,5.0,0.0,3.0,2025,2.6185185185185187,4.943971631205674,3.4,6.1,97
777818,2025-05-22,NYY,TEX,147,140,607074.0,543135.0,False,9,1.0,5,0.0,0.0,0.0,0.0,1.0,0.0,0.0,0.0,0.0,2025,2.8682119205298013,1.4443708609271524,5.9,3.7,97
777817,2025-05-22,COL,PHI,115,143,608566.0,624133.0,False,9,1.0,tie,0.0,0.0,0.0,1.0,0.0,0.0,1.0,0.0,0.0,2025,4.781034482758621,2.5767441860465117,4.0,5.3,112
777813,2025-05-23,ATL,SD,144,135,519242.0,601713.0,False,9,1.0,tie,1.0,1.0,0.0,0.0,0.0,0.0,0.0,0.0,1.0,2025,2.310526315789474,3.874907749077491,5.1,2.8,100
777804,2025-05-23,ATH,PHI,133,143,682052.0,554430.0,False,9,6.0,9,1.0,0.0,0.0,0.0,0.0,0.0,0.0,0.0,6.0,2025,6.281818181818181,2.540993788819876,3.7,5.2,97
777807,2025-05-23,DET,CLE,116,114,695549.0,677944.0,False,9,2.0,1,2.0,0.0,0.0,0.0,0.0,1.0,0.0,0.0,1.0,2025,5.27948717948718,2.5,5.3,3.5,96
777815,2025-05-23,BOS,BAL,111,110,678394.0,700249.0,False,9,14.0,8,0.0,0.0,2.0,1.0,0.0,5.0,0.0,14.0,2.0,2025,5.245748987854252,6.176923076923077,3.8,4.3,104
777801,2025-05-23,WSH,SF,120,137,669022.0,694738.0,False,9,2.0,tie,0.0,0.0,0.0,0.0,0.0,0.0,2.0,2.0,0.0,2025,3.743939393939394,4.258798283261802,5.0,4.5,99
777800,2025-05-23,HOU,SEA,117,136,687473.0,676106.0,False,9,3.0,tie,0.0,0.0,3.0,0.0,2.0,0.0,3.0,0.0,0.0,2025,4.031372549019608,5.158823529411765,3.6,3.7,99
777786,2025-05-24,STL,ARI,138,109,669461.0,518876.0,False,9,6.0,8,1.0,0.0,0.0,0.0,1.0,0.0,3.0,6.0,0.0,2025,2.65719557195572,2.7463022508038586,5.0,5.3,99
777782,2025-05-24,COL,NYY,115,147,607536.0,608331.0,False,9,10.0,5,1.0,0.0,0.0,1.0,10.0,0.0,0.0,2.0,0.0,2025,3.7611570247933885,2.4548387096774196,3.3,4.3,112
777789,2025-05-24,NYM,LAD,121,119,656849.0,664062.0,False,9,3.0,tie,0.0,3.0,0.0,3.0,0.0,0.0,0.0,1.0,0.0,2025,3.9185053380782917,4.65,2.4,6.3,94
777792,2025-05-24,CWS,TEX,145,140,669060.0,683004.0,False,9,6.0,6,1.0,0.0,0.0,4.0,1.0,6.0,1.0,2.0,0.0,2025,6.675757575757576,5.194861660079052,2.9,3.0,101
777773,2025-05-25,NYM,LAD,121,119,673540.0,689017.0,False,9,3.0,1,3.0,0.0,1.0,0.0,0.0,0.0,0.0,0.0,0.0,2025,2.7691176470588235,4.9831168831168835,2.5,6.4,94
777777,2025-05-25,CWS,TEX,145,140,663436.0,571578.0,False,9,4.0,9,0.0,2.0,0.0,1.0,0.0,2.0,0.0,0.0,4.0,2025,3.391970802919708,4.596350364963504,3.4,3.1,101
777783,2025-05-25,ATL,SD,144,135,680885.0,656302.0,False,9,2.0,tie,1.0,1.0,0.0,0.0,2.0,2.0,1.0,1.0,0.0,2025,4.195890410958905,4.3,5.2,2.3,100
777778,2025-05-25,WSH,SF,120,137,647336.0,592662.0,False,9,3.0,3,0.0,1.0,3.0,0.0,0.0,0.0,0.0,0.0,1.0,2025,4.19375,1.6757575757575758,4.9,4.2,99
777767,2025-05-25,LAA,MIA,108,146,543294.0,665795.0,False,9,1.0,tie,0.0,0.0,1.0,1.0,1.0,0.0,0.0,0.0,0.0,2025,6.054545454545455,4.422314049586777,6.4,4.1,98
777779,2025-05-25,CIN,CHC,113,112,666157.0,676962.0,False,9,6.0,1,6.0,1.0,0.0,0.0,4.0,1.0,3.0,4.0,0.0,2025,2.8945205479452056,2.546808510638298,4.1,7.2,105
777760,2025-05-26,KC,CIN,118,113,547179.0,607259.0,False,9,3.0,tie,1.0,0.0,3.0,0.0,2.0,0.0,3.0,1.0,1.0,2025,4.749122807017544,2.2935483870967746,2.8,4.7,98
777771,2025-05-26,BAL,STL,110,138,450203.0,607200.0,False,9,3.0,4,1.0,0.0,1.0,3.0,2.0,0.0,0.0,0.0,0.0,2025,7.318009478672986,3.7802721088435374,4.4,5.6,101
777762,2025-05-26,TB,MIN,139,142,641793.0,663978.0,False,9,4.0,8,0.0,0.0,0.0,0.0,0.0,3.0,2.0,4.0,0.0,2025,4.96046511627907,3.682191780821918,5.0,4.0,97
777757,2025-05-26,CHC,COL,112,115,592791.0,687223.0,False,9,2.0,5,1.0,0.0,0.0,0.0,2.0,0.0,1.0,0.0,0.0,2025,6.166666666666667,7.667901234567902,7.8,3.4,98
777769,2025-05-26,CLE,LAD,114,119,668909.0,808967.0,False,9,3.0,6,1.0,1.0,1.0,0.0,2.0,3.0,0.0,0.0,1.0,2025,3.963636363636364,3.617241379310345,3.8,5.6,97
777753,2025-05-27,CLE,LAD,114,119,676440.0,669160.0,False,9,5.0,tie,0.0,2.0,0.0,5.0,0.0,1.0,0.0,1.0,5.0,2025,3.35,4.7,3.5,4.4,97
777741,2025-05-27,TEX,TOR,140,141,543135.0,670102.0,False,9,2.0,8,0.0,0.0,0.0,0.0,0.0,0.0,0.0,2.0,0.0,2025,1.9410596026490068,7.983720930232558,2.8,3.6,103
777731,2025-05-28,CHC,COL,112,115,571510.0,685299.0,False,9,1.0,tie,1.0,0.0,0.0,1.0,0.0,1.0,0.0,0.0,0.0,2025,3.5444444444444443,3.4305785123966945,7.1,2.4,98
777740,2025-05-28,BAL,STL,110,138,700249.0,571945.0,False,9,3.0,tie,0.0,3.0,0.0,3.0,3.0,0.0,1.0,0.0,0.0,2025,4.115037593984963,4.202941176470588,4.4,4.1,101
777730,2025-05-28,SEA,WSH,136,120,669923.0,592866.0,False,9,3.0,tie,0.0,2.0,0.0,3.0,1.0,0.0,0.0,3.0,0.0,2025,3.4125,4.887234042553192,4.1,4.5,94
777732,2025-05-28,TB,MIN,139,142,656876.0,641154.0,False,9,3.0,4,0.0,0.0,0.0,3.0,1.0,0.0,0.0,1.0,0.0,2025,5.168965517241379,2.0045936395759716,4.7,3.4,97
777726,2025-05-28,SD,MIA,135,146,606996.0,645261.0,False,9,5.0,tie,0.0,1.0,1.0,5.0,5.0,0.0,3.0,3.0,0.0,2025,6.2527093596059125,5.944444444444445,2.8,3.7,96
777717,2025-05-30,MIA,SF,146,137,615698.0,690986.0,False,9,1.0,tie,1.0,0.0,0.0,1.0,0.0,0.0,0.0,0.0,0.0,2025,3.492156862745098,4.35,4.7,2.3,93
777721,2025-05-30,CLE,LAA,114,108,682847.0,667755.0,False,9,2.0,tie,0.0,1.0,0.0,0.0,0.0,0.0,2.0,0.0,2.0,2025,4.019117647058824,3.3127659574468087,4.2,4.3,97
777708,2025-05-30,LAD,NYY,119,147,664062.0,608331.0,False,9,4.0,tie,2.0,4.0,1.0,0.0,0.0,4.0,2.0,0.0,0.0,2025,4.5,2.134267912772586,4.6,4.7,94
777712,2025-05-30,CHC,CIN,112,113,607067.0,671096.0,False,9,2.0,tie,2.0,0.0,0.0,2.0,0.0,2.0,0.0,2.0,0.0,2025,5.151282051282052,2.8222222222222224,6.6,4.7,98
777714,2025-05-30,HOU,TB,117,139,664285.0,686752.0,False,9,1.0,tie,1.0,0.0,0.0,0.0,0.0,0.0,0.0,1.0,1.0,2025,2.887878787878788,3.4780068728522338,4.8,6.0,99
777705,2025-05-31,MIA,SF,146,137,665795.0,592662.0,False,9,1.0,2,0.0,1.0,0.0,0.0,0.0,0.0,0.0,0.0,0.0,2025,3.6327868852459018,1.6,4.2,2.2,93
777696,2025-05-31,ARI,WSH,109,120,694297.0,647336.0,False,9,10.0,1,10.0,1.0,0.0,2.0,0.0,5.0,0.0,0.0,0.0,2025,6.394117647058824,4.5285714285714285,4.3,5.6,100
777700,2025-05-31,NYM,COL,121,115,673540.0,622608.0,False,9,5.0,1,5.0,0.0,0.0,3.0,0.0,0.0,1.0,1.0,0.0,2025,3.4802281368821295,4.121276595744681,3.5,2.4,94
777703,2025-05-31,CLE,LAA,114,108,677944.0,543294.0,False,9,4.0,4,0.0,0.0,2.0,4.0,2.0,1.0,3.0,0.0,0.0,2025,3.463636363636364,4.460544217687075,4.2,4.3,97
777684,2025-06-01,BAL,CWS,110,145,450203.0,605288.0,False,9,2.0,tie,0.0,0.0,2.0,0.0,0.0,2.0,1.0,0.0,0.0,2025,7.127149321266968,2.7666666666666666,4.4,4.1,101
777677,2025-06-01,KC,DET,118,116,663460.0,672456.0,False,9,1.0,3,0.0,0.0,1.0,0.0,0.0,0.0,0.0,0.0,0.0,2025,2.1965732087227416,5.313740458015268,3.2,3.3,98
777685,2025-06-01,TOR,ATH,141,133,592332.0,676664.0,False,9,7.0,8,1.0,0.0,0.0,0.0,4.0,0.0,0.0,7.0,0.0,2025,2.748562300319489,7.798275862068966,4.4,4.2,101
777683,2025-06-01,CLE,LAA,114,108,668909.0,686799.0,False,9,3.0,4,0.0,0.0,1.0,3.0,0.0,0.0,2.0,0.0,0.0,2025,4.298347107438016,5.130075187969926,4.4,4.1,97
777692,2025-06-01,ATL,BOS,144,111,693821.0,676979.0,False,9,4.0,1,4.0,0.0,0.0,0.0,0.0,0.0,0.0,0.0,0.0,2025,3.7896551724137932,2.835973597359736,4.0,4.1,100
777678,2025-06-01,TEX,STL,140,138,594798.0,607200.0,False,9,5.0,8,1.0,2.0,0.0,0.0,0.0,0.0,1.0,5.0,0.0,2025,3.5983388704318937,4.058904109589041,2.8,3.7,103
777681,2025-06-01,SD,PIT,135,134,681190.0,571760.0,False,9,4.0,7,1.0,0.0,3.0,1.0,0.0,1.0,4.0,0.0,0.0,2025,4.858241758241759,6.157851239669421,3.7,4.7,96
777680,2025-06-01,SEA,MIN,136,142,622491.0,663978.0,False,9,2.0,9,0.0,0.0,0.0,0.0,0.0,0.0,1.0,0.0,2.0,2025,2.7666666666666666,2.9293515358361777,4.0,3.8,94
777669,2025-06-02,ATH,MIN,133,142,622663.0,657746.0,False,9,6.0,2,0.0,6.0,1.0,3.0,0.0,2.0,0.0,1.0,1.0,2025,2.8857142857142857,1.9387096774193548,4.1,3.3,97
777670,2025-06-02,BOS,LAA,111,108,690916.0,542881.0,False,9,6.0,1,6.0,0.0,1.0,0.0,4.0,1.0,0.0,1.0,0.0,2025,3.95,5.372727272727273,4.3,3.3,104
777659,2025-06-03,WSH,CHC,120,112,592866.0,690990.0,False,9,4.0,5,1.0,1.0,2.0,2.0,4.0,0.0,1.0,0.0,0.0,2025,4.288524590163934,5.087577639751553,5.3,5.0,99
777662,2025-06-03,TB,TEX,139,140,656876.0,641816.0,False,9,3.0,6,0.0,1.0,0.0,0.0,0.0,3.0,1.0,1.0,0.0,2025,4.576014760147602,3.9540925266903915,6.3,3.3,97
777665,2025-06-03,TOR,PHI,141,143,670102.0,650911.0,False,9,6.0,1,6.0,1.0,0.0,0.0,1.0,0.0,0.0,3.0,0.0,2025,4.504255319148936,3.1,4.5,4.0,101
777666,2025-06-03,MIA,COL,146,115,645261.0,801403.0,False,9,2.0,tie,0.0,0.0,2.0,0.0,2.0,0.0,0.0,1.0,0.0,2025,5.239917695473251,4.471681415929204,3.9,2.6,93
777655,2025-06-03,SEA,BAL,136,110,669923.0,608372.0,False,9,2.0,9,1.0,1.0,0.0,0.0,1.0,1.0,0.0,0.0,2.0,2025,7.734146341463415,4.453135313531353,3.6,3.9,94
777660,2025-06-03,STL,KC,138,118,669467.0,547179.0,False,9,6.0,5,2.0,2.0,5.0,0.0,6.0,2.0,0.0,0.0,0.0,2025,4.114492753623189,5.063636363636364,3.4,3.0,99
777663,2025-06-03,PIT,HOU,134,117,694973.0,621121.0,False,9,2.0,9,0.0,0.0,0.0,0.0,0.0,0.0,1.0,0.0,2.0,2025,1.8888198757763976,4.766666666666667,4.8,4.4,95
777649,2025-06-04,BOS,LAA,111,108,608337.0,667755.0,False,9,9.0,1,9.0,3.0,0.0,2.0,1.0,0.0,1.0,2.0,2.0,2025,4.116260162601626,3.84468085106383,2.7,2.7,104
777645,2025-06-04,SEA,BAL,136,110,676106.0,700249.0,False,9,2.0,tie,0.0,0.0,0.0,1.0,0.0,2.0,2.0,0.0,0.0,2025,5.647528517110267,4.644715447154471,3.5,3.9,94
777654,2025-06-04,ATL,ARI,144,109,519242.0,518876.0,False,9,2.0,9,0.0,0.0,1.0,0.0,0.0,0.0,0.0,0.0,2.0,2025,2.622292993630573,2.5533762057877816,3.4,4.8,100
777641,2025-06-04,SF,SD,137,135,690986.0,601713.0,False,9,4.0,5,2.0,0.0,0.0,0.0,4.0,2.0,3.0,0.0,0.0,2025,3.5444444444444443,3.8777777777777778,1.6,3.9,95
777638,2025-06-04,LAD,NYM,119,121,664062.0,656288.0,False,9,3.0,tie,3.0,0.0,0.0,0.0,0.0,0.0,0.0,3.0,1.0,2025,6.9399999999999995,5.306572769953052,6.1,4.6,94
777632,2025-06-05,WSH,CHC,120,112,663623.0,519141.0,False,9,3.0,9,2.0,1.0,0.0,0.0,0.0,2.0,0.0,0.0,3.0,2025,3.927814569536424,1.1,5.0,4.3,99
777644,2025-06-05,NYY,CLE,147,114,608331.0,677944.0,False,9,2.0,tie,0.0,0.0,0.0,2.0,0.0,0.0,2.0,0.0,0.0,2025,2.83421926910299,6.14635761589404,4.4,3.9,97
777637,2025-06-05,TOR,PHI,141,143,605135.0,666200.0,False,9,4.0,tie,0.0,4.0,4.0,0.0,0.0,2.0,0.0,0.0,0.0,2025,4.626717557251909,3.8092198581560286,4.8,4.3,101
777633,2025-06-05,SF,SD,137,135,592662.0,656302.0,False,9,5.0,3,0.0,0.0,5.0,0.0,0.0,0.0,0.0,0.0,0.0,2025,1.63125,3.274825174825175,2.2,4.3,95
777629,2025-06-05,TB,TEX,139,140,686752.0,683004.0,False,9,3.0,9,0.0,1.0,1.0,0.0,1.0,0.0,1.0,0.0,3.0,2025,3.1641025641025644,4.442756183745583,6.7,3.7,97
777630,2025-06-05,PIT,HOU,134,117,656605.0,664285.0,False,9,4.0,4,0.0,0.0,1.0,4.0,1.0,0.0,2.0,0.0,2.0,2025,2.4548387096774196,2.6675675675675676,4.0,3.5,95
777622,2025-06-06,CLE,HOU,114,117,671106.0,676467.0,False,9,4.0,5,0.0,0.0,0.0,0.0,4.0,2.0,0.0,0.0,0.0,2025,4.455140186915888,4.35,3.2,4.1,97
777617,2025-06-06,MIL,SD,158,135,694477.0,681190.0,False,9,1.0,tie,0.0,0.0,1.0,0.0,0.0,0.0,0.0,1.0,0.0,2025,2.5693877551020408,5.777165354330709,6.2,4.0,100
777624,2025-06-06,WSH,TEX,120,140,647336.0,571578.0,False,9,1.0,tie,0.0,1.0,0.0,0.0,0.0,0.0,1.0,0.0,0.0,2025,4.522924901185771,4.873049645390071,4.8,3.5,99
777627,2025-06-06,NYY,BOS,147,111,701542.0,621111.0,False,9,5.0,1,5.0,2.0,0.0,0.0,2.0,4.0,2.0,0.0,0.0,2025,1.8946428571428573,4.60197628458498,3.5,3.7,97
777607,2025-06-07,PIT,PHI,134,143,571760.0,624133.0,False,9,2.0,1,2.0,0.0,0.0,0.0,0.0,0.0,1.0,0.0,0.0,2025,5.466412213740458,2.6652173913043478,4.0,3.5,95
777604,2025-06-07,COL,NYM,115,121,608566.0,605280.0,False,9,3.0,7,0.0,0.0,1.0,1.0,2.0,1.0,3.0,1.0,0.0,2025,2.85,5.980794701986755,2.6,5.1,112
777605,2025-06-07,NYY,BOS,147,111,642232.0,676979.0,False,9,5.0,3,0.0,4.0,5.0,4.0,0.0,0.0,0.0,2.0,2.0,2025,3.830769230769231,2.4808049535603716,3.9,4.2,97
777600,2025-06-07,MIN,TOR,142,141,663978.0,592332.0,False,9,2.0,tie,1.0,1.0,0.0,2.0,0.0,1.0,0.0,2.0,2.0,2025,2.7594427244582045,2.964406779661017,5.4,6.1,99
777603,2025-06-07,LAA,SEA,108,136,686799.0,622491.0,False,9,3.0,tie,3.0,3.0,2.0,1.0,1.0,2.0,1.0,0.0,1.0,2025,5.156451612903226,2.566666666666667,3.9,3.5,98
777609,2025-06-07,DET,CHC,116,112,663947.0,592791.0,False,9,3.0,5,1.0,0.0,0.0,0.0,3.0,0.0,2.0,1.0,0.0,2025,-0.2333333333333334,6.558904109589041,3.9,3.6,96
777597,2025-06-07,MIL,SD,158,135,500779.0,663568.0,False,9,3.0,9,0.0,0.0,0.0,1.0,0.0,0.0,1.0,2.0,3.0,2025,4.862452107279694,4.156105610561056,5.6,3.8,100
777602,2025-06-08,CIN,ARI,113,109,663903.0,668678.0,False,9,2.0,7,0.0,1.0,1.0,1.0,1.0,0.0,2.0,0.0,0.0,2025,4.967219917012448,5.362773722627738,4.2,4.9,105
777588,2025-06-08,ATH,BAL,133,110,682052.0,608372.0,False,9,4.0,2,1.0,4.0,0.0,0.0,0.0,0.0,0.0,1.0,0.0,2025,6.8500000000000005,4.250159744408946,4.9,4.0,97
777586,2025-06-08,MIL,SD,158,135,642547.0,686701.0,False,9,1.0,7,0.0,0.0,0.0,0.0,0.0,0.0,1.0,0.0,0.0,2025,4.925396825396826,6.1,5.7,3.3,100
777585,2025-06-08,MIN,TOR,142,141,657746.0,670102.0,False,9,3.0,2,0.0,3.0,2.0,2.0,2.0,0.0,0.0,0.0,0.0,2025,3.203448275862069,6.255339805825243,5.4,6.6,99
777576,2025-06-09,LAA,ATH,108,133,579328.0,680880.0,False,9,5.0,8,0.0,0.0,3.0,1.0,0.0,0.0,0.0,5.0,2.0,2025,4.539393939393939,5.827272727272727,4.6,5.4,98
777557,2025-06-10,MIN,TEX,142,140,680573.0,641816.0,False,9,6.0,tie,0.0,0.0,0.0,5.0,6.0,3.0,0.0,6.0,0.0,2025,5.9,3.241843971631206,6.0,3.6,99
777567,2025-06-10,HOU,CWS,117,145,621121.0,681343.0,False,9,3.0,3,0.0,1.0,3.0,1.0,0.0,0.0,0.0,1.0,0.0,2025,3.941584158415842,3.7995884773662554,3.1,3.7,99
777566,2025-06-10,PIT,MIA,134,146,656605.0,645261.0,False,9,2.0,tie,0.0,0.0,2.0,1.0,0.0,0.0,0.0,2.0,0.0,2025,2.7463022508038586,4.127667984189723,3.5,3.0,95
777569,2025-06-10,CLE,CIN,114,113,677944.0,671096.0,False,9,1.0,5,0.0,0.0,0.0,0.0,1.0,0.0,0.0,0.0,0.0,2025,6.18457711442786,3.33972602739726,3.1,4.4,97
777562,2025-06-11,BAL,DET,110,116,621107.0,663554.0,False,9,7.0,8,0.0,0.0,2.0,0.0,0.0,0.0,2.0,7.0,0.0,2025,5.804626334519573,4.246245059288538,3.6,3.5,101
777553,2025-06-11,PHI,CHC,143,112,666200.0,676962.0,False,9,3.0,tie,3.0,0.0,1.0,3.0,0.0,0.0,1.0,1.0,0.0,2025,4.052380952380952,3.0606299212598427,3.3,4.2,102
777554,2025-06-11,MIL,ATL,158,144,694477.0,680885.0,False,9,4.0,2,0.0,4.0,0.0,2.0,0.0,0.0,1.0,1.0,0.0,2025,2.56969696969697,3.1906344410876133,4.5,3.7,100
777561,2025-06-11,BOS,TB,111,139,621111.0,641793.0,False,9,3.0,5,1.0,2.0,0.0,1.0,3.0,0.0,0.0,0.0,0.0,2025,6.942364532019704,4.967469879518072,6.1,5.8,104
777552,2025-06-11,PIT,MIA,134,146,663559.0,615698.0,False,9,3.0,5,0.0,1.0,0.0,0.0,3.0,2.0,0.0,1.0,0.0,2025,3.4643724696356277,3.5954954954954954,3.5,3.3,95
777545,2025-06-11,STL,TOR,138,141,669461.0,641778.0,False,9,2.0,tie,1.0,1.0,2.0,2.0,1.0,0.0,0.0,0.0,0.0,2025,4.207011070110701,7.466197183098592,4.4,5.9,99
777551,2025-06-11,KC,NYY,118,147,663460.0,657376.0,False,9,5.0,2,0.0,5.0,0.0,0.0,0.0,0.0,1.0,0.0,3.0,2025,1.9856304985337245,3.464963503649635,4.0,5.4,98
777548,2025-06-11,ARI,SEA,109,136,593958.0,693433.0,False,9,5.0,6,1.0,0.0,0.0,0.0,1.0,5.0,0.0,0.0,0.0,2025,6.499014778325123,3.9626198083067092,5.5,3.3,100
777534,2025-06-12,COL,SF,115,137,622608.0,806185.0,False,9,4.0,2,0.0,4.0,0.0,2.0,3.0,1.0,2.0,0.0,3.0,2025,4.9222222222222225,2.2256830601092896,3.7,4.3,112
777540,2025-06-12,BAL,DET,110,116,669211.0,669373.0,False,9,4.0,4,0.0,0.0,0.0,4.0,0.0,0.0,0.0,1.0,0.0,2025,3.1,1.5057971014492755,4.4,3.6,101
777522,2025-06-13,LAD,SF,119,137,808967.0,657277.0,False,9,4.0,3,1.0,1.0,4.0,0.0,0.0,0.0,1.0,1.0,0.0,2025,2.958156028368794,2.44375,3.8,4.6,94
777535,2025-06-13,ATL,COL,144,115,693821.0,608566.0,False,9,5.0,8,3.0,0.0,0.0,2.0,0.0,3.0,3.0,5.0,0.0,2025,2.9006644518272426,4.138461538461539,3.8,4.3,100
777527,2025-06-13,HOU,MIN,117,142,676467.0,663978.0,False,9,3.0,tie,3.0,2.0,3.0,2.0,0.0,1.0,0.0,1.0,1.0,2025,3.678512396694215,3.1961538461538463,3.9,5.6,99
777507,2025-06-14,SEA,CLE,136,114,669923.0,676440.0,False,9,2.0,tie,2.0,0.0,0.0,1.0,1.0,1.0,0.0,0.0,2.0,2025,4.090099009900991,3.894701986754967,3.5,3.2,94
777518,2025-06-14,NYM,TB,121,139,656731.0,656876.0,False,9,5.0,4,0.0,0.0,3.0,5.0,3.0,1.0,0.0,0.0,0.0,2025,3.5424778761061946,1.9620689655172414,6.0,5.2,94
777509,2025-06-14,PHI,TOR,143,141,650911.0,670102.0,False,9,2.0,4,0.0,1.0,0.0,2.0,1.0,0.0,0.0,1.0,0.0,2025,2.9943661971830986,8.585714285714285,3.9,4.8,102
777513,2025-06-14,CHC,PIT,112,134,571510.0,681347.0,False,9,1.0,tie,1.0,0.0,1.0,0.0,0.0,1.0,0.0,0.0,0.0,2025,3.2374570446735396,5.527745664739885,3.1,3.5,98
777503,2025-06-15,WSH,MIA,120,146,669022.0,691587.0,False,9,2.0,1,2.0,1.0,0.0,0.0,0.0,0.0,1.0,0.0,0.0,2025,1.646099290780142,1.7666666666666668,2.6,4.3,99
777501,2025-06-15,BAL,LAA,110,108,656240.0,579328.0,False,9,4.0,7,3.0,0.0,1.0,1.0,0.0,2.0,4.0,2.0,0.0,2025,8.766666666666667,3.827272727272727,4.1,4.8,101
777486,2025-06-16,SEA,BOS,136,111,669302.0,608337.0,False,9,1.0,tie,1.0,0.0,1.0,0.0,0.0,0.0,0.0,0.0,0.0,2025,1.9839285714285715,5.242857142857143,4.2,6.1,94
777476,2025-06-17,NYY,LAA,147,108,701542.0,543294.0,False,9,2.0,3,0.0,1.0,2.0,0.0,0.0,0.0,1.0,0.0,0.0,2025,3.2941747572815534,4.790140845070423,4.4,3.8,97
777471,2025-06-17,LAD,SD,119,135,676263.0,681190.0,False,9,5.0,6,1.0,2.0,2.0,1.0,0.0,5.0,3.0,0.0,0.0,2025,2.119607843137255,6.081651376146789,4.6,4.5,94
777478,2025-06-17,CIN,MIN,113,142,671096.0,701581.0,False,9,6.0,6,0.0,0.0,1.0,4.0,0.0,6.0,0.0,0.0,0.0,2025,3.5347826086956524,4.727906976744186,5.6,3.6,105
777481,2025-06-17,MIA,PHI,146,143,615698.0,666200.0,False,9,3.0,6,0.0,2.0,0.0,1.0,2.0,3.0,1.0,2.0,0.0,2025,3.1432900432900435,3.3892561983471077,4.4,4.8,93
777472,2025-06-17,SF,CLE,137,114,592662.0,677944.0,False,9,2.0,3,1.0,0.0,2.0,1.0,0.0,1.0,0.0,0.0,0.0,2025,1.8096774193548388,5.052191235059761,5.3,2.9,95
777482,2025-06-17,CHC,MIL,112,158,676962.0,694477.0,False,9,3.0,tie,0.0,3.0,0.0,0.0,3.0,1.0,0.0,1.0,0.0,2025,3.9984375,3.2181102362204728,2.9,2.8,98
777456,2025-06-18,ATH,HOU,133,117,622663.0,664285.0,False,9,8.0,6,0.0,1.0,1.0,1.0,0.0,8.0,0.0,0.0,4.0,2025,4.113513513513514,1.8058823529411765,3.8,5.2,97
777462,2025-06-18,TOR,ARI,141,109,641778.0,593958.0,False,9,4.0,6,1.0,0.0,1.0,0.0,0.0,4.0,3.0,0.0,0.0,2025,6.8500000000000005,4.6625,4.5,4.8,101
777460,2025-06-18,TEX,KC,140,118,571578.0,663460.0,False,9,4.0,3,2.0,0.0,4.0,1.0,0.0,0.0,0.0,2.0,0.0,2025,4.376595744680851,2.426923076923077,5.4,2.7,103
777466,2025-06-18,NYY,LAA,147,108,642232.0,686799.0,False,9,1.0,tie,1.0,1.0,0.0,1.0,1.0,0.0,0.0,1.0,0.0,2025,3.9333333333333336,6.7407766990291265,3.5,3.7,97
777455,2025-06-19,ATL,NYM,144,121,675911.0,605280.0,False,9,4.0,6,0.0,1.0,0.0,1.0,2.0,4.0,0.0,0.0,0.0,2025,4.285770750988142,5.428767123287671,4.6,4.8,100
777446,2025-06-19,TB,BAL,139,110,656876.0,450203.0,False,9,3.0,6,0.0,0.0,1.0,1.0,0.0,3.0,0.0,0.0,0.0,2025,3.1,3.2716738197424893,6.1,4.8,97
777451,2025-06-19,DET,PIT,116,134,669373.0,571760.0,False,9,4.0,2,1.0,4.0,0.0,2.0,3.0,1.0,0.0,0.0,0.0,2025,1.5463276836158193,4.975,4.1,3.1,96
777447,2025-06-19,CWS,STL,145,138,680732.0,607200.0,False,9,3.0,tie,1.0,0.0,0.0,1.0,1.0,3.0,0.0,3.0,0.0,2025,4.8213114754098365,4.283206106870229,3.3,4.4,101
777443,2025-06-19,TEX,KC,140,118,542888.0,608379.0,False,9,2.0,1,2.0,1.0,0.0,0.0,0.0,1.0,0.0,0.0,1.0,2025,-0.2333333333333334,5.448754448398576,5.7,3.1,103
777449,2025-06-19,NYY,LAA,147,108,607074.0,542881.0,False,9,4.0,2,2.0,4.0,0.0,0.0,0.0,1.0,1.0,2.0,0.0,2025,2.6333333333333333,5.440425531914894,3.0,3.2,97
777438,2025-06-20,NYY,BAL,147,110,608331.0,608372.0,False,9,4.0,1,4.0,0.0,1.0,0.0,0.0,1.0,0.0,2.0,0.0,2025,3.318068535825545,4.577272727272727,3.0,5.1,97
777437,2025-06-20,PHI,NYM,143,121,554430.0,694918.0,False,9,6.0,7,0.0,0.0,0.0,2.0,0.0,2.0,6.0,2.0,0.0,2025,2.349146757679181,9.6625,5.1,4.1,102
777427,2025-06-20,LAD,WSH,119,120,477132.0,669022.0,False,9,3.0,3,1.0,0.0,3.0,1.0,1.0,2.0,2.0,0.0,1.0,2025,3.013793103448276,2.3580645161290326,5.3,3.5,94
777436,2025-06-20,CHC,SEA,112,136,571510.0,669923.0,False,9,4.0,1,4.0,0.0,0.0,1.0,1.0,2.0,2.0,0.0,3.0,2025,3.2374570446735396,4.36984126984127,3.4,3.8,98
777420,2025-06-21,TB,DET,139,116,686752.0,676428.0,False,9,4.0,1,4.0,1.0,0.0,3.0,0.0,0.0,1.0,2.0,0.0,2025,3.1617283950617283,2.5444444444444447,6.3,5.4,97
777422,2025-06-21,NYY,BAL,147,110,657376.0,621107.0,False,9,3.0,3,1.0,2.0,3.0,0.0,2.0,1.0,0.0,0.0,0.0,2025,2.190909090909091,4.949315068493151,2.3,5.3,97
777418,2025-06-21,TOR,CWS,141,145,621244.0,650644.0,False,9,3.0,2,1.0,3.0,0.0,0.0,0.0,1.0,1.0,2.0,0.0,2025,3.6985915492957746,3.9583690987124465,4.5,3.4,101
777421,2025-06-21,PIT,TEX,134,140,656605.0,677958.0,False,9,3.0,6,0.0,0.0,1.0,0.0,1.0,3.0,0.0,0.0,0.0,2025,3.1332225913621263,3.3061855670103095,2.9,5.5,95
777414,2025-06-21,LAA,HOU,108,117,667755.0,687888.0,False,9,4.0,3,0.0,2.0,4.0,2.0,0.0,0.0,2.0,0.0,0.0,2025,2.881021897810219,2.7511627906976743,2.8,6.1,98
777412,2025-06-21,MIN,MIL,142,158,680573.0,500779.0,False,9,3.0,8,2.0,2.0,0.0,0.0,0.0,0.0,0.0,3.0,2.0,2025,5.6,5.868595041322314,4.4,5.2,99
777419,2025-06-21,CHC,SEA,112,136,690990.0,676106.0,False,9,5.0,2,2.0,5.0,3.0,2.0,4.0,0.0,0.0,0.0,1.0,2025,2.9484848484848487,4.230742049469965,3.8,4.4,98
777424,2025-06-21,MIA,ATL,146,144,691587.0,656550.0,False,9,3.0,9,1.0,0.0,0.0,0.0,2.0,0.0,0.0,1.0,3.0,2025,3.8142857142857145,3.0622641509433963,4.2,5.0,93
777399,2025-06-22,COL,ARI,115,109,622608.0,694297.0,False,9,4.0,5,0.0,1.0,0.0,1.0,4.0,0.0,0.0,0.0,0.0,2025,5.134632034632034,6.067032967032967,5.6,6.3,112
777396,2025-06-22,SD,KC,135,118,681190.0,607625.0,False,9,2.0,tie,0.0,0.0,0.0,0.0,0.0,2.0,2.0,0.0,1.0,2025,6.728318584070797,4.957707509881423,4.5,3.2,96
777403,2025-06-22,CHC,SEA,112,136,607067.0,669302.0,False,9,5.0,8,3.0,1.0,0.0,1.0,4.0,2.0,4.0,5.0,0.0,2025,5.422834645669292,2.5642857142857145,4.5,4.7,98
777395,2025-06-22,SF,BOS,137,111,592662.0,608337.0,False,9,5.0,5,1.0,0.0,2.0,0.0,5.0,1.0,4.0,1.0,0.0,2025,2.4333333333333336,2.7721311475409838,4.6,2.9,95
777400,2025-06-22,ATH,CLE,133,114,676664.0,677944.0,False,9,2.0,2,0.0,2.0,0.0,0.0,1.0,0.0,0.0,0.0,0.0,2025,7.747887323943662,5.171713147410358,4.1,2.9,97
777394,2025-06-23,BAL,TEX,110,140,669432.0,571578.0,False,9,3.0,5,0.0,0.0,1.0,0.0,3.0,1.0,1.0,0.0,0.0,2025,2.368292682926829,4.3056737588652485,4.4,4.3,101
777381,2025-06-23,LAA,BOS,108,111,686799.0,621111.0,False,9,8.0,1,8.0,0.0,0.0,1.0,0.0,1.0,0.0,4.0,0.0,2025,6.095391705069124,7.135874439461883,3.6,3.1,98
777364,2025-06-24,SF,MIA,137,146,434378.0,615698.0,False,9,2.0,tie,0.0,2.0,1.0,0.0,2.0,0.0,1.0,0.0,0.0,2025,5.471541501976285,3.9597285067873305,4.5,4.2,95
777373,2025-06-24,STL,CHC,138,112,700241.0,592791.0,False,9,7.0,3,0.0,2.0,7.0,4.0,0.0,2.0,0.0,0.0,0.0,2025,2.7363636363636363,3.8167235494880547,5.8,4.3,99
777375,2025-06-24,MIN,SEA,142,136,663978.0,622491.0,False,9,6.0,3,0.0,0.0,6.0,4.0,0.0,0.0,0.0,0.0,1.0,2025,3.8829181494661924,5.2379310344827585,4.1,6.7,99
777358,2025-06-25,COL,LAD,115,119,801403.0,808967.0,False,9,4.0,tie,0.0,0.0,0.0,0.0,0.0,4.0,4.0,1.0,0.0,2025,5.937837837837838,4.550980392156863,5.5,6.8,112
777371,2025-06-25,DET,ATH,116,133,656427.0,682052.0,False,9,3.0,3,0.0,0.0,3.0,0.0,0.0,0.0,0.0,0.0,0.0,2025,4.704938271604938,3.6371900826446284,6.7,3.4,96
777362,2025-06-25,LAA,BOS,108,111,579328.0,690916.0,False,9,2.0,tie,2.0,0.0,0.0,2.0,2.0,1.0,0.0,0.0,0.0,2025,3.9532423208191125,5.90952380952381,4.3,3.2,98
777357,2025-06-25,STL,CHC,138,112,607200.0,571510.0,False,9,3.0,2,1.0,3.0,1.0,2.0,1.0,0.0,0.0,0.0,0.0,2025,3.367175572519084,3.4654485049833887,6.4,4.7,99
777369,2025-06-25,NYM,ATL,121,144,605280.0,800311.0,False,9,6.0,4,0.0,0.0,1.0,6.0,0.0,0.0,1.0,0.0,2.0,2025,4.851824817518248,5.1,2.9,4.4,94
777367,2025-06-25,CIN,NYY,113,147,663903.0,608331.0,False,9,2.0,tie,0.0,1.0,2.0,1.0,1.0,2.0,0.0,0.0,1.0,2025,3.893103448275862,3.4225806451612906,5.5,3.0,105
777359,2025-06-25,KC,TB,118,139,608379.0,656876.0,False,9,3.0,2,0.0,3.0,0.0,0.0,0.0,0.0,0.0,0.0,0.0,2025,5.196219931271478,3.17380073800738,3.2,6.8,98
777356,2025-06-26,MIN,SEA,142,136,680573.0,676106.0,False,9,8.0,6,0.0,0.0,0.0,0.0,2.0,8.0,0.0,0.0,1.0,2025,4.681196581196581,5.761596958174906,4.3,6.2,99
777344,2025-06-26,COL,LAD,115,119,596295.0,477132.0,False,9,1.0,tie,0.0,1.0,1.0,0.0,0.0,1.0,1.0,0.0,0.0,2025,7.121739130434783,3.901526717557252,5.5,6.5,112
777354,2025-06-26,CLE,TOR,114,141,676440.0,592332.0,False,9,3.0,tie,0.0,0.0,3.0,0.0,0.0,0.0,0.0,0.0,3.0,2025,3.696026490066225,4.894871794871795,3.0,4.8,97
777350,2025-06-26,HOU,PHI,117,143,686613.0,650911.0,False,9,2.0,8,0.0,1.0,0.0,0.0,0.0,0.0,0.0,2.0,0.0,2025,3.374914089347079,2.6783132530120484,4.6,4.6,99
777331,2025-06-27,LAA,WSH,108,120,667755.0,663623.0,False,9,5.0,tie,0.0,3.0,4.0,5.0,5.0,1.0,1.0,1.0,4.0,2025,2.283673469387755,5.667049808429119,4.6,4.7,98
777345,2025-06-27,BOS,TOR,111,141,678394.0,621244.0,False,9,4.0,8,1.0,1.0,1.0,0.0,0.0,0.0,2.0,4.0,0.0,2025,3.9191126279863484,3.404054054054054,3.0,5.2,104
777336,2025-06-27,HOU,CHC,117,112,687888.0,690990.0,False,9,4.0,3,0.0,0.0,4.0,3.0,1.0,0.0,2.0,0.0,1.0,2025,3.703448275862069,3.0215686274509803,4.6,5.5,99
777335,2025-06-27,KC,LAD,118,119,702070.0,669160.0,False,9,5.0,2,2.0,5.0,0.0,0.0,2.0,0.0,0.0,0.0,0.0,2025,3.574452554744526,5.6,2.8,6.3,98
777337,2025-06-27,NYY,ATH,147,133,701542.0,687765.0,False,9,1.0,tie,0.0,1.0,1.0,1.0,0.0,0.0,0.0,0.0,0.0,2025,3.2702127659574467,3.725,3.7,3.0,97
777342,2025-06-27,ATL,PHI,144,143,693821.0,690953.0,False,9,6.0,3,1.0,4.0,6.0,0.0,0.0,0.0,0.0,0.0,2.0,2025,3.9058608058608058,6.130303030303031,4.2,3.6,100
777315,2025-06-28,LAA,WSH,108,120,543294.0,647336.0,False,9,7.0,7,0.0,1.0,0.0,0.0,1.0,0.0,7.0,1.0,0.0,2025,4.695744680851064,4.644117647058824,5.4,5.8,98
777329,2025-06-28,CLE,STL,114,138,677944.0,571945.0,False,9,6.0,4,1.0,0.0,0.0,6.0,2.0,5.0,0.0,0.0,1.0,2025,4.7091954022988505,3.907692307692308,2.7,4.7,97
777323,2025-06-28,BOS,TOR,111,141,608337.0,605135.0,False,9,4.0,3,3.0,3.0,4.0,0.0,0.0,3.0,2.0,1.0,0.0,2025,3.954700854700855,3.7774193548387096,2.8,5.7,104
777321,2025-06-28,MIL,COL,158,115,682990.0,622608.0,False,9,2.0,tie,2.0,0.0,0.0,2.0,1.0,0.0,0.0,0.0,0.0,2025,3.2149425287356324,5.036936936936937,7.6,4.6,100
777333,2025-06-28,ATL,PHI,144,143,680885.0,666200.0,False,9,4.0,7,1.0,1.0,0.0,0.0,0.0,1.0,4.0,0.0,0.0,2025,2.9575498575498576,4.35,3.7,4.4,100
777326,2025-06-28,NYY,ATH,147,133,657376.0,676664.0,False,9,3.0,tie,0.0,0.0,0.0,1.0,0.0,3.0,0.0,3.0,0.0,2025,2.5585987261146497,5.470689655172414,4.0,2.7,97
777320,2025-06-28,HOU,CHC,117,112,621121.0,607067.0,False,9,7.0,4,1.0,0.0,2.0,7.0,0.0,1.0,0.0,4.0,0.0,2025,3.299203187250996,6.918897637795276,5.2,5.6,99
777330,2025-06-28,BAL,TB,110,139,621107.0,641793.0,False,9,4.0,tie,4.0,0.0,0.0,4.0,2.0,0.0,2.0,0.0,2.0,2025,4.864705882352942,5.225,5.7,5.9,101
777314,2025-06-29,DET,MIN,116,142,669373.0,663978.0,False,9,1.0,tie,1.0,0.0,0.0,1.0,1.0,0.0,0.0,0.0,0.0,2025,2.420987654320988,4.171428571428572,6.3,5.4,96
777296,2025-06-30,TB,ATH,139,133,656876.0,682052.0,False,9,4.0,4,3.0,0.0,1.0,4.0,0.0,0.0,0.0,0.0,2.0,2025,3.1766283524904217,3.265289256198347,5.8,3.2,97
777287,2025-07-01,CHC,CLE,112,114,571510.0,668909.0,False,9,3.0,2,0.0,3.0,0.0,2.0,0.0,1.0,0.0,1.0,0.0,2025,3.797674418604651,4.711721611721612,5.6,2.6,98
777288,2025-07-01,PIT,STL,134,138,694973.0,669467.0,False,9,1.0,8,0.0,0.0,0.0,0.0,0.0,0.0,0.0,1.0,0.0,2025,2.4377483443708607,4.052380952380952,5.9,4.4,95
777294,2025-07-01,BOS,CIN,111,113,690916.0,663903.0,False,9,2.0,tie,2.0,0.0,1.0,2.0,0.0,1.0,0.0,2.0,0.0,2025,6.310526315789474,4.322222222222223,5.4,4.3,104
777281,2025-07-01,SEA,KC,136,118,676106.0,547179.0,False,9,4.0,5,1.0,3.0,0.0,0.0,4.0,0.0,0.0,0.0,1.0,2025,6.649618320610687,5.671428571428572,6.0,2.6,94
777293,2025-07-01,MIA,MIN,146,142,665795.0,657746.0,False,9,1.0,tie,0.0,1.0,0.0,0.0,0.0,0.0,0.0,1.0,0.0,2025,3.9119658119658123,3.2423487544483987,5.9,4.2,93
777268,2025-07-02,TEX,BAL,140,110,543135.0,608372.0,False,9,3.0,3,0.0,0.0,3.0,2.0,1.0,0.0,0.0,0.0,0.0,2025,2.798275862068966,6.248936170212766,4.8,5.5,103
777273,2025-07-02,PHI,SD,143,135,690953.0,601713.0,False,9,5.0,2,0.0,5.0,0.0,1.0,0.0,1.0,2.0,0.0,1.0,2025,6.130303030303031,3.9156028368794327,4.2,3.3,102
777274,2025-07-02,TOR,NYY,141,147,621244.0,701542.0,False,9,7.0,1,7.0,0.0,1.0,0.0,6.0,1.0,1.0,4.0,0.0,2025,3.361437908496732,2.4065693430656934,6.1,4.9,101
777271,2025-07-02,TB,ATH,139,133,686752.0,687765.0,False,9,5.0,6,1.0,2.0,0.0,0.0,0.0,5.0,0.0,0.0,3.0,2025,3.72992125984252,4.215702479338843,5.0,3.1,97
777276,2025-07-02,NYM,MIL,121,158,623211.0,694819.0,False,9,5.0,2,0.0,5.0,0.0,0.0,0.0,4.0,0.0,1.0,0.0,2025,2.4333333333333336,2.85,3.5,7.8,94
777263,2025-07-03,MIA,MIN,146,142,691587.0,701581.0,False,9,3.0,1,3.0,0.0,1.0,0.0,0.0,0.0,1.0,0.0,0.0,2025,4.080392156862745,4.859259259259259,5.5,3.8,93
777257,2025-07-03,NYM,MIL,121,158,656849.0,500779.0,False,9,2.0,6,0.0,1.0,0.0,1.0,0.0,2.0,1.0,0.0,0.0,2025,3.4525641025641027,4.285770750988142,3.1,6.3,94
777256,2025-07-03,ARI,SF,109,137,694297.0,592662.0,False,9,2.0,tie,2.0,0.0,2.0,0.0,1.0,0.0,2.0,0.0,2.0,2025,4.534782608695652,3.992857142857143,5.5,3.6,100
777258,2025-07-03,WSH,DET,120,116,663623.0,608650.0,False,9,8.0,1,8.0,1.0,0.0,1.0,2.0,0.0,2.0,4.0,0.0,2025,7.266666666666666,2.7,6.2,6.0,99
777253,2025-07-03,LAD,CWS,119,145,669160.0,650644.0,False,9,4.0,3,1.0,0.0,4.0,0.0,0.0,0.0,1.0,2.0,0.0,2025,6.2481481481481485,4.60197628458498,6.2,2.5,94
777246,2025-07-04,CHC,STL,112,138,607067.0,571945.0,False,9,3.0,tie,2.0,2.0,3.0,1.0,1.0,0.0,3.0,0.0,2.0,2025,7.15511811023622,4.86923076923077,4.7,3.7,98
777252,2025-07-04,ATL,BAL,144,110,675911.0,450203.0,False,9,2.0,tie,0.0,0.0,1.0,0.0,2.0,2.0,0.0,0.0,0.0,2025,1.7666666666666668,1.8242798353909466,2.9,5.5,100
777234,2025-07-05,ARI,KC,109,118,669194.0,608379.0,False,9,2.0,tie,0.0,0.0,2.0,0.0,2.0,1.0,1.0,2.0,0.0,2025,4.083606557377049,5.057295373665481,4.8,3.6,100
777225,2025-07-05,SEA,PIT,136,134,622491.0,681347.0,False,9,1.0,6,0.0,0.0,0.0,0.0,0.0,1.0,0.0,0.0,0.0,2025,6.171428571428572,3.6309734513274337,3.6,5.3,94
777233,2025-07-05,PHI,CIN,143,113,624133.0,666157.0,False,9,2.0,tie,0.0,0.0,0.0,0.0,2.0,2.0,0.0,2.0,0.0,2025,3.2420454545454547,5.363374485596708,3.6,5.3,102
777223,2025-07-05,SD,TEX,135,140,663568.0,571578.0,False,9,2.0,tie,1.0,2.0,2.0,2.0,0.0,1.0,2.0,1.0,0.0,2025,3.8692307692307693,3.410344827586207,3.0,5.0,96
777228,2025-07-05,WSH,BOS,120,111,680730.0,621111.0,False,9,8.0,3,2.0,0.0,8.0,1.0,0.0,1.0,0.0,1.0,0.0,2025,4.977394636015326,9.070149253731342,6.1,6.0,99
777227,2025-07-05,ATH,SF,133,137,622663.0,657277.0,False,9,3.0,6,2.0,1.0,2.0,0.0,1.0,3.0,0.0,0.0,0.0,2025,7.0453125000000005,2.7261682242990655,4.5,3.4,97
777229,2025-07-05,CHC,STL,112,138,519141.0,669461.0,False,9,6.0,8,2.0,1.0,0.0,2.0,0.0,2.0,1.0,6.0,0.0,2025,2.1,3.9214285714285717,5.6,3.2,98
777205,2025-07-06,SEA,PIT,136,134,669923.0,694973.0,False,9,1.0,6,0.0,0.0,0.0,0.0,0.0,1.0,0.0,0.0,0.0,2025,3.3413793103448275,2.2176470588235295,3.7,4.8,94
777210,2025-07-06,ATH,SF,133,137,682052.0,806185.0,False,9,3.0,5,1.0,0.0,0.0,2.0,3.0,0.0,0.0,1.0,1.0,2025,2.678544061302682,6.478378378378379,4.3,3.6,97
777217,2025-07-06,PHI,CIN,143,113,554430.0,695505.0,False,9,2.0,tie,0.0,0.0,0.0,0.0,2.0,0.0,0.0,2.0,0.0,2025,1.5838709677419356,6.237254901960785,4.1,4.8,102
777214,2025-07-06,TOR,LAA,141,108,592332.0,542881.0,False,9,2.0,4,1.0,0.0,0.0,2.0,1.0,1.0,0.0,0.0,0.0,2025,5.09288256227758,4.281102362204725,6.5,4.7,101
777208,2025-07-07,CIN,MIA,113,146,663903.0,676083.0,False,9,2.0,tie,0.0,1.0,0.0,0.0,2.0,2.0,1.0,0.0,0.0,2025,3.7800000000000002,2.184507042253521,4.4,5.2,105
777196,2025-07-08,BOS,COL,111,115,678394.0,607536.0,False,9,6.0,7,0.0,0.0,0.0,0.0,0.0,4.0,6.0,0.0,2.0,2025,3.6144694533762056,4.594661921708185,7.6,3.9,104
777191,2025-07-08,STL,WSH,138,120,543243.0,663623.0,False,9,5.0,3,0.0,0.0,5.0,0.0,0.0,1.0,0.0,0.0,0.0,2025,1.977887788778878,7.145801526717557,3.2,5.5,99
777193,2025-07-08,MIL,LAD,158,119,694819.0,477132.0,False,9,2.0,4,1.0,0.0,0.0,2.0,0.0,0.0,0.0,1.0,0.0,2025,4.50625,3.7551724137931037,5.0,3.9,100
777185,2025-07-08,SD,ARI,135,109,601713.0,518876.0,False,9,1.0,7,0.0,0.0,0.0,0.0,0.0,0.0,1.0,0.0,0.0,2025,3.738297872340426,3.8142857142857145,3.0,4.6,96
777174,2025-07-09,HOU,CLE,117,114,687888.0,677944.0,False,9,2.0,tie,2.0,0.0,0.0,0.0,0.0,0.0,2.0,2.0,0.0,2025,4.264383561643836,3.651470588235294,6.2,3.2,99
777176,2025-07-09,ATH,ATL,133,144,687765.0,693821.0,False,9,4.0,1,4.0,2.0,0.0,1.0,1.0,2.0,1.0,0.0,0.0,2025,5.083471074380165,7.237931034482759,5.2,2.6,97
777178,2025-07-09,STL,WSH,138,120,669467.0,669022.0,False,9,4.0,1,4.0,0.0,0.0,3.0,1.0,0.0,2.0,0.0,0.0,2025,3.171174377224199,4.124734982332155,3.6,5.7,99
777179,2025-07-09,BOS,COL,111,115,608337.0,622608.0,False,9,7.0,8,0.0,1.0,0.0,1.0,2.0,1.0,0.0,7.0,0.0,2025,2.913664596273292,5.322222222222223,8.6,3.5,104
777168,2025-07-10,CIN,MIA,113,146,666157.0,615698.0,False,9,4.0,6,1.0,1.0,0.0,0.0,0.0,4.0,0.0,0.0,0.0,2025,5.281069958847737,4.595327102803738,4.1,4.2,105
777167,2025-07-10,STL,WSH,138,120,571945.0,647336.0,False,9,5.0,6,1.0,0.0,1.0,0.0,0.0,5.0,1.0,1.0,0.0,2025,7.1,4.364367816091955,3.3,5.0,99
777170,2025-07-10,BOS,TB,111,139,621111.0,671737.0,False,9,3.0,7,0.0,0.0,1.0,2.0,0.0,1.0,3.0,0.0,0.0,2025,6.77965367965368,3.7481481481481485,8.1,3.9,104
777159,2025-07-10,LAA,TEX,108,140,686799.0,571578.0,False,9,7.0,3,2.0,0.0,7.0,0.0,2.0,1.0,0.0,2.0,1.0,2025,5.975536480686696,3.4703703703703703,4.2,6.2,98
777165,2025-07-10,BAL,NYM,110,121,450203.0,656849.0,False,9,3.0,8,0.0,0.0,0.0,0.0,1.0,0.0,0.0,3.0,0.0,2025,2.5827586206896553,4.218421052631579,6.2,4.5,101
777154,2025-07-11,HOU,TEX,117,140,621121.0,683004.0,False,9,3.0,tie,3.0,0.0,3.0,2.0,0.0,0.0,2.0,0.0,0.0,2025,5.5137931034482754,4.885714285714286,6.1,6.9,99
777160,2025-07-11,CIN,COL,113,115,695505.0,608566.0,False,9,2.0,4,0.0,0.0,1.0,2.0,0.0,0.0,1.0,1.0,0.0,2025,4.605376344086022,4.241732283464567,4.4,3.7,105
777161,2025-07-11,DET,SEA,116,136,669373.0,622491.0,False,9,7.0,9,0.0,1.0,0.0,1.0,3.0,2.0,0.0,1.0,7.0,2025,1.8888198757763976,4.466666666666667,4.7,3.6,96
777151,2025-07-11,KC,NYM,118,121,608379.0,673540.0,False,9,4.0,9,0.0,0.0,1.0,0.0,0.0,1.0,2.0,3.0,4.0,2025,4.7475095785440615,3.7690140845070426,4.4,4.6,98
777149,2025-07-11,MIL,WSH,158,120,669084.0,680730.0,False,9,7.0,3,0.0,0.0,7.0,1.0,0.0,1.0,2.0,0.0,0.0,2025,2.2666666666666666,5.667049808429119,4.1,4.9,100
777144,2025-07-12,BOS,TB,111,139,676979.0,669358.0,False,9,1.0,4,0.0,0.0,0.0,1.0,0.0,0.0,0.0,0.0,0.0,2025,2.0096573208722743,3.502476780185759,7.4,4.1,104
777132,2025-07-12,ATH,TOR,133,141,682052.0,592332.0,False,9,3.0,3,0.0,1.0,3.0,0.0,2.0,0.0,0.0,1.0,0.0,2025,2.9473282442748094,4.748351648351648,5.3,6.4,97
777135,2025-07-12,MIL,WSH,158,120,605540.0,829272.0,False,9,4.0,tie,0.0,1.0,0.0,4.0,0.0,0.0,0.0,2.0,4.0,2025,2.6,8.554545454545455,4.6,4.5,100
777145,2025-07-12,DET,SEA,116,136,663554.0,669923.0,False,9,5.0,3,1.0,1.0,5.0,1.0,3.0,1.0,2.0,4.0,4.0,2025,3.236518771331058,3.2423487544483987,4.7,4.2,96
777141,2025-07-12,BAL,MIA,110,146,669432.0,676083.0,False,9,4.0,9,0.0,0.0,0.0,0.0,0.0,0.0,1.0,1.0,4.0,2025,2.809090909090909,2.4564356435643564,4.7,3.6,101
777131,2025-07-12,LAA,ARI,108,109,579328.0,668678.0,False,9,6.0,8,1.0,1.0,0.0,4.0,2.0,1.0,0.0,6.0,0.0,2025,2.7258503401360543,4.401369863013699,4.4,3.9,98
777140,2025-07-12,CIN,COL,113,115,663903.0,687134.0,False,9,2.0,tie,1.0,0.0,2.0,0.0,0.0,0.0,2.0,0.0,2.0,2025,3.14,7.815447154471544,4.0,3.6,105
777116,2025-07-13,ATH,TOR,133,141,605488.0,621244.0,False,9,3.0,5,0.0,2.0,2.0,0.0,3.0,0.0,2.0,0.0,0.0,2025,4.983561643835616,3.205263157894737,5.1,5.5,97
777128,2025-07-13,CIN,COL,113,115,607259.0,596295.0,False,9,3.0,3,1.0,0.0,3.0,0.0,1.0,0.0,1.0,0.0,0.0,2025,6.243939393939394,5.578632478632478,4.1,3.4,105
777130,2025-07-13,BOS,TB,111,139,678394.0,686752.0,False,9,3.0,6,0.0,0.0,1.0,1.0,0.0,3.0,0.0,0.0,0.0,2025,3.5105571847507333,4.321374045801527,7.0,3.8,104
777102,2025-07-18,COL,MIN,115,142,607536.0,663978.0,False,9,4.0,1,4.0,1.0,0.0,0.0,1.0,1.0,3.0,0.0,0.0,2025,3.7593406593406593,4.339669421487604,3.3,4.4,112
777101,2025-07-18,CHC,BOS,112,111,607067.0,608337.0,False,9,3.0,1,3.0,0.0,1.0,0.0,0.0,1.0,0.0,0.0,0.0,2025,5.762116040955632,2.509937888198758,4.9,7.0,98
777107,2025-07-18,PIT,CWS,134,145,663559.0,686563.0,False,9,4.0,7,3.0,0.0,0.0,2.0,0.0,2.0,4.0,0.0,0.0,2025,7.544444444444444,6.9497652582159635,2.1,3.8,95
777093,2025-07-19,MIA,KC,146,118,615698.0,608379.0,False,9,3.0,8,1.0,0.0,0.0,0.0,0.0,0.0,0.0,3.0,0.0,2025,4.548598130841121,3.753846153846154,5.1,4.5,93
777095,2025-07-19,TB,BAL,139,110,641793.0,665152.0,False,9,3.0,8,2.0,0.0,0.0,0.0,0.0,0.0,1.0,3.0,1.0,2025,3.647945205479452,2.7466431095406363,4.1,3.7,97
777085,2025-07-19,LAD,MIL,119,158,686218.0,642547.0,False,9,8.0,3,0.0,0.0,8.0,1.0,0.0,2.0,1.0,3.0,0.0,2025,1.2111111111111112,2.922695035460993,2.4,5.0,94
777104,2025-07-19,CLE,ATH,114,133,671106.0,622663.0,False,9,3.0,tie,0.0,0.0,2.0,3.0,0.0,0.0,0.0,2.0,3.0,2025,4.301413427561838,6.960465116279071,5.1,5.4,97
777096,2025-07-19,CHC,BOS,112,111,684007.0,678394.0,False,9,2.0,tie,2.0,1.0,0.0,0.0,0.0,0.0,1.0,2.0,0.0,2025,4.0893992932862195,3.3639296187683287,5.2,6.0,98
777076,2025-07-20,TB,BAL,139,110,686752.0,669432.0,False,9,4.0,3,1.0,0.0,4.0,1.0,0.0,1.0,0.0,0.0,1.0,2025,4.959504132231405,2.701449275362319,4.0,3.7,97
777071,2025-07-20,ARI,STL,109,138,518876.0,571945.0,False,9,4.0,1,4.0,0.0,2.0,0.0,1.0,0.0,0.0,0.0,1.0,2025,4.1689655172413795,6.382442748091603,4.9,4.2,100
777072,2025-07-20,COL,MIN,115,142,608566.0,657746.0,False,9,4.0,3,0.0,0.0,4.0,1.0,0.0,1.0,0.0,1.0,1.0,2025,4.842424242424243,2.515807560137457,4.0,4.9,112
777084,2025-07-20,CLE,ATH,114,133,668909.0,605488.0,False,9,3.0,tie,1.0,1.0,0.0,3.0,1.0,0.0,1.0,3.0,0.0,2025,5.407692307692308,5.548979591836735,5.3,5.1,97
777073,2025-07-20,TEX,DET,140,116,656641.0,669373.0,False,9,1.0,tie,0.0,1.0,0.0,0.0,0.0,0.0,1.0,1.0,0.0,2025,3.7593406593406593,2.404635761589404,6.0,3.5,103
777079,2025-07-20,TOR,SF,141,137,621244.0,592662.0,False,9,5.0,tie,2.0,0.0,2.0,0.0,5.0,5.0,0.0,0.0,0.0,2025,4.08901098901099,4.574358974358974,4.5,3.4,101
777077,2025-07-20,WSH,SD,120,135,669022.0,601713.0,False,9,5.0,1,5.0,1.0,2.0,0.0,1.0,0.0,0.0,0.0,0.0,2025,3.700706713780919,2.8202797202797205,3.3,3.3,99
777059,2025-07-21,TB,CWS,139,145,669358.0,680732.0,False,9,3.0,tie,0.0,3.0,3.0,2.0,2.0,0.0,1.0,0.0,0.0,2025,3.5037267080745345,5.031330472103004,3.6,4.8,97
777051,2025-07-21,LAD,MIN,119,142,660271.0,701581.0,False,9,3.0,1,3.0,0.0,0.0,1.0,0.0,1.0,1.0,0.0,1.0,2025,1.5444444444444445,3.4137254901960787,3.1,5.0,94
777066,2025-07-21,TOR,NYY,141,147,592332.0,607074.0,False,9,4.0,5,0.0,0.0,0.0,1.0,4.0,0.0,0.0,0.0,0.0,2025,4.894871794871795,4.5,4.9,6.4,101
777060,2025-07-21,PIT,DET,134,116,694973.0,656427.0,False,9,3.0,2,0.0,3.0,0.0,0.0,0.0,0.0,0.0,0.0,0.0,2025,2.1,4.587603305785124,2.3,3.6,95
777062,2025-07-21,MIA,SD,146,135,691587.0,681190.0,False,9,2.0,2,0.0,2.0,0.0,1.0,0.0,0.0,0.0,0.0,0.0,2025,2.605703422053232,5.275572519083969,5.3,3.7,93
777048,2025-07-22,TB,CWS,139,145,656876.0,663436.0,False,9,4.0,2,0.0,4.0,0.0,2.0,0.0,0.0,1.0,0.0,0.0,2025,4.269590643274854,5.093569131832798,3.8,5.2,97
777054,2025-07-22,NYM,LAA,121,108,593423.0,543294.0,False,9,4.0,5,0.0,1.0,0.0,0.0,4.0,0.0,0.0,0.0,0.0,2025,4.6625,3.881893004115226,4.0,5.7,94
777035,2025-07-22,SEA,MIL,136,158,669302.0,694819.0,False,9,1.0,6,0.0,0.0,0.0,0.0,0.0,1.0,0.0,0.0,0.0,2025,4.079591836734694,3.853968253968254,6.5,5.9,94
777039,2025-07-22,LAD,MIN,119,142,808967.0,680573.0,False,9,5.0,6,0.0,3.0,0.0,3.0,0.0,5.0,3.0,0.0,3.0,2025,2.783794466403162,3.8142857142857145,3.5,4.7,94
777056,2025-07-22,CLE,BAL,114,110,676282.0,687064.0,False,9,3.0,6,1.0,0.0,1.0,0.0,2.0,3.0,2.0,0.0,0.0,2025,3.755737704918033,5.810280373831776,6.2,3.6,97
777045,2025-07-22,PHI,BOS,143,111,650911.0,690916.0,False,9,2.0,tie,2.0,2.0,0.0,1.0,0.0,0.0,0.0,0.0,0.0,2025,1.5900284900284902,6.556790123456791,4.4,4.3,102
777044,2025-07-22,PIT,DET,134,116,656605.0,663554.0,False,9,3.0,tie,0.0,2.0,1.0,2.0,3.0,3.0,0.0,2.0,0.0,2025,3.405084745762712,3.4676470588235295,2.6,2.9,95
777028,2025-07-23,COL,STL,115,138,685299.0,669467.0,False,9,4.0,2,0.0,4.0,0.0,0.0,1.0,0.0,0.0,1.0,0.0,2025,4.020245398773006,4.412056737588653,3.9,4.3,112
777032,2025-07-23,ARI,HOU,109,117,694297.0,687888.0,False,9,3.0,8,1.0,0.0,0.0,0.0,0.0,2.0,0.0,3.0,1.0,2025,2.3580645161290326,4.720689655172414,5.2,4.4,100
777031,2025-07-23,CHC,KC,112,118,607067.0,607625.0,False,9,3.0,3,2.0,1.0,3.0,0.0,2.0,2.0,1.0,1.0,0.0,2025,6.103533568904593,3.9503401360544217,4.0,4.2,98
777026,2025-07-23,WSH,CIN,120,113,647336.0,666157.0,False,9,2.0,tie,0.0,0.0,0.0,1.0,0.0,0.0,0.0,2.0,2.0,2025,2.2701244813278008,3.9156028368794327,4.1,4.7,99
777018,2025-07-24,LAA,SEA,108,136,579328.0,688138.0,False,9,3.0,5,1.0,0.0,0.0,0.0,3.0,0.0,1.0,1.0,0.0,2025,2.881021897810219,4.880303030303031,5.0,5.9,98
777021,2025-07-24,DET,TOR,116,141,681857.0,641778.0,False,9,5.0,6,1.0,0.0,0.0,0.0,0.0,5.0,4.0,2.0,3.0,2025,3.30746887966805,2.9412698412698415,2.6,4.8,96
777023,2025-07-24,STL,SD,138,135,543243.0,506433.0,False,9,6.0,2,3.0,6.0,3.0,1.0,2.0,1.0,0.0,0.0,0.0,2025,1.802290076335878,3.9870967741935486,4.1,3.8,99
777005,2025-07-25,STL,SD,138,135,571945.0,601713.0,False,9,2.0,4,0.0,1.0,0.0,2.0,0.0,0.0,0.0,0.0,0.0,2025,7.645454545454546,2.1789473684210527,4.2,4.1,99
777012,2025-07-25,BOS,LAD,111,119,678394.0,686218.0,False,9,4.0,3,0.0,1.0,4.0,0.0,0.0,0.0,0.0,2.0,0.0,2025,4.217824773413898,2.5166666666666666,3.3,4.4,104
777011,2025-07-25,MIN,WSH,142,120,805673.0,669022.0,False,9,1.0,5,0.0,0.0,0.0,0.0,1.0,0.0,0.0,0.0,0.0,2025,3.273913043478261,4.8213114754098365,4.8,3.3,99
777013,2025-07-25,CIN,TB,113,139,607259.0,641793.0,False,9,3.0,4,0.0,1.0,1.0,3.0,0.0,2.0,2.0,0.0,0.0,2025,3.577815699658703,3.2027397260273975,4.5,4.2,105
777004,2025-07-25,SF,NYM,137,121,657277.0,605280.0,False,9,3.0,tie,3.0,0.0,1.0,3.0,0.0,0.0,0.0,0.0,2.0,2025,3.7802721088435374,4.885714285714286,4.3,4.1,95
777016,2025-07-25,DET,TOR,116,141,672456.0,621244.0,False,9,4.0,5,0.0,1.0,0.0,2.0,4.0,1.0,0.0,0.0,0.0,2025,3.612820512820513,4.325296442687748,2.7,5.8,96
776997,2025-07-26,MIN,WSH,142,120,657746.0,680730.0,False,9,4.0,8,0.0,0.0,1.0,1.0,3.0,2.0,1.0,4.0,0.0,2025,2.4225806451612906,5.232352941176471,4.8,3.2,99
776994,2025-07-26,CWS,CHC,145,112,650644.0,690990.0,False,9,3.0,tie,0.0,0.0,0.0,0.0,0.0,0.0,3.0,3.0,1.0,2025,4.670247933884298,5.173170731707318,7.3,3.9,101
776995,2025-07-26,LAA,SEA,108,136,542881.0,669923.0,False,9,4.0,6,0.0,1.0,1.0,1.0,1.0,4.0,0.0,1.0,0.0,2025,4.474045801526717,2.3783505154639175,4.5,4.8,98
776992,2025-07-26,STL,SD,138,135,669461.0,681190.0,False,9,2.0,2,0.0,2.0,0.0,1.0,0.0,0.0,0.0,0.0,1.0,2025,4.433333333333334,4.997233201581027,4.0,3.7,99
777001,2025-07-26,NYY,PHI,147,143,573186.0,624133.0,False,9,6.0,7,1.0,0.0,1.0,3.0,0.0,1.0,6.0,1.0,0.0,2025,5.6,3.710169491525424,4.8,5.1,97
776998,2025-07-26,BOS,LAD,111,119,676979.0,477132.0,False,9,3.0,2,2.0,3.0,0.0,0.0,1.0,0.0,0.0,0.0,0.0,2025,1.796969696969697,4.6498154981549815,3.1,4.7,104
776996,2025-07-26,MIL,MIA,158,146,500779.0,676083.0,False,9,3.0,tie,0.0,1.0,1.0,3.0,3.0,2.0,0.0,0.0,1.0,2025,4.37208480565371,3.1,5.5,4.7,100
776987,2025-07-27,DET,TOR,116,141,656427.0,453286.0,False,9,7.0,8,0.0,0.0,3.0,0.0,0.0,0.0,0.0,7.0,4.0,2025,3.657768924302789,4.62,2.0,6.0,96
776986,2025-07-27,BAL,COL,110,115,608372.0,596295.0,False,9,3.0,2,0.0,3.0,2.0,0.0,0.0,0.0,0.0,1.0,0.0,2025,7.544444444444444,4.589361702127659,4.7,4.4,101
776981,2025-07-27,TEX,ATL,140,144,683004.0,693821.0,False,9,3.0,tie,3.0,3.0,3.0,0.0,0.0,0.0,0.0,0.0,0.0,2025,3.5526748971193416,6.490557939914163,4.5,4.9,103
776980,2025-07-27,STL,SD,138,135,700241.0,663568.0,False,9,4.0,4,2.0,0.0,1.0,4.0,0.0,2.0,1.0,1.0,0.0,2025,3.4603603603603603,3.489105058365759,3.5,3.5,99
776978,2025-07-27,MIL,MIA,158,146,605540.0,691587.0,False,9,1.0,tie,1.0,0.0,1.0,1.0,0.0,0.0,0.0,1.0,1.0,2025,2.851552795031056,2.69409594095941,5.1,5.2,100
776984,2025-07-27,PIT,ARI,134,109,694973.0,668678.0,False,9,2.0,tie,0.0,1.0,2.0,0.0,0.0,1.0,0.0,2.0,0.0,2025,1.98,4.337113402061856,3.2,4.0,95
776983,2025-07-27,BOS,LAD,111,119,621111.0,669160.0,False,9,3.0,5,1.0,0.0,1.0,2.0,3.0,0.0,0.0,0.0,0.0,2025,6.36923076923077,6.445588235294117,3.0,4.2,104
776988,2025-07-27,NYY,PHI,147,143,607074.0,554430.0,False,9,6.0,2,0.0,6.0,0.0,0.0,1.0,0.0,0.0,0.0,0.0,2025,3.720689655172414,2.5571428571428574,4.1,5.8,97
776958,2025-07-28,LAA,TEX,108,140,686799.0,594798.0,False,9,4.0,6,0.0,0.0,2.0,0.0,3.0,4.0,0.0,1.0,0.0,2025,5.342990654205607,3.6333333333333333,4.0,4.9,98
776967,2025-07-28,CIN,LAD,113,119,695505.0,808967.0,False,9,2.0,tie,2.0,0.0,0.0,0.0,2.0,0.0,2.0,0.0,1.0,2025,3.831707317073171,2.1082644628099176,4.8,4.3,105
776969,2025-07-28,HOU,WSH,117,120,664285.0,695418.0,False,9,1.0,tie,0.0,0.0,0.0,0.0,1.0,1.0,1.0,0.0,0.0,2025,2.975,3.5347826086956524,3.8,4.0,99
776959,2025-07-28,SD,NYM,135,121,656302.0,593423.0,False,9,9.0,5,0.0,1.0,1.0,0.0,9.0,0.0,0.0,0.0,2.0,2025,5.437164750957854,4.616393442622951,4.3,4.2,96
776957,2025-07-28,ATH,SEA,133,136,676664.0,622491.0,False,9,1.0,tie,0.0,1.0,0.0,1.0,1.0,1.0,0.0,0.0,0.0,2025,3.7746031746031745,1.73013698630137,5.3,3.3,97
776972,2025-07-28,CWS,PHI,145,143,663436.0,650911.0,False,9,4.0,3,0.0,0.0,4.0,2.0,0.0,0.0,0.0,2.0,0.0,2025,5.548275862068966,1.5487534626038784,7.1,5.7,101
776950,2025-07-29,HOU,WSH,117,120,669920.0,647336.0,False,9,3.0,6,1.0,0.0,2.0,1.0,1.0,3.0,2.0,1.0,0.0,2025,4.516666666666667,2.97603305785124,3.8,4.1,99
776955,2025-07-29,KC,ATL,118,144,607625.0,607200.0,False,9,8.0,6,1.0,3.0,0.0,0.0,0.0,8.0,1.0,2.0,0.0,2025,4.328668941979522,10.433333333333334,5.5,4.9,98
776944,2025-07-29,ATH,SEA,133,136,622663.0,688138.0,False,9,4.0,3,0.0,0.0,4.0,1.0,2.0,0.0,0.0,0.0,0.0,2025,5.185106382978724,5.023076923076923,4.8,3.0,97
776962,2025-07-29,BAL,TOR,110,141,687064.0,641778.0,False,9,3.0,4,0.0,1.0,0.0,3.0,0.0,0.0,0.0,1.0,0.0,2025,6.433333333333334,2.5661921708185056,6.1,6.1,101
776963,2025-07-29,CIN,LAD,113,119,666157.0,607192.0,False,9,3.0,4,0.0,2.0,0.0,3.0,1.0,0.0,2.0,0.0,1.0,2025,3.2812688821752265,3.1869565217391305,4.6,4.3,105
776956,2025-07-29,MIL,CHC,158,112,682990.0,607067.0,False,9,5.0,6,0.0,2.0,1.0,0.0,3.0,5.0,1.0,0.0,0.0,2025,3.1,5.475886524822695,4.8,4.5,100
776948,2025-07-30,BAL,TOR,110,141,665152.0,621244.0,False,9,8.0,7,3.0,2.0,0.0,0.0,3.0,1.0,8.0,0.0,0.0,2025,3.807395498392283,5.1987654320987655,7.2,5.3,101
776935,2025-07-30,MIN,BOS,142,111,805673.0,678394.0,False,9,5.0,9,0.0,2.0,1.0,0.0,4.0,2.0,0.0,0.0,5.0,2025,2.753846153846154,3.5968944099378883,4.4,4.0,99
776939,2025-07-30,CWS,PHI,145,143,641302.0,592836.0,False,9,7.0,7,0.0,1.0,0.0,3.0,0.0,0.0,7.0,0.0,1.0,2025,4.36984126984127,5.802702702702703,6.5,5.8,101
776929,2025-07-30,MIL,CHC,158,112,642547.0,684007.0,False,9,4.0,3,2.0,0.0,4.0,1.0,1.0,3.0,0.0,0.0,2.0,2025,2.85177304964539,5.377580071174377,5.5,4.4,100
776917,2025-08-01,WSH,MIL,120,158,680730.0,500779.0,False,9,6.0,3,1.0,1.0,6.0,0.0,3.0,2.0,5.0,2.0,5.0,2025,3.971212121212121,5.078021978021978,4.0,5.0,99
776920,2025-08-01,TOR,KC,141,118,592332.0,608379.0,False,9,6.0,9,1.0,2.0,3.0,0.0,0.0,0.0,0.0,0.0,6.0,2025,3.490070921985816,4.2952191235059765,5.8,5.7,101
776919,2025-08-01,COL,PIT,115,134,622608.0,571760.0,False,9,10.0,1,10.0,0.0,3.0,5.0,7.0,1.0,0.0,2.0,5.0,2025,6.420158102766798,6.2981981981981985,3.6,3.8,112
776908,2025-08-01,SEA,TEX,136,140,669302.0,683004.0,False,9,3.0,3,0.0,1.0,3.0,0.0,1.0,0.0,0.0,0.0,2.0,2025,2.4333333333333336,3.2520912547528518,3.1,5.2,94
776916,2025-08-01,LAA,CWS,108,145,542881.0,681343.0,False,9,2.0,tie,0.0,2.0,0.0,1.0,2.0,1.0,1.0,1.0,1.0,2025,5.542748091603054,7.122988505747127,3.8,6.4,98
776915,2025-08-01,CHC,BAL,112,110,690990.0,669432.0,False,9,1.0,2,0.0,1.0,0.0,0.0,0.0,0.0,0.0,0.0,0.0,2025,4.722641509433963,3.1655737704918034,4.8,7.5,98
776904,2025-08-02,COL,PIT,115,134,596295.0,694973.0,False,9,6.0,6,1.0,0.0,0.0,0.0,3.0,6.0,1.0,1.0,1.0,2025,5.533628318584071,1.6925925925925926,5.2,5.2,112
776905,2025-08-02,CLE,MIN,114,142,676440.0,641927.0,False,9,4.0,5,0.0,1.0,1.0,2.0,4.0,0.0,0.0,1.0,0.0,2025,4.635433070866142,8.834265734265735,4.6,3.4,97
776899,2025-08-02,ATH,ARI,133,109,669372.0,668678.0,False,9,3.0,5,1.0,0.0,2.0,0.0,3.0,1.0,1.0,0.0,1.0,2025,5.689285714285715,3.3333333333333335,5.2,1.4,97
776902,2025-08-02,CHC,BAL,112,110,571510.0,608372.0,False,9,4.0,8,0.0,2.0,0.0,1.0,0.0,0.0,0.0,4.0,0.0,2025,2.50625,6.583606557377049,4.8,7.2,98
776892,2025-08-03,CLE,MIN,114,142,676282.0,570632.0,False,9,6.0,1,6.0,0.0,0.0,0.0,0.0,0.0,0.0,1.0,2.0,2025,3.760377358490566,7.690163934426231,4.5,3.6,97
776907,2025-08-03,CIN,ATL,113,144,695505.0,680735.0,False,9,4.0,2,1.0,4.0,0.0,0.0,0.0,0.0,1.0,0.0,0.0,2025,2.0814814814814815,-16.9,4.7,4.6,105
776884,2025-08-03,SD,STL,135,138,656302.0,669467.0,False,9,4.0,7,0.0,0.0,0.0,2.0,0.0,0.0,4.0,1.0,3.0,2025,5.077186311787072,3.7164383561643834,4.9,3.1,96
776883,2025-08-03,SEA,TEX,136,140,688138.0,594798.0,False,9,4.0,3,0.0,1.0,4.0,3.0,0.0,1.0,0.0,0.0,0.0,2025,5.62212389380531,4.416725978647687,3.6,4.8,94
776890,2025-08-03,PHI,DET,143,116,650911.0,450203.0,False,9,1.0,tie,0.0,1.0,0.0,0.0,0.0,0.0,0.0,1.0,0.0,2025,2.6041322314049586,5.952112676056338,5.7,5.3,102
776895,2025-08-03,BOS,HOU,111,117,608337.0,664285.0,False,9,7.0,4,0.0,0.0,0.0,7.0,0.0,0.0,0.0,0.0,0.0,2025,4.513427561837456,2.196774193548387,5.4,3.2,104
776878,2025-08-04,CHC,CIN,112,113,647336.0,666157.0,False,9,2.0,3,0.0,1.0,2.0,0.0,0.0,1.0,1.0,0.0,0.0,2025,3.5225352112676056,2.737462235649547,4.6,4.7,98
776872,2025-08-04,COL,TOR,115,141,685299.0,641778.0,False,9,7.0,3,1.0,1.0,7.0,0.0,1.0,0.0,5.0,0.0,1.0,2025,4.404347826086957,2.2379310344827585,5.5,4.6,112
776873,2025-08-04,ARI,SD,109,135,694297.0,676664.0,False,9,2.0,tie,1.0,1.0,2.0,2.0,0.0,1.0,0.0,1.0,0.0,2025,3.595049504950495,4.178838174273859,2.3,5.4,100
776858,2025-08-05,LAD,STL,119,138,686218.0,571945.0,False,9,6.0,7,2.0,2.0,3.0,0.0,0.0,0.0,6.0,3.0,2.0,2025,2.4529411764705884,6.458778625954199,3.2,2.8,94
776869,2025-08-05,ATL,MIL,144,158,666214.0,642547.0,False,9,4.0,3,0.0,0.0,4.0,1.0,0.0,1.0,3.0,0.0,0.0,2025,2.96013986013986,3.672519083969466,4.4,6.9,100
776864,2025-08-05,BOS,KC,111,118,676979.0,686701.0,False,9,4.0,7,0.0,0.0,1.0,1.0,0.0,2.0,4.0,0.0,0.0,2025,2.475,4.227450980392157,5.8,5.3,104
776853,2025-08-06,ATL,MIL,144,158,675911.0,500779.0,False,9,4.0,5,1.0,1.0,0.0,1.0,4.0,1.0,0.0,0.0,1.0,2025,4.412056737588653,5.756826568265683,4.3,7.5,100
776841,2025-08-06,SEA,CWS,136,145,669923.0,686563.0,False,9,6.0,2,2.0,6.0,1.0,0.0,0.0,0.0,4.0,0.0,1.0,2025,2.859450171821306,5.122058823529412,4.3,5.0,94
776859,2025-08-06,DET,MIN,116,142,656427.0,701487.0,False,9,3.0,3,2.0,2.0,3.0,1.0,2.0,2.0,1.0,0.0,0.0,2025,3.0616858237547895,5.766666666666667,5.5,3.6,96
776844,2025-08-06,PIT,SF,134,137,571760.0,592662.0,False,9,2.0,tie,1.0,0.0,0.0,0.0,2.0,0.0,0.0,1.0,2.0,2025,5.118779342723005,5.0636363636363635,5.5,4.5,95
776836,2025-08-06,COL,TOR,115,141,607536.0,592332.0,False,9,8.0,9,1.0,0.0,3.0,0.0,3.0,4.0,0.0,2.0,8.0,2025,5.848091603053435,3.819178082191781,4.8,5.9,112
776842,2025-08-07,ATL,MIA,144,146,471911.0,691587.0,False,9,5.0,2,2.0,5.0,0.0,1.0,0.0,3.0,2.0,1.0,0.0,2025,4.918181818181818,2.3857142857142857,4.2,4.3,100
776840,2025-08-07,PIT,CIN,134,113,694973.0,663903.0,False,9,3.0,1,3.0,0.0,0.0,1.0,0.0,1.0,2.0,0.0,0.0,2025,1.951851851851852,3.3661596958174904,5.5,3.8,95
776826,2025-08-08,STL,CHC,138,112,700241.0,571510.0,False,9,2.0,tie,0.0,1.0,0.0,0.0,2.0,2.0,0.0,0.0,0.0,2025,4.274242424242424,2.225,3.5,4.0,99
776825,2025-08-08,ARI,COL,109,115,668678.0,596295.0,False,9,3.0,1,3.0,1.0,0.0,1.0,2.0,0.0,0.0,0.0,0.0,2025,3.3758620689655174,5.7548672566371675,3.2,4.9,100
776828,2025-08-08,MIL,NYM,158,121,605540.0,673540.0,False,9,3.0,5,1.0,1.0,0.0,0.0,3.0,0.0,0.0,0.0,0.0,2025,3.313523131672598,5.694339622641509,7.6,4.0,100
776832,2025-08-08,DET,LAA,116,108,669373.0,543294.0,False,9,4.0,tie,0.0,4.0,0.0,0.0,3.0,0.0,0.0,4.0,0.0,2025,1.7538461538461538,4.376595744680851,5.8,4.4,96
776818,2025-08-09,STL,CHC,138,112,669467.0,607067.0,False,9,4.0,2,2.0,4.0,1.0,1.0,1.0,1.0,0.0,0.0,0.0,2025,4.276470588235294,4.726984126984127,3.8,3.5,99
776809,2025-08-09,ARI,COL,109,115,593958.0,687134.0,False,9,3.0,tie,1.0,3.0,3.0,0.0,2.0,1.0,0.0,0.0,1.0,2025,6.195238095238095,5.934008097165992,3.8,4.9,100
776802,2025-08-09,SF,WSH,137,120,687931.0,695418.0,False,9,2.0,tie,1.0,0.0,2.0,0.0,0.0,2.0,0.0,1.0,0.0,2025,5.476237623762376,3.511522633744856,5.0,3.0,95
776810,2025-08-09,TEX,PHI,140,143,594798.0,666200.0,False,9,3.0,7,1.0,0.0,0.0,0.0,0.0,0.0,3.0,1.0,0.0,2025,5.719926199261993,4.058904109589041,3.7,5.1,103
776815,2025-08-09,NYY,HOU,147,117,661563.0,664285.0,False,9,3.0,tie,3.0,0.0,0.0,1.0,2.0,0.0,0.0,3.0,0.0,2025,5.035483870967742,2.3903225806451616,4.5,4.6,97
776795,2025-08-10,STL,CHC,138,112,543243.0,684007.0,False,9,2.0,tie,0.0,0.0,2.0,0.0,2.0,0.0,1.0,0.0,0.0,2025,4.3121212121212125,4.09644128113879,3.2,4.0,99
776799,2025-08-10,MIL,NYM,158,121,682990.0,640455.0,False,9,4.0,4,2.0,1.0,1.0,4.0,3.0,0.0,0.0,1.0,1.0,2025,3.9503401360544217,4.35,7.5,3.5,100
776791,2025-08-10,SEA,TB,136,139,693433.0,605288.0,False,9,4.0,1,4.0,1.0,1.0,1.0,0.0,0.0,1.0,1.0,0.0,2025,4.497515527950311,3.7885245901639344,5.3,3.1,94
776803,2025-08-10,ATL,MIA,144,146,666214.0,615698.0,False,9,4.0,7,0.0,1.0,0.0,1.0,2.0,0.0,4.0,0.0,0.0,2025,2.8422680412371135,4.5342629482071715,4.9,5.1,100
776788,2025-08-10,LAD,TOR,119,141,607192.0,641778.0,False,9,3.0,tie,3.0,1.0,0.0,0.0,0.0,1.0,0.0,3.0,1.0,2025,3.8586206896551722,2.3758620689655174,4.6,6.9,94
776793,2025-08-10,SF,WSH,137,120,434378.0,669022.0,False,9,4.0,2,0.0,4.0,0.0,1.0,0.0,1.0,2.0,0.0,0.0,2025,3.8327586206896553,7.015094339622642,4.7,3.2,95
776789,2025-08-10,SD,BOS,135,111,656302.0,678394.0,False,9,3.0,7,0.0,0.0,2.0,0.0,1.0,2.0,3.0,0.0,0.0,2025,3.8509881422924903,3.7622516556291394,5.0,6.7,96
776806,2025-08-10,DET,LAA,116,108,663554.0,686799.0,False,9,4.0,4,2.0,1.0,0.0,4.0,2.0,3.0,0.0,2.0,0.0,2025,5.033962264150944,5.379069767441861,5.3,4.6,96
776783,2025-08-11,STL,COL,138,115,571945.0,801403.0,False,9,2.0,tie,0.0,0.0,1.0,0.0,0.0,0.0,2.0,2.0,0.0,2025,5.6,5.400884955752213,3.5,4.8,99
776790,2025-08-11,NYY,MIN,147,142,701542.0,805673.0,False,9,3.0,7,1.0,0.0,2.0,0.0,0.0,1.0,3.0,1.0,0.0,2025,5.018367346938776,2.5605809128630708,3.9,4.4,97
776792,2025-08-11,CIN,PHI,113,143,671096.0,592836.0,False,9,4.0,8,1.0,0.0,0.0,0.0,0.0,0.0,0.0,4.0,0.0,2025,4.280327868852459,6.323140495867769,4.3,5.0,105
776786,2025-08-11,MIL,PIT,158,134,500779.0,571760.0,False,9,5.0,3,1.0,0.0,5.0,1.0,0.0,1.0,0.0,0.0,0.0,2025,5.385714285714286,6.778756476683938,7.3,5.7,100
776784,2025-08-11,KC,WSH,118,120,663559.0,676917.0,False,9,4.0,6,2.0,2.0,0.0,0.0,2.0,4.0,0.0,1.0,0.0,2025,6.116528925619835,0.9048780487804877,4.2,3.6,98
776779,2025-08-11,LAA,LAD,108,119,667755.0,808967.0,False,9,4.0,tie,2.0,0.0,0.0,0.0,4.0,1.0,0.0,4.0,0.0,2025,4.375862068965517,2.0344262295081967,4.3,4.5,98
776774,2025-08-12,NYY,MIN,147,142,607074.0,701519.0,False,9,3.0,tie,2.0,3.0,0.0,0.0,1.0,0.0,3.0,1.0,0.0,2025,4.418681318681319,2.9,3.8,4.5,97
776775,2025-08-12,STL,COL,138,115,669461.0,607536.0,False,9,2.0,4,0.0,0.0,0.0,2.0,1.0,0.0,0.0,0.0,0.0,2025,6.565346534653465,6.665573770491804,3.8,5.0,99
776767,2025-08-12,SF,SD,137,135,592662.0,641482.0,False,9,2.0,tie,2.0,2.0,0.0,1.0,0.0,0.0,0.0,1.0,0.0,2025,4.584098939929328,10.640983606557377,4.6,4.8,95
776762,2025-08-12,ATH,TB,133,139,682052.0,669358.0,False,9,3.0,4,0.0,1.0,0.0,3.0,1.0,0.0,0.0,1.0,0.0,2025,3.556273764258555,4.220331950207469,5.4,3.3,97
776776,2025-08-12,BAL,SEA,110,136,665152.0,669923.0,False,9,1.0,1,1.0,0.0,0.0,0.0,0.0,0.0,0.0,0.0,0.0,2025,3.7774193548387096,3.0655172413793106,3.1,5.5,101
776770,2025-08-12,KC,WSH,118,120,608379.0,680730.0,False,9,4.0,6,1.0,0.0,3.0,0.0,1.0,4.0,3.0,1.0,0.0,2025,2.7677740863787377,5.108196721311476,4.8,3.9,98
776764,2025-08-12,TEX,ARI,140,109,683004.0,543101.0,False,9,2.0,3,0.0,1.0,2.0,0.0,0.0,0.0,1.0,0.0,1.0,2025,4.046502057613169,6.727450980392158,3.7,5.8,103
776771,2025-08-12,MIL,PIT,158,134,642547.0,694973.0,False,9,6.0,6,1.0,0.0,1.0,2.0,2.0,6.0,0.0,2.0,0.0,2025,4.449206349206349,2.0285714285714285,7.7,4.2,100
776755,2025-08-13,MIL,PIT,158,134,605540.0,656605.0,False,9,4.0,tie,0.0,0.0,2.0,4.0,3.0,4.0,4.0,0.0,0.0,2025,3.959106529209622,5.000826446280992,7.5,3.7,100
776756,2025-08-13,NYM,ATL,121,144,656849.0,471911.0,False,9,9.0,4,3.0,3.0,0.0,9.0,0.0,2.0,0.0,0.0,0.0,2025,3.196774193548387,5.074248927038626,5.3,4.7,94
776758,2025-08-13,STL,COL,138,115,700241.0,596295.0,False,9,3.0,5,0.0,2.0,0.0,2.0,3.0,1.0,1.0,0.0,2.0,2025,3.9029197080291973,6.501639344262296,3.7,3.6,99
776750,2025-08-14,BAL,SEA,110,136,608372.0,688138.0,False,9,3.0,4,0.0,0.0,0.0,3.0,2.0,2.0,0.0,0.0,1.0,2025,3.908823529411765,5.11716738197425,2.7,4.9,101
776742,2025-08-14,COL,ARI,115,109,687134.0,593958.0,False,9,3.0,1,3.0,2.0,0.0,2.0,1.0,0.0,1.0,0.0,1.0,2025,4.695330739299611,5.92442748091603,3.4,5.9,112
776747,2025-08-14,TOR,CHC,141,112,453286.0,571510.0,False,9,2.0,7,0.0,0.0,0.0,0.0,0.0,1.0,2.0,0.0,0.0,2025,4.533333333333333,2.50625,6.6,3.3,101
776733,2025-08-15,HOU,BAL,117,110,664285.0,687064.0,False,9,3.0,8,0.0,0.0,0.0,1.0,2.0,0.0,1.0,3.0,0.0,2025,2.1066225165562913,6.838317757009346,4.8,2.8,99
776734,2025-08-15,ATH,LAA,133,108,678022.0,579328.0,False,9,4.0,tie,1.0,1.0,3.0,0.0,4.0,0.0,0.0,4.0,0.0,2025,3.8777777777777778,3.3766798418972335,5.5,5.7,97
776732,2025-08-15,MIN,DET,142,116,701487.0,450203.0,False,9,5.0,1,5.0,0.0,2.0,0.0,0.0,0.0,0.0,0.0,0.0,2025,10.984615384615385,5.946715328467153,4.2,4.5,99
776712,2025-08-16,KC,CWS,118,145,547179.0,680732.0,False,9,2.0,tie,1.0,1.0,1.0,0.0,2.0,1.0,0.0,2.0,0.0,2025,4.009090909090909,5.000452488687783,4.8,3.5,98
776723,2025-08-16,TOR,TEX,141,140,641778.0,571578.0,False,9,6.0,2,0.0,6.0,3.0,0.0,3.0,0.0,3.0,0.0,1.0,2025,3.8142857142857145,3.8111111111111113,6.6,3.5,101
776725,2025-08-16,WSH,PHI,120,143,676917.0,592836.0,False,9,2.0,5,0.0,0.0,0.0,0.0,2.0,0.0,0.0,0.0,0.0,2025,3.8692307692307693,6.038931297709924,3.6,3.5,99
776715,2025-08-16,COL,ARI,115,109,801403.0,669194.0,False,9,6.0,8,1.0,1.0,3.0,0.0,2.0,0.0,4.0,6.0,0.0,2025,4.812962962962963,3.464963503649635,3.4,5.8,112
776713,2025-08-16,STL,NYY,138,147,543243.0,608331.0,False,9,5.0,6,3.0,4.0,1.0,3.0,0.0,5.0,3.0,0.0,1.0,2025,4.576014760147602,3.9230452674897123,3.4,3.7,99
776716,2025-08-16,MIN,DET,142,116,805673.0,663554.0,False,9,5.0,7,1.0,0.0,1.0,0.0,3.0,1.0,5.0,0.0,2.0,2025,3.511522633744856,5.964583333333334,3.9,4.6,99
776706,2025-08-17,CLE,ATL,114,144,671106.0,607200.0,False,9,2.0,tie,0.0,1.0,2.0,2.0,2.0,2.0,0.0,0.0,0.0,2025,4.199290780141844,7.053488372093023,4.1,6.3,97
776714,2025-08-17,BOS,MIA,111,146,676979.0,676083.0,False,9,3.0,9,0.0,0.0,1.0,2.0,0.0,0.0,1.0,1.0,3.0,2025,2.56875,4.66,5.5,4.5,104
776708,2025-08-17,WSH,PHI,120,143,680730.0,605400.0,False,9,6.0,3,1.0,5.0,6.0,2.0,0.0,1.0,0.0,2.0,3.0,2025,4.799604743083004,5.4443223443223445,3.6,3.0,99
776704,2025-08-17,CHC,PIT,112,134,665871.0,669387.0,False,9,3.0,6,0.0,1.0,1.0,0.0,1.0,3.0,0.0,1.0,0.0,2025,6.85,4.913953488372093,2.9,3.1,98
776698,2025-08-17,STL,NYY,138,147,571945.0,701542.0,False,9,5.0,4,0.0,0.0,0.0,5.0,1.0,1.0,1.0,0.0,4.0,2025,5.744628099173553,4.6234375000000005,3.9,4.4,99
776690,2025-08-18,KC,TEX,118,140,608379.0,683004.0,False,9,2.0,3,1.0,1.0,2.0,0.0,1.0,1.0,0.0,1.0,0.0,2025,2.8029702970297032,4.174380165289256,5.3,3.7,98
776696,2025-08-18,ATL,CWS,144,145,675911.0,672782.0,False,9,7.0,6,0.0,0.0,1.0,6.0,1.0,7.0,2.0,5.0,0.0,2025,6.323140495867769,2.1,6.0,3.0,100
776683,2025-08-18,SD,SF,135,137,641482.0,592662.0,False,9,4.0,1,4.0,0.0,0.0,0.0,0.0,0.0,3.0,0.0,0.0,2025,8.160975609756099,4.619434628975265,4.2,2.8,96
776693,2025-08-18,COL,LAD,115,119,607536.0,808967.0,False,9,2.0,tie,0.0,2.0,2.0,0.0,0.0,1.0,1.0,0.0,1.0,2025,6.826235741444867,2.184507042253521,4.5,5.0,112
776692,2025-08-18,DET,HOU,116,117,656427.0,681293.0,False,9,4.0,tie,0.0,0.0,0.0,1.0,4.0,1.0,4.0,0.0,0.0,2025,2.3274678111587983,4.996551724137931,4.8,3.7,96
776688,2025-08-18,MIA,STL,146,138,691587.0,669461.0,False,9,3.0,tie,1.0,0.0,0.0,1.0,3.0,1.0,1.0,1.0,3.0,2025,4.939080459770115,6.38125,4.4,3.7,93
776674,2025-08-19,MIN,ATH,142,133,657746.0,682052.0,False,9,4.0,4,0.0,1.0,2.0,4.0,1.0,1.0,0.0,0.0,0.0,2025,3.2027397260273975,2.5699646643109544,3.7,5.6,99
776675,2025-08-19,KC,TEX,118,140,607625.0,518876.0,False,9,2.0,tie,2.0,0.0,0.0,1.0,0.0,1.0,1.0,2.0,0.0,2025,7.159829059829061,4.627272727272727,5.0,3.8,98
776667,2025-08-19,SD,SF,135,137,601713.0,678906.0,False,9,2.0,tie,2.0,0.0,0.0,2.0,1.0,1.0,0.0,0.0,0.0,2025,3.7070287539936104,9.844186046511629,4.2,2.8,96
776680,2025-08-19,PHI,SEA,143,136,650911.0,682243.0,False,9,3.0,tie,1.0,0.0,3.0,1.0,0.0,0.0,3.0,2.0,0.0,2025,2.560227272727273,5.708695652173914,4.3,4.5,102
776678,2025-08-19,WSH,NYM,120,121,663623.0,656849.0,False,9,5.0,3,0.0,0.0,5.0,0.0,0.0,1.0,1.0,1.0,1.0,2025,6.2330472103004295,3.838007380073801,4.5,5.4,99
776672,2025-08-19,ARI,CLE,109,114,593958.0,676440.0,False,9,4.0,5,0.0,0.0,1.0,3.0,4.0,0.0,2.0,1.0,0.0,2025,4.880821917808219,4.496226415094339,5.8,4.1,100
776669,2025-08-20,ATL,CWS,144,145,694462.0,527048.0,False,9,1.0,4,0.0,0.0,0.0,1.0,0.0,0.0,0.0,0.0,0.0,2025,1.6833333333333333,3.773575129533679,7.2,4.5,100
776673,2025-08-20,DET,HOU,116,117,450203.0,664285.0,False,9,6.0,1,6.0,0.0,1.0,2.0,0.0,0.0,0.0,0.0,0.0,2025,4.9727915194346295,2.8039473684210527,4.9,2.8,96
776644,2025-08-21,COL,LAD,115,119,801403.0,477132.0,False,9,3.0,tie,3.0,2.0,1.0,3.0,1.0,1.0,0.0,3.0,0.0,2025,4.211111111111111,3.2140684410646387,4.9,5.0,112
776655,2025-08-21,BAL,HOU,110,117,687064.0,669920.0,False,9,3.0,tie,2.0,3.0,3.0,0.0,0.0,1.0,0.0,0.0,0.0,2025,4.048616600790514,3.738297872340426,4.7,2.6,101
776634,2025-08-22,MIL,SF,158,137,500779.0,687931.0,False,9,2.0,tie,1.0,1.0,0.0,2.0,0.0,0.0,2.0,1.0,2.0,2025,4.737010676156584,7.497163120567375,6.3,2.7,100
776645,2025-08-22,ATL,NYM,144,121,666214.0,690997.0,False,9,5.0,8,0.0,2.0,3.0,4.0,0.0,0.0,2.0,5.0,3.0,2025,3.4773584905660377,2.3156862745098037,6.5,6.2,100
776633,2025-08-22,TB,STL,139,138,605288.0,571945.0,False,9,6.0,7,1.0,3.0,2.0,2.0,0.0,1.0,6.0,1.0,0.0,2025,4.511764705882353,5.123809523809523,3.9,4.7,97
776649,2025-08-22,DET,KC,116,118,663554.0,686701.0,False,9,4.0,tie,0.0,0.0,4.0,0.0,0.0,2.0,4.0,0.0,2.0,2025,4.310762331838565,4.323628691983123,4.7,5.5,96
776638,2025-08-22,SEA,ATH,136,133,693433.0,806960.0,False,9,2.0,7,1.0,0.0,0.0,0.0,1.0,0.0,2.0,0.0,1.0,2025,3.7430868167202576,3.5166666666666666,4.1,5.5,94
776621,2025-08-23,MIL,SF,158,137,642547.0,657277.0,False,9,4.0,7,0.0,1.0,0.0,0.0,0.0,3.0,4.0,0.0,0.0,2025,3.753846153846154,2.287279151943463,5.4,3.0,100
776623,2025-08-23,TEX,CLE,140,114,683004.0,671106.0,False,9,3.0,3,0.0,2.0,3.0,2.0,2.0,1.0,0.0,0.0,0.0,2025,4.828971962616823,4.308791208791209,4.2,3.5,103
776629,2025-08-23,BAL,HOU,110,117,665152.0,664299.0,False,9,8.0,1,8.0,2.0,2.0,1.0,1.0,0.0,2.0,1.0,0.0,2025,3.56875,4.1,5.1,2.9,101
776618,2025-08-23,LAA,CHC,108,112,682989.0,690990.0,False,9,4.0,tie,0.0,0.0,2.0,4.0,0.0,4.0,3.0,0.0,0.0,2025,6.988888888888889,2.7202531645569623,4.5,2.8,98
776625,2025-08-23,DET,KC,116,118,663978.0,608379.0,False,9,2.0,4,0.0,0.0,1.0,2.0,1.0,1.0,0.0,1.0,0.0,2025,5.41060606060606,2.557627118644068,5.2,5.3,96
776617,2025-08-23,SD,LAD,135,119,641482.0,607192.0,False,9,3.0,tie,0.0,0.0,0.0,3.0,0.0,0.0,0.0,3.0,0.0,2025,8.840740740740742,4.0929078014184395,4.8,5.2,96
776603,2025-08-24,SD,LAD,135,119,601713.0,808967.0,False,9,5.0,7,1.0,0.0,2.0,0.0,0.0,1.0,5.0,0.0,1.0,2025,3.5792332268370606,2.712676056338028,4.8,4.7,96
776608,2025-08-24,MIL,SF,158,137,694477.0,592662.0,False,9,3.0,2,0.0,3.0,1.0,0.0,1.0,0.0,0.0,0.0,2.0,2025,4.0200000000000005,3.5934210526315793,4.3,3.6,100
776616,2025-08-24,NYY,BOS,147,111,607074.0,669160.0,False,9,2.0,tie,0.0,2.0,1.0,1.0,1.0,2.0,0.0,2.0,0.0,2025,4.565201465201465,4.452459016393442,5.7,5.2,97
776609,2025-08-24,ARI,CIN,109,113,668678.0,663903.0,False,9,5.0,8,1.0,0.0,0.0,0.0,0.0,1.0,0.0,5.0,0.0,2025,3.9275862068965517,2.8526501766784453,5.5,4.7,100
776614,2025-08-24,MIA,TOR,146,141,691587.0,592332.0,False,9,4.0,7,0.0,0.0,1.0,0.0,3.0,0.0,4.0,0.0,0.0,2025,5.163492063492063,3.4225806451612906,4.9,4.9,93
776607,2025-08-24,CWS,MIN,145,142,672782.0,671737.0,False,9,4.0,2,3.0,4.0,0.0,0.0,0.0,0.0,1.0,0.0,0.0,2025,3.9000000000000004,3.2702127659574467,5.1,4.0,101
776600,2025-08-25,MIA,ATL,146,144,665795.0,675911.0,False,9,1.0,tie,0.0,0.0,0.0,0.0,1.0,0.0,0.0,1.0,1.0,2025,3.236986301369863,8.288679245283019,4.1,5.5,93
776597,2025-08-25,NYY,WSH,147,120,693645.0,695418.0,False,9,5.0,tie,1.0,0.0,1.0,0.0,5.0,0.0,3.0,0.0,5.0,2025,4.364822134387352,3.971212121212121,5.5,4.2,97
776575,2025-08-26,TEX,LAA,140,108,571578.0,579328.0,False,9,3.0,tie,3.0,2.0,0.0,1.0,0.0,0.0,1.0,0.0,3.0,2025,6.893103448275863,3.5059040590405903,4.6,3.3,103
776578,2025-08-26,STL,PIT,138,134,669467.0,656605.0,False,9,5.0,1,5.0,2.0,1.0,2.0,0.0,1.0,0.0,0.0,0.0,2025,5.288841201716739,5.846113989637306,5.4,4.1,99
776576,2025-08-26,SF,CHC,137,112,434378.0,571510.0,False,9,3.0,5,0.0,1.0,0.0,1.0,3.0,2.0,0.0,0.0,0.0,2025,2.3337164750957857,3.9247422680412374,3.9,4.1,95
776586,2025-08-26,MIL,ARI,158,109,694819.0,694297.0,False,9,5.0,3,1.0,0.0,5.0,3.0,0.0,2.0,3.0,2.0,1.0,2025,1.897814207650273,4.45036496350365,3.7,4.7,100
776587,2025-08-26,HOU,COL,117,115,686613.0,685299.0,False,9,4.0,3,0.0,1.0,4.0,0.0,2.0,0.0,0.0,0.0,0.0,2025,2.4515358361774746,5.158823529411765,3.5,4.2,99
776562,2025-08-27,LAD,CIN,119,113,660271.0,666157.0,False,9,4.0,4,0.0,0.0,1.0,4.0,0.0,0.0,0.0,1.0,0.0,2025,2.2712707182320444,2.0399293286219082,5.4,3.4,94
776570,2025-08-27,NYY,WSH,147,120,608331.0,676917.0,False,9,9.0,3,1.0,0.0,9.0,1.0,0.0,1.0,0.0,0.0,1.0,2025,3.9823529411764707,3.597737556561086,6.5,4.3,97
776557,2025-08-27,SF,CHC,137,112,687931.0,607067.0,False,9,3.0,tie,1.0,3.0,3.0,0.0,3.0,3.0,1.0,1.0,0.0,2025,6.912154696132596,3.059016393442623,3.8,4.0,95
776565,2025-08-27,MIA,ATL,146,144,687473.0,666214.0,False,9,5.0,3,1.0,0.0,5.0,3.0,1.0,2.0,1.0,0.0,0.0,2025,4.022509225092251,3.335294117647059,4.0,6.1,93
776566,2025-08-27,NYM,PHI,121,143,690997.0,592836.0,False,9,3.0,3,0.0,0.0,3.0,0.0,1.0,0.0,2.0,0.0,0.0,2025,2.934710743801653,4.341134751773049,6.8,6.1,94
776561,2025-08-27,SEA,SD,136,135,693433.0,506433.0,False,9,3.0,4,0.0,1.0,0.0,3.0,0.0,2.0,0.0,0.0,1.0,2025,4.065732087227414,4.1,4.7,5.0,94
776563,2025-08-27,TEX,LAA,140,108,656641.0,686799.0,False,9,9.0,7,5.0,3.0,0.0,4.0,2.0,0.0,9.0,0.0,0.0,2025,3.5255319148936173,6.221951219512196,5.1,3.3,103
776556,2025-08-28,CWS,NYY,145,147,663436.0,701542.0,False,9,6.0,2,2.0,6.0,0.0,0.0,2.0,0.0,0.0,3.0,1.0,2025,5.351908396946564,3.9661417322834644,5.9,6.4,101
776554,2025-08-28,STL,PIT,138,134,571945.0,677952.0,False,9,3.0,7,1.0,0.0,1.0,0.0,0.0,0.0,3.0,0.0,0.0,2025,6.671428571428572,1.5472049689440996,4.7,4.7,99
776558,2025-08-28,NYM,MIA,121,146,605280.0,800049.0,False,9,3.0,tie,3.0,0.0,3.0,0.0,2.0,0.0,3.0,0.0,0.0,2025,3.677777777777778,5.984615384615385,7.1,3.6,94
776550,2025-08-28,SF,CHC,137,112,657277.0,684007.0,False,9,3.0,1,3.0,1.0,0.0,0.0,0.0,2.0,0.0,0.0,1.0,2025,2.142904290429043,3.3236421725239618,4.9,3.9,95
776564,2025-08-28,BAL,BOS,110,111,700249.0,676979.0,False,9,1.0,tie,1.0,0.0,1.0,1.0,1.0,0.0,0.0,1.0,0.0,2025,4.031174089068826,3.164516129032258,4.7,4.2,101
776534,2025-08-29,LAD,ARI,119,109,605483.0,668678.0,False,9,2.0,4,0.0,0.0,0.0,2.0,0.0,1.0,0.0,0.0,0.0,2025,3.2111111111111112,3.6862068965517243,5.4,4.9,94
776533,2025-08-29,SF,BAL,137,110,592662.0,665152.0,False,9,5.0,1,5.0,2.0,4.0,2.0,3.0,0.0,4.0,2.0,1.0,2025,4.325165562913908,3.970967741935484,4.6,3.7,95
776542,2025-08-29,COL,CHC,115,112,608566.0,690990.0,False,9,6.0,5,0.0,2.0,0.0,3.0,6.0,1.0,4.0,2.0,0.0,2025,5.785950413223141,2.3796610169491528,3.1,4.2,112
776538,2025-08-29,ATH,TEX,133,140,605488.0,683004.0,False,9,2.0,tie,0.0,2.0,2.0,0.0,1.0,0.0,2.0,0.0,0.0,2025,4.944262295081968,4.082142857142857,5.3,6.1,97
776546,2025-08-29,TOR,MIL,141,158,669456.0,642547.0,False,9,5.0,6,0.0,0.0,0.0,0.0,0.0,5.0,4.0,0.0,0.0,2025,2.7666666666666666,3.6,5.3,3.9,101
776536,2025-08-30,CIN,STL,113,138,671096.0,700241.0,False,9,2.0,tie,1.0,0.0,0.0,2.0,0.0,0.0,2.0,1.0,0.0,2025,4.0152542372881355,4.033333333333333,3.2,4.6,105
776526,2025-08-30,COL,CHC,115,112,685326.0,665871.0,False,9,3.0,6,1.0,1.0,0.0,0.0,2.0,3.0,0.0,0.0,0.0,2025,8.725,4.957142857142857,3.4,4.7,112
776530,2025-08-30,MIN,SD,142,135,671737.0,601713.0,False,9,7.0,7,0.0,0.0,1.0,0.0,3.0,2.0,7.0,2.0,0.0,2025,3.9119658119658123,3.8051282051282054,4.6,5.0,99
776535,2025-08-30,NYM,MIA,121,146,656849.0,665795.0,False,9,6.0,tie,6.0,1.0,6.0,1.0,0.0,2.0,1.0,0.0,2.0,2025,3.1,2.4046357615894043,7.9,4.4,94
776523,2025-08-30,LAD,ARI,119,109,607192.0,593958.0,False,9,4.0,7,0.0,0.0,0.0,0.0,0.0,0.0,4.0,0.0,3.0,2025,4.766666666666667,4.753543307086614,5.1,5.1,94
776515,2025-08-31,TOR,MIL,141,158,453286.0,605540.0,False,9,5.0,1,5.0,1.0,2.0,1.0,3.0,0.0,0.0,0.0,0.0,2025,4.648387096774194,3.632319391634981,5.0,4.6,101
776519,2025-08-31,NYM,MIA,121,146,673540.0,645261.0,False,9,2.0,3,1.0,0.0,2.0,1.0,1.0,0.0,1.0,0.0,0.0,2025,5.431838565022422,3.56875,8.3,5.1,94
776510,2025-08-31,HOU,LAA,117,108,686613.0,667755.0,False,9,2.0,8,0.0,0.0,0.0,0.0,1.0,0.0,0.0,2.0,0.0,2025,2.6737704918032787,3.7204379562043797,4.2,2.6,99
776508,2025-08-31,ATH,TEX,133,140,669372.0,594798.0,False,9,6.0,8,2.0,1.0,0.0,0.0,2.0,0.0,2.0,6.0,2.0,2025,5.403921568627451,4.468821292775665,4.7,7.0,97
776521,2025-08-31,CLE,SEA,114,136,676440.0,682243.0,False,9,2.0,tie,0.0,0.0,2.0,0.0,2.0,0.0,2.0,0.0,0.0,2025,5.434630350194553,7.308333333333334,2.6,4.7,97
776514,2025-08-31,CWS,NYY,145,147,527048.0,661563.0,False,9,1.0,tie,1.0,1.0,1.0,0.0,0.0,1.0,0.0,1.0,0.0,2025,3.178740157480315,3.9583690987124465,4.3,6.2,101
776520,2025-08-31,WSH,TB,120,139,695418.0,693855.0,False,9,6.0,2,0.0,6.0,2.0,3.0,0.0,0.0,0.0,0.0,0.0,2025,4.911023622047244,0.5,3.5,4.8,99
776517,2025-08-31,BOS,PIT,111,134,608337.0,656605.0,False,9,4.0,5,0.0,0.0,0.0,1.0,4.0,1.0,1.0,0.0,0.0,2025,4.116393442622951,5.4175965665236046,4.1,5.1,104
776497,2025-09-01,STL,ATH,138,133,543243.0,806960.0,False,9,4.0,tie,0.0,0.0,0.0,4.0,0.0,3.0,2.0,4.0,1.0,2025,3.7129032258064516,2.901980198019802,4.5,4.9,99
776503,2025-09-01,CIN,TOR,113,141,668881.0,605135.0,False,9,6.0,9,0.0,2.0,0.0,0.0,0.0,0.0,1.0,0.0,6.0,2025,3.3952029520295204,4.8968750000000005,3.1,5.1,105
776487,2025-09-02,CHC,ATL,112,144,684007.0,666214.0,False,9,4.0,3,0.0,0.0,4.0,2.0,1.0,0.0,0.0,0.0,0.0,2025,3.580480480480481,3.3745098039215686,5.4,4.6,98
776484,2025-09-02,MIN,CWS,142,145,680573.0,663436.0,False,9,4.0,7,1.0,2.0,0.0,1.0,2.0,2.0,4.0,3.0,0.0,2025,7.436734693877552,6.777685950413224,5.3,4.5,99
776489,2025-09-02,HOU,NYY,117,147,664285.0,608331.0,False,9,4.0,5,0.0,2.0,0.0,0.0,4.0,1.0,0.0,1.0,0.0,2025,3.8142857142857145,3.7071428571428573,4.1,6.1,99
776481,2025-09-02,ARI,TEX,109,140,622503.0,656641.0,False,9,3.0,7,0.0,0.0,1.0,1.0,0.0,2.0,3.0,0.0,1.0,2025,3.5901960784313727,3.7593406593406593,5.1,7.6,100
776472,2025-09-03,HOU,NYY,117,147,669920.0,701542.0,False,9,4.0,8,0.0,1.0,0.0,2.0,1.0,3.0,1.0,4.0,3.0,2025,3.948056537102474,4.862295081967213,3.2,6.8,99
776477,2025-09-03,WSH,MIA,120,146,680730.0,691587.0,False,9,4.0,5,3.0,2.0,0.0,2.0,4.0,1.0,0.0,3.0,0.0,2025,6.983928571428572,7.168627450980393,2.7,4.4,99
776478,2025-09-03,DET,NYM,116,121,663554.0,605280.0,False,9,3.0,7,0.0,1.0,1.0,0.0,2.0,1.0,3.0,0.0,0.0,2025,4.792913385826772,2.9353909465020576,4.5,8.2,96
776470,2025-09-03,STL,ATH,138,133,669461.0,605488.0,False,9,3.0,8,0.0,0.0,2.0,0.0,0.0,0.0,1.0,3.0,0.0,2025,6.0864253393665155,5.3033898305084755,3.7,5.1,99
776468,2025-09-03,ARI,TEX,109,140,668678.0,683004.0,False,9,1.0,tie,1.0,1.0,0.0,0.0,0.0,0.0,0.0,0.0,0.0,2025,3.6517241379310343,3.881893004115226,4.6,7.5,100
776465,2025-09-03,SD,BAL,135,110,641482.0,700249.0,False,9,6.0,3,1.0,0.0,6.0,0.0,0.0,4.0,1.0,0.0,0.0,2025,5.312389380530973,4.8479674796747965,4.6,4.1,96
776479,2025-09-03,PIT,LAD,134,119,677952.0,686218.0,False,9,1.0,tie,1.0,1.0,0.0,0.0,0.0,1.0,0.0,0.0,0.0,2025,1.5976525821596246,3.4571428571428573,5.1,4.1,95
776475,2025-09-03,CIN,TOR,113,141,641793.0,669456.0,False,9,7.0,8,0.0,5.0,1.0,2.0,3.0,1.0,2.0,7.0,1.0,2025,4.129411764705883,3.00990990990991,3.9,6.1,105
776471,2025-09-03,MIL,PHI,158,143,500779.0,605400.0,False,9,5.0,1,5.0,0.0,0.0,1.0,1.0,0.0,2.0,0.0,0.0,2025,4.842424242424242,7.09103139013453,4.9,5.2,100
776459,2025-09-04,MIL,PHI,158,143,642547.0,624133.0,False,9,1.0,tie,0.0,0.0,0.0,0.0,0.0,0.0,1.0,0.0,1.0,2025,2.5285714285714285,3.0659863945578234,5.4,4.9,100
776460,2025-09-05,ATL,SEA,144,136,519242.0,669302.0,False,9,3.0,8,1.0,0.0,0.0,0.0,0.0,0.0,1.0,3.0,0.0,2025,1.9554216867469882,4.61394422310757,4.8,5.2,100
776445,2025-09-05,STL,SF,138,137,700241.0,693313.0,False,9,4.0,4,2.0,0.0,0.0,4.0,1.0,0.0,2.0,1.0,0.0,2025,3.8666666666666667,12.433333333333334,4.0,7.9,99
776444,2025-09-05,LAA,ATH,108,133,667755.0,686930.0,False,9,7.0,3,6.0,0.0,7.0,0.0,0.0,0.0,0.0,0.0,1.0,2025,3.7569343065693435,5.85,3.2,5.0,98
776442,2025-09-05,COL,SD,115,135,607536.0,601713.0,False,9,1.0,tie,0.0,0.0,1.0,0.0,1.0,0.0,1.0,0.0,0.0,2025,5.271945701357466,3.8876712328767127,3.9,4.6,112
776457,2025-09-05,NYY,TOR,147,141,693645.0,592332.0,False,9,3.0,1,3.0,2.0,0.0,0.0,1.0,0.0,0.0,1.0,1.0,2025,2.3907801418439716,3.00625,7.5,6.7,97
776446,2025-09-05,KC,MIN,118,142,608379.0,641154.0,False,9,2.0,3,0.0,0.0,2.0,0.0,1.0,0.0,0.0,0.0,0.0,2025,2.761654135338346,4.0926470588235295,4.1,5.5,98
776453,2025-09-05,PIT,MIL,134,158,670912.0,682990.0,False,9,2.0,6,1.0,1.0,1.0,0.0,0.0,2.0,0.0,1.0,1.0,2025,3.966666666666667,5.571482889733841,5.0,5.1,95
776431,2025-09-06,COL,SD,115,135,685326.0,681190.0,False,9,8.0,2,0.0,8.0,0.0,0.0,4.0,1.0,4.0,0.0,1.0,2025,6.85,4.9750000000000005,4.2,4.4,112
776435,2025-09-06,DET,CWS,116,145,669373.0,527048.0,False,9,5.0,4,1.0,0.0,0.0,5.0,0.0,0.0,0.0,0.0,0.0,2025,3.705095541401274,3.455731225296443,4.4,5.3,96
776440,2025-09-06,CHC,WSH,112,120,571510.0,695418.0,False,9,1.0,tie,1.0,1.0,0.0,1.0,0.0,0.0,0.0,0.0,0.0,2025,4.199290780141844,5.248760330578513,5.1,3.6,98
776436,2025-09-06,NYY,TOR,147,141,661563.0,605135.0,False,9,2.0,2,0.0,2.0,0.0,1.0,0.0,1.0,0.0,0.0,0.0,2025,3.8509881422924903,4.5843750000000005,6.6,7.1,97
776447,2025-09-06,ATL,SEA,144,136,694462.0,682243.0,False,9,4.0,7,2.0,0.0,0.0,1.0,0.0,1.0,4.0,3.0,1.0,2025,2.5880546075085324,7.02,5.1,4.2,100
776443,2025-09-06,BAL,LAD,110,119,669432.0,808967.0,False,9,4.0,9,0.0,0.0,1.0,0.0,1.0,0.0,1.0,0.0,4.0,2025,2.070588235294118,3.1340136054421768,4.4,3.5,101
776420,2025-09-07,CHC,WSH,112,120,519141.0,674841.0,False,9,5.0,9,0.0,1.0,0.0,0.0,2.0,0.0,0.0,1.0,5.0,2025,4.052380952380952,2.7,5.0,3.3,98
776421,2025-09-07,TB,CLE,139,114,656876.0,800048.0,False,9,2.0,6,0.0,0.0,0.0,0.0,1.0,2.0,0.0,0.0,0.0,2025,4.582758620689655,1.9414634146341463,5.0,4.6,97
776417,2025-09-07,COL,SD,115,135,685299.0,656302.0,False,9,3.0,4,2.0,1.0,1.0,3.0,2.0,0.0,0.0,0.0,0.0,2025,3.5779411764705884,4.361261261261261,4.4,4.8,112
776416,2025-09-07,STL,SF,138,137,543243.0,678906.0,False,9,4.0,5,0.0,0.0,0.0,0.0,4.0,3.0,0.0,0.0,0.0,2025,5.0,4.220000000000001,3.5,8.0,99
776412,2025-09-08,ATL,CHC,144,112,693821.0,684007.0,False,9,3.0,1,3.0,0.0,0.0,0.0,0.0,0.0,1.0,1.0,0.0,2025,3.26025641025641,4.756626506024096,3.2,5.0,100
776409,2025-09-08,MIA,WSH,146,120,676083.0,676917.0,False,9,7.0,5,0.0,2.0,0.0,1.0,7.0,3.0,2.0,4.0,3.0,2025,4.901470588235294,5.649800796812749,4.9,3.8,93
776413,2025-09-08,CLE,KC,114,118,677944.0,686701.0,False,9,6.0,4,1.0,0.0,1.0,6.0,1.0,0.0,1.0,0.0,2.0,2025,6.062962962962963,3.892452830188679,4.4,4.0,97
776411,2025-09-08,LAA,MIN,108,142,702674.0,680573.0,False,9,5.0,2,0.0,5.0,1.0,0.0,2.0,2.0,0.0,2.0,3.0,2025,2.7,7.793877551020408,3.4,4.4,98
776399,2025-09-08,SF,ARI,137,109,657277.0,622503.0,False,9,5.0,tie,0.0,5.0,3.0,0.0,0.0,5.0,1.0,2.0,0.0,2025,3.1643086816720256,3.2226993865030678,7.1,5.0,95
776408,2025-09-08,LAD,COL,119,115,607192.0,801403.0,False,9,2.0,7,0.0,1.0,0.0,0.0,0.0,1.0,2.0,0.0,0.0,2025,3.490070921985816,4.80940170940171,3.0,4.5,94
776405,2025-09-08,PHI,NYM,143,121,605400.0,690997.0,False,9,1.0,2,0.0,1.0,0.0,0.0,0.0,0.0,0.0,0.0,0.0,2025,6.418385650224215,2.3720306513409963,5.7,6.6,102
776398,2025-09-09,NYY,DET,147,116,701542.0,663554.0,False,9,9.0,7,1.0,0.0,0.0,1.0,2.0,0.0,9.0,1.0,0.0,2025,5.108196721311476,3.222950819672131,5.7,4.5,97
776402,2025-09-09,ATL,CHC,144,112,675911.0,690990.0,False,9,4.0,8,1.0,0.0,2.0,0.0,0.0,0.0,0.0,4.0,0.0,2025,7.66896551724138,2.8435897435897437,3.2,4.8,100
776394,2025-09-09,SF,ARI,137,109,592662.0,668678.0,False,9,3.0,tie,3.0,0.0,0.0,1.0,3.0,1.0,0.0,0.0,0.0,2025,4.237254901960784,3.513793103448276,7.8,4.9,95
776390,2025-09-09,LAA,MIN,108,142,543294.0,805673.0,False,9,4.0,6,3.0,0.0,0.0,0.0,2.0,4.0,3.0,0.0,2.0,2025,5.838095238095239,5.225984251968504,3.7,4.9,98
776391,2025-09-09,SEA,STL,136,138,669923.0,669461.0,False,9,3.0,tie,0.0,2.0,3.0,3.0,0.0,0.0,0.0,0.0,0.0,2025,3.901526717557252,4.867241379310345,5.5,3.6,94
776395,2025-09-09,TEX,MIL,140,158,683004.0,694477.0,False,9,7.0,5,0.0,1.0,0.0,0.0,7.0,0.0,0.0,0.0,1.0,2025,3.320588235294118,3.737450199203187,4.6,4.8,103
776383,2025-09-10,NYY,DET,147,116,607074.0,656427.0,False,9,6.0,8,0.0,0.0,0.0,0.0,2.0,0.0,1.0,6.0,3.0,2025,3.729139072847682,3.178740157480315,4.9,5.7,97
776386,2025-09-10,MIA,WSH,146,120,691587.0,663623.0,False,9,6.0,6,0.0,0.0,1.0,0.0,0.0,6.0,1.0,3.0,0.0,2025,6.467875647668395,8.430188679245282,4.5,5.7,93
776375,2025-09-10,TEX,MIL,140,158,518876.0,642547.0,False,9,2.0,tie,2.0,1.0,2.0,0.0,2.0,1.0,0.0,1.0,0.0,2025,3.9411214953271028,1.9928571428571429,4.6,4.5,103
776365,2025-09-11,SD,COL,135,115,681190.0,685326.0,False,9,1.0,tie,0.0,0.0,1.0,1.0,0.0,0.0,0.0,0.0,0.0,2025,4.9750000000000005,8.695238095238095,3.7,3.5,96
776367,2025-09-11,MIA,WSH,146,120,677960.0,669022.0,False,9,3.0,8,2.0,0.0,0.0,0.0,0.0,0.0,0.0,3.0,0.0,2025,4.463636363636364,4.552282157676348,4.2,5.9,93
776369,2025-09-11,TOR,HOU,141,117,592332.0,664299.0,False,9,2.0,tie,2.0,1.0,0.0,1.0,0.0,0.0,0.0,2.0,0.0,2025,3.493939393939394,4.343781094527364,5.5,4.3,101
776353,2025-09-12,TOR,BAL,141,110,605135.0,669432.0,False,9,3.0,8,0.0,0.0,1.0,0.0,1.0,1.0,1.0,3.0,0.0,2025,3.5924242424242427,1.951963746223565,6.0,3.5,101
776363,2025-09-12,BOS,NYY,111,147,608337.0,661563.0,False,9,3.0,7,1.0,0.0,1.0,0.0,0.0,0.0,3.0,0.0,0.0,2025,3.1682593856655292,4.130534351145038,5.3,4.4,104
776366,2025-09-12,MIA,DET,146,116,645261.0,669373.0,False,9,3.0,tie,1.0,2.0,0.0,3.0,0.0,3.0,1.0,0.0,0.0,2025,3.0090909090909093,2.8076023391812868,4.2,6.5,93
776354,2025-09-12,PHI,KC,143,118,621111.0,547179.0,False,9,3.0,tie,1.0,1.0,3.0,2.0,0.0,0.0,3.0,0.0,0.0,2025,6.351028806584362,4.298347107438016,5.9,3.0,102
776358,2025-09-12,ATH,CIN,133,113,669372.0,663903.0,False,9,1.0,tie,1.0,0.0,1.0,0.0,0.0,0.0,0.0,1.0,0.0,2025,3.8623318385650225,2.0666666666666664,5.4,5.2,97
776355,2025-09-12,MIN,ARI,142,109,641154.0,694297.0,False,9,7.0,9,1.0,0.0,1.0,3.0,2.0,1.0,2.0,0.0,7.0,2025,4.019117647058824,2.8628458498023717,4.4,4.8,99
776338,2025-09-13,CHC,TB,112,139,607067.0,656876.0,False,9,2.0,tie,0.0,1.0,0.0,2.0,1.0,2.0,1.0,1.0,1.0,2025,4.0426229508196725,5.207142857142857,4.3,3.8,98
776343,2025-09-13,TOR,BAL,141,110,453286.0,608372.0,False,9,4.0,9,2.0,0.0,0.0,0.0,1.0,0.0,0.0,2.0,4.0,2025,5.424723247232473,5.847747747747747,5.8,3.4,101
776328,2025-09-13,SF,LAD,137,119,657277.0,477132.0,False,9,9.0,5,5.0,0.0,2.0,0.0,9.0,3.0,0.0,0.0,1.0,2025,2.5838709677419356,2.6454545454545455,6.2,3.9,95
776342,2025-09-13,PHI,KC,143,118,592836.0,686701.0,False,9,5.0,1,5.0,0.0,2.0,0.0,3.0,1.0,2.0,1.0,0.0,2025,5.161068702290077,4.083606557377049,5.7,3.1,102
776340,2025-09-13,ATH,CIN,133,113,622663.0,668881.0,False,9,5.0,tie,0.0,5.0,2.0,3.0,0.0,0.0,1.0,5.0,0.0,2025,2.6,2.66953642384106,5.1,4.5,97
776344,2025-09-13,BOS,NYY,111,147,678394.0,608331.0,False,9,2.0,tie,2.0,0.0,1.0,0.0,2.0,1.0,0.0,1.0,1.0,2025,3.397029702970297,3.19375,4.9,4.6,104
776346,2025-09-13,ATL,HOU,144,117,693821.0,686613.0,False,9,3.0,tie,0.0,3.0,3.0,1.0,0.0,0.0,1.0,0.0,0.0,2025,2.736963696369637,3.264473684210526,3.2,4.6,100
776330,2025-09-14,BOS,NYY,111,147,676979.0,701542.0,False,9,6.0,1,6.0,0.0,0.0,2.0,1.0,0.0,1.0,0.0,0.0,2025,3.8878787878787877,4.876859504132232,4.6,4.4,104
776329,2025-09-14,ATL,HOU,144,117,666214.0,664285.0,False,9,3.0,5,2.0,1.0,0.0,1.0,3.0,2.0,2.0,0.0,0.0,2025,4.501869158878504,4.093377483443708,2.8,5.1,100
776334,2025-09-14,PHI,KC,143,118,605400.0,702070.0,False,9,4.0,6,2.0,0.0,0.0,0.0,2.0,4.0,2.0,1.0,2.0,2025,4.215537848605578,5.685551330798479,6.2,3.4,102
776323,2025-09-14,SD,COL,135,115,506433.0,608566.0,False,9,3.0,tie,3.0,3.0,1.0,1.0,0.0,3.0,2.0,2.0,0.0,2025,5.944827586206896,7.645454545454545,4.5,3.0,96
776325,2025-09-14,SF,LAD,137,119,592662.0,607192.0,False,9,4.0,5,0.0,2.0,1.0,0.0,4.0,2.0,0.0,2.0,1.0,2025,3.793877551020408,2.745390070921986,6.1,4.5,95
776331,2025-09-14,CLE,CWS,114,145,677944.0,672782.0,False,9,3.0,4,0.0,0.0,0.0,3.0,1.0,0.0,1.0,0.0,0.0,2025,4.943003412969284,4.867241379310345,3.9,4.4,97
776326,2025-09-14,MIL,STL,158,138,500779.0,571945.0,False,9,3.0,2,0.0,3.0,0.0,1.0,1.0,0.0,0.0,0.0,0.0,2025,5.272284644194757,5.298275862068966,4.9,3.3,100
776309,2025-09-15,ARI,SF,109,137,668678.0,678906.0,False,9,6.0,6,1.0,0.0,1.0,0.0,0.0,6.0,0.0,1.0,0.0,2025,3.894701986754967,3.8878787878787877,5.3,5.6,100
776312,2025-09-15,STL,CIN,138,113,669461.0,641793.0,False,9,5.0,7,0.0,2.0,2.0,0.0,0.0,3.0,5.0,1.0,4.0,2025,5.858620689655172,5.858620689655172,3.4,4.0,99
776301,2025-09-16,HOU,TEX,117,140,805123.0,518876.0,False,9,4.0,tie,1.0,0.0,1.0,4.0,1.0,0.0,0.0,4.0,0.0,2025,7.35,4.2182108626198085,4.8,4.0,99
776295,2025-09-16,MIL,LAA,158,108,642547.0,702674.0,False,9,3.0,8,1.0,1.0,1.0,2.0,1.0,0.0,2.0,3.0,0.0,2025,2.8777777777777778,5.382608695652174,4.5,4.3,100
776298,2025-09-16,MIN,NYY,142,147,805673.0,693645.0,False,9,4.0,tie,3.0,4.0,3.0,1.0,3.0,4.0,0.0,0.0,1.0,2025,4.165573770491804,1.9188976377952756,4.7,3.3,99
776310,2025-09-16,BOS,ATH,111,133,813349.0,605488.0,False,9,2.0,6,0.0,0.0,1.0,0.0,0.0,2.0,0.0,0.0,0.0,2025,-0.6999999999999997,4.903921568627451,4.1,5.7,104
776308,2025-09-16,PIT,CHC,134,112,694973.0,690990.0,False,9,3.0,1,3.0,1.0,0.0,0.0,1.0,0.0,0.0,0.0,0.0,2025,1.3666666666666667,3.1,2.3,4.3,95
776304,2025-09-16,NYM,SD,121,135,605280.0,650633.0,False,9,5.0,1,5.0,3.0,1.0,1.0,0.0,0.0,0.0,1.0,0.0,2025,3.1,5.11716738197425,3.0,4.9,94
776300,2025-09-16,STL,CIN,138,113,700241.0,671096.0,False,9,2.0,3,1.0,0.0,2.0,0.0,0.0,0.0,0.0,0.0,0.0,2025,4.242857142857143,3.702836879432624,3.5,4.2,99
776293,2025-09-16,COL,MIA,115,146,607536.0,691587.0,False,9,3.0,tie,0.0,0.0,3.0,0.0,0.0,3.0,0.0,3.0,2.0,2025,4.050413223140496,5.0487179487179485,2.8,4.9,112
776290,2025-09-17,TB,TOR,139,141,693855.0,592332.0,False,9,1.0,tie,1.0,0.0,0.0,1.0,0.0,0.0,1.0,0.0,0.0,2025,1.1132450331125827,2.3857142857142857,3.2,4.6,97
776280,2025-09-17,LAD,PHI,119,143,605483.0,666200.0,False,9,2.0,tie,0.0,2.0,0.0,1.0,0.0,0.0,0.0,2.0,0.0,2025,2.515807560137457,1.742384105960265,6.2,6.5,94
776275,2025-09-18,DET,CLE,116,114,669373.0,676440.0,False,9,2.0,7,0.0,1.0,0.0,1.0,0.0,0.0,2.0,0.0,0.0,2025,3.166006600660066,4.484615384615385,4.9,4.1,96
776282,2025-09-18,CIN,CHC,113,112,668881.0,607067.0,False,9,1.0,4,0.0,0.0,0.0,1.0,0.0,0.0,0.0,0.0,0.0,2025,4.2787072243346005,3.9085106382978725,3.8,4.3,105
776281,2025-09-18,BOS,ATH,111,133,678394.0,669372.0,False,9,4.0,1,4.0,1.0,1.0,0.0,0.0,0.0,1.0,1.0,0.0,2025,3.1342465753424658,3.3868852459016394,4.1,5.2,104
776269,2025-09-18,TB,TOR,139,141,669358.0,605135.0,False,9,3.0,2,0.0,3.0,0.0,0.0,0.0,1.0,0.0,0.0,0.0,2025,5.045701357466063,2.493939393939394,3.2,4.6,97
776274,2025-09-18,MIL,LAA,158,108,682990.0,579328.0,False,9,3.0,7,0.0,0.0,0.0,1.0,2.0,1.0,3.0,0.0,0.0,2025,3.5761904761904764,5.083471074380165,5.8,3.9,100
776273,2025-09-19,BAL,NYY,110,147,669432.0,701542.0,False,9,3.0,7,0.0,1.0,0.0,0.0,0.0,2.0,3.0,0.0,0.0,2025,2.2639871382636656,5.42,3.0,5.2,101
776262,2025-09-19,HOU,SEA,117,136,686613.0,693433.0,False,9,1.0,tie,1.0,0.0,0.0,1.0,0.0,0.0,1.0,1.0,0.0,2025,3.626315789473684,3.1,4.5,5.7,99
776260,2025-09-19,KC,TOR,118,141,547179.0,453286.0,False,9,8.0,1,8.0,0.0,3.0,0.0,0.0,0.0,4.0,6.0,0.0,2025,4.781034482758621,5.052191235059761,3.8,4.3,98
776253,2025-09-19,COL,LAA,115,108,687134.0,815083.0,False,9,7.0,5,2.0,4.0,0.0,0.0,7.0,0.0,0.0,0.0,0.0,2025,8.516666666666667,5.433333333333334,3.2,3.7,112
776255,2025-09-19,ARI,PHI,109,143,669194.0,592836.0,False,9,3.0,9,2.0,1.0,0.0,0.0,1.0,1.0,0.0,2.0,3.0,2025,3.3333333333333335,6.18,5.1,6.1,100
776265,2025-09-19,STL,MIL,138,158,543243.0,694819.0,False,9,5.0,5,1.0,1.0,1.0,0.0,5.0,0.0,0.0,0.0,0.0,2025,3.9540925266903915,3.7772908366533864,3.5,5.9,99
776257,2025-09-20,BAL,NYY,110,147,608372.0,607074.0,False,9,3.0,1,3.0,0.0,1.0,0.0,1.0,1.0,1.0,0.0,0.0,2025,5.8705627705627705,3.8876712328767127,3.1,5.2,101
776241,2025-09-20,COL,LAA,115,108,608566.0,543294.0,False,9,1.0,tie,0.0,1.0,0.0,0.0,0.0,1.0,0.0,1.0,0.0,2025,9.245833333333332,4.512213740458015,3.8,4.0,112
776249,2025-09-20,PIT,ATH,134,133,696149.0,806960.0,False,9,1.0,tie,0.0,1.0,1.0,0.0,0.0,0.0,0.0,0.0,0.0,2025,1.7585365853658537,4.888321167883212,2.6,4.1,95
776242,2025-09-20,TEX,MIA,140,146,683004.0,800049.0,False,9,2.0,tie,0.0,1.0,2.0,1.0,0.0,2.0,0.0,0.0,1.0,2025,2.2156462585034014,5.115810276679842,4.3,6.1,103
776245,2025-09-20,KC,TOR,118,141,702070.0,669456.0,False,9,2.0,4,0.0,0.0,0.0,2.0,0.0,0.0,1.0,0.0,0.0,2025,5.5113475177304965,3.347349823321555,5.6,4.0,98
776247,2025-09-20,TB,BOS,139,111,605288.0,690986.0,False,9,3.0,9,0.0,0.0,1.0,1.0,1.0,1.0,2.0,0.0,3.0,2025,4.128368794326241,4.260220994475138,3.7,4.7,97
776238,2025-09-21,DET,ATL,116,144,663554.0,675911.0,False,9,5.0,9,0.0,0.0,1.0,1.0,1.0,0.0,0.0,0.0,5.0,2025,3.837704918032787,4.814285714285714,3.4,6.2,96
776237,2025-09-21,NYM,WSH,121,120,640455.0,663623.0,False,9,3.0,2,0.0,3.0,1.0,0.0,0.0,1.0,0.0,0.0,0.0,2025,4.674074074074074,6.523423423423424,5.0,3.2,94
776228,2025-09-21,HOU,SEA,117,136,669920.0,669302.0,False,9,7.0,2,0.0,7.0,1.0,0.0,0.0,0.0,1.0,1.0,0.0,2025,4.949056603773585,3.027007299270073,4.4,5.8,99
776236,2025-09-21,TB,BOS,139,111,671212.0,813349.0,False,9,3.0,tie,3.0,0.0,0.0,1.0,0.0,1.0,2.0,3.0,0.0,2025,5.786567164179104,0.12970297029702982,3.5,4.6,97
776232,2025-09-21,COL,LAA,115,108,607536.0,702674.0,False,9,1.0,tie,1.0,1.0,0.0,1.0,0.0,0.0,0.0,1.0,0.0,2025,3.2639344262295085,5.922580645161291,3.6,3.1,112
776220,2025-09-22,SF,STL,137,138,434378.0,700241.0,False,9,5.0,5,1.0,0.0,1.0,4.0,5.0,0.0,0.0,0.0,0.0,2025,2.970967741935484,4.341379310344828,3.7,4.0,95
776209,2025-09-23,CHC,NYM,112,121,690990.0,656849.0,False,9,5.0,5,3.0,3.0,0.0,1.0,5.0,2.0,0.0,2.0,0.0,2025,2.288191881918819,4.04170403587444,3.7,4.9,98
776197,2025-09-24,LAA,KC,108,118,579328.0,663568.0,False,9,1.0,tie,0.0,1.0,1.0,1.0,1.0,0.0,1.0,0.0,0.0,2025,5.823214285714286,2.7594427244582045,2.6,6.5,98
776200,2025-09-24,ATL,WSH,144,120,693821.0,674841.0,False,9,2.0,tie,1.0,0.0,0.0,1.0,0.0,2.0,0.0,2.0,1.0,2025,2.7153846153846155,3.482513661202186,7.5,3.5,100
776205,2025-09-24,CHC,NYM,112,121,571510.0,804636.0,False,9,5.0,3,0.0,0.0,5.0,1.0,4.0,2.0,0.0,1.0,0.0,2025,5.168965517241379,4.211111111111111,3.8,5.4,98
776194,2025-09-24,SEA,COL,136,115,622491.0,685299.0,False,9,3.0,tie,3.0,2.0,0.0,3.0,0.0,0.0,1.0,1.0,1.0,2025,3.4703703703703703,4.864705882352942,5.8,4.2,94
776203,2025-09-24,BAL,TB,110,139,669330.0,669358.0,False,9,3.0,8,1.0,1.0,1.0,0.0,0.0,1.0,1.0,3.0,0.0,2025,3.9139534883720932,1.9796680497925312,3.3,3.7,101
776204,2025-09-24,CLE,DET,114,116,676440.0,656427.0,False,9,3.0,3,0.0,0.0,3.0,0.0,1.0,0.0,2.0,0.0,0.0,2025,3.880780780780781,3.7584362139917697,4.7,2.4,97
776195,2025-09-24,ATH,HOU,133,117,622663.0,686613.0,False,9,3.0,5,0.0,0.0,1.0,0.0,3.0,0.0,2.0,0.0,0.0,2025,4.253846153846154,4.28421052631579,4.1,4.5,97
776188,2025-09-25,PHI,MIA,143,146,621111.0,676083.0,False,9,1.0,1,1.0,0.0,0.0,0.0,0.0,0.0,0.0,0.0,0.0,2025,5.450597609561752,3.714334470989761,5.5,5.0,102
776184,2025-09-25,NYY,CWS,147,145,607074.0,663436.0,False,9,3.0,5,1.0,1.0,0.0,2.0,3.0,0.0,1.0,0.0,0.0,2025,3.035483870967742,4.443873517786562,5.7,2.4,97
776183,2025-09-25,TEX,MIN,140,142,641816.0,641927.0,False,9,3.0,8,1.0,0.0,0.0,0.0,0.0,0.0,0.0,3.0,0.0,2025,3.570588235294118,4.594252873563218,2.9,3.9,103
776185,2025-09-25,ARI,LAD,109,119,656222.0,808967.0,False,9,4.0,tie,0.0,4.0,0.0,4.0,0.0,0.0,0.0,0.0,0.0,2025,1.1,2.289189189189189,5.0,5.1,100
776174,2025-09-26,NYY,BAL,147,110,701542.0,669432.0,False,9,7.0,3,2.0,0.0,7.0,0.0,0.0,2.0,1.0,0.0,0.0,2025,5.015708812260536,2.4355481727574753,5.8,3.5,97
776173,2025-09-26,MIA,NYM,146,121,645261.0,687075.0,False,9,6.0,5,2.0,0.0,0.0,0.0,6.0,0.0,0.0,0.0,0.0,2025,3.883132530120482,2.35,4.4,6.0,93
776167,2025-09-26,CHC,STL,112,138,607067.0,571945.0,False,9,8.0,7,1.0,0.0,0.0,2.0,1.0,0.0,8.0,1.0,0.0,2025,3.0215686274509803,4.138461538461539,4.5,4.6,98
776171,2025-09-26,MIL,CIN,158,113,682990.0,641793.0,False,9,2.0,6,0.0,0.0,1.0,1.0,0.0,2.0,0.0,0.0,0.0,2025,2.8445255474452558,5.920512820512821,3.7,3.9,100
776175,2025-09-26,CLE,TEX,114,140,677944.0,683004.0,False,9,6.0,1,6.0,0.0,0.0,0.0,0.0,0.0,3.0,0.0,1.0,2025,3.515335463258786,3.6434782608695655,4.8,2.6,97
776169,2025-09-26,LAA,HOU,108,117,543294.0,669920.0,False,9,4.0,4,0.0,0.0,0.0,4.0,1.0,0.0,1.0,1.0,0.0,2025,3.8560137457044674,6.033333333333333,2.9,3.9,98
776153,2025-09-27,MIL,CIN,158,113,688107.0,671096.0,False,9,8.0,3,0.0,0.0,8.0,0.0,0.0,3.0,0.0,0.0,0.0,2025,9.1,3.6859375,3.6,3.1,100
776159,2025-09-27,TOR,TB,141,139,702056.0,671212.0,False,9,3.0,2,0.0,3.0,0.0,0.0,1.0,1.0,1.0,0.0,0.0,2025,2.3222222222222224,5.339583333333334,2.9,4.1,101
776163,2025-09-27,PHI,MIN,143,142,624133.0,690953.0,False,9,2.0,7,1.0,0.0,0.0,1.0,1.0,0.0,2.0,0.0,0.0,2025,3.2111111111111112,10.260493827160495,4.8,3.3,102
776162,2025-09-27,NYY,BAL,147,110,693645.0,608372.0,False,9,3.0,5,1.0,2.0,0.0,0.0,3.0,0.0,0.0,1.0,0.0,2025,3.4111111111111114,7.649763033175356,6.6,3.5,97
776157,2025-09-27,BOS,DET,111,116,813349.0,672456.0,False,9,2.0,5,0.0,1.0,0.0,0.0,2.0,0.0,0.0,0.0,0.0,2025,0.8304964539007091,4.231221719457014,4.5,2.4,104
776156,2025-09-27,ATL,PIT,144,134,675911.0,696149.0,False,9,2.0,6,0.0,1.0,1.0,0.0,0.0,2.0,0.0,0.0,0.0,2025,3.7666666666666666,1.584848484848485,6.2,3.9,100
776148,2025-09-28,MIA,NYM,146,121,665795.0,640455.0,False,9,4.0,4,0.0,0.0,0.0,4.0,0.0,0.0,0.0,0.0,0.0,2025,4.876859504132232,4.273469387755102,4.4,5.4,93
776137,2025-09-28,SF,COL,137,115,657277.0,685326.0,False,9,2.0,8,1.0,0.0,0.0,1.0,0.0,0.0,0.0,2.0,0.0,2025,2.4571428571428573,5.941530054644809,4.4,3.4,95
824940,2026-04-01,ATL,ATH,144,133,519242.0,622663.0,False,9,4.0,4,0.0,2.0,0.0,4.0,0.0,0.0,0.0,0.0,0.0,2026,3.1,3.7,3.8,3.2,100
824860,2026-04-01,BAL,TEX,110,140,669432.0,543135.0,False,9,3.0,5,0.0,2.0,2.0,2.0,3.0,1.0,0.0,1.0,0.0,2026,3.8142857142857145,5.957142857142857,3.6,5.8,101
824536,2026-04-01,CIN,PIT,113,134,671096.0,694973.0,False,9,4.0,9,3.0,0.0,0.0,1.0,0.0,3.0,0.0,0.0,4.0,2026,2.2666666666666666,38.1,2.8,4.2,105
823889,2026-04-01,MIA,CWS,146,145,645261.0,681343.0,False,9,4.0,1,4.0,2.0,2.0,0.0,0.0,1.0,0.0,1.0,0.0,2026,2.5285714285714285,4.766666666666667,4.6,4.2,93
823806,2026-04-01,MIL,TB,158,139,694819.0,656876.0,False,9,6.0,8,0.0,0.0,4.0,0.0,0.0,0.0,0.0,6.0,0.0,2026,3.1,4.9,7.4,5.6,100
824211,2026-04-01,HOU,BOS,117,111,681347.0,676979.0,False,9,3.0,tie,3.0,1.0,0.0,0.0,3.0,0.0,1.0,1.0,1.0,2026,6.946153846153846,1.4333333333333333,6.5,2.6,99
824698,2026-04-01,CHC,LAA,112,108,571510.0,579328.0,False,9,5.0,3,0.0,0.0,5.0,0.0,0.0,2.0,1.0,0.0,0.0,2026,3.725,5.5390243902439025,4.8,4.833333333333333,98
825106,2026-04-01,ARI,DET,109,116,668678.0,669373.0,False,9,1.0,1,1.0,0.0,0.0,0.0,0.0,0.0,0.0,0.0,0.0,2026,6.85,1.1,4.8,4.8,100
823157,2026-04-01,SEA,NYY,136,147,669923.0,693645.0,False,9,3.0,6,1.0,0.0,0.0,0.0,0.0,3.0,0.0,2.0,2.0,2026,4.766666666666667,-0.037254901960784625,4.0,3.8,94
823970,2026-04-01,LAD,CLE,119,114,808967.0,668909.0,False,9,2.0,tie,0.0,0.0,2.0,0.0,0.0,0.0,0.0,2.0,1.0,2026,3.2666666666666666,6.5,4.4,3.0,94
824133,2026-04-02,KC,MIN,118,142,666142.0,671737.0,False,9,3.0,9,0.0,1.0,0.0,0.0,0.0,0.0,0.0,2.0,3.0,2026,13.35,0.9048780487804877,4.4,4.2,98
825105,2026-04-02,ARI,ATL,109,144,669194.0,625643.0,False,9,8.0,5,1.0,0.0,2.0,0.0,8.0,2.0,0.0,0.0,6.0,2026,9.528571428571428,5.266666666666667,4.166666666666667,4.0,100
823242,2026-04-02,SF,NYM,137,121,592662.0,656849.0,False,9,4.0,1,4.0,1.0,2.0,0.0,1.0,1.0,0.0,0.0,0.0,2026,4.080392156862745,3.1,2.3333333333333335,3.8333333333333335,95
822758,2026-04-03,WSH,LAD,120,119,571945.0,686218.0,False,9,6.0,3,3.0,0.0,6.0,2.0,4.0,0.0,1.0,2.0,1.0,2026,5.9,5.358064516129032,6.333333333333333,3.8333333333333335,99
824299,2026-04-03,DET,STL,116,138,664285.0,700241.0,False,9,2.0,4,0.0,0.0,0.0,2.0,1.0,1.0,0.0,0.0,0.0,2026,1.9333333333333333,2.4333333333333336,4.0,4.833333333333333,96
823568,2026-04-03,NYY,MIA,147,146,701542.0,691587.0,False,9,3.0,1,3.0,2.0,0.0,0.0,1.0,1.0,1.0,2.0,0.0,2026,3.1,4.957142857142857,4.0,5.5,97
824786,2026-04-03,BOS,SD,111,135,543243.0,650633.0,False,9,3.0,6,0.0,0.0,1.0,1.0,2.0,3.0,0.0,0.0,0.0,2026,4.6,3.7,2.8333333333333335,3.1666666666666665,104
822919,2026-04-03,TEX,CIN,140,113,669022.0,663903.0,False,9,4.0,2,0.0,4.0,0.0,0.0,0.0,1.0,1.0,0.0,2.0,2026,2.707843137254902,6.1,5.333333333333333,2.8333333333333335,103
824458,2026-04-03,CLE,CHC,114,112,676282.0,690990.0,False,9,3.0,7,0.0,0.0,1.0,0.0,1.0,0.0,3.0,0.0,0.0,2026,2.7875,4.411475409836066,3.142857142857143,5.0,97
823732,2026-04-03,MIN,TB,142,139,641927.0,671212.0,False,9,7.0,7,2.0,0.0,0.0,4.0,0.0,0.0,7.0,1.0,0.0,2026,6.6,1.7666666666666668,4.333333333333333,5.0,99
824377,2026-04-03,COL,PHI,115,143,547179.0,605400.0,False,9,7.0,1,7.0,1.0,1.0,1.0,1.0,0.0,0.0,0.0,0.0,2026,5.782926829268293,6.7,4.0,3.8333333333333335,112
823406,2026-04-03,PIT,BAL,134,110,656605.0,680694.0,False,9,4.0,2,0.0,4.0,0.0,0.0,3.0,0.0,1.0,0.0,1.0,2026,2.1,6.433333333333334,4.833333333333333,4.333333333333333,95
825026,2026-04-03,ATH,HOU,133,117,605488.0,664299.0,False,9,6.0,4,0.0,1.0,4.0,6.0,1.0,0.0,1.0,0.0,2.0,2026,4.080392156862745,13.1,2.8333333333333335,6.428571428571429,97
825103,2026-04-03,ARI,ATL,109,144,593958.0,656550.0,False,9,2.0,9,0.0,0.0,0.0,0.0,0.0,0.0,0.0,0.0,2.0,2026,2.3,5.300000000000001,3.857142857142857,5.857142857142857,100
823240,2026-04-03,SF,NYM,137,121,641816.0,690997.0,False,9,3.0,tie,2.0,0.0,0.0,3.0,0.0,2.0,3.0,1.0,2.0,2026,1.35,4.3,3.0,3.5714285714285716,95
822757,2026-04-04,WSH,LAD,120,119,663623.0,607192.0,False,9,3.0,tie,2.0,3.0,2.0,1.0,3.0,0.0,1.0,2.0,1.0,2026,6.1,1.6,6.285714285714286,5.142857142857143,99
825027,2026-04-04,ATH,HOU,133,117,806960.0,837227.0,False,9,3.0,tie,2.0,0.0,2.0,3.0,0.0,3.0,0.0,1.0,0.0,2026,11.636585365853659,4.918181818181818,4.0,6.125,97
823404,2026-04-04,PIT,BAL,134,110,669387.0,669358.0,False,9,3.0,4,0.0,0.0,0.0,3.0,0.0,0.0,0.0,1.0,1.0,2026,-0.8024390243902442,2.119607843137255,4.857142857142857,4.285714285714286,95
824782,2026-04-04,BOS,SD,111,135,813349.0,681190.0,False,9,2.0,2,0.0,2.0,1.0,0.0,0.0,0.0,0.0,1.0,1.0,2026,1.923529411764706,1.9333333333333333,3.142857142857143,3.0,104
823569,2026-04-04,NYY,MIA,147,146,677960.0,676974.0,False,9,5.0,8,2.0,1.0,0.0,1.0,2.0,3.0,1.0,5.0,1.0,2026,1.148780487804878,2.3,4.571428571428571,5.0,97
825104,2026-04-04,ARI,ATL,109,144,647336.0,693821.0,False,9,3.0,2,0.0,3.0,0.0,0.0,0.0,0.0,0.0,0.0,0.0,2026,-0.2999999999999998,1.9333333333333333,3.375,5.375,100
823239,2026-04-04,SF,NYM,137,121,694738.0,605280.0,False,9,5.0,5,0.0,3.0,0.0,0.0,5.0,0.0,1.0,0.0,0.0,2026,1.7666666666666668,5.407692307692308,3.0,4.375,95
824054,2026-04-04,LAA,SEA,108,136,686799.0,676106.0,False,9,1.0,1,1.0,0.0,0.0,0.0,0.0,0.0,0.0,0.0,0.0,2026,5.35,1.1,4.0,3.75,98
824459,2026-04-05,CLE,CHC,114,112,677944.0,665795.0,False,9,1.0,8,0.0,0.0,0.0,0.0,0.0,0.0,0.0,1.0,0.0,2026,7.490243902439024,1.9333333333333333,3.25,4.428571428571429,97
824460,2026-04-05,CLE,CHC,114,112,800048.0,684007.0,False,9,5.0,6,0.0,0.0,1.0,0.0,0.0,5.0,0.0,4.0,1.0,2026,1.4333333333333333,4.1,3.25,4.428571428571429,97
822756,2026-04-05,WSH,LAD,120,119,656492.0,808963.0,False,9,4.0,tie,0.0,0.0,3.0,4.0,0.0,2.0,0.0,4.0,1.0,2026,4.3,2.6,6.125,5.75,99
823405,2026-04-05,PIT,BAL,134,110,677952.0,605135.0,False,9,4.0,2,2.0,4.0,0.0,1.0,0.0,2.0,1.0,0.0,0.0,2026,4.1,5.295121951219512,4.625,4.0,95
824781,2026-04-05,BOS,SD,111,135,624133.0,621111.0,False,9,4.0,3,0.0,0.0,4.0,3.0,3.0,0.0,2.0,1.0,1.0,2026,8.709756097560977,7.1,3.0,3.0,104
824620,2026-04-05,CWS,TOR,145,141,663436.0,641778.0,False,9,1.0,tie,1.0,0.0,1.0,1.0,0.0,0.0,0.0,0.0,0.0,2026,5.1,2.707843137254902,4.0,4.25,101
824131,2026-04-05,KC,MIL,118,158,663460.0,690986.0,False,9,5.0,7,3.0,0.0,2.0,1.0,0.0,0.0,5.0,0.0,2.0,2026,5.433333333333334,3.1,4.125,6.5,98
822917,2026-04-05,TEX,CIN,140,113,683004.0,695505.0,False,9,1.0,tie,0.0,0.0,0.0,1.0,0.0,0.0,1.0,1.0,0.0,2026,3.1,2.1,4.375,3.0,103
824379,2026-04-05,COL,PHI,115,143,608372.0,592836.0,False,9,3.0,1,3.0,1.0,0.0,0.0,1.0,0.0,0.0,0.0,0.0,2026,5.719047619047619,4.29047619047619,3.25,4.375,112
823238,2026-04-05,SF,NYM,137,121,657277.0,673540.0,False,9,4.0,8,0.0,1.0,0.0,0.0,0.0,2.0,0.0,4.0,0.0,2026,2.5545454545454547,1.6,2.6666666666666665,4.888888888888889,95
823002,2026-04-06,TB,CHC,139,112,663556.0,592791.0,False,9,5.0,2,0.0,5.0,1.0,0.0,0.0,1.0,2.0,0.0,1.0,2026,3.3380952380952382,4.5285714285714285,5.0,4.111111111111111,97
824456,2026-04-06,CLE,KC,114,118,676440.0,608379.0,False,9,3.0,8,0.0,0.0,1.0,1.0,0.0,1.0,0.0,3.0,0.0,2026,6.322222222222223,1.2666666666666668,3.2,4.222222222222222,97
823401,2026-04-06,PIT,SD,134,135,696149.0,608566.0,False,9,2.0,5,0.0,0.0,0.0,1.0,2.0,1.0,0.0,1.0,0.0,2026,4.5634146341463415,12.1,5.0,3.5555555555555554,95
823886,2026-04-06,MIA,CIN,146,113,676083.0,682227.0,False,9,1.0,tie,0.0,0.0,0.0,1.0,0.0,0.0,0.0,1.0,0.0,2026,1.3926829268292682,12.385714285714284,5.444444444444445,2.888888888888889,93
824783,2026-04-06,BOS,MIL,111,158,678394.0,605540.0,False,9,6.0,4,1.0,0.0,2.0,6.0,1.0,0.0,0.0,2.0,2.0,2026,7.385714285714286,5.9,3.3333333333333335,6.666666666666667,104
823728,2026-04-06,MIN,DET,142,116,657746.0,663554.0,False,9,5.0,4,0.0,0.0,3.0,5.0,0.0,0.0,0.0,2.0,0.0,2026,1.8912087912087912,3.2666666666666666,4.222222222222222,4.666666666666667,99
822918,2026-04-06,TEX,SEA,140,136,594798.0,669302.0,False,9,2.0,1,2.0,0.0,0.0,0.0,0.0,1.0,0.0,0.0,0.0,2026,2.861904761904762,2.707843137254902,4.0,3.7,103
824052,2026-04-06,LAA,ATL,108,144,667755.0,519242.0,False,9,3.0,4,2.0,0.0,0.0,3.0,2.0,0.0,0.0,0.0,1.0,2026,2.7666666666666666,3.6833333333333336,4.1,4.9,98
823237,2026-04-06,SF,PHI,137,143,605288.0,691725.0,False,9,4.0,7,0.0,0.0,3.0,1.0,2.0,0.0,4.0,0.0,0.0,2026,2.119607843137255,0.5509803921568626,2.6,4.0,95
824457,2026-04-07,CLE,KC,114,118,668909.0,702070.0,False,9,1.0,tie,0.0,1.0,0.0,0.0,1.0,0.0,0.0,0.0,1.0,2026,3.6,1.7000000000000002,2.8,4.2,97
824618,2026-04-07,CWS,BAL,145,110,681343.0,669432.0,False,9,3.0,8,0.0,0.0,2.0,0.0,1.0,0.0,0.0,3.0,0.0,2026,7.623809523809523,3.253846153846154,3.6,3.6,101
823402,2026-04-07,PIT,SD,134,135,694973.0,601713.0,False,9,5.0,8,0.0,0.0,0.0,0.0,2.0,0.0,1.0,5.0,0.0,2026,3.676923076923077,1.975,4.5,3.7,95
824780,2026-04-07,BOS,MIL,111,158,676979.0,694819.0,False,9,3.0,6,0.0,0.0,0.0,0.0,0.0,3.0,2.0,0.0,0.0,2026,2.6454545454545455,3.827272727272727,3.6,6.8,104
823567,2026-04-07,NYY,ATH,147,133,693645.0,650644.0,False,9,4.0,8,0.0,1.0,3.0,0.0,0.0,0.0,0.0,4.0,0.0,2026,0.42142857142857126,5.1,5.222222222222222,4.444444444444445,97
822831,2026-04-07,TOR,LAD,141,119,592332.0,808967.0,False,9,2.0,3,0.0,0.0,2.0,0.0,1.0,1.0,0.0,0.0,1.0,2026,0.6833333333333336,4.433333333333334,3.6,6.8,101
823727,2026-04-07,MIN,DET,142,116,671737.0,669373.0,False,9,4.0,5,0.0,0.0,0.0,0.0,4.0,0.0,1.0,0.0,1.0,2026,1.911881188118812,2.7153846153846155,4.5,4.5,99
822916,2026-04-07,TEX,SEA,140,136,543135.0,669923.0,False,9,4.0,5,1.0,0.0,0.0,0.0,4.0,0.0,0.0,0.0,0.0,2026,6.026829268292683,4.766666666666667,3.8,3.4,103
824375,2026-04-07,COL,HOU,115,117,607536.0,681347.0,False,9,2.0,tie,0.0,2.0,0.0,2.0,0.0,0.0,2.0,0.0,0.0,2026,3.31978021978022,5.06078431372549,3.9,7.7,112
824051,2026-04-07,LAA,ATL,108,144,579328.0,625643.0,False,9,3.0,4,2.0,1.0,0.0,3.0,0.0,0.0,0.0,1.0,2.0,2026,4.404347826086957,5.190909090909091,4.4,4.5,98
823235,2026-04-07,SF,PHI,137,143,592662.0,650911.0,False,9,2.0,tie,1.0,0.0,0.0,0.0,2.0,1.0,0.0,2.0,0.0,2026,4.374509803921569,1.1180180180180181,3.0,4.2,95
823403,2026-04-08,PIT,SD,134,135,656605.0,650633.0,False,9,6.0,7,0.0,0.0,0.0,0.0,0.0,0.0,6.0,0.0,4.0,2026,2.9333333333333336,3.9823529411764707,4.5,3.6,95
824455,2026-04-08,CLE,KC,114,118,676282.0,666142.0,False,9,5.0,8,3.0,1.0,0.0,1.0,2.0,0.0,0.0,5.0,0.0,2026,2.2566265060240966,5.9,2.9,4.3,97
824617,2026-04-08,CWS,BAL,145,110,680732.0,680694.0,False,9,2.0,tie,0.0,2.0,2.0,0.0,1.0,2.0,0.0,0.0,1.0,2026,1.35,4.441463414634146,3.6,3.8,101
822915,2026-04-08,TEX,SEA,140,136,669022.0,693433.0,False,9,3.0,5,0.0,0.0,0.0,0.0,3.0,0.0,0.0,0.0,0.0,2026,3.640540540540541,1.4846153846153847,3.8,3.1,103
822833,2026-04-08,TOR,LAD,141,119,656302.0,660271.0,False,9,3.0,7,0.0,0.0,1.0,1.0,0.0,1.0,3.0,1.0,0.0,2026,0.8173913043478258,3.1,3.4,6.4,101
824374,2026-04-08,COL,HOU,115,117,547179.0,664299.0,False,9,6.0,2,1.0,6.0,0.0,1.0,0.0,1.0,0.0,1.0,0.0,2026,8.592957746478874,10.262162162162161,4.3,7.6,112
823234,2026-04-08,SF,PHI,137,143,641816.0,605400.0,False,9,3.0,6,0.0,0.0,0.0,0.0,0.0,3.0,0.0,2.0,0.0,2026,4.988888888888889,3.3702702702702703,3.6,3.7,95
822753,2026-04-08,WSH,STL,120,138,571945.0,700241.0,False,9,2.0,tie,0.0,2.0,1.0,0.0,1.0,0.0,1.0,0.0,2.0,2026,9.803296703296704,3.1980392156862747,6.0,4.4,99
824050,2026-04-08,LAA,ATL,108,144,672282.0,656550.0,False,9,3.0,tie,1.0,3.0,3.0,0.0,2.0,1.0,0.0,0.0,0.0,2026,2.042307692307692,4.190909090909091,4.0,4.6,98
823646,2026-04-08,NYM,ARI,121,109,656849.0,669194.0,False,9,4.0,2,1.0,4.0,0.0,0.0,0.0,1.0,0.0,3.0,0.0,2026,2.6652173913043478,9.766666666666666,4.2,3.6,94
823885,2026-04-08,MIA,CIN,146,113,691587.0,663903.0,False,9,4.0,1,4.0,2.0,2.0,0.0,2.0,0.0,1.0,0.0,0.0,2026,6.6454545454545455,3.655555555555556,5.0,3.4,93
823564,2026-04-08,NYY,ATH,147,133,701542.0,622663.0,False,9,2.0,tie,2.0,0.0,0.0,2.0,0.0,0.0,0.0,0.0,1.0,2026,4.605376344086022,3.593827160493827,5.2,4.3,97
823726,2026-04-08,MIN,DET,142,116,641927.0,664285.0,False,9,6.0,1,6.0,0.0,0.0,1.0,0.0,3.0,4.0,0.0,0.0,2026,4.6,2.1833333333333336,4.8,3.9,99
823884,2026-04-09,MIA,CIN,146,113,676974.0,695076.0,False,9,3.0,4,1.0,0.0,0.0,3.0,1.0,1.0,1.0,2.0,0.0,2026,3.752173913043478,3.7363636363636363,5.3,3.2,93
823565,2026-04-09,NYY,ATH,147,133,677960.0,605488.0,False,9,1.0,7,0.0,0.0,0.0,0.0,0.0,0.0,1.0,0.0,0.0,2026,2.141095890410959,2.5594594594594593,4.7,4.4,97
823724,2026-04-09,MIN,DET,142,116,690953.0,656427.0,False,9,2.0,8,0.0,0.0,0.0,1.0,0.0,0.0,1.0,2.0,0.0,2026,5.35,5.1987654320987655,5.2,4.0,99
823645,2026-04-09,NYM,ARI,121,109,690997.0,593958.0,False,9,4.0,7,1.0,0.0,0.0,0.0,0.0,0.0,4.0,3.0,0.0,2026,3.496039603960396,2.5166666666666666,4.0,3.9,94
824130,2026-04-09,KC,CWS,118,145,607625.0,641743.0,False,9,1.0,tie,0.0,0.0,0.0,1.0,0.0,0.0,1.0,0.0,0.0,2026,1.8387387387387388,6.671428571428571,4.3,3.8,98
824695,2026-04-10,CHC,PIT,112,134,684007.0,669387.0,False,9,2.0,7,0.0,0.0,0.0,0.0,0.0,0.0,2.0,0.0,0.0,2026,3.1,1.051807228915663,4.2,4.5,98
823482,2026-04-10,PHI,ARI,143,109,666200.0,647336.0,False,9,5.0,5,4.0,0.0,0.0,0.0,5.0,0.0,0.0,0.0,0.0,2026,2.5262295081967214,2.0,3.3,4.4,102
824297,2026-04-10,DET,MIA,116,146,672456.0,663978.0,False,9,1.0,tie,0.0,1.0,0.0,0.0,1.0,0.0,0.0,0.0,0.0,2026,2.368292682926829,7.35,4.1,5.7,96
824534,2026-04-10,CIN,LAA,113,108,695505.0,686799.0,False,9,6.0,8,0.0,1.0,1.0,2.0,1.0,1.0,0.0,6.0,0.0,2026,2.463636363636364,3.208695652173913,3.0,3.3,105
824858,2026-04-10,BAL,SF,110,137,669358.0,694738.0,False,9,3.0,tie,0.0,0.0,1.0,3.0,0.0,0.0,3.0,0.0,2.0,2026,2.80873786407767,1.2372549019607844,4.2,4.0,101
824941,2026-04-10,ATL,CLE,144,114,693821.0,677944.0,False,9,6.0,6,0.0,0.0,1.0,1.0,1.0,6.0,2.0,5.0,0.0,2026,1.5615384615384615,4.288118811881188,5.3,3.3,100
824128,2026-04-10,KC,CWS,118,145,663460.0,663436.0,False,9,1.0,tie,0.0,0.0,0.0,1.0,0.0,0.0,1.0,0.0,0.0,2026,4.918181818181818,3.463636363636364,3.9,3.3,98
823076,2026-04-10,STL,BOS,138,111,669160.0,813349.0,False,9,2.0,tie,0.0,1.0,0.0,2.0,2.0,0.0,0.0,0.0,0.0,2026,6.4802816901408455,2.88021978021978,4.4,3.6,99
823318,2026-04-10,SD,COL,135,115,621111.0,608372.0,False,9,3.0,9,0.0,0.0,0.0,0.0,2.0,0.0,0.0,2.0,3.0,2026,5.841935483870968,4.766666666666667,4.6,4.9,96
823156,2026-04-10,SEA,HOU,136,117,676106.0,837227.0,False,9,4.0,7,3.0,3.0,0.0,0.0,2.0,0.0,4.0,3.0,0.0,2026,2.362295081967213,2.424324324324324,2.6,6.6,94
823968,2026-04-10,LAD,TEX,119,140,607192.0,677958.0,False,9,4.0,9,0.0,1.0,3.0,1.0,2.0,2.0,0.0,2.0,4.0,2026,1.35,2.5,6.2,3.6,94
823480,2026-04-11,PHI,ARI,143,109,592836.0,694297.0,False,9,4.0,3,2.0,0.0,4.0,0.0,0.0,0.0,0.0,1.0,0.0,2026,7.665217391304349,4.276470588235294,3.4,4.0,102
824294,2026-04-11,DET,MIA,116,146,663554.0,676083.0,False,9,3.0,3,2.0,0.0,3.0,1.0,0.0,0.0,0.0,1.0,0.0,2026,4.585148514851485,3.367857142857143,3.7,5.3,96
822830,2026-04-11,TOR,MIN,141,142,641778.0,657746.0,False,9,7.0,3,2.0,0.0,7.0,0.0,0.0,0.0,0.0,0.0,2.0,2026,4.085915492957747,1.9652482269503546,3.5,5.2,101
824535,2026-04-11,CIN,LAA,113,108,682227.0,691946.0,False,9,4.0,1,4.0,1.0,1.0,2.0,0.0,0.0,0.0,2.0,0.0,2026,6.36923076923077,6.281818181818181,3.0,3.6,105
823644,2026-04-11,NYM,ATH,121,133,673540.0,682052.0,False,9,5.0,3,1.0,2.0,5.0,0.0,2.0,2.0,1.0,4.0,0.0,2026,1.582142857142857,6.927160493827161,3.4,4.0,94
824129,2026-04-11,KC,CWS,118,145,608379.0,607200.0,False,9,1.0,tie,1.0,0.0,0.0,0.0,0.0,0.0,0.0,1.0,0.0,2026,3.7153846153846155,2.1,3.8,2.4,98
823805,2026-04-11,MIL,WSH,158,120,690986.0,656492.0,False,9,2.0,tie,0.0,0.0,0.0,0.0,2.0,0.0,0.0,0.0,2.0,2026,4.090099009900991,4.7,4.4,6.0,100
824857,2026-04-11,BAL,SF,110,137,605135.0,657277.0,False,9,3.0,4,0.0,2.0,1.0,3.0,0.0,0.0,1.0,1.0,0.0,2026,8.673770491803278,2.6,3.7,4.3,101
823074,2026-04-11,STL,BOS,138,111,681517.0,624133.0,False,9,5.0,9,0.0,0.0,0.0,2.0,0.0,0.0,0.0,1.0,5.0,2026,4.9,6.18641975308642,4.0,3.6,99
824939,2026-04-11,ATL,CLE,144,114,527048.0,800048.0,False,9,3.0,9,1.0,0.0,0.0,0.0,0.0,1.0,0.0,1.0,3.0,2026,3.3000000000000003,3.1,6.0,3.8,100
823316,2026-04-11,SD,COL,135,115,608566.0,663372.0,False,9,5.0,3,2.0,0.0,5.0,3.0,0.0,3.0,0.0,1.0,0.0,2026,5.85,4.5814814814814815,4.9,3.7,96
823967,2026-04-11,LAD,TEX,119,140,686218.0,683004.0,False,9,5.0,1,5.0,0.0,1.0,0.0,0.0,2.0,0.0,1.0,0.0,2026,6.112048192771084,1.7363636363636366,6.7,3.5,94
823155,2026-04-11,SEA,HOU,136,117,622491.0,621121.0,False,9,5.0,5,2.0,3.0,3.0,1.0,5.0,0.0,0.0,0.0,1.0,2026,2.0130434782608697,1.8272727272727274,2.7,6.3,94
822828,2026-04-12,TOR,MIN,141,142,453286.0,671737.0,False,9,5.0,3,1.0,3.0,5.0,0.0,0.0,0.0,1.0,0.0,0.0,2026,5.6,1.4950617283950618,3.4,5.0,101
824533,2026-04-12,CIN,LAA,113,108,671096.0,667755.0,False,9,4.0,8,3.0,2.0,0.0,2.0,0.0,0.0,1.0,4.0,3.0,2026,3.6521472392638037,2.55,3.4,3.7,105
823642,2026-04-12,NYM,ATH,121,133,642547.0,650644.0,False,9,1.0,3,0.0,0.0,1.0,0.0,0.0,0.0,0.0,0.0,0.0,2026,3.5195804195804197,5.4,4.0,5.1,94
824293,2026-04-12,DET,MIA,116,146,669373.0,645261.0,False,9,3.0,tie,3.0,0.0,0.0,0.0,1.0,3.0,1.0,1.0,1.0,2026,2.344186046511628,2.228630705394191,3.8,4.5,96
822998,2026-04-12,TB,NYY,139,147,656876.0,693645.0,False,9,3.0,7,1.0,2.0,0.0,0.0,0.0,0.0,3.0,1.0,2.0,2026,4.0,0.38395061728395063,3.9,4.7,97
824126,2026-04-12,KC,CWS,118,145,702070.0,691799.0,False,9,4.0,4,0.0,2.0,3.0,4.0,0.0,1.0,1.0,0.0,0.0,2026,1.727450980392157,1.1,2.7,2.2,98
823804,2026-04-12,MIL,WSH,158,120,605540.0,641793.0,False,9,7.0,7,0.0,0.0,1.0,3.0,1.0,0.0,7.0,2.0,0.0,2026,4.570588235294117,2.5,4.3,5.0,100
823075,2026-04-12,STL,BOS,138,111,669467.0,678394.0,False,9,4.0,4,2.0,2.0,0.0,4.0,0.0,1.0,0.0,1.0,2.0,2026,4.2,5.83972602739726,3.9,4.2,99
824696,2026-04-12,CHC,PIT,112,134,592791.0,696149.0,False,9,4.0,2,1.0,4.0,2.0,0.0,2.0,0.0,1.0,2.0,1.0,2026,5.452941176470588,4.319512195121952,3.5,4.7,98
823317,2026-04-12,SD,COL,135,115,601713.0,607536.0,False,9,3.0,5,1.0,1.0,0.0,1.0,3.0,2.0,1.0,0.0,0.0,2026,1.4076923076923078,3.823684210526316,5.5,4.1,96
823154,2026-04-12,SEA,HOU,136,117,669302.0,675989.0,False,9,2.0,tie,1.0,1.0,2.0,0.0,1.0,2.0,0.0,0.0,0.0,2026,2.2358024691358027,2.124390243902439,3.3,6.2,94
823966,2026-04-12,LAD,TEX,119,140,808963.0,594798.0,False,9,2.0,tie,1.0,0.0,2.0,0.0,0.0,1.0,1.0,2.0,0.0,2026,5.655555555555555,3.4260869565217393,7.1,3.3,94
824938,2026-04-12,ATL,CLE,144,114,519242.0,676440.0,False,9,4.0,tie,0.0,3.0,0.0,2.0,4.0,1.0,0.0,4.0,0.0,2026,5.0375,5.06969696969697,5.8,4.0,100
823153,2026-04-13,SEA,HOU,136,117,669923.0,681347.0,False,9,3.0,tie,3.0,0.0,2.0,0.0,3.0,0.0,0.0,0.0,0.0,2026,4.35,5.06078431372549,3.9,5.4,94
823400,2026-04-13,PIT,WSH,134,120,694973.0,676917.0,False,9,10.0,6,1.0,4.0,1.0,0.0,0.0,10.0,4.0,1.0,0.0,2026,4.250442477876106,3.9208955223880597,4.5,5.6,95
823481,2026-04-13,PHI,CHC,143,112,650911.0,665871.0,False,9,5.0,tie,1.0,1.0,2.0,2.0,5.0,3.0,1.0,5.0,0.0,2026,0.9881987577639753,3.1,3.6,4.2,102
823563,2026-04-13,NYY,LAA,147,108,701542.0,579328.0,False,9,4.0,tie,2.0,2.0,0.0,4.0,3.0,4.0,1.0,2.0,3.0,2026,4.062962962962963,3.0295774647887326,4.6,4.4,97
824937,2026-04-13,ATL,MIA,144,146,656550.0,691587.0,False,9,6.0,4,0.0,0.0,0.0,6.0,4.0,3.0,0.0,1.0,0.0,2026,4.379069767441861,6.1625,6.6,3.7,100
823725,2026-04-13,MIN,BOS,142,111,641927.0,676979.0,False,9,7.0,2,4.0,7.0,3.0,0.0,2.0,1.0,2.0,0.0,0.0,2026,3.9333333333333336,2.515204678362573,5.3,4.9,99
823073,2026-04-13,STL,CLE,138,114,669461.0,668909.0,False,9,4.0,8,2.0,0.0,0.0,3.0,0.0,3.0,0.0,4.0,0.0,2026,6.0375,4.1465116279069765,3.9,4.0,99
825024,2026-04-13,ATH,TEX,133,140,622663.0,543135.0,False,9,5.0,8,3.0,0.0,1.0,0.0,0.0,0.0,0.0,5.0,0.0,2026,3.481679389312977,5.142253521126761,4.7,3.0,97
823964,2026-04-13,LAD,NYM,119,121,680736.0,656849.0,False,9,3.0,3,1.0,0.0,3.0,0.0,0.0,0.0,0.0,0.0,0.0,2026,4.7,2.395774647887324,6.9,3.9,94
824292,2026-04-14,DET,KC,116,118,664285.0,666142.0,False,9,2.0,8,0.0,1.0,0.0,0.0,0.0,0.0,0.0,2.0,0.0,2026,2.7470588235294118,5.747058823529413,4.6,3.1,96
823398,2026-04-14,PIT,WSH,134,120,656605.0,676571.0,False,9,4.0,1,4.0,0.0,1.0,3.0,1.0,0.0,0.0,0.0,0.0,2026,2.7111111111111112,1.1,5.3,5.6,95
824531,2026-04-14,CIN,SF,113,137,663903.0,592662.0,False,9,1.0,tie,0.0,0.0,1.0,1.0,1.0,0.0,0.0,0.0,0.0,2026,4.171428571428572,3.5878048780487806,3.7,3.7,105
823562,2026-04-14,NYY,LAA,147,108,677960.0,672282.0,False,9,3.0,1,3.0,0.0,0.0,1.0,0.0,2.0,0.0,2.0,0.0,2026,1.727450980392157,3.306896551724138,5.2,5.2,97
824935,2026-04-14,ATL,MIA,144,146,625643.0,676974.0,False,9,4.0,tie,1.0,4.0,2.0,0.0,0.0,0.0,0.0,4.0,0.0,2026,5.139473684210527,4.5084507042253525,5.3,4.5,100
823723,2026-04-14,MIN,BOS,142,111,690953.0,543243.0,False,9,3.0,4,1.0,0.0,1.0,3.0,0.0,1.0,0.0,0.0,0.0,2026,3.7,3.224223602484472,5.6,5.1,99
823315,2026-04-14,SD,SEA,135,136,650633.0,693433.0,False,9,3.0,3,0.0,1.0,3.0,0.0,0.0,0.0,0.0,1.0,0.0,2026,3.717283950617284,2.0444444444444443,5.5,4.2,96
825022,2026-04-14,ATH,TEX,133,140,605488.0,669022.0,False,9,2.0,3,1.0,0.0,2.0,0.0,0.0,0.0,0.0,0.0,0.0,2026,2.4370165745856354,2.727329192546584,4.7,3.5,97
823965,2026-04-14,LAD,NYM,119,121,808967.0,690997.0,False,9,2.0,1,2.0,0.0,0.0,0.0,0.0,0.0,0.0,1.0,0.0,2026,3.488888888888889,2.72962962962963,7.2,3.7,94
823071,2026-04-15,STL,CLE,138,114,669160.0,677944.0,False,9,3.0,tie,1.0,1.0,0.0,0.0,0.0,3.0,3.0,0.0,0.0,2026,4.550381679389313,5.402631578947369,4.6,4.6,99
823722,2026-04-15,MIN,BOS,142,111,680573.0,813349.0,False,9,5.0,3,1.0,0.0,5.0,0.0,2.0,2.0,0.0,0.0,4.0,2026,5.402631578947369,2.872727272727273,6.1,4.6,99
824291,2026-04-15,DET,KC,116,118,656427.0,607625.0,False,9,1.0,tie,0.0,0.0,1.0,0.0,1.0,0.0,0.0,1.0,0.0,2026,5.130075187969925,2.5186046511627906,4.4,3.0,96
824532,2026-04-15,CIN,SF,113,137,695076.0,641816.0,False,9,5.0,2,4.0,5.0,0.0,1.0,0.0,0.0,1.0,0.0,0.0,2026,3.6590062111801243,4.29718309859155,3.4,3.1,105
823477,2026-04-15,PHI,CHC,143,112,666200.0,684007.0,False,9,4.0,6,1.0,0.0,3.0,0.0,2.0,4.0,1.0,0.0,2.0,2026,2.246341463414634,2.1625,3.7,5.2,102
823561,2026-04-15,NYY,LAA,147,108,661563.0,686799.0,False,9,3.0,5,1.0,2.0,1.0,0.0,3.0,0.0,0.0,0.0,2.0,2026,8.35,3.655555555555556,4.5,5.8,97
824936,2026-04-15,ATL,MIA,144,146,693821.0,663978.0,False,9,3.0,tie,0.0,2.0,0.0,0.0,0.0,1.0,3.0,3.0,0.0,2026,2.8674418604651164,5.6,5.7,4.3,100
823803,2026-04-15,MIL,TOR,158,141,694477.0,656302.0,False,9,2.0,8,1.0,0.0,0.0,0.0,0.0,0.0,0.0,2.0,0.0,2026,4.3087912087912095,1.5507042253521126,4.2,3.9,100
823314,2026-04-15,SD,SEA,135,136,681190.0,676106.0,False,9,5.0,9,0.0,2.0,0.0,2.0,2.0,2.0,0.0,0.0,5.0,2026,2.5186046511627906,2.344186046511628,5.7,4.0,96
825021,2026-04-15,ATH,TEX,133,140,669372.0,677958.0,False,9,3.0,8,1.0,1.0,2.0,0.0,0.0,2.0,2.0,3.0,0.0,2026,1.85,5.0,3.8,3.3,97
823963,2026-04-15,LAD,NYM,119,121,660271.0,605280.0,False,9,5.0,8,0.0,2.0,0.0,0.0,1.0,1.0,0.0,5.0,1.0,2026,3.0166666666666666,3.8514450867052026,6.1,2.8,94
824530,2026-04-16,CIN,SF,113,137,695505.0,694738.0,False,9,3.0,7,0.0,0.0,0.0,0.0,0.0,0.0,3.0,0.0,0.0,2026,4.777018633540372,1.8037037037037038,4.0,3.1,105
824289,2026-04-16,DET,KC,116,118,672456.0,663460.0,False,9,7.0,7,0.0,1.0,0.0,2.0,4.0,1.0,7.0,0.0,4.0,2026,1.7138613861386138,3.1555555555555554,3.5,2.3,96
823801,2026-04-16,MIL,TOR,158,141,687075.0,571578.0,False,9,1.0,tie,0.0,0.0,1.0,1.0,0.0,0.0,1.0,0.0,0.0,2026,18.1,10.35,3.9,3.6,100
825023,2026-04-16,ATH,TEX,133,140,682052.0,683004.0,False,9,4.0,tie,0.0,0.0,1.0,0.0,4.0,1.0,2.0,3.0,4.0,2026,7.374809160305343,4.1563380281690145,4.4,3.8,97
824453,2026-04-16,CLE,BAL,114,110,800048.0,669358.0,False,9,2.0,tie,2.0,0.0,0.0,0.0,1.0,1.0,0.0,0.0,2.0,2026,2.8674418604651164,3.622875816993464,4.9,4.5,97
823313,2026-04-16,SD,SEA,135,136,621111.0,622491.0,False,9,4.0,2,0.0,4.0,0.0,0.0,0.0,2.0,1.0,0.0,0.0,2026,3.837704918032787,3.1,6.1,4.6,96
824693,2026-04-17,CHC,NYM,112,121,665795.0,673540.0,False,9,5.0,2,4.0,5.0,0.0,1.0,0.0,0.0,3.0,3.0,0.0,2026,3.1617283950617283,3.7766917293233084,6.2,2.1,98
824454,2026-04-17,CLE,BAL,114,110,676440.0,605135.0,False,9,6.0,8,0.0,0.0,0.0,0.0,0.0,0.0,4.0,6.0,0.0,2026,5.054022988505747,6.303883495145631,4.7,4.5,97
823476,2026-04-17,PHI,ATL,143,144,592836.0,527048.0,False,9,4.0,2,2.0,4.0,1.0,0.0,0.0,0.0,0.0,1.0,1.0,2026,6.5507042253521135,5.0,3.7,6.2,102
822752,2026-04-17,WSH,SF,120,137,641793.0,657277.0,False,9,6.0,2,0.0,6.0,1.0,4.0,0.0,1.0,2.0,0.0,1.0,2026,6.1,3.1416666666666666,5.2,3.4,99
823397,2026-04-17,PIT,TB,134,139,696149.0,607259.0,False,9,3.0,6,0.0,1.0,0.0,0.0,0.0,3.0,0.0,2.0,0.0,2026,5.656390977443609,4.890123456790124,5.0,5.0,95
823559,2026-04-17,NYY,KC,147,118,693645.0,608379.0,False,9,3.0,8,0.0,0.0,0.0,2.0,0.0,1.0,0.0,3.0,0.0,2026,0.41132075471698126,2.9571428571428573,3.9,2.7,97
823720,2026-04-17,MIN,CIN,142,113,657746.0,682227.0,False,9,2.0,4,0.0,0.0,0.0,2.0,1.0,0.0,0.0,0.0,0.0,2026,2.7682464454976303,6.502777777777778,6.5,3.8,99
824373,2026-04-17,COL,LAD,115,119,608372.0,607192.0,False,9,2.0,tie,1.0,1.0,2.0,2.0,2.0,0.0,0.0,0.0,0.0,2026,5.383950617283951,2.7666666666666666,4.5,5.9,112
823152,2026-04-17,SEA,TEX,136,140,669302.0,594798.0,False,9,2.0,9,1.0,0.0,1.0,0.0,0.0,0.0,1.0,0.0,2.0,2026,2.5827586206896553,3.560526315789474,4.1,4.6,94
825019,2026-04-17,ATH,CWS,133,145,650644.0,663436.0,False,9,4.0,7,1.0,0.0,2.0,1.0,2.0,0.0,4.0,1.0,0.0,2026,4.218421052631579,3.7111111111111112,3.8,2.5,97
823558,2026-04-18,NYY,KC,147,118,701542.0,702070.0,False,9,5.0,3,0.0,0.0,5.0,2.0,0.0,3.0,4.0,1.0,2.0,2026,3.5191616766467066,3.75359477124183,3.8,2.5,97
823721,2026-04-18,MIN,CIN,142,113,671737.0,671096.0,False,9,2.0,1,2.0,1.0,1.0,1.0,1.0,0.0,1.0,1.0,1.0,2026,1.7792452830188679,4.4471502590673575,5.9,3.8,99
824694,2026-04-18,CHC,NYM,112,121,592791.0,642547.0,False,9,3.0,6,0.0,2.0,0.0,0.0,0.0,3.0,0.0,1.0,0.0,2026,6.309876543209876,3.888177339901478,6.9,2.0,98
824775,2026-04-18,BOS,DET,111,116,678394.0,669373.0,False,9,3.0,4,1.0,0.0,0.0,3.0,1.0,0.0,0.0,0.0,0.0,2026,5.692592592592593,2.330769230769231,4.8,3.9,104
823882,2026-04-18,MIA,MIL,146,158,645261.0,605540.0,False,9,2.0,tie,0.0,1.0,0.0,1.0,2.0,2.0,0.0,0.0,1.0,2026,3.63156146179402,4.27283950617284,4.4,3.8,93
824451,2026-04-18,CLE,BAL,114,110,668909.0,665152.0,False,9,3.0,5,0.0,0.0,0.0,1.0,3.0,0.0,0.0,2.0,0.0,2026,4.406306306306306,7.300000000000001,4.9,4.9,97
824206,2026-04-18,HOU,STL,117,138,621121.0,669467.0,False,9,3.0,tie,3.0,0.0,2.0,0.0,0.0,1.0,1.0,2.0,3.0,2026,2.9013245033112582,5.033333333333333,3.4,4.9,99
823151,2026-04-18,SEA,TEX,136,140,669923.0,543135.0,False,9,3.0,8,1.0,0.0,0.0,2.0,0.0,2.0,0.0,3.0,2.0,2026,3.6882352941176473,4.2320754716981135,4.0,4.9,94
823474,2026-04-18,PHI,ATL,143,144,650911.0,519242.0,False,9,3.0,3,0.0,1.0,3.0,0.0,0.0,0.0,0.0,0.0,0.0,2026,1.833031674208145,4.690909090909091,3.6,6.6,102
824372,2026-04-18,COL,LAD,115,119,663372.0,686218.0,False,9,3.0,1,3.0,2.0,0.0,0.0,0.0,2.0,0.0,0.0,0.0,2026,6.323140495867769,6.037062937062937,3.7,5.8,112
825098,2026-04-18,ARI,TOR,109,141,668678.0,453286.0,False,9,4.0,8,2.0,0.0,0.0,0.0,1.0,1.0,0.0,4.0,0.0,2026,4.35,7.951485148514852,5.4,3.7,100
824049,2026-04-18,LAA,SD,108,135,579328.0,608566.0,False,9,3.0,8,0.0,0.0,0.0,0.0,0.0,0.0,0.0,3.0,2.0,2026,4.8919075144508675,7.484615384615385,6.6,5.3,98
822750,2026-04-19,WSH,SF,120,137,676571.0,592662.0,False,9,3.0,5,0.0,0.0,0.0,0.0,3.0,0.0,0.0,0.0,0.0,2026,7.6,4.688785046728972,4.8,4.5,99
823393,2026-04-19,PIT,TB,134,139,656605.0,663556.0,False,9,5.0,5,1.0,0.0,0.0,0.0,5.0,1.0,0.0,1.0,1.0,2026,3.7818181818181817,4.615151515151515,5.5,4.9,95
823556,2026-04-19,NYY,KC,147,118,677960.0,666142.0,False,9,3.0,tie,3.0,1.0,0.0,0.0,3.0,0.0,0.0,0.0,0.0,2026,3.9374384236453204,5.383950617283951,4.9,2.8,97
824452,2026-04-19,CLE,BAL,114,110,676282.0,669432.0,False,9,5.0,5,0.0,0.0,1.0,4.0,5.0,0.0,0.0,2.0,0.0,2026,3.3564102564102565,2.8413793103448275,5.1,4.7,97
823881,2026-04-19,MIA,MIL,146,158,691587.0,694819.0,False,9,3.0,tie,3.0,0.0,0.0,0.0,0.0,3.0,0.0,2.0,0.0,2026,5.65,3.9962264150943394,4.3,3.5,93
824371,2026-04-19,COL,LAD,115,119,547179.0,808963.0,False,9,3.0,tie,0.0,0.0,2.0,2.0,2.0,1.0,3.0,3.0,2.0,2026,6.341379310344827,6.1,3.6,4.7,112
825018,2026-04-19,ATH,CWS,133,145,605488.0,702273.0,False,9,4.0,2,1.0,4.0,0.0,0.0,3.0,0.0,3.0,0.0,0.0,2026,2.4388429752066116,4.0756097560975615,4.1,3.7,97
823150,2026-04-19,SEA,TEX,136,140,693433.0,669022.0,False,9,2.0,tie,1.0,2.0,0.0,0.0,2.0,0.0,2.0,0.0,0.0,2026,2.22,3.1985221674876847,4.5,4.9,94
825100,2026-04-19,ARI,TOR,109,141,669194.0,592332.0,False,9,8.0,1,8.0,1.0,1.0,1.0,0.0,1.0,2.0,0.0,0.0,2026,5.132085561497326,2.149773755656109,5.7,3.7,100
824777,2026-04-19,BOS,DET,111,116,676979.0,664285.0,False,9,4.0,5,2.0,0.0,0.0,0.0,4.0,0.0,0.0,0.0,2.0,2026,4.630054644808743,3.0166666666666666,4.3,4.1,104
823475,2026-04-19,PHI,ATL,143,144,691725.0,656550.0,False,9,3.0,5,2.0,0.0,1.0,0.0,3.0,0.0,0.0,0.0,0.0,2026,1.7813186813186814,4.137735849056604,3.1,6.7,102
824776,2026-04-20,BOS,DET,111,116,543243.0,656427.0,False,9,3.0,tie,0.0,2.0,1.0,1.0,0.0,2.0,3.0,2.0,3.0,2026,4.692039800995024,4.239896373056995,4.2,4.1,104
824450,2026-04-20,CLE,HOU,114,117,677944.0,681293.0,False,9,4.0,4,3.0,0.0,1.0,4.0,1.0,0.0,1.0,0.0,1.0,2026,5.2875,2.7666666666666666,4.9,4.2,97
823879,2026-04-20,MIA,STL,146,138,676974.0,700241.0,False,9,3.0,6,0.0,0.0,0.0,2.0,1.0,3.0,0.0,1.0,1.0,2026,3.7770833333333336,4.2320754716981135,4.1,5.0,93
822749,2026-04-20,WSH,ATL,120,144,663623.0,693821.0,False,9,6.0,6,2.0,0.0,0.0,3.0,0.0,6.0,0.0,0.0,2.0,2026,4.836842105263158,2.6982142857142857,5.0,6.4,99
824692,2026-04-20,CHC,PHI,112,143,607067.0,605400.0,False,9,4.0,2,0.0,4.0,1.0,1.0,0.0,0.0,0.0,0.0,0.0,2026,4.1,3.507239819004525,6.2,3.3,98
824370,2026-04-20,COL,LAD,115,119,500779.0,680736.0,False,9,4.0,9,1.0,2.0,2.0,1.0,0.0,1.0,1.0,3.0,4.0,2026,7.346575342465753,3.407692307692308,3.6,4.9,112
824046,2026-04-20,LAA,TOR,108,141,672282.0,656302.0,False,9,3.0,3,1.0,0.0,3.0,0.0,0.0,1.0,1.0,0.0,1.0,2026,2.402325581395349,1.8623762376237625,6.4,4.6,98
823149,2026-04-20,SEA,ATH,136,133,676106.0,669372.0,False,9,3.0,8,2.0,1.0,0.0,1.0,0.0,2.0,0.0,3.0,1.0,2026,2.7120689655172416,4.638461538461539,5.0,4.4,94
824448,2026-04-21,CLE,HOU,114,117,800048.0,680802.0,False,9,6.0,8,1.0,1.0,0.0,0.0,3.0,0.0,1.0,6.0,1.0,2026,2.465079365079365,9.0375,4.6,4.5,97
822995,2026-04-21,TB,CIN,139,113,571927.0,695505.0,False,9,6.0,6,2.0,2.0,0.0,0.0,1.0,6.0,2.0,0.0,5.0,2026,3.33696682464455,4.095475113122172,4.9,4.5,97
823880,2026-04-21,MIA,STL,146,138,663978.0,669160.0,False,9,2.0,tie,2.0,0.0,1.0,2.0,1.0,0.0,0.0,2.0,0.0,2026,5.2126760563380286,3.8329842931937175,3.8,4.7,93
824290,2026-04-21,DET,MIL,116,158,672456.0,690986.0,False,9,7.0,8,0.0,3.0,0.0,1.0,0.0,0.0,2.0,7.0,3.0,2026,1.6093167701863356,4.085915492957747,4.6,3.6,96
822747,2026-04-21,WSH,ATL,120,144,656492.0,625643.0,False,9,4.0,8,3.0,2.0,1.0,0.0,2.0,0.0,3.0,4.0,0.0,2026,4.3376237623762375,4.486138613861386,4.7,6.5,99
824773,2026-04-21,BOS,NYY,111,147,813349.0,661563.0,False,9,2.0,6,0.0,1.0,0.0,0.0,0.0,2.0,0.0,1.0,0.0,2026,3.56875,9.322222222222223,4.5,5.6,104
823640,2026-04-21,NYM,MIN,121,142,690997.0,680573.0,False,9,3.0,3,0.0,0.0,3.0,0.0,0.0,2.0,1.0,0.0,2.0,2026,2.410344827586207,5.624752475247525,1.7,5.5,94
824127,2026-04-21,KC,BAL,118,110,663460.0,669358.0,False,9,4.0,2,0.0,4.0,0.0,0.0,2.0,0.0,1.0,3.0,1.0,2026,3.28018018018018,3.9450704225352116,3.1,5.0,98
824690,2026-04-21,CHC,PHI,112,143,684007.0,666200.0,False,9,3.0,tie,0.0,0.0,0.0,0.0,1.0,3.0,3.0,3.0,1.0,2026,2.1454545454545455,2.8209302325581396,6.1,3.4,98
822914,2026-04-21,TEX,PIT,140,134,677958.0,669387.0,False,9,3.0,5,1.0,2.0,0.0,0.0,3.0,0.0,0.0,0.0,0.0,2026,4.649295774647888,2.2044776119402987,4.8,5.9,103
824369,2026-04-21,COL,SD,115,135,623474.0,681190.0,False,9,1.0,6,0.0,0.0,0.0,0.0,0.0,1.0,0.0,0.0,0.0,2026,6.1,2.628301886792453,3.6,5.0,112
824045,2026-04-21,LAA,TOR,108,141,686799.0,571578.0,False,9,3.0,8,0.0,0.0,0.0,0.0,1.0,1.0,0.0,3.0,1.0,2026,4.082142857142857,5.273913043478261,5.6,4.7,98
823148,2026-04-21,SEA,ATH,136,133,622491.0,682052.0,False,9,1.0,tie,1.0,0.0,1.0,1.0,1.0,1.0,1.0,0.0,1.0,2026,3.2724137931034485,6.304419889502762,4.5,4.6,94
825099,2026-04-21,ARI,CWS,109,145,518876.0,680732.0,False,9,6.0,9,4.0,3.0,0.0,1.0,2.0,0.0,0.0,0.0,6.0,2026,6.825490196078432,5.014893617021277,5.4,4.1,100
823236,2026-04-21,SF,LAD,137,119,694738.0,808967.0,False,9,3.0,1,3.0,0.0,0.0,1.0,0.0,0.0,0.0,0.0,0.0,2026,2.154054054054054,3.4571428571428573,3.9,5.8,95
823878,2026-04-22,MIA,STL,146,138,676083.0,681517.0,False,9,2.0,2,0.0,2.0,0.0,1.0,1.0,0.0,0.0,0.0,1.0,2026,3.8981220657276996,5.889473684210526,4.1,4.9,93
824449,2026-04-22,CLE,HOU,114,117,676440.0,663567.0,False,9,2.0,1,2.0,0.0,0.0,0.0,0.0,0.0,0.0,0.0,0.0,2026,4.51025641025641,1.7000000000000002,4.8,4.3,97
822993,2026-04-22,TB,CIN,139,113,607259.0,682227.0,False,9,3.0,2,0.0,3.0,1.0,0.0,2.0,0.0,1.0,0.0,0.0,2026,4.602347417840376,6.176923076923077,5.0,5.5,97
824123,2026-04-22,KC,BAL,118,110,608379.0,605135.0,False,9,9.0,6,3.0,0.0,0.0,2.0,0.0,9.0,0.0,0.0,0.0,2026,3.359259259259259,5.779738562091503,3.5,4.9,98
824044,2026-04-22,LAA,TOR,108,141,667755.0,641778.0,False,9,7.0,7,0.0,0.0,1.0,1.0,1.0,0.0,7.0,0.0,0.0,2026,2.292546583850932,6.5426229508196725,5.5,4.1,98
823147,2026-04-22,SEA,ATH,136,133,669302.0,650644.0,False,9,3.0,1,3.0,0.0,2.0,0.0,0.0,1.0,1.0,0.0,2.0,2026,2.8526501766784453,3.87319587628866,3.9,4.0,94
824774,2026-04-22,BOS,NYY,111,147,624133.0,608331.0,False,9,3.0,1,3.0,0.0,1.0,0.0,0.0,0.0,0.0,0.0,1.0,2026,3.7334841628959277,3.0074074074074075,4.3,5.7,104
822913,2026-04-22,TEX,PIT,140,134,683004.0,677952.0,False,9,4.0,9,1.0,2.0,0.0,0.0,3.0,0.0,0.0,2.0,4.0,2026,4.182474226804124,1.7486486486486488,4.6,5.8,103
824367,2026-04-22,COL,SD,115,135,608372.0,621111.0,False,9,4.0,2,1.0,4.0,0.0,1.0,0.0,1.0,2.0,1.0,1.0,2026,5.575247524752475,2.983720930232558,3.4,4.4,112
825097,2026-04-22,ARI,CWS,109,145,593958.0,641743.0,False,9,4.0,2,2.0,4.0,3.0,3.0,0.0,3.0,3.0,0.0,0.0,2026,4.1869565217391305,4.695744680851064,5.2,5.0,100
823231,2026-04-22,SF,LAD,137,119,641816.0,660271.0,False,9,3.0,7,0.0,0.0,0.0,0.0,0.0,0.0,3.0,0.0,0.0,2026,7.056043956043956,2.2666666666666666,3.7,5.1,95
824288,2026-04-23,DET,MIL,116,158,669373.0,687075.0,False,9,3.0,7,2.0,0.0,0.0,1.0,0.0,1.0,3.0,1.0,1.0,2026,2.0115646258503403,7.013043478260871,4.7,4.7,96
824368,2026-04-23,COL,SD,115,135,663372.0,663362.0,False,9,6.0,2,1.0,6.0,0.0,2.0,1.0,1.0,1.0,1.0,5.0,2026,6.452601156069364,6.5375,3.7,4.2,112
825096,2026-04-23,ARI,CWS,109,145,647336.0,663436.0,False,9,3.0,9,1.0,0.0,1.0,0.0,0.0,0.0,0.0,0.0,3.0,2026,2.964864864864865,3.46,5.8,5.7,100
823233,2026-04-23,SF,LAD,137,119,657277.0,607192.0,False,9,2.0,4,0.0,1.0,0.0,2.0,0.0,0.0,0.0,0.0,0.0,2026,3.3666666666666667,2.54,3.4,4.5,95
822912,2026-04-23,TEX,PIT,140,134,594798.0,696149.0,False,9,4.0,4,0.0,0.0,2.0,4.0,1.0,0.0,0.0,0.0,0.0,2026,3.4645833333333336,4.706217616580311,4.7,6.2,103
824529,2026-04-24,CIN,DET,113,116,671096.0,664285.0,False,9,4.0,7,0.0,1.0,3.0,1.0,2.0,1.0,4.0,3.0,2.0,2026,4.334042553191489,3.2,4.9,4.4,105
824854,2026-04-24,BAL,BOS,110,111,687064.0,678394.0,False,9,4.0,1,4.0,2.0,1.0,2.0,2.0,1.0,1.0,0.0,0.0,2026,3.5,5.9,5.1,3.0,101
822827,2026-04-24,TOR,CLE,141,114,453286.0,668909.0,False,9,7.0,1,7.0,1.0,2.0,0.0,1.0,3.0,0.0,0.0,0.0,2026,6.205590062111801,3.8876712328767127,4.0,4.7,101
823638,2026-04-24,NYM,COL,121,115,642547.0,547179.0,False,9,2.0,tie,0.0,1.0,0.0,0.0,1.0,1.0,2.0,2.0,0.0,2026,4.354901960784314,5.356410256410257,2.6,4.3,94
822992,2026-04-24,TB,MIN,139,142,656876.0,671737.0,False,9,2.0,7,1.0,0.0,1.0,1.0,1.0,1.0,2.0,0.0,1.0,2026,4.19375,1.923529411764706,5.1,5.6,97
824932,2026-04-24,ATL,PHI,144,143,656550.0,691725.0,False,9,4.0,3,0.0,0.0,4.0,0.0,1.0,3.0,0.0,0.0,0.0,2026,4.281102362204725,3.0236641221374048,6.0,3.6,100
824124,2026-04-24,KC,LAA,118,108,702070.0,579328.0,False,9,5.0,4,0.0,0.0,0.0,5.0,0.0,0.0,3.0,1.0,0.0,2026,5.638860103626944,4.001287553648069,3.9,5.3,98
823800,2026-04-24,MIL,PIT,158,134,605540.0,694973.0,False,9,2.0,8,0.0,0.0,1.0,1.0,1.0,1.0,0.0,2.0,0.0,2026,3.703448275862069,3.428638497652582,5.0,5.7,100
822909,2026-04-24,TEX,ATH,140,133,543135.0,622663.0,False,9,3.0,tie,3.0,0.0,0.0,1.0,3.0,0.0,0.0,0.0,2.0,2026,4.397709923664122,5.744628099173553,4.8,4.3,103
824204,2026-04-24,HOU,NYY,117,147,621121.0,701542.0,False,9,6.0,7,3.0,2.0,0.0,2.0,0.0,3.0,6.0,0.0,0.0,2026,3.945771144278607,3.015611814345992,4.4,5.7,99
823069,2026-04-24,STL,SEA,138,136,669467.0,669923.0,False,9,3.0,4,0.0,1.0,0.0,3.0,0.0,1.0,0.0,0.0,0.0,2026,5.15,3.871604938271605,4.9,3.8,99
823962,2026-04-24,LAD,CHC,119,112,686218.0,592791.0,False,9,3.0,tie,0.0,0.0,3.0,1.0,0.0,0.0,3.0,1.0,2.0,2026,5.172538860103627,6.072972972972973,4.6,7.3,94
823232,2026-04-24,SF,MIA,137,146,605288.0,645261.0,False,9,3.0,tie,3.0,1.0,1.0,3.0,3.0,1.0,0.0,1.0,0.0,2026,4.465853658536585,4.3820512820512825,3.2,4.4,95
824851,2026-04-25,BAL,BOS,110,111,669432.0,676979.0,False,9,10.0,9,0.0,3.0,0.0,1.0,3.0,0.0,1.0,0.0,10.0,2026,3.6673758865248227,4.9884120171673825,5.2,2.7,101
823070,2026-04-25,STL,SEA,138,136,669461.0,693433.0,False,9,4.0,tie,4.0,3.0,4.0,1.0,1.0,1.0,2.0,2.0,2.0,2026,5.433333333333334,2.225,4.8,3.5,99
822826,2026-04-25,TOR,CLE,141,114,592332.0,676282.0,False,9,3.0,6,0.0,0.0,1.0,1.0,0.0,3.0,2.0,0.0,1.0,2026,2.1747330960854097,3.859493670886076,4.4,4.6,101
823229,2026-04-25,SF,MIA,137,146,592662.0,691587.0,False,9,3.0,6,0.0,0.0,1.0,0.0,1.0,3.0,0.0,2.0,1.0,2026,4.413868613138686,4.638461538461539,3.4,5.1,95
822989,2026-04-25,TB,MIN,139,142,663556.0,641927.0,False,9,3.0,7,0.0,0.0,0.0,2.0,0.0,0.0,3.0,1.0,1.0,2026,3.678034682080925,3.416205533596838,5.2,5.0,97
825093,2026-04-25,ARI,SD,109,135,668678.0,608566.0,False,9,4.0,tie,0.0,4.0,0.0,0.0,1.0,0.0,4.0,0.0,1.0,2026,3.853968253968254,6.012087912087912,5.6,4.3,100
822910,2026-04-25,TEX,ATH,140,133,669022.0,605488.0,False,9,4.0,3,0.0,1.0,4.0,0.0,0.0,2.0,0.0,0.0,0.0,2026,4.443873517786561,3.956164383561644,4.1,5.0,103
824121,2026-04-25,KC,LAA,118,108,666142.0,700712.0,False,9,4.0,8,0.0,2.0,2.0,1.0,0.0,1.0,3.0,4.0,0.0,2026,7.4349753694581295,1.4333333333333333,4.0,4.6,98
824203,2026-04-25,HOU,NYY,117,147,681347.0,677960.0,False,9,3.0,tie,1.0,0.0,1.0,0.0,1.0,1.0,3.0,1.0,3.0,2026,4.864705882352942,3.245985401459854,4.6,5.8,99
824527,2026-04-25,CIN,DET,113,116,663903.0,656427.0,False,9,5.0,1,5.0,2.0,0.0,1.0,0.0,2.0,0.0,1.0,0.0,2026,4.565517241379311,4.617857142857143,5.2,5.0,105
823960,2026-04-25,LAD,CHC,119,112,808963.0,607067.0,False,9,7.0,4,0.0,1.0,3.0,7.0,1.0,4.0,0.0,0.0,0.0,2026,6.413953488372093,3.1892857142857145,4.6,7.2,94
824852,2026-04-26,BAL,BOS,110,111,680694.0,813349.0,False,9,4.0,5,0.0,0.0,0.0,0.0,4.0,3.0,0.0,1.0,0.0,2026,3.4703703703703703,4.169958847736625,5.0,4.4,101
824934,2026-04-26,ATL,PHI,144,143,519242.0,605400.0,False,9,3.0,tie,3.0,3.0,0.0,0.0,0.0,0.0,0.0,2.0,0.0,2026,4.375862068965517,4.016030534351145,6.0,3.0,100
822824,2026-04-26,TOR,CLE,141,114,571578.0,677944.0,False,9,2.0,tie,2.0,0.0,0.0,0.0,2.0,2.0,0.0,0.0,0.0,2026,4.5084507042253525,5.992561983471075,4.0,4.4,101
824528,2026-04-26,CIN,DET,113,116,695076.0,672456.0,False,9,4.0,7,2.0,1.0,0.0,1.0,1.0,0.0,4.0,2.0,0.0,2026,3.241342756183746,1.8323943661971833,5.9,5.0,105
823635,2026-04-26,NYM,COL,121,115,690997.0,500779.0,False,9,1.0,tie,0.0,0.0,0.0,1.0,1.0,1.0,1.0,0.0,0.0,2026,2.317687074829932,7.815447154471544,2.9,4.1,94
824202,2026-04-26,HOU,NYY,117,147,681293.0,661563.0,False,9,3.0,tie,2.0,0.0,2.0,0.0,3.0,1.0,0.0,0.0,3.0,2026,3.7363636363636363,7.33841059602649,4.2,6.5,99
823797,2026-04-26,MIL,PIT,158,134,690986.0,669387.0,False,9,5.0,4,0.0,0.0,0.0,5.0,0.0,0.0,0.0,0.0,0.0,2026,4.2627906976744185,2.0714285714285716,4.0,4.9,100
823068,2026-04-26,STL,SEA,138,136,700241.0,676106.0,False,9,1.0,tie,0.0,0.0,1.0,1.0,0.0,1.0,1.0,0.0,1.0,2026,4.501515151515152,3.951063829787234,5.4,4.5,99
822911,2026-04-26,TEX,ATH,140,133,677958.0,669372.0,False,9,2.0,1,2.0,0.0,0.0,0.0,0.0,1.0,0.0,0.0,0.0,2026,3.842574257425743,5.283098591549296,4.4,5.1,103
825094,2026-04-26,ARI,SD,109,135,669194.0,650633.0,False,9,6.0,7,0.0,1.0,2.0,0.0,4.0,2.0,6.0,4.0,0.0,2026,5.1744680851063825,3.651470588235294,5.6,4.2,100
823230,2026-04-26,SF,MIA,137,146,694738.0,676974.0,False,9,3.0,tie,0.0,3.0,1.0,0.0,0.0,2.0,3.0,0.0,0.0,2026,2.364705882352941,3.4703703703703703,3.9,4.3,95
823959,2026-04-26,LAD,CHC,119,112,680736.0,684007.0,False,9,3.0,1,3.0,0.0,0.0,0.0,0.0,2.0,1.0,0.0,0.0,2026,3.0,2.8586206896551727,5.6,6.6,94
824446,2026-04-27,CLE,TB,114,139,800048.0,571927.0,False,9,2.0,tie,0.0,0.0,0.0,0.0,2.0,1.0,0.0,2.0,0.0,2026,2.503973509933775,5.091701244813278,4.3,4.6,97
823395,2026-04-27,PIT,STL,134,138,682254.0,669160.0,False,9,4.0,9,1.0,1.0,0.0,0.0,0.0,0.0,0.0,0.0,4.0,2026,1.1,3.9264462809917355,4.7,5.0,95
822825,2026-04-27,TOR,BOS,141,111,656302.0,624133.0,False,9,2.0,5,0.0,0.0,0.0,1.0,2.0,1.0,0.0,1.0,0.0,2026,1.3936507936507936,4.050570342205323,4.3,4.0,101
823719,2026-04-27,MIN,SEA,142,136,687570.0,622491.0,False,9,5.0,8,0.0,1.0,4.0,2.0,2.0,1.0,0.0,5.0,0.0,2026,0.10000000000000009,3.5464285714285717,3.4,4.2,99
824609,2026-04-27,CWS,LAA,145,108,641743.0,686799.0,False,9,8.0,7,1.0,2.0,0.0,1.0,1.0,0.0,8.0,0.0,2.0,2026,6.90952380952381,4.15072463768116,5.6,4.5,101
822906,2026-04-27,TEX,NYY,140,147,683004.0,608331.0,False,9,3.0,3,0.0,0.0,3.0,1.0,0.0,0.0,1.0,0.0,1.0,2026,3.7967213114754097,2.720991253644315,4.0,6.4,103
823311,2026-04-27,SD,CHC,135,112,681190.0,571510.0,False,9,5.0,3,3.0,1.0,5.0,0.0,2.0,0.0,2.0,1.0,2.0,2026,2.497163120567376,1.3539682539682543,4.5,5.5,96
823961,2026-04-27,LAD,MIA,119,146,808967.0,663978.0,False,9,3.0,tie,2.0,0.0,0.0,1.0,3.0,0.0,0.0,0.0,3.0,2026,3.131055900621118,4.839130434782609,5.4,4.1,94
824447,2026-04-28,CLE,TB,114,139,676440.0,607259.0,False,9,1.0,5,0.0,0.0,0.0,0.0,1.0,0.0,0.0,0.0,0.0,2026,3.7147540983606557,3.884982935153584,4.1,4.4,97
824526,2026-04-28,CIN,COL,113,115,695505.0,607536.0,False,9,3.0,tie,3.0,0.0,2.0,0.0,1.0,0.0,0.0,3.0,0.0,2026,4.015750915750916,3.823684210526316,5.4,4.3,105
823390,2026-04-28,PIT,STL,134,138,677952.0,681517.0,False,9,5.0,8,0.0,1.0,2.0,0.0,3.0,3.0,3.0,5.0,1.0,2026,2.3808219178082193,5.641666666666667,4.2,4.9,95
823473,2026-04-28,PHI,SF,143,137,666200.0,641816.0,False,9,4.0,6,0.0,0.0,0.0,1.0,0.0,4.0,0.0,2.0,0.0,2026,3.2167315175097277,5.798412698412699,3.0,4.2,102
823636,2026-04-28,NYM,WSH,121,120,605280.0,641793.0,False,9,7.0,4,1.0,0.0,0.0,7.0,0.0,0.0,0.0,0.0,0.0,2026,4.260409556313993,8.45,2.9,4.9,94
824931,2026-04-28,ATL,DET,144,116,527048.0,663554.0,False,9,2.0,tie,0.0,0.0,2.0,0.0,0.0,0.0,1.0,2.0,2.0,2026,4.5375,2.9181818181818184,6.0,4.8,100
823716,2026-04-28,MIN,SEA,142,136,657746.0,669302.0,False,9,3.0,8,0.0,0.0,0.0,0.0,1.0,1.0,1.0,3.0,2.0,2026,3.5074074074074075,2.989705882352941,4.0,4.4,99
824610,2026-04-28,CWS,LAA,145,108,663436.0,667755.0,False,9,3.0,4,0.0,1.0,0.0,3.0,0.0,1.0,1.0,1.0,0.0,2026,3.0356913183279746,2.074358974358974,6.1,4.1,101
823798,2026-04-28,MIL,ARI,158,109,694477.0,518876.0,False,9,8.0,6,0.0,1.0,0.0,2.0,4.0,8.0,0.0,0.0,0.0,2026,3.9496732026143793,9.295652173913044,4.3,6.1,100
822908,2026-04-28,TEX,NYY,140,147,594798.0,693645.0,False,9,3.0,9,1.0,0.0,0.0,0.0,0.0,0.0,1.0,0.0,3.0,2026,3.222950819672131,1.737873754152824,3.3,6.4,103
823310,2026-04-28,SD,CHC,135,112,621111.0,665795.0,False,9,4.0,7,0.0,3.0,0.0,1.0,0.0,3.0,4.0,0.0,0.0,2026,3.254639175257732,3.6136986301369864,4.7,5.0,96
823956,2026-04-28,LAD,MIA,119,146,660271.0,676083.0,False,9,1.0,tie,0.0,1.0,0.0,0.0,1.0,0.0,0.0,1.0,0.0,2026,1.8916666666666668,3.7083650190114072,5.2,4.2,94
824445,2026-04-29,CLE,TB,114,139,668909.0,656876.0,False,9,2.0,5,0.0,0.0,1.0,0.0,2.0,0.0,1.0,0.0,0.0,2026,4.093377483443708,4.092063492063492,3.7,4.4,97
823717,2026-04-29,MIN,SEA,142,136,671737.0,669923.0,False,9,3.0,9,0.0,0.0,1.0,2.0,0.0,0.0,1.0,1.0,3.0,2026,4.195890410958905,3.6246913580246916,4.0,5.1,99
822821,2026-04-29,TOR,BOS,141,111,641778.0,678394.0,False,9,3.0,3,1.0,0.0,3.0,2.0,2.0,0.0,0.0,1.0,0.0,2026,7.053488372093024,8.585436893203884,4.2,4.3,101
823958,2026-04-29,LAD,MIA,119,146,607192.0,645261.0,False,9,2.0,2,0.0,2.0,0.0,0.0,1.0,1.0,0.0,1.0,0.0,2026,2.221212121212121,4.390322580645162,5.0,3.9,94
823312,2026-04-29,SD,CHC,135,112,663362.0,592791.0,False,9,3.0,5,0.0,1.0,0.0,2.0,3.0,1.0,0.0,2.0,0.0,2026,6.392682926829268,6.041176470588235,4.5,5.4,96
824525,2026-04-29,CIN,COL,113,115,682227.0,608372.0,False,9,7.0,9,3.0,0.0,1.0,0.0,1.0,0.0,3.0,0.0,7.0,2026,6.447457627118644,4.871653543307087,6.1,4.4,105
823392,2026-04-29,PIT,STL,134,138,696149.0,669467.0,False,9,4.0,7,0.0,0.0,1.0,0.0,3.0,0.0,4.0,1.0,0.0,2026,5.718025751072962,4.972509960159362,4.4,5.1,95
823633,2026-04-29,NYM,WSH,121,120,656849.0,676917.0,False,9,7.0,4,2.0,0.0,1.0,7.0,1.0,1.0,3.0,0.0,1.0,2026,3.3083333333333336,2.7551724137931037,3.5,4.4,94
824930,2026-04-29,ATL,DET,144,116,702275.0,669373.0,False,9,2.0,tie,2.0,2.0,1.0,0.0,0.0,0.0,0.0,0.0,2.0,2026,5.671428571428572,2.0795918367346937,5.6,5.0,100
823796,2026-04-29,MIL,ARI,158,109,687075.0,593958.0,False,9,4.0,4,1.0,0.0,1.0,4.0,0.0,0.0,0.0,0.0,2.0,2026,6.386713286713287,4.957142857142857,5.4,5.9,100
825015,2026-04-29,ATH,KC,133,118,622663.0,608379.0,False,9,3.0,4,1.0,1.0,0.0,3.0,0.0,1.0,0.0,0.0,1.0,2026,5.225984251968504,3.5984423676012463,4.2,5.6,97
824929,2026-04-30,ATL,DET,144,116,693821.0,664285.0,False,9,2.0,tie,0.0,1.0,1.0,0.0,0.0,1.0,0.0,2.0,2.0,2026,3.3364864864864865,4.1676156583629895,5.7,4.9,100
824848,2026-04-30,BAL,HOU,110,117,605135.0,663567.0,False,9,6.0,7,0.0,0.0,0.0,1.0,4.0,0.0,6.0,2.0,0.0,2026,6.3843137254901965,1.8272727272727274,5.1,4.7,101
824850,2026-04-30,BAL,HOU,110,117,687064.0,621121.0,False,9,7.0,4,5.0,1.0,0.0,7.0,1.0,0.0,1.0,0.0,1.0,2026,3.8843137254901965,5.052191235059761,5.1,4.7,101
823472,2026-04-30,PHI,SF,143,137,650911.0,657277.0,False,9,3.0,1,3.0,0.0,0.0,0.0,0.0,0.0,0.0,0.0,2.0,2026,3.210294117647059,3.56875,3.7,3.9,102
824524,2026-04-30,CIN,COL,113,115,671096.0,547179.0,False,9,2.0,tie,2.0,1.0,0.0,0.0,2.0,1.0,0.0,2.0,2.0,2026,5.797674418604651,4.305357142857143,6.1,5.3,105
823634,2026-04-30,NYM,WSH,121,120,642547.0,571945.0,False,9,4.0,3,0.0,2.0,4.0,0.0,0.0,1.0,0.0,2.0,0.0,2026,3.6058365758754864,8.389256198347107,3.3,5.2,94
823795,2026-04-30,MIL,ARI,158,109,605540.0,647336.0,False,9,3.0,tie,3.0,0.0,3.0,3.0,0.0,3.0,1.0,1.0,0.0,2026,4.0574468085106385,2.658823529411765,4.9,5.7,100
825016,2026-04-30,ATH,KC,133,118,605488.0,702070.0,False,9,5.0,2,2.0,5.0,0.0,0.0,0.0,0.0,1.0,1.0,0.0,2026,4.229568106312293,4.911023622047244,4.5,5.6,97
823714,2026-04-30,MIN,TOR,142,141,641927.0,592332.0,False,9,3.0,tie,0.0,0.0,0.0,3.0,0.0,2.0,0.0,3.0,0.0,2026,3.4663003663003664,2.7466431095406363,3.9,4.8,99
824686,2026-05-01,CHC,ARI,112,109,607067.0,668678.0,False,9,4.0,6,3.0,0.0,1.0,3.0,0.0,4.0,0.0,0.0,0.0,2026,4.358741258741259,3.0173553719008264,5.7,5.2,98
824287,2026-05-01,DET,TEX,116,140,656427.0,669022.0,False,9,3.0,tie,1.0,0.0,3.0,3.0,1.0,0.0,0.0,1.0,0.0,2026,6.351231527093596,4.330158730158731,4.8,3.0,96
823389,2026-05-01,PIT,CIN,134,113,656605.0,663903.0,False,9,4.0,5,1.0,0.0,2.0,1.0,4.0,2.0,0.0,0.0,0.0,2026,3.2785714285714285,4.828395061728395,4.0,6.2,95
822744,2026-05-01,WSH,MIL,120,158,663623.0,694819.0,False,9,2.0,tie,1.0,0.0,1.0,0.0,2.0,0.0,1.0,2.0,0.0,2026,3.678512396694215,3.2470588235294118,5.4,5.7,99
823557,2026-05-01,NYY,BAL,147,110,701542.0,700249.0,False,9,5.0,2,1.0,5.0,0.0,0.0,0.0,0.0,2.0,1.0,0.0,2026,2.6703125,1.4870967741935486,5.0,5.8,97
822990,2026-05-01,TB,SF,139,137,663556.0,592662.0,False,9,1.0,tie,0.0,1.0,0.0,1.0,0.0,1.0,0.0,0.0,0.0,2026,3.1896860986547084,4.272161172161172,3.7,2.9,97
823877,2026-05-01,MIA,PHI,146,143,691587.0,554430.0,False,9,4.0,7,1.0,0.0,0.0,2.0,0.0,0.0,4.0,3.0,1.0,2026,5.050207468879668,2.5,4.0,4.3,93
823713,2026-05-01,MIN,TOR,142,141,680573.0,571578.0,False,9,2.0,tie,0.0,2.0,2.0,2.0,2.0,0.0,2.0,0.0,0.0,2026,6.186419753086421,4.078260869565217,4.2,3.9,99
823066,2026-05-01,STL,LAD,138,119,669461.0,686218.0,False,9,3.0,tie,3.0,1.0,1.0,0.0,0.0,1.0,3.0,0.0,0.0,2026,6.446613545816733,4.123622047244094,5.2,4.6,99
824366,2026-05-01,COL,ATL,115,144,500779.0,656550.0,False,9,5.0,1,5.0,1.0,0.0,1.0,0.0,0.0,1.0,4.0,2.0,2026,6.950574712643679,4.842424242424243,4.8,5.5,112
824041,2026-05-01,LAA,NYM,108,121,700712.0,681035.0,False,9,3.0,6,2.0,0.0,1.0,0.0,0.0,3.0,1.0,0.0,0.0,2026,4.404347826086957,17.645454545454545,3.6,3.5,98
825012,2026-05-01,ATH,CLE,133,114,669372.0,676282.0,False,9,4.0,7,2.0,2.0,0.0,2.0,3.0,0.0,4.0,0.0,0.0,2026,5.007514450867052,4.158823529411765,4.4,3.6,97
823309,2026-05-01,SD,CWS,135,145,608566.0,702273.0,False,9,6.0,2,0.0,6.0,0.0,0.0,1.0,0.0,0.0,3.0,0.0,2026,5.909917355371901,3.3649006622516557,4.9,5.4,96
823146,2026-05-01,SEA,KC,136,118,693433.0,666142.0,False,9,6.0,1,6.0,0.0,0.0,0.0,1.0,3.0,2.0,1.0,0.0,2026,4.375862068965517,4.804035874439462,4.9,5.5,94
823554,2026-05-02,NYY,BAL,147,110,677960.0,680694.0,False,9,4.0,7,0.0,1.0,2.0,3.0,1.0,2.0,4.0,0.0,0.0,2026,3.6985915492957746,3.657768924302789,5.0,5.6,97
823715,2026-05-02,MIN,TOR,142,141,687570.0,656302.0,False,9,8.0,8,1.0,4.0,0.0,0.0,1.0,1.0,0.0,8.0,0.0,2026,1.6555555555555557,2.190909090909091,4.0,4.1,99
824685,2026-05-02,CHC,ARI,112,109,684007.0,669194.0,False,9,1.0,tie,0.0,1.0,0.0,0.0,0.0,0.0,0.0,1.0,0.0,2026,2.584536082474227,4.9367346938775505,5.8,5.1,98
825014,2026-05-02,ATH,CLE,133,114,682052.0,677944.0,False,9,5.0,5,2.0,0.0,1.0,1.0,5.0,2.0,3.0,4.0,2.0,2026,6.3327586206896544,5.392490118577076,4.5,3.6,97
823388,2026-05-02,PIT,CIN,134,113,669387.0,695076.0,False,9,7.0,1,7.0,6.0,0.0,5.0,1.0,2.0,0.0,3.0,0.0,2026,1.988888888888889,2.5346289752650177,4.8,5.6,95
822746,2026-05-02,WSH,MIL,120,158,656492.0,690986.0,False,9,3.0,1,3.0,0.0,0.0,1.0,0.0,0.0,0.0,1.0,0.0,2026,4.341134751773049,3.056896551724138,5.1,6.0,99
824771,2026-05-02,BOS,HOU,111,117,813349.0,681293.0,False,9,4.0,4,1.0,0.0,0.0,4.0,2.0,0.0,2.0,0.0,0.0,2026,5.186614173228347,3.655555555555556,3.7,4.8,104
823876,2026-05-02,MIA,PHI,146,143,676974.0,691725.0,False,9,2.0,3,0.0,0.0,2.0,0.0,1.0,1.0,0.0,0.0,0.0,2026,3.4703703703703703,3.9743169398907106,4.0,4.8,93
822988,2026-05-02,TB,SF,139,137,643377.0,694738.0,False,9,3.0,5,0.0,0.0,0.0,1.0,3.0,1.0,0.0,1.0,0.0,2026,2.623809523809524,2.923943661971831,3.7,2.9,97
823067,2026-05-02,STL,LAD,138,119,700241.0,808963.0,False,9,3.0,3,0.0,0.0,3.0,0.0,0.0,0.0,0.0,0.0,2.0,2026,4.690909090909091,7.244144144144144,5.6,3.6,99
824284,2026-05-02,DET,TEX,116,140,672456.0,677958.0,False,9,3.0,1,3.0,2.0,0.0,1.0,0.0,0.0,0.0,0.0,0.0,2026,2.9098859315589354,3.672519083969466,4.6,3.3,96
824365,2026-05-02,COL,ATL,115,144,657514.0,519242.0,False,9,3.0,4,2.0,1.0,1.0,3.0,2.0,0.0,0.0,0.0,1.0,2026,33.1,4.06551724137931,5.1,5.4,112
823308,2026-05-02,SD,CWS,135,145,650633.0,680732.0,False,9,2.0,tie,0.0,0.0,0.0,0.0,0.0,2.0,2.0,0.0,0.0,2026,3.986524822695036,4.940796019900498,4.7,5.5,96
823711,2026-05-03,MIN,TOR,142,141,657746.0,702056.0,False,9,3.0,5,1.0,0.0,0.0,0.0,3.0,1.0,0.0,0.0,2.0,2026,3.2724137931034485,1.923529411764706,4.2,4.8,99
823387,2026-05-03,PIT,CIN,134,113,677952.0,695505.0,False,9,1.0,8,0.0,0.0,0.0,0.0,0.0,0.0,0.0,1.0,0.0,2026,2.88021978021978,4.089399293286219,5.7,5.7,95
822742,2026-05-03,WSH,MIL,120,158,676571.0,701656.0,False,9,3.0,5,0.0,0.0,0.0,0.0,3.0,0.0,1.0,0.0,1.0,2026,6.041176470588235,1.6,4.1,5.2,99
823875,2026-05-03,MIA,PHI,146,143,663978.0,666200.0,False,9,6.0,1,6.0,0.0,1.0,0.0,0.0,0.0,2.0,0.0,0.0,2026,4.573214285714286,2.0513108614232207,3.9,4.4,93
823065,2026-05-03,STL,LAD,138,119,669160.0,680736.0,False,9,2.0,2,0.0,2.0,0.0,0.0,1.0,0.0,0.0,1.0,1.0,2026,4.054198473282443,3.1384615384615384,5.4,3.7,99
824687,2026-05-03,CHC,ARI,112,109,571510.0,518876.0,False,9,3.0,tie,0.0,3.0,2.0,0.0,3.0,0.0,2.0,0.0,2.0,2026,1.6542168674698798,8.945070422535212,5.3,4.7,98
825013,2026-05-03,ATH,CLE,133,114,650644.0,800048.0,False,9,4.0,5,0.0,1.0,0.0,0.0,4.0,3.0,0.0,0.0,0.0,2026,3.426530612244898,2.419727891156463,4.5,4.8,97
824043,2026-05-03,LAA,NYM,108,121,686799.0,605280.0,False,9,3.0,8,1.0,0.0,0.0,2.0,0.0,0.0,0.0,3.0,0.0,2026,3.539189189189189,3.5318936877076412,4.0,3.8,98
823145,2026-05-03,SEA,KC,136,118,622491.0,663460.0,False,9,3.0,4,0.0,0.0,1.0,3.0,0.0,1.0,0.0,0.0,0.0,2026,5.29626168224299,3.4308823529411767,4.8,6.0,94
824283,2026-05-04,DET,BOS,116,111,663947.0,801139.0,False,9,5.0,7,0.0,0.0,0.0,0.0,0.0,2.0,5.0,2.0,0.0,2026,-6.9,2.903921568627451,4.9,4.0,96
822984,2026-05-04,TB,TOR,139,141,607259.0,641778.0,False,9,3.0,1,3.0,0.0,1.0,0.0,0.0,2.0,0.0,0.0,0.0,2026,3.4630363036303633,6.9497652582159635,3.7,4.8,97
823874,2026-05-04,MIA,PHI,146,143,676083.0,605400.0,False,9,1.0,3,0.0,0.0,1.0,0.0,0.0,0.0,0.0,0.0,0.0,2026,3.738297872340426,4.241732283464567,3.8,4.9,93
823552,2026-05-04,NYY,BAL,147,110,693645.0,669358.0,False,9,6.0,8,2.0,0.0,1.0,0.0,0.0,4.0,0.0,6.0,0.0,2026,1.8666666666666667,4.00909090909091,6.2,5.1,97
824120,2026-05-04,KC,CLE,118,114,608379.0,676440.0,False,9,4.0,4,0.0,2.0,0.0,4.0,0.0,1.0,1.0,0.0,0.0,2026,4.45048231511254,3.6511811023622047,5.8,4.1,98
823064,2026-05-04,STL,MIL,138,158,681517.0,694477.0,False,9,3.0,4,0.0,1.0,0.0,3.0,0.0,1.0,1.0,1.0,2.0,2026,5.963070539419087,3.9866995073891625,5.4,5.2,99
824039,2026-05-04,LAA,CWS,108,145,667755.0,663436.0,False,9,3.0,4,2.0,0.0,0.0,3.0,0.0,0.0,0.0,1.0,0.0,2026,2.8682119205298013,2.4610223642172526,3.9,4.4,98
823143,2026-05-04,SEA,ATL,136,144,669302.0,702275.0,False,9,8.0,6,1.0,0.0,0.0,0.0,0.0,8.0,0.0,0.0,0.0,2026,3.5059040590405903,5.992561983471075,4.7,6.2,94
822986,2026-05-05,TB,TOR,139,141,656876.0,592332.0,False,9,2.0,8,1.0,1.0,1.0,1.0,1.0,0.0,0.0,2.0,0.0,2026,3.3777777777777778,4.481818181818182,3.6,4.3,97
823469,2026-05-05,PHI,ATH,143,133,650911.0,622663.0,False,9,5.0,7,0.0,0.0,1.0,0.0,0.0,0.0,5.0,3.0,1.0,2026,3.1,4.567576791808873,4.3,4.7,102
823873,2026-05-05,MIA,BAL,146,110,645261.0,605135.0,False,9,4.0,1,4.0,2.0,3.0,0.0,2.0,0.0,2.0,1.0,2.0,2026,4.804180064308682,5.188888888888889,3.4,4.4,93
822743,2026-05-05,WSH,MIN,120,142,676917.0,671737.0,False,9,4.0,4,1.0,2.0,0.0,4.0,1.0,0.0,2.0,3.0,1.0,2026,2.410344827586207,4.424503311258278,3.8,3.8,99
823553,2026-05-05,NYY,TEX,147,140,695684.0,594798.0,False,9,4.0,1,4.0,2.0,0.0,0.0,0.0,1.0,2.0,1.0,1.0,2026,5.35,2.8709923664122137,7.0,2.6,97
824200,2026-05-05,HOU,LAD,117,119,663567.0,660271.0,False,9,1.0,tie,0.0,1.0,1.0,0.0,0.0,0.0,0.0,1.0,0.0,2026,2.371523178807947,1.9333333333333333,4.4,4.6,99
825092,2026-05-05,ARI,PIT,109,134,593958.0,696149.0,False,9,5.0,6,2.0,0.0,0.0,0.0,0.0,5.0,0.0,2.0,0.0,2026,5.305882352941177,5.909917355371901,4.6,5.7,100
823142,2026-05-05,SEA,ATL,136,144,669923.0,693821.0,False,9,2.0,tie,0.0,0.0,2.0,2.0,0.0,0.0,0.0,0.0,1.0,2026,3.1949367088607596,3.7643356643356642,4.7,5.9,94
823227,2026-05-05,SF,SD,137,135,657277.0,621111.0,False,9,5.0,4,2.0,3.0,0.0,5.0,1.0,1.0,1.0,2.0,0.0,2026,3.706060606060606,2.6408163265306124,2.8,4.7,95
822985,2026-05-06,TB,TOR,139,141,663556.0,571578.0,False,9,2.0,4,0.0,0.0,0.0,2.0,0.0,0.0,0.0,1.0,0.0,2026,2.7265560165975105,4.334042553191489,3.4,4.1,97
823063,2026-05-06,STL,MIL,138,158,669467.0,687075.0,False,9,4.0,1,4.0,0.0,0.0,0.0,1.0,0.0,0.0,1.0,2.0,2026,4.824137931034483,6.8500000000000005,5.8,5.1,99
824198,2026-05-06,HOU,LAD,117,119,621121.0,607192.0,False,9,5.0,3,1.0,1.0,5.0,1.0,3.0,0.0,2.0,0.0,1.0,2026,5.506639004149378,3.2863354037267083,4.2,4.3,99
824036,2026-05-06,LAA,CWS,108,145,700712.0,702273.0,False,9,6.0,2,0.0,6.0,0.0,2.0,0.0,0.0,1.0,1.0,0.0,2026,4.015492957746479,3.5265402843601894,3.3,4.4,98
823141,2026-05-06,SEA,ATL,136,144,693433.0,527048.0,False,9,2.0,8,0.0,0.0,1.0,0.0,0.0,1.0,0.0,2.0,0.0,2026,5.421428571428572,4.29047619047619,4.6,5.7,94
824282,2026-05-06,DET,BOS,116,111,656427.0,543243.0,False,9,2.0,tie,0.0,0.0,2.0,2.0,0.0,0.0,0.0,0.0,0.0,2026,6.741025641025642,4.490134529147982,4.3,5.0,96
823470,2026-05-06,PHI,ATH,143,133,554430.0,605488.0,False,9,4.0,8,0.0,0.0,1.0,0.0,2.0,2.0,0.0,4.0,0.0,2026,1.9181818181818182,5.166420664206642,4.9,4.4,102
823872,2026-05-06,MIA,BAL,146,110,691587.0,687064.0,False,9,6.0,1,6.0,0.0,0.0,1.0,1.0,0.0,2.0,1.0,0.0,2026,3.697609561752988,5.635211267605634,3.2,4.3,93
822740,2026-05-06,WSH,MIN,120,142,571945.0,641927.0,False,9,7.0,8,0.0,0.0,1.0,1.0,3.0,3.0,2.0,7.0,0.0,2026,7.696273291925465,4.021501706484642,3.9,4.7,99
823550,2026-05-06,NYY,TEX,147,140,701542.0,543135.0,False,9,3.0,3,1.0,0.0,3.0,2.0,0.0,1.0,0.0,0.0,0.0,2026,2.0811320754716984,4.745161290322581,6.5,2.4,97
824118,2026-05-06,KC,CLE,118,114,666142.0,676282.0,False,9,2.0,5,0.0,0.0,1.0,0.0,2.0,0.0,0.0,1.0,0.0,2026,6.978504672897197,5.19016393442623,5.7,3.8,98
824361,2026-05-06,COL,NYM,115,121,547179.0,642547.0,False,9,8.0,6,1.0,0.0,0.0,3.0,0.0,8.0,0.0,0.0,3.0,2026,4.079591836734694,3.7766917293233084,4.4,3.4,112
825091,2026-05-06,ARI,PIT,109,134,647336.0,694973.0,False,9,1.0,1,1.0,0.0,0.0,0.0,0.0,0.0,0.0,0.0,0.0,2026,3.893650793650794,3.028825622775801,4.4,5.1,100
822741,2026-05-07,WSH,MIN,120,142,663623.0,680573.0,False,9,4.0,5,0.0,2.0,2.0,0.0,4.0,1.0,3.0,0.0,0.0,2026,3.8142857142857145,7.225560538116591,5.0,4.8,99
824117,2026-05-07,KC,CLE,118,114,607625.0,677944.0,False,9,5.0,7,3.0,0.0,1.0,0.0,1.0,2.0,5.0,1.0,0.0,2026,2.845222929936306,6.5426229508196725,4.6,3.8,98
824681,2026-05-07,CHC,CIN,112,113,684007.0,695076.0,False,9,7.0,4,0.0,1.0,0.0,7.0,0.0,1.0,0.0,1.0,1.0,2026,2.5533762057877816,2.9290598290598293,5.1,3.8,98
824362,2026-05-07,COL,NYM,115,121,500779.0,681035.0,False,9,4.0,8,0.0,2.0,0.0,1.0,0.0,1.0,0.0,4.0,0.0,2026,6.390598290598291,5.722950819672132,4.5,4.1,112
825090,2026-05-07,ARI,PIT,109,134,668678.0,656605.0,False,9,2.0,tie,2.0,0.0,1.0,0.0,2.0,1.0,0.0,0.0,0.0,2026,3.3336448598130843,2.8241379310344827,4.3,4.6,100
823467,2026-05-07,PHI,ATH,143,133,691725.0,669372.0,False,9,4.0,1,4.0,0.0,3.0,2.0,2.0,0.0,2.0,0.0,0.0,2026,4.130042918454936,4.969158878504674,4.7,3.9,102
823870,2026-05-07,MIA,BAL,146,110,676974.0,700249.0,False,9,2.0,tie,2.0,0.0,2.0,1.0,0.0,0.0,0.0,1.0,1.0,2026,2.65719557195572,4.472549019607843,3.4,4.9,93
824767,2026-05-07,BOS,TB,111,139,687562.0,643377.0,False,9,6.0,2,0.0,6.0,0.0,0.0,0.0,2.0,0.0,2.0,2.0,2026,5.7,2.6348837209302327,3.7,3.1,104
823306,2026-05-07,SD,STL,135,138,650633.0,669461.0,False,9,1.0,tie,1.0,0.0,0.0,1.0,0.0,0.0,1.0,0.0,0.0,2026,3.720689655172414,5.980658436213991,4.6,5.1,96
824846,2026-05-08,BAL,ATH,110,133,680694.0,682052.0,False,9,3.0,5,0.0,0.0,0.0,1.0,3.0,1.0,0.0,1.0,1.0,2026,4.972509960159362,6.351028806584363,4.9,4.8,101
822822,2026-05-08,TOR,LAA,141,108,656302.0,672282.0,False,9,2.0,3,0.0,0.0,2.0,0.0,0.0,0.0,0.0,0.0,0.0,2026,2.4617021276595743,3.0290780141843974,3.7,4.0,101
824768,2026-05-08,BOS,TB,111,139,813349.0,669947.0,False,9,1.0,tie,0.0,0.0,1.0,1.0,0.0,0.0,0.0,0.0,0.0,2026,5.659055118110237,3.8692307692307693,3.6,3.5,104
824443,2026-05-08,CLE,MIN,114,142,800048.0,687570.0,False,9,4.0,1,4.0,0.0,0.0,0.0,0.0,1.0,3.0,1.0,1.0,2026,2.9979591836734696,4.1,4.4,5.1,97
824116,2026-05-08,KC,DET,118,116,663460.0,672456.0,False,9,2.0,tie,0.0,2.0,0.0,0.0,0.0,2.0,0.0,2.0,1.0,2026,2.9287671232876713,3.5577464788732396,4.0,4.1,98
824607,2026-05-08,CWS,SEA,145,136,680732.0,676106.0,False,9,8.0,3,1.0,1.0,8.0,0.0,1.0,0.0,3.0,5.0,1.0,2026,4.019540229885058,4.203448275862069,4.3,3.8,101
823794,2026-05-08,MIL,NYY,158,147,694819.0,608331.0,False,9,4.0,2,0.0,4.0,1.0,0.0,0.0,0.0,1.0,0.0,0.0,2026,2.567680608365019,2.63416149068323,5.7,6.3,100
823303,2026-05-08,SD,STL,135,138,656288.0,700241.0,False,9,6.0,5,0.0,0.0,0.0,0.0,6.0,0.0,0.0,0.0,0.0,2026,4.7,4.518439716312057,4.0,5.1,96
823957,2026-05-08,LAD,ATL,119,144,686218.0,519242.0,False,9,2.0,2,0.0,2.0,0.0,0.0,1.0,1.0,0.0,0.0,0.0,2026,4.194339622641509,3.3666666666666667,4.3,5.3,94
823225,2026-05-08,SF,PIT,137,134,592662.0,669387.0,False,9,3.0,7,0.0,2.0,0.0,1.0,0.0,0.0,3.0,0.0,1.0,2026,4.513427561837456,2.8706422018348623,2.4,5.0,95
822820,2026-05-09,TOR,LAA,141,108,702056.0,686799.0,False,9,7.0,5,0.0,0.0,0.0,1.0,7.0,0.0,2.0,5.0,0.0,2026,2.110989010989011,4.214754098360656,3.9,3.1,101
824847,2026-05-09,BAL,ATH,110,133,669358.0,650644.0,False,9,3.0,3,1.0,0.0,3.0,0.0,1.0,0.0,0.0,2.0,1.0,2026,4.663636363636364,3.4137254901960787,4.7,5.0,101
824523,2026-05-09,CIN,HOU,113,117,695505.0,681293.0,False,9,4.0,5,0.0,0.0,0.0,0.0,4.0,0.0,0.0,0.0,0.0,2026,3.7484641638225256,3.839130434782609,3.1,4.4,105
823468,2026-05-09,PHI,COL,143,115,605400.0,607536.0,False,9,5.0,3,0.0,1.0,5.0,3.0,1.0,0.0,0.0,2.0,0.0,2026,4.443873517786561,4.746090534979424,4.6,5.4,102
822905,2026-05-09,TEX,CHC,140,112,683004.0,665795.0,False,9,2.0,tie,0.0,2.0,0.0,2.0,1.0,1.0,0.0,0.0,0.0,2026,5.6390625,4.332876712328767,2.7,5.9,103
824606,2026-05-09,CWS,SEA,145,136,641743.0,622491.0,False,9,2.0,tie,2.0,0.0,2.0,0.0,2.0,0.0,0.0,1.0,0.0,2026,6.572222222222222,5.083471074380165,5.0,4.7,101
825089,2026-05-09,ARI,NYM,109,121,518876.0,605280.0,False,9,2.0,3,0.0,1.0,2.0,0.0,0.0,0.0,0.0,0.0,0.0,2026,8.291256830601094,3.509556313993174,3.0,4.5,100
823304,2026-05-09,SD,STL,135,138,681190.0,669160.0,False,9,3.0,5,0.0,0.0,0.0,1.0,3.0,0.0,0.0,2.0,0.0,2026,4.425757575757576,3.134364261168385,3.1,5.3,96
823224,2026-05-09,SF,PIT,137,134,694738.0,677952.0,False,9,6.0,7,0.0,0.0,0.0,0.0,3.0,2.0,6.0,0.0,5.0,2026,3.1,3.2403508771929825,2.3,5.0,95
823868,2026-05-10,MIA,WSH,146,120,645261.0,676917.0,False,9,3.0,8,0.0,0.0,2.0,1.0,1.0,0.0,0.0,3.0,0.0,2026,5.240221402214022,2.502985074626866,3.9,5.9,93
824765,2026-05-10,BOS,TB,111,139,801139.0,607259.0,False,9,2.0,tie,1.0,0.0,2.0,0.0,0.0,2.0,0.0,0.0,0.0,2026,2.402325581395349,3.031740614334471,3.3,3.2,104
823463,2026-05-10,PHI,COL,143,115,650911.0,608372.0,False,9,3.0,2,2.0,3.0,0.0,0.0,0.0,1.0,0.0,0.0,0.0,2026,3.0361022364217254,5.068503937007874,5.2,5.5,102
824520,2026-05-10,CIN,HOU,113,117,671096.0,678906.0,False,9,3.0,4,0.0,0.0,0.0,3.0,1.0,1.0,0.0,0.0,0.0,2026,5.644642857142857,1.7666666666666668,3.2,4.2,105
824605,2026-05-10,CWS,SEA,145,136,663436.0,669302.0,False,9,2.0,8,1.0,0.0,0.0,0.0,0.0,0.0,0.0,2.0,0.0,2026,2.0473684210526315,5.719926199261993,4.8,4.4,101
822902,2026-05-10,TEX,CHC,140,112,594798.0,592791.0,False,9,2.0,8,0.0,0.0,0.0,1.0,0.0,0.0,0.0,2.0,0.0,2026,3.283150183150183,6.25068493150685,3.1,5.1,103
825085,2026-05-10,ARI,NYM,109,121,593958.0,623211.0,False,9,4.0,6,0.0,2.0,0.0,0.0,0.0,4.0,0.0,0.0,0.0,2026,5.232352941176471,6.1,3.0,3.8,100
823954,2026-05-10,LAD,ATL,119,144,680736.0,693821.0,False,9,4.0,2,0.0,4.0,0.0,0.0,0.0,0.0,0.0,3.0,2.0,2026,3.225,3.330263157894737,3.7,5.0,94
824441,2026-05-11,CLE,LAA,114,108,676282.0,608718.0,False,9,5.0,3,0.0,2.0,5.0,0.0,0.0,0.0,0.0,1.0,1.0,2026,5.992561983471075,10.6,5.0,2.9,97
824844,2026-05-11,BAL,NYY,110,147,687064.0,677960.0,False,9,3.0,7,0.0,0.0,2.0,0.0,0.0,0.0,3.0,0.0,0.0,2026,4.832673267326733,3.927814569536424,3.6,6.2,101
822818,2026-05-11,TOR,TB,141,139,592332.0,656876.0,False,9,5.0,2,3.0,5.0,0.0,1.0,1.0,0.0,3.0,0.0,0.0,2026,4.473239436619719,3.59618320610687,4.3,3.5,101
824199,2026-05-11,HOU,SEA,117,136,663567.0,669923.0,False,9,2.0,2,0.0,2.0,1.0,0.0,1.0,0.0,0.0,0.0,0.0,2026,2.783257918552036,2.8058823529411767,3.9,3.8,99
823953,2026-05-11,LAD,SF,119,137,808963.0,686790.0,False,9,3.0,tie,0.0,1.0,0.0,2.0,0.0,3.0,3.0,0.0,3.0,2026,7.562809917355372,3.1,3.8,3.1,94
824442,2026-05-12,CLE,LAA,114,108,677944.0,700712.0,False,9,1.0,tie,0.0,0.0,1.0,0.0,1.0,1.0,1.0,1.0,0.0,2026,5.722950819672132,3.6940594059405942,4.9,2.9,97
824843,2026-05-12,BAL,NYY,110,147,669432.0,701542.0,False,9,5.0,3,1.0,0.0,5.0,0.0,0.0,2.0,0.0,0.0,0.0,2026,3.680357142857143,2.9098859315589354,3.7,5.7,101
824521,2026-05-12,CIN,WSH,113,120,663903.0,571945.0,False,9,4.0,5,0.0,0.0,2.0,3.0,4.0,0.0,0.0,2.0,3.0,2026,6.115267175572519,6.920754716981132,3.1,4.7,105
823385,2026-05-12,PIT,COL,134,115,694973.0,547179.0,False,9,1.0,tie,1.0,0.0,0.0,0.0,1.0,0.0,1.0,0.0,1.0,2026,2.2333333333333334,4.9106995884773665,5.8,4.2,95
824764,2026-05-12,BOS,PHI,111,143,663558.0,554430.0,False,9,1.0,tie,1.0,1.0,0.0,0.0,0.0,0.0,1.0,0.0,0.0,2026,16.1,2.8076023391812868,3.4,5.2,104
823632,2026-05-12,NYM,DET,121,116,642547.0,656427.0,False,9,3.0,tie,0.0,3.0,1.0,1.0,0.0,3.0,2.0,2.0,0.0,2026,3.82992700729927,5.535233160621761,3.7,3.8,94
824927,2026-05-12,ATL,CHC,144,112,656550.0,607067.0,False,9,4.0,5,0.0,0.0,1.0,2.0,4.0,0.0,0.0,0.0,0.0,2026,5.422834645669292,3.8346938775510204,5.3,4.6,100
824604,2026-05-12,CWS,KC,145,118,607200.0,663568.0,False,9,5.0,5,2.0,0.0,0.0,0.0,5.0,3.0,0.0,1.0,0.0,2026,6.367716535433071,4.266666666666667,4.5,4.3,101
823712,2026-05-12,MIN,MIA,142,146,641927.0,691587.0,False,9,3.0,5,0.0,0.0,0.0,0.0,3.0,0.0,0.0,0.0,0.0,2026,4.50893470790378,4.056175298804781,4.7,4.1,99
823790,2026-05-12,MIL,SD,158,135,687075.0,699134.0,False,9,7.0,4,0.0,0.0,1.0,7.0,0.0,1.0,0.0,1.0,0.0,2026,6.269642857142857,3.1,5.0,3.1,100
822903,2026-05-12,TEX,ARI,140,109,669022.0,668678.0,False,9,4.0,5,1.0,2.0,0.0,1.0,4.0,0.0,0.0,0.0,3.0,2026,4.9222222222222225,4.35,2.9,2.9,103
824197,2026-05-12,HOU,SEA,117,136,837227.0,693433.0,False,9,4.0,4,0.0,3.0,1.0,4.0,1.0,0.0,1.0,0.0,2.0,2026,4.433333333333334,4.858620689655172,2.9,3.6,99
825011,2026-05-12,ATH,STL,133,138,605488.0,669467.0,False,9,4.0,1,4.0,3.0,0.0,0.0,0.0,2.0,0.0,1.0,0.0,2026,5.758730158730159,5.055719557195572,5.1,4.1,97
823951,2026-05-12,LAD,SF,119,137,808967.0,605288.0,False,9,3.0,7,1.0,0.0,2.0,0.0,2.0,0.0,3.0,0.0,0.0,2026,3.1641025641025644,7.083050847457627,3.9,3.5,94
824841,2026-05-13,BAL,NYY,110,147,680694.0,608331.0,False,9,2.0,tie,0.0,1.0,2.0,0.0,2.0,2.0,0.0,0.0,0.0,2026,4.502214022140222,2.9675496688741725,3.5,5.4,101
824438,2026-05-13,CLE,LAA,114,108,800048.0,672282.0,False,9,2.0,tie,2.0,0.0,1.0,0.0,2.0,1.0,0.0,0.0,0.0,2026,2.747887323943662,2.9534798534798536,3.8,2.8,97
823386,2026-05-13,PIT,COL,134,115,656605.0,500779.0,False,9,6.0,5,0.0,2.0,1.0,0.0,6.0,1.0,0.0,1.0,3.0,2026,3.3758620689655174,5.99795918367347,5.6,3.9,95
824763,2026-05-13,BOS,PHI,111,143,543243.0,691725.0,False,9,2.0,6,0.0,1.0,1.0,0.0,0.0,2.0,0.0,0.0,0.0,2026,4.258798283261802,6.885046728971963,3.4,4.8,104
824928,2026-05-13,ATL,CHC,144,112,702275.0,684007.0,False,9,3.0,8,0.0,0.0,0.0,1.0,1.0,0.0,0.0,3.0,0.0,2026,6.901169590643274,3.1,5.6,4.2,100
824603,2026-05-13,CWS,KC,145,118,702273.0,607625.0,False,9,3.0,4,0.0,2.0,1.0,3.0,2.0,0.0,1.0,0.0,2.0,2026,4.252263374485596,2.758703071672355,4.8,4.1,101
823710,2026-05-13,MIN,MIA,142,146,680573.0,676974.0,False,9,4.0,4,3.0,2.0,1.0,4.0,2.0,1.0,0.0,1.0,0.0,2026,6.894642857142857,1.992988929889299,4.3,3.6,99
823791,2026-05-13,MIL,SD,158,135,694819.0,650633.0,False,9,3.0,9,0.0,0.0,0.0,0.0,1.0,0.0,0.0,0.0,3.0,2026,2.1808823529411767,3.9275862068965517,5.4,3.3,100
822900,2026-05-13,TEX,ARI,140,109,677958.0,669194.0,False,9,6.0,9,0.0,0.0,0.0,0.0,3.0,1.0,1.0,0.0,6.0,2026,4.081308411214954,4.488888888888889,3.1,2.8,103
825010,2026-05-13,ATH,STL,133,138,669372.0,669461.0,False,9,4.0,5,0.0,0.0,0.0,1.0,4.0,0.0,2.0,1.0,0.0,2026,4.871653543307087,4.957707509881423,4.9,3.7,97
823952,2026-05-13,LAD,SF,119,137,660271.0,592662.0,False,9,2.0,tie,0.0,0.0,2.0,2.0,0.0,0.0,0.0,0.0,0.0,2026,2.3903225806451616,5.09288256227758,3.9,4.1,94
823383,2026-05-14,PIT,COL,134,115,682254.0,801403.0,False,9,3.0,tie,3.0,0.0,3.0,2.0,1.0,0.0,0.0,0.0,0.0,2026,1.1,3.919672131147541,5.1,4.3,95
824517,2026-05-14,CIN,WSH,113,120,695505.0,656492.0,False,9,5.0,8,0.0,2.0,0.0,4.0,3.0,0.0,2.0,5.0,0.0,2026,3.199337748344371,3.807395498392283,3.4,5.9,105
823630,2026-05-14,NYM,DET,121,116,690997.0,672456.0,False,9,3.0,tie,3.0,0.0,1.0,2.0,3.0,1.0,1.0,2.0,0.0,2026,2.1425531914893616,3.7690140845070426,4.2,3.3,94
823789,2026-05-14,MIL,SD,158,135,690986.0,656288.0,False,9,3.0,tie,3.0,3.0,0.0,1.0,0.0,0.0,0.0,0.0,1.0,2026,2.8835497835497836,3.5395604395604394,4.2,3.6,100
824196,2026-05-14,HOU,SEA,117,136,681347.0,622491.0,False,9,4.0,6,3.0,0.0,1.0,2.0,0.0,4.0,0.0,1.0,0.0,2026,4.447517730496454,5.291235059760956,2.8,4.1,99
825008,2026-05-14,ATH,STL,133,138,682052.0,700241.0,False,9,3.0,7,1.0,0.0,0.0,0.0,1.0,2.0,3.0,0.0,2.0,2026,6.459683794466404,4.163829787234043,5.0,3.2,97
824762,2026-05-14,BOS,PHI,111,143,624133.0,666200.0,False,9,4.0,8,0.0,0.0,0.0,0.0,0.0,0.0,0.0,4.0,0.0,2026,2.4377483443708607,3.3755905511811024,3.4,4.9,104
824926,2026-05-14,ATL,CHC,144,112,519242.0,676962.0,False,9,1.0,tie,0.0,0.0,0.0,0.0,0.0,1.0,0.0,1.0,0.0,2026,2.675757575757576,2.35,5.2,4.1,100
824602,2026-05-14,CWS,KC,145,118,641743.0,663460.0,False,9,3.0,1,3.0,0.0,2.0,1.0,0.0,0.0,1.0,1.0,0.0,2026,5.6,3.6839416058394163,4.6,4.3,101
823950,2026-05-14,LAD,SF,119,137,686218.0,694738.0,False,9,3.0,6,1.0,1.0,0.0,0.0,2.0,3.0,0.0,0.0,0.0,2026,3.1,2.9098859315589354,4.1,4.0,94
822739,2026-05-15,WSH,BAL,120,110,641793.0,669358.0,False,9,2.0,tie,0.0,0.0,0.0,1.0,0.0,2.0,0.0,0.0,2.0,2026,9.13448275862069,4.747940074906367,5.9,3.9,99
824280,2026-05-15,DET,TOR,116,141,669724.0,702056.0,False,9,2.0,2,0.0,2.0,1.0,0.0,0.0,1.0,0.0,0.0,1.0,2026,3.1,2.183969465648855,3.2,4.0,96
824439,2026-05-15,CLE,CIN,114,113,676440.0,671096.0,False,9,7.0,8,0.0,2.0,0.0,0.0,1.0,1.0,0.0,7.0,2.0,2026,3.988888888888889,4.399212598425197,4.1,4.9,97
823707,2026-05-15,MIN,MIL,142,158,657746.0,689441.0,False,9,2.0,8,1.0,0.0,0.0,0.0,0.0,1.0,1.0,2.0,0.0,2026,3.273160173160173,2.119607843137255,5.0,4.3,99
823629,2026-05-15,NYM,NYY,121,147,605280.0,693645.0,False,9,3.0,3,0.0,0.0,3.0,0.0,1.0,0.0,1.0,0.0,2.0,2026,3.2020408163265306,2.426923076923077,4.8,4.3,94
824601,2026-05-15,CWS,CHC,145,112,680732.0,665795.0,False,9,4.0,tie,1.0,1.0,0.0,1.0,4.0,1.0,2.0,4.0,1.0,2026,5.42824427480916,4.88082191780822,4.8,3.5,101
824194,2026-05-15,HOU,TEX,117,140,681293.0,683004.0,False,9,1.0,tie,0.0,0.0,1.0,0.0,0.0,0.0,0.0,1.0,0.0,2026,3.6673758865248227,4.5285714285714285,2.8,3.6,99
824360,2026-05-15,COL,ARI,115,109,607536.0,518876.0,False,9,7.0,1,7.0,0.0,0.0,1.0,0.0,0.0,2.0,0.0,0.0,2026,5.719047619047618,6.736363636363636,4.4,3.3,112
823140,2026-05-15,SEA,SD,136,135,676106.0,681190.0,False,9,1.0,tie,0.0,0.0,0.0,1.0,0.0,0.0,1.0,0.0,0.0,2026,4.766666666666667,3.9778625954198477,4.8,3.3,94
825009,2026-05-15,ATH,SF,133,137,650644.0,641816.0,False,9,5.0,5,0.0,1.0,0.0,1.0,5.0,0.0,0.0,0.0,0.0,2026,3.5347826086956524,5.495437262357415,4.8,4.1,97
823060,2026-05-16,STL,KC,138,118,681517.0,702070.0,False,9,3.0,5,1.0,0.0,0.0,0.0,3.0,0.0,0.0,1.0,1.0,2026,5.004761904761905,5.445679012345679,3.8,3.9,99
824359,2026-05-16,COL,ARI,115,109,608372.0,593958.0,False,9,2.0,tie,2.0,2.0,0.0,0.0,1.0,0.0,0.0,1.0,0.0,2026,5.88688524590164,4.669965870307167,3.9,3.8,112
822737,2026-05-16,WSH,BAL,120,110,676917.0,605135.0,False,9,10.0,7,0.0,3.0,1.0,0.0,0.0,0.0,10.0,2.0,0.0,2026,2.4388429752066116,4.365306122448979,5.9,4.0,99
823382,2026-05-16,PIT,PHI,134,143,696149.0,650911.0,False,9,3.0,1,3.0,2.0,0.0,0.0,0.0,0.0,0.0,1.0,0.0,2026,5.5,2.4188854489164084,4.9,5.5,95
824435,2026-05-16,CLE,CIN,114,113,676282.0,663978.0,False,9,3.0,5,0.0,2.0,1.0,0.0,3.0,2.0,2.0,1.0,0.0,2026,4.794214876033058,4.847572815533981,4.5,5.2,97
824193,2026-05-16,HOU,TEX,117,140,678906.0,594798.0,False,9,2.0,tie,2.0,0.0,0.0,2.0,0.0,0.0,1.0,0.0,0.0,2026,3.1,2.4286219081272087,2.7,3.5,99
824600,2026-05-16,CWS,CHC,145,112,663436.0,592791.0,False,9,3.0,1,3.0,0.0,2.0,0.0,2.0,2.0,0.0,0.0,2.0,2026,1.5025559105431312,5.396819787985866,5.0,4.0,101
823706,2026-05-16,MIN,MIL,142,158,687570.0,701656.0,False,9,1.0,tie,0.0,0.0,1.0,1.0,0.0,1.0,0.0,0.0,0.0,2026,4.363157894736842,2.1,4.8,4.2,99
823139,2026-05-16,SEA,SD,136,135,669302.0,621111.0,False,9,5.0,4,0.0,1.0,0.0,5.0,1.0,0.0,2.0,2.0,0.0,2026,5.054022988505747,3.5444444444444443,4.3,3.3,94
824924,2026-05-16,ATL,BOS,144,111,693821.0,801139.0,False,9,2.0,8,1.0,0.0,0.0,1.0,1.0,0.0,0.0,2.0,0.0,2026,3.363157894736842,2.784684684684685,3.5,3.3,100
823627,2026-05-16,NYM,NYY,121,147,623211.0,607074.0,False,9,3.0,5,0.0,1.0,2.0,1.0,3.0,0.0,2.0,0.0,0.0,2026,9.1,5.5390243902439025,4.5,3.6,94
824038,2026-05-16,LAA,LAD,108,119,667755.0,680736.0,False,9,7.0,6,1.0,0.0,0.0,0.0,0.0,7.0,0.0,4.0,5.0,2026,4.046969696969697,3.497727272727273,2.5,4.0,98
825007,2026-05-16,ATH,SF,133,137,622663.0,686790.0,False,9,3.0,tie,1.0,0.0,2.0,0.0,3.0,0.0,1.0,3.0,0.0,2026,4.438028169014085,4.00909090909091,4.6,4.0,97
822982,2026-05-17,TB,MIA,139,146,656876.0,691587.0,False,9,3.0,4,1.0,0.0,2.0,3.0,1.0,1.0,0.0,1.0,0.0,2026,4.283206106870229,4.243911439114392,4.9,4.5,97
822738,2026-05-17,WSH,BAL,120,110,663992.0,687064.0,False,9,3.0,tie,1.0,3.0,1.0,3.0,0.0,0.0,1.0,0.0,1.0,2026,1.6,4.957707509881423,6.9,3.4,99
823381,2026-05-17,PIT,PHI,134,143,694973.0,554430.0,False,9,3.0,6,0.0,0.0,0.0,0.0,2.0,3.0,0.0,1.0,0.0,2026,1.63125,2.6867768595041324,4.9,5.2,95
824923,2026-05-17,ATL,BOS,144,111,656550.0,678394.0,False,9,3.0,1,3.0,2.0,0.0,1.0,1.0,0.0,0.0,1.0,1.0,2026,5.858620689655172,8.048979591836735,3.3,3.1,100
824436,2026-05-17,CLE,CIN,114,113,668909.0,663903.0,False,9,3.0,3,2.0,0.0,3.0,2.0,1.0,0.0,2.0,2.0,1.0,2026,3.472670807453416,7.501709401709402,4.9,5.4,97
824279,2026-05-17,DET,TOR,116,141,656427.0,592332.0,False,9,2.0,tie,2.0,0.0,2.0,0.0,0.0,0.0,0.0,1.0,0.0,2026,6.554545454545455,4.1869565217391305,2.5,4.0,96
824192,2026-05-17,HOU,TEX,117,140,663567.0,543135.0,False,9,5.0,7,0.0,0.0,0.0,0.0,2.0,0.0,5.0,0.0,1.0,2026,2.9969072164948454,4.493939393939394,2.9,3.2,99
823058,2026-05-17,STL,KC,138,118,669467.0,663568.0,False,9,1.0,tie,1.0,0.0,0.0,1.0,0.0,0.0,0.0,0.0,0.0,2026,4.428413284132842,6.041176470588235,3.6,3.6,99
824358,2026-05-17,COL,ARI,115,109,547179.0,647336.0,False,9,5.0,4,0.0,0.0,2.0,5.0,2.0,1.0,0.0,4.0,0.0,2026,4.207011070110701,3.4308823529411767,4.1,3.1,112
825006,2026-05-17,ATH,SF,133,137,605488.0,605288.0,False,9,8.0,8,0.0,0.0,1.0,1.0,1.0,0.0,0.0,8.0,0.0,2026,6.004564315352697,7.083739837398374,4.9,4.1,97
824277,2026-05-18,DET,CLE,116,114,664285.0,677944.0,False,9,3.0,6,1.0,0.0,2.0,0.0,2.0,3.0,0.0,1.0,1.0,2026,5.036758893280632,4.9852459016393444,2.3,5.6,96
822980,2026-05-18,TB,BAL,139,110,663556.0,669432.0,False,9,7.0,5,1.0,5.0,1.0,2.0,7.0,4.0,1.0,1.0,0.0,2026,1.3608695652173914,5.305882352941177,5.1,3.4,97
823465,2026-05-18,PHI,CIN,143,113,691725.0,666157.0,False,9,3.0,8,2.0,2.0,0.0,0.0,0.0,1.0,1.0,3.0,0.0,2026,7.0285714285714285,7.605494505494505,5.2,5.1,102
823867,2026-05-18,MIA,ATL,146,144,676974.0,702275.0,False,9,6.0,5,0.0,1.0,0.0,5.0,6.0,0.0,0.0,0.0,0.0,2026,2.7703296703296703,6.2132075471698105,4.4,3.8,93
823549,2026-05-18,NYY,TOR,147,141,677960.0,571578.0,False,9,5.0,4,1.0,0.0,0.0,5.0,1.0,1.0,4.0,0.0,1.0,2026,4.160070671378092,3.823404255319149,3.7,4.1,97
824114,2026-05-18,KC,BOS,118,111,607625.0,543243.0,False,9,2.0,tie,0.0,0.0,0.0,0.0,0.0,2.0,2.0,0.0,0.0,2026,3.171174377224199,4.687982832618026,3.7,2.2,98
824680,2026-05-18,CHC,MIL,112,158,684007.0,687075.0,False,9,6.0,5,0.0,1.0,0.0,4.0,6.0,1.0,0.0,0.0,0.0,2026,3.318068535825545,4.446938775510204,4.1,4.3,98
824357,2026-05-18,COL,TEX,115,140,500779.0,669022.0,False,9,3.0,8,2.0,1.0,2.0,2.0,1.0,2.0,0.0,3.0,0.0,2026,5.194861660079051,4.582889733840305,4.2,3.4,112
824035,2026-05-18,LAA,ATH,108,133,700712.0,669372.0,False,9,3.0,9,0.0,0.0,0.0,0.0,0.0,0.0,0.0,0.0,3.0,2026,3.893650793650794,3.9745247148288976,2.4,4.7,98
823301,2026-05-18,SD,LAD,135,119,650633.0,808967.0,False,9,1.0,1,1.0,0.0,0.0,0.0,0.0,0.0,0.0,0.0,0.0,2026,3.738297872340426,4.186261980830671,3.3,5.2,96
825087,2026-05-18,ARI,SF,109,137,668678.0,592662.0,False,9,5.0,5,4.0,2.0,3.0,0.0,5.0,0.0,0.0,0.0,0.0,2026,5.090740740740741,5.224542124542125,3.9,5.0,100
823137,2026-05-18,SEA,CWS,136,145,693433.0,702273.0,False,9,3.0,8,1.0,0.0,1.0,0.0,0.0,1.0,1.0,3.0,0.0,2026,4.6,4.458024691358025,4.5,5.8,94
823865,2026-05-19,MIA,ATL,146,144,666129.0,527048.0,False,9,5.0,1,5.0,0.0,1.0,0.0,1.0,1.0,0.0,3.0,1.0,2026,11.281818181818181,4.283206106870229,5.2,3.7,93
824276,2026-05-19,DET,CLE,116,114,672456.0,800048.0,False,9,3.0,tie,0.0,3.0,0.0,3.0,0.0,0.0,1.0,0.0,0.0,2026,5.242857142857144,3.4759398496240603,2.5,5.6,96
822979,2026-05-19,TB,BAL,139,110,643377.0,680694.0,False,9,2.0,tie,2.0,0.0,0.0,0.0,0.0,1.0,0.0,2.0,0.0,2026,3.4759398496240603,4.502214022140222,6.4,3.7,97
823464,2026-05-19,PHI,CIN,143,113,666200.0,695505.0,False,9,2.0,tie,0.0,0.0,1.0,2.0,0.0,0.0,2.0,0.0,0.0,2026,2.9859315589353614,3.1,5.6,5.2,102
822736,2026-05-19,WSH,NYM,120,121,656492.0,690997.0,False,9,6.0,2,3.0,6.0,3.0,2.0,0.0,0.0,1.0,0.0,0.0,2026,4.561794019933555,2.8872340425531915,5.7,5.8,99
823548,2026-05-19,NYY,TOR,147,141,701542.0,656302.0,False,9,6.0,4,0.0,0.0,0.0,6.0,2.0,0.0,0.0,0.0,1.0,2026,2.817314487632509,1.817948717948718,3.5,4.7,97
824677,2026-05-19,CHC,MIL,112,158,676962.0,694819.0,False,9,4.0,8,1.0,0.0,2.0,0.0,0.0,0.0,0.0,4.0,0.0,2026,1.725,1.0037800687285223,3.6,4.6,98
824033,2026-05-19,LAA,ATH,108,133,672282.0,682052.0,False,9,7.0,3,0.0,0.0,7.0,3.0,0.0,2.0,1.0,6.0,1.0,2026,4.041176470588235,6.696837944664033,1.8,3.6,98
823302,2026-05-19,SD,LAD,135,119,656288.0,686218.0,False,9,4.0,1,4.0,0.0,2.0,0.0,1.0,1.0,0.0,0.0,1.0,2026,4.26504854368932,2.8254901960784315,3.3,4.9,96
825086,2026-05-19,ARI,SF,109,137,669194.0,694738.0,False,9,4.0,9,1.0,3.0,0.0,0.0,0.0,0.0,0.0,0.0,4.0,2026,4.717021276595744,3.1,4.9,4.7,100
823136,2026-05-19,SEA,CWS,136,145,682243.0,641743.0,False,9,2.0,9,1.0,0.0,0.0,0.0,0.0,0.0,0.0,0.0,2.0,2026,5.06078431372549,5.686206896551724,3.9,5.7,94
823462,2026-05-20,PHI,CIN,143,113,605400.0,671096.0,False,9,4.0,6,1.0,3.0,0.0,1.0,0.0,4.0,2.0,0.0,2.0,2026,6.325806451612904,4.93206106870229,5.0,5.6,102
822977,2026-05-20,TB,BAL,139,110,571927.0,669358.0,False,9,4.0,8,0.0,1.0,1.0,0.0,0.0,2.0,0.0,4.0,0.0,2026,5.475478927203065,4.832851985559567,6.0,3.5,97
823703,2026-05-20,MIN,HOU,142,117,657746.0,681347.0,False,9,3.0,4,0.0,2.0,0.0,3.0,0.0,0.0,0.0,0.0,0.0,2026,3.3164502164502165,4.632846715328467,3.9,2.1,99
824355,2026-05-20,COL,TEX,115,140,607536.0,683004.0,False,9,4.0,4,1.0,0.0,0.0,4.0,2.0,0.0,0.0,0.0,2.0,2026,6.305128205128206,4.57887323943662,3.4,4.7,112
825084,2026-05-20,ARI,SF,109,137,518876.0,641816.0,False,9,3.0,5,2.0,1.0,2.0,1.0,3.0,0.0,0.0,0.0,0.0,2026,5.83972602739726,3.5395604395604394,5.3,4.7,100
823134,2026-05-20,SEA,CWS,136,145,676106.0,680732.0,False,9,3.0,7,0.0,1.0,1.0,1.0,1.0,0.0,3.0,1.0,1.0,2026,4.333333333333334,5.1158102766798415,3.9,5.1,94
823866,2026-05-20,MIA,ATL,146,144,676083.0,519242.0,False,9,5.0,6,1.0,3.0,0.0,0.0,0.0,5.0,0.0,1.0,0.0,2026,4.162271062271063,2.2515151515151515,5.4,4.4,93
823547,2026-05-20,NYY,TOR,147,141,693645.0,702056.0,False,9,2.0,7,0.0,0.0,0.0,0.0,0.0,0.0,2.0,0.0,1.0,2026,2.654140127388535,2.3146596858638744,4.0,4.9,97
824111,2026-05-20,KC,BOS,118,111,608379.0,813349.0,False,9,2.0,tie,1.0,2.0,0.0,0.0,2.0,0.0,2.0,0.0,0.0,2026,4.860797342192691,5.334432234432235,3.0,2.4,98
824678,2026-05-20,CHC,MIL,112,158,665795.0,690986.0,False,9,3.0,2,0.0,3.0,1.0,0.0,0.0,0.0,1.0,0.0,0.0,2026,5.727737226277373,2.1416666666666666,3.1,4.5,98
823057,2026-05-20,STL,PIT,138,134,700241.0,669387.0,False,9,4.0,8,0.0,1.0,0.0,1.0,0.0,1.0,0.0,4.0,0.0,2026,3.6136986301369864,3.3966101694915256,4.1,5.0,99
823299,2026-05-20,SD,LAD,135,119,681190.0,660271.0,False,9,1.0,tie,1.0,1.0,0.0,0.0,1.0,0.0,0.0,0.0,1.0,2026,3.8092198581560286,2.13125,3.7,5.2,96
824274,2026-05-21,DET,CLE,116,114,663554.0,676282.0,False,9,2.0,tie,0.0,0.0,2.0,0.0,0.0,0.0,0.0,2.0,0.0,2026,1.8843137254901963,4.9,2.6,5.6,96
823056,2026-05-21,STL,PIT,138,134,669160.0,677952.0,False,9,2.0,tie,1.0,0.0,1.0,1.0,0.0,2.0,2.0,1.0,0.0,2026,3.8560137457044674,4.17936507936508,3.5,5.5,99
822733,2026-05-21,WSH,NYM,120,121,676917.0,656849.0,False,9,2.0,3,0.0,0.0,2.0,0.0,1.0,0.0,0.0,0.0,0.0,2026,3.2520912547528518,3.2339285714285717,6.4,6.4,99
823864,2026-05-21,MIA,ATL,146,144,645261.0,675911.0,False,9,2.0,tie,2.0,1.0,1.0,1.0,2.0,1.0,1.0,2.0,1.0,2026,2.3882562277580073,3.5929577464788736,4.7,4.6,93
823545,2026-05-21,NYY,TOR,147,141,607074.0,680755.0,False,9,1.0,tie,1.0,0.0,0.0,0.0,0.0,0.0,1.0,0.0,0.0,2026,4.058904109589041,3.1,3.8,3.7,97
824679,2026-05-22,CHC,HOU,112,117,592791.0,681293.0,False,9,2.0,tie,0.0,0.0,1.0,2.0,1.0,2.0,0.0,0.0,0.0,2026,7.312454212454213,3.78259385665529,3.1,2.2,98
823461,2026-05-22,PHI,CLE,143,114,650911.0,668909.0,False,9,1.0,9,0.0,0.0,0.0,0.0,0.0,0.0,0.0,0.0,1.0,2026,2.1084985835694052,3.6448717948717952,4.5,5.5,102
822816,2026-05-22,TOR,PIT,141,134,592332.0,696149.0,False,9,4.0,8,1.0,0.0,3.0,0.0,0.0,0.0,0.0,4.0,0.0,2026,4.005797101449275,6.918181818181818,3.8,4.8,101
824761,2026-05-22,BOS,MIN,111,142,801139.0,687570.0,False,9,4.0,tie,4.0,3.0,0.0,2.0,0.0,0.0,4.0,0.0,1.0,2026,3.199337748344371,4.18,2.6,4.1,104
823863,2026-05-22,MIA,NYM,146,121,691587.0,668964.0,False,9,1.0,tie,1.0,1.0,0.0,1.0,0.0,0.0,0.0,0.0,0.0,2026,5.781992337164751,2.6,4.5,6.5,93
824842,2026-05-22,BAL,DET,110,116,669211.0,656427.0,False,9,5.0,4,1.0,0.0,4.0,5.0,0.0,1.0,0.0,0.0,0.0,2026,-0.8999999999999999,5.677319587628866,3.6,2.1,101
824110,2026-05-22,KC,SEA,118,136,702070.0,669302.0,False,9,2.0,7,0.0,0.0,0.0,0.0,0.0,0.0,2.0,0.0,0.0,2026,4.092063492063492,6.077941176470588,2.8,4.3,98
823788,2026-05-22,MIL,LAD,158,119,701656.0,680736.0,False,9,4.0,1,4.0,1.0,0.0,0.0,0.0,0.0,1.0,0.0,0.0,2026,2.488888888888889,3.4313253012048195,4.6,5.4,100
824029,2026-05-22,LAA,TEX,108,140,680570.0,594798.0,False,9,4.0,1,4.0,0.0,2.0,3.0,0.0,1.0,2.0,2.0,1.0,2026,4.35,3.925082508250825,2.4,4.6,98
825082,2026-05-22,ARI,COL,109,115,647336.0,608372.0,False,9,1.0,tie,0.0,1.0,0.0,1.0,1.0,0.0,0.0,1.0,1.0,2026,2.94251968503937,5.540944881889764,5.4,3.6,100
823298,2026-05-22,SD,ATH,135,133,621111.0,605488.0,False,9,4.0,1,4.0,0.0,0.0,1.0,1.0,0.0,1.0,3.0,0.0,2026,4.344444444444445,4.653784860557769,3.3,4.8,96
823223,2026-05-22,SF,CWS,137,145,686790.0,663436.0,False,9,9.0,4,0.0,0.0,0.0,9.0,3.0,1.0,0.0,0.0,0.0,2026,3.482513661202186,1.482838283828383,4.3,4.9,95
824518,2026-05-23,CIN,STL,113,138,663978.0,669467.0,False,9,2.0,tie,0.0,1.0,2.0,1.0,0.0,0.0,2.0,1.0,2.0,2026,4.5285714285714285,3.912720848056537,6.2,3.5,105
824674,2026-05-23,CHC,HOU,112,117,607067.0,678906.0,False,9,2.0,1,2.0,0.0,0.0,1.0,0.0,0.0,0.0,0.0,0.0,2026,5.044444444444444,3.190909090909091,3.3,2.5,98
822814,2026-05-23,TOR,PIT,141,134,571578.0,694973.0,False,9,4.0,6,1.0,0.0,0.0,0.0,0.0,4.0,1.0,1.0,0.0,2026,4.566666666666666,2.1303030303030304,3.9,4.4,101
823458,2026-05-23,PHI,CLE,143,114,554430.0,677944.0,False,9,2.0,4,0.0,0.0,0.0,2.0,0.0,1.0,0.0,0.0,0.0,2026,2.362820512820513,4.194339622641509,3.9,4.9,102
823222,2026-05-23,SF,CWS,137,145,605288.0,663542.0,False,9,9.0,5,0.0,0.0,0.0,3.0,9.0,0.0,0.0,1.0,0.0,2026,6.5251968503937015,2.6,3.8,5.6,95
824109,2026-05-23,KC,SEA,118,136,663568.0,669923.0,False,9,3.0,1,3.0,0.0,1.0,0.0,0.0,1.0,0.0,0.0,0.0,2026,4.940490797546013,3.2056338028169016,2.5,4.2,98
824760,2026-05-23,BOS,MIN,111,142,663558.0,671737.0,False,9,2.0,tie,2.0,0.0,0.0,1.0,2.0,0.0,0.0,0.0,1.0,2026,14.1,4.561794019933555,3.1,4.4,104
824920,2026-05-23,ATL,WSH,144,120,656550.0,663623.0,False,9,1.0,tie,0.0,0.0,0.0,1.0,1.0,0.0,0.0,0.0,0.0,2026,5.4412698412698415,4.271171171171171,4.8,5.7,100
823862,2026-05-23,MIA,NYM,146,121,676974.0,642547.0,False,9,2.0,2,0.0,2.0,1.0,0.0,1.0,0.0,0.0,0.0,1.0,2026,2.7099290780141843,3.798529411764706,4.7,5.6,93
823787,2026-05-23,MIL,LAD,158,119,688107.0,808963.0,False,9,4.0,tie,3.0,0.0,0.0,4.0,0.0,0.0,0.0,3.0,4.0,2026,5.35,5.305882352941177,4.7,5.2,100
823300,2026-05-23,SD,ATH,135,133,608337.0,669372.0,False,9,1.0,tie,0.0,1.0,1.0,0.0,0.0,0.0,0.0,0.0,0.0,2026,4.3,3.271232876712329,3.7,4.7,96
824030,2026-05-23,LAA,TEX,108,140,700712.0,543135.0,False,9,2.0,tie,2.0,1.0,0.0,0.0,1.0,0.0,1.0,2.0,0.0,2026,4.330158730158731,4.433333333333334,3.1,4.9,98
825080,2026-05-23,ARI,COL,109,115,668678.0,547179.0,False,9,4.0,4,0.0,0.0,3.0,4.0,0.0,1.0,0.0,1.0,0.0,2026,5.555357142857143,5.305323193916349,5.5,3.8,100
822813,2026-05-24,TOR,PIT,141,134,656302.0,656605.0,False,9,2.0,6,1.0,1.0,0.0,1.0,0.0,2.0,0.0,0.0,0.0,2026,3.0358974358974358,3.7690140845070426,3.8,4.3,101
824839,2026-05-24,BAL,DET,110,116,687064.0,664285.0,False,9,3.0,9,0.0,0.0,0.0,2.0,0.0,1.0,0.0,2.0,3.0,2026,5.695744680851064,5.15761316872428,4.1,2.3,101
824759,2026-05-24,BOS,MIN,111,142,543243.0,641927.0,False,9,3.0,tie,1.0,1.0,2.0,3.0,0.0,3.0,0.0,0.0,1.0,2026,4.091379310344828,5.035483870967742,3.2,4.5,104
823459,2026-05-24,PHI,CLE,143,114,691725.0,800048.0,False,9,1.0,tie,0.0,0.0,0.0,0.0,1.0,1.0,1.0,1.0,0.0,2026,6.255737704918033,3.9270676691729323,4.0,4.6,102
823544,2026-05-24,NYY,TB,147,139,677960.0,656876.0,False,9,2.0,9,0.0,0.0,0.0,0.0,0.0,0.0,0.0,0.0,2.0,2026,3.240845070422535,3.4558718861209963,3.5,6.5,97
824108,2026-05-24,KC,SEA,118,136,607625.0,693433.0,False,9,4.0,5,1.0,0.0,0.0,0.0,4.0,1.0,3.0,2.0,3.0,2026,3.5797047970479707,4.507407407407408,2.5,3.2,98
823786,2026-05-24,MIL,LAD,158,119,687075.0,808967.0,False,9,4.0,5,0.0,1.0,0.0,1.0,4.0,0.0,0.0,0.0,0.0,2026,5.633333333333334,4.22540192926045,4.4,6.1,100
824676,2026-05-24,CHC,HOU,112,117,684007.0,663567.0,False,9,5.0,5,0.0,4.0,1.0,0.0,5.0,0.0,2.0,0.0,1.0,2026,3.9219178082191783,3.5651162790697675,3.1,2.6,98
823220,2026-05-24,SF,CWS,137,145,592662.0,702273.0,False,9,6.0,5,3.0,0.0,2.0,1.0,6.0,0.0,1.0,0.0,0.0,2026,6.485826771653544,4.575409836065574,4.2,5.3,95
825081,2026-05-24,ARI,COL,109,115,669194.0,500779.0,False,9,4.0,2,2.0,4.0,1.0,0.0,0.0,2.0,0.0,1.0,0.0,2026,5.1723684210526315,4.433333333333334,5.6,3.2,100
824921,2026-05-24,ATL,WSH,144,120,527048.0,656492.0,False,9,1.0,tie,0.0,0.0,0.0,0.0,1.0,0.0,0.0,1.0,1.0,2026,4.206870229007634,4.474570446735395,4.4,5.1,100
824028,2026-05-24,LAA,TEX,108,140,672282.0,669022.0,False,9,1.0,tie,0.0,1.0,1.0,0.0,0.0,0.0,0.0,0.0,1.0,2026,3.1809716599190283,3.5035874439461887,3.4,5.1,98
823380,2026-05-25,PIT,CHC,134,112,669387.0,676962.0,False,9,1.0,tie,0.0,0.0,1.0,0.0,1.0,0.0,1.0,0.0,0.0,2026,3.227659574468085,1.7923076923076924,4.3,3.5,95
824598,2026-05-25,CWS,MIN,145,142,641743.0,805673.0,False,9,2.0,tie,2.0,2.0,0.0,0.0,0.0,0.0,0.0,0.0,0.0,2026,4.374900398406375,2.6384615384615384,5.2,4.6,101
823784,2026-05-25,MIL,STL,158,138,694819.0,669461.0,False,9,3.0,1,3.0,0.0,0.0,0.0,0.0,2.0,1.0,0.0,0.0,2026,0.8408637873754157,4.291489361702128,4.4,4.1,100
824107,2026-05-25,KC,NYY,118,147,608379.0,701542.0,False,9,3.0,2,0.0,3.0,0.0,0.0,0.0,1.0,0.0,1.0,2.0,2026,4.1967741935483875,3.023954372623574,2.8,3.1,98
823625,2026-05-25,NYM,CIN,121,113,690997.0,666157.0,False,9,4.0,4,0.0,2.0,1.0,4.0,0.0,1.0,1.0,0.0,0.0,2026,4.166176470588235,7.715384615384615,4.5,6.1,94
823219,2026-05-25,SF,ARI,137,109,694738.0,518876.0,False,9,3.0,5,0.0,0.0,1.0,2.0,3.0,2.0,0.0,0.0,0.0,2026,2.834848484848485,4.611254019292605,5.0,6.0,95
824437,2026-05-25,CLE,WSH,114,120,676440.0,676571.0,False,9,4.0,2,3.0,4.0,1.0,1.0,1.0,2.0,0.0,0.0,0.0,2026,3.33972602739726,4.766666666666667,4.5,5.2,97
823296,2026-05-25,SD,PHI,135,143,656288.0,666200.0,False,9,2.0,7,1.0,0.0,0.0,0.0,0.0,0.0,2.0,0.0,0.0,2026,4.276470588235294,2.530604982206406,3.4,4.0,96
822899,2026-05-25,TEX,HOU,140,117,677958.0,837227.0,False,9,5.0,7,1.0,0.0,0.0,1.0,2.0,0.0,5.0,0.0,0.0,2026,4.181081081081081,6.985350318471338,4.5,3.0,103
822812,2026-05-25,TOR,MIA,141,146,702056.0,676083.0,False,9,4.0,6,1.0,0.0,0.0,0.0,2.0,4.0,0.0,3.0,0.0,2026,1.8649402390438248,4.931501831501832,3.4,4.5,101
825005,2026-05-25,ATH,SEA,133,136,650644.0,622491.0,False,9,6.0,3,0.0,0.0,6.0,1.0,0.0,0.0,0.0,1.0,3.0,2026,5.907692307692308,5.56031746031746,4.2,3.5,97
824434,2026-05-26,CLE,WSH,114,120,676282.0,676917.0,False,9,4.0,tie,0.0,4.0,0.0,0.0,1.0,0.0,0.0,0.0,4.0,2026,4.449206349206349,3.5240282685512367,4.1,5.9,97
824837,2026-05-26,BAL,TB,110,139,669358.0,643377.0,False,9,3.0,tie,1.0,3.0,0.0,0.0,3.0,0.0,0.0,0.0,0.0,2026,5.273913043478261,3.591803278688525,4.4,5.7,101
824275,2026-05-26,DET,LAA,116,108,672456.0,686799.0,False,9,5.0,8,0.0,1.0,2.0,3.0,3.0,1.0,0.0,5.0,1.0,2026,6.243939393939394,4.986120996441281,2.4,3.4,96
824758,2026-05-26,BOS,ATL,111,144,624133.0,675911.0,False,9,4.0,6,2.0,0.0,0.0,0.0,2.0,4.0,1.0,2.0,2.0,2026,2.351968503937008,4.77487684729064,3.4,4.5,104
822811,2026-05-26,TOR,MIA,141,146,680755.0,645261.0,False,9,6.0,6,0.0,1.0,1.0,0.0,1.0,6.0,0.0,0.0,0.0,2026,0.7190476190476192,3.2779359430604984,3.4,5.1,101
823624,2026-05-26,NYM,CIN,121,113,656849.0,695505.0,False,9,3.0,tie,2.0,0.0,0.0,3.0,0.0,3.0,0.0,1.0,0.0,2026,3.3690582959641255,2.8419354838709676,4.5,6.1,94
824106,2026-05-26,KC,NYY,118,147,663559.0,693645.0,False,9,5.0,3,4.0,1.0,5.0,0.0,1.0,0.0,1.0,2.0,2.0,2026,5.6,2.1476190476190475,2.9,3.5,98
823785,2026-05-26,MIL,STL,158,138,690986.0,700241.0,False,9,5.0,5,0.0,0.0,0.0,1.0,5.0,0.0,0.0,0.0,0.0,2026,1.385714285714286,3.6517241379310343,4.2,4.0,100
822898,2026-05-26,TEX,HOU,140,117,683004.0,669920.0,False,9,8.0,1,8.0,0.0,4.0,1.0,0.0,0.0,0.0,3.0,1.0,2026,4.57887323943662,2.2666666666666666,3.9,3.6,103
823294,2026-05-26,SD,PHI,135,143,681190.0,605400.0,False,9,2.0,tie,1.0,1.0,2.0,2.0,0.0,0.0,0.0,1.0,0.0,2026,5.036758893280632,5.091150442477876,3.3,4.0,96
823216,2026-05-26,SF,ARI,137,109,641816.0,593958.0,False,9,3.0,tie,1.0,3.0,1.0,0.0,0.0,1.0,3.0,2.0,1.0,2026,3.771936758893281,2.5585987261146497,5.0,5.7,95
823949,2026-05-26,LAD,COL,119,115,641778.0,607536.0,False,9,5.0,tie,2.0,1.0,2.0,4.0,2.0,5.0,0.0,0.0,5.0,2026,7.829064039408868,7.286046511627907,6.2,3.3,94
822809,2026-05-27,TOR,MIA,141,146,592332.0,691587.0,False,9,1.0,tie,1.0,0.0,0.0,0.0,1.0,1.0,0.0,0.0,0.0,2026,3.281159420289855,5.055719557195572,4.0,4.2,101
824432,2026-05-27,CLE,WSH,114,120,668909.0,676571.0,False,9,3.0,5,0.0,0.0,1.0,0.0,3.0,0.0,0.0,0.0,1.0,2026,2.226506024096386,7.31875,3.7,5.2,97
823783,2026-05-27,MIL,STL,158,138,694477.0,669160.0,False,9,2.0,8,0.0,0.0,0.0,1.0,0.0,0.0,0.0,2.0,0.0,2026,3.911965811965812,3.9247422680412374,4.5,3.5,100
825003,2026-05-27,ATH,SEA,133,136,605488.0,669302.0,False,9,3.0,tie,3.0,0.0,0.0,2.0,0.0,1.0,0.0,3.0,1.0,2026,5.758730158730159,5.635211267605634,3.6,4.0,97
823217,2026-05-27,SF,ARI,137,109,686790.0,647336.0,False,9,2.0,tie,0.0,0.0,2.0,0.0,0.0,2.0,1.0,0.0,0.0,2026,3.4720930232558143,3.2515151515151515,5.3,6.2,95
823295,2026-05-27,SD,PHI,135,143,621111.0,650911.0,False,9,2.0,6,0.0,0.0,0.0,0.0,0.0,2.0,0.0,0.0,1.0,2026,4.167193675889328,1.3984293193717279,3.4,3.3,96
824836,2026-05-27,BAL,TB,110,139,694346.0,571927.0,False,9,5.0,1,5.0,0.0,1.0,0.0,2.0,2.0,2.0,1.0,0.0,2026,9.766666666666666,5.60996015936255,4.8,5.5,101
824270,2026-05-27,DET,LAA,116,108,663554.0,667755.0,False,9,1.0,tie,1.0,1.0,0.0,0.0,1.0,0.0,1.0,0.0,0.0,2026,1.8924528301886792,4.372727272727273,2.7,4.4,96
823376,2026-05-27,PIT,CHC,134,112,696149.0,592791.0,False,9,6.0,7,2.0,1.0,3.0,2.0,0.0,0.0,6.0,0.0,0.0,2026,4.8826086956521735,7.137735849056604,4.1,2.5,95
824756,2026-05-27,BOS,ATL,111,144,813349.0,693821.0,False,9,6.0,4,0.0,0.0,0.0,6.0,0.0,0.0,1.0,1.0,0.0,2026,5.326148409893993,3.548717948717949,3.9,4.9,104
823626,2026-05-27,NYM,CIN,121,113,623211.0,671096.0,False,9,1.0,tie,1.0,1.0,1.0,0.0,1.0,1.0,1.0,0.0,0.0,2026,5.680645161290323,4.565201465201465,4.1,5.3,94
824104,2026-05-27,KC,NYY,118,147,702070.0,543037.0,False,9,3.0,7,0.0,0.0,0.0,2.0,0.0,0.0,3.0,2.0,0.0,2026,2.2176470588235295,3.9333333333333336,2.6,4.5,98
822897,2026-05-27,TEX,HOU,140,117,594798.0,681347.0,False,9,3.0,8,1.0,1.0,1.0,1.0,0.0,0.0,0.0,3.0,0.0,2026,5.16405693950178,5.976712328767123,4.9,4.1,103
823947,2026-05-27,LAD,COL,119,115,660271.0,608372.0,False,9,2.0,tie,2.0,0.0,0.0,2.0,0.0,0.0,0.0,1.0,0.0,2026,2.4870967741935486,5.524242424242424,7.1,3.5,94
824272,2026-05-28,DET,LAA,116,108,656427.0,680570.0,False,9,3.0,5,0.0,1.0,0.0,0.0,3.0,0.0,0.0,2.0,2.0,2026,4.173170731707318,4.647619047619047,3.0,4.2,96
824595,2026-05-28,CWS,MIN,145,142,663436.0,680573.0,False,9,4.0,3,1.0,0.0,4.0,1.0,1.0,0.0,1.0,0.0,0.0,2026,1.5353741496598639,7.609803921568627,5.4,4.2,101
824757,2026-05-28,BOS,ATL,111,144,801139.0,519242.0,False,9,5.0,6,0.0,0.0,0.0,4.0,0.0,5.0,1.0,0.0,2.0,2026,3.0006622516556294,1.706060606060606,4.5,4.7,104
824834,2026-05-28,BAL,TOR,110,141,605135.0,571578.0,False,9,1.0,tie,0.0,0.0,1.0,1.0,0.0,0.0,0.0,1.0,0.0,2026,4.7996047430830036,3.9641975308641975,5.6,3.8,101
823378,2026-05-28,PIT,CHC,134,112,694973.0,607067.0,False,9,4.0,6,0.0,0.0,0.0,1.0,0.0,4.0,0.0,3.0,1.0,2026,2.906451612903226,5.139215686274509,4.5,3.2,95
822896,2026-05-28,TEX,HOU,140,117,543135.0,681293.0,False,9,3.0,1,3.0,1.0,2.0,0.0,0.0,0.0,0.0,0.0,0.0,2026,4.357142857142858,3.7484641638225256,5.1,4.1,103
824515,2026-05-29,CIN,ATL,113,144,663978.0,656550.0,False,9,4.0,6,1.0,3.0,0.0,2.0,1.0,4.0,0.0,0.0,0.0,2026,4.17843137254902,5.523076923076923,4.8,4.9,105
822978,2026-05-29,TB,LAA,139,108,607259.0,700712.0,False,9,7.0,7,1.0,0.0,1.0,0.0,1.0,0.0,7.0,3.0,0.0,2026,3.0657534246575344,3.3222222222222224,5.0,4.8,97
823055,2026-05-29,STL,CHC,138,112,669467.0,684007.0,False,9,6.0,1,6.0,1.0,0.0,1.0,1.0,0.0,0.0,1.0,1.0,2026,4.024657534246575,5.093355481727575,3.1,3.1,99
822894,2026-05-29,TEX,KC,140,118,669022.0,663568.0,False,9,4.0,1,4.0,0.0,0.0,0.0,2.0,2.0,0.0,1.0,1.0,2026,3.357510729613734,4.246245059288538,4.4,2.4,103
824353,2026-05-29,COL,SF,115,137,547179.0,657277.0,False,9,7.0,9,0.0,1.0,1.0,2.0,0.0,0.0,0.0,3.0,7.0,2026,5.980658436213991,4.133333333333334,3.0,4.9,112
825002,2026-05-29,ATH,NYY,133,147,622663.0,607074.0,False,9,5.0,1,5.0,1.0,1.0,1.0,0.0,0.0,1.0,0.0,1.0,2026,3.6980066445182724,3.2626016260162602,3.6,4.9,97
823946,2026-05-29,LAD,PHI,119,143,680736.0,554430.0,False,9,1.0,tie,1.0,1.0,1.0,0.0,1.0,1.0,0.0,1.0,0.0,2026,3.9974358974358974,2.199378881987578,6.0,3.0,94
824593,2026-05-30,CWS,DET,145,116,641743.0,664285.0,False,9,3.0,8,2.0,0.0,1.0,0.0,0.0,0.0,2.0,3.0,0.0,2026,4.317712177121772,4.588549618320611,5.4,3.1,101
822731,2026-05-30,WSH,SD,120,135,656492.0,650633.0,False,9,6.0,7,0.0,1.0,1.0,1.0,1.0,0.0,6.0,3.0,0.0,2026,4.559074733096086,3.355474452554745,4.9,2.6,99
822893,2026-05-30,TEX,KC,140,118,677958.0,607625.0,False,9,4.0,7,1.0,0.0,0.0,2.0,0.0,0.0,4.0,3.0,3.0,2026,5.128301886792453,3.6904059040590407,4.7,2.3,103
824833,2026-05-30,BAL,TOR,110,141,687064.0,702056.0,False,9,6.0,9,0.0,0.0,1.0,2.0,0.0,0.0,0.0,2.0,6.0,2026,5.263265306122449,1.916793893129771,4.9,3.6,101
823375,2026-05-30,PIT,MIN,134,142,656605.0,641927.0,False,9,7.0,2,1.0,7.0,1.0,5.0,1.0,0.0,2.0,2.0,0.0,2026,4.018367346938776,5.233333333333333,4.7,3.8,95
824431,2026-05-30,CLE,BOS,114,111,800048.0,543243.0,False,9,6.0,9,1.0,0.0,0.0,1.0,0.0,1.0,0.0,1.0,6.0,2026,4.152631578947369,2.8413793103448275,2.6,4.6,97
822975,2026-05-30,TB,LAA,139,108,656876.0,672282.0,False,9,7.0,9,5.0,0.0,0.0,1.0,3.0,0.0,1.0,0.0,7.0,2026,2.9969072164948454,2.4140794223826716,5.3,5.1,97
823622,2026-05-30,NYM,MIA,121,146,681035.0,663969.0,False,9,3.0,4,0.0,0.0,0.0,3.0,1.0,1.0,2.0,0.0,0.0,2026,2.8345132743362833,2.475,3.1,3.5,94
824190,2026-05-30,HOU,MIL,117,158,663567.0,687075.0,False,9,4.0,5,1.0,3.0,0.0,0.0,4.0,0.0,0.0,3.0,0.0,2026,3.993470790378007,5.29626168224299,4.7,4.6,99
823054,2026-05-30,STL,CHC,138,112,681517.0,676962.0,False,9,2.0,tie,0.0,0.0,0.0,1.0,1.0,2.0,0.0,1.0,2.0,2026,4.397709923664122,1.7842105263157895,3.3,3.3,99
824513,2026-05-30,CIN,ATL,113,144,663903.0,527048.0,False,9,3.0,2,0.0,3.0,1.0,0.0,1.0,0.0,1.0,0.0,1.0,2026,8.941121495327103,3.5924242424242427,4.7,5.7,105
824352,2026-05-30,COL,SF,115,137,663372.0,605288.0,False,9,3.0,7,2.0,0.0,0.0,2.0,1.0,0.0,3.0,2.0,1.0,2026,5.949740932642487,5.209375,3.1,4.5,112
825000,2026-05-30,ATH,NYY,133,147,669372.0,677960.0,False,9,3.0,9,2.0,0.0,0.0,1.0,0.0,1.0,2.0,1.0,3.0,2026,3.6673758865248227,3.7360424028268553,3.7,5.1,97
823132,2026-05-30,SEA,ARI,136,109,693433.0,669194.0,False,9,2.0,tie,0.0,2.0,2.0,0.0,0.0,1.0,0.0,0.0,1.0,2026,2.60354609929078,4.35748502994012,4.9,5.1,94
823945,2026-05-30,LAD,PHI,119,143,808963.0,666200.0,False,9,3.0,8,0.0,2.0,0.0,1.0,0.0,0.0,1.0,3.0,0.0,2026,4.5285714285714285,2.98929889298893,5.4,2.6,94
824832,2026-05-31,BAL,TOR,110,141,680694.0,693686.0,False,9,5.0,3,0.0,1.0,5.0,0.0,0.0,3.0,1.0,4.0,0.0,2026,4.309964412811388,1.7666666666666668,5.4,3.9,101
822729,2026-05-31,WSH,SD,120,135,641793.0,656288.0,False,9,3.0,7,0.0,0.0,0.0,1.0,2.0,0.0,3.0,0.0,0.0,2026,8.272413793103448,5.1,4.9,2.9,99
823373,2026-05-31,PIT,MIN,134,142,677952.0,805673.0,False,9,5.0,5,0.0,2.0,2.0,0.0,5.0,2.0,0.0,0.0,1.0,2026,3.219402985074627,3.836842105263158,5.0,4.6,95
824430,2026-05-31,CLE,BOS,114,111,676440.0,624133.0,False,9,6.0,7,1.0,2.0,0.0,0.0,4.0,0.0,6.0,0.0,0.0,2026,5.636764705882353,2.60381679389313,2.3,5.2,97
822976,2026-05-31,TB,LAA,139,108,663556.0,686799.0,False,9,3.0,7,1.0,1.0,2.0,0.0,0.0,0.0,3.0,0.0,0.0,2026,2.491634980988593,5.437164750957854,5.0,5.9,97
824512,2026-05-31,CIN,ATL,113,144,666157.0,675911.0,False,9,2.0,tie,2.0,0.0,1.0,1.0,2.0,2.0,1.0,0.0,1.0,2026,6.5975369458128075,5.43201581027668,4.6,5.4,105
824592,2026-05-31,CWS,DET,145,116,680732.0,672456.0,False,9,2.0,7,1.0,0.0,0.0,0.0,0.0,0.0,2.0,0.0,0.0,2026,3.2968503937007876,5.5812030075187975,5.9,2.9,101
824187,2026-05-31,HOU,MIL,117,158,837227.0,694819.0,False,9,2.0,4,0.0,0.0,0.0,2.0,0.0,0.0,0.0,0.0,0.0,2026,6.433333333333334,0.5276527331189711,5.4,3.9,99
822895,2026-05-31,TEX,KC,140,118,683004.0,608379.0,False,9,4.0,1,4.0,0.0,0.0,2.0,0.0,0.0,1.0,2.0,0.0,2026,3.980281690140845,3.9484848484848487,4.4,2.8,103
824354,2026-05-31,COL,SF,115,137,685299.0,592662.0,False,9,9.0,5,1.0,2.0,0.0,4.0,9.0,1.0,3.0,3.0,2.0,2026,2.5,7.731147540983606,3.9,4.6,112
825001,2026-05-31,ATH,NYY,133,147,682052.0,701542.0,False,9,13.0,3,3.0,0.0,13.0,0.0,0.0,0.0,4.0,1.0,0.0,2026,7.653191489361703,3.974524714828897,2.9,4.8,97
823944,2026-05-31,LAD,PHI,119,143,808967.0,691725.0,False,9,2.0,tie,0.0,1.0,1.0,2.0,2.0,1.0,1.0,1.0,1.0,2026,4.4826366559485535,5.471541501976285,5.7,2.5,94
823053,2026-05-31,STL,CHC,138,112,669461.0,696136.0,False,9,3.0,3,2.0,0.0,3.0,0.0,0.0,1.0,0.0,0.0,0.0,2026,2.745669291338583,5.295121951219512,3.4,3.7,99
822730,2026-06-01,WSH,MIA,120,146,676917.0,645261.0,False,9,3.0,tie,1.0,2.0,1.0,0.0,0.0,3.0,0.0,0.0,3.0,2026,3.276678445229682,5.041391941391941,4.5,3.2,99
823702,2026-06-01,MIN,CWS,142,145,657746.0,689818.0,False,9,7.0,5,1.0,0.0,1.0,4.0,7.0,0.0,0.0,0.0,2.0,2026,2.1118577075098814,3.9333333333333336,4.5,5.7,99
823781,2026-06-01,MIL,SF,158,137,675660.0,694738.0,False,9,9.0,2,0.0,9.0,0.0,1.0,0.0,2.0,2.0,4.0,0.0,2026,6.736363636363636,2.6041322314049586,3.6,6.2,100
823050,2026-06-01,STL,TEX,138,140,700241.0,594798.0,False,9,1.0,tie,0.0,0.0,0.0,1.0,1.0,1.0,0.0,0.0,0.0,2026,4.025925925925926,5.662277580071175,3.0,4.5,99
824027,2026-06-01,LAA,COL,108,115,667755.0,607536.0,False,9,7.0,8,1.0,0.0,6.0,0.0,2.0,0.0,0.0,7.0,1.0,2026,4.154545454545454,8.758536585365853,5.6,4.1,98
825078,2026-06-01,ARI,LAD,109,119,593958.0,686218.0,False,9,2.0,8,0.0,0.0,1.0,0.0,0.0,1.0,1.0,2.0,0.0,2026,2.6783132530120484,4.083606557377049,4.3,6.1,100
822971,2026-06-02,TB,DET,139,116,571927.0,656427.0,False,9,3.0,2,2.0,3.0,0.0,0.0,0.0,2.0,1.0,0.0,0.0,2026,6.143478260869566,2.7888888888888888,4.4,3.7,97
823460,2026-06-02,PHI,SD,143,135,605400.0,681190.0,False,9,2.0,tie,0.0,0.0,2.0,2.0,0.0,1.0,0.0,0.0,0.0,2026,4.1245901639344265,5.452941176470588,2.5,2.7,102
824754,2026-06-02,BOS,BAL,111,110,813349.0,669358.0,False,9,2.0,3,1.0,1.0,2.0,1.0,1.0,0.0,0.0,0.0,0.0,2026,4.371477663230241,4.596598639455783,5.4,6.0,104
823541,2026-06-02,NYY,CLE,147,114,693645.0,676282.0,False,9,4.0,4,0.0,0.0,3.0,4.0,2.0,0.0,1.0,3.0,0.0,2026,2.5217687074829933,4.781034482758621,5.6,2.4,97
824918,2026-06-02,ATL,TOR,144,141,693821.0,592332.0,False,9,2.0,tie,2.0,2.0,1.0,0.0,0.0,2.0,0.0,0.0,0.0,2026,3.6653710247349824,2.2240875912408757,4.9,4.2,100
823700,2026-06-02,MIN,CWS,142,145,687570.0,663436.0,False,9,4.0,tie,0.0,0.0,4.0,4.0,1.0,0.0,1.0,0.0,0.0,2026,5.008713692946058,1.709271523178808,4.6,5.4,99
823782,2026-06-02,MIL,SF,158,137,690986.0,686790.0,False,9,6.0,8,3.0,0.0,0.0,0.0,0.0,1.0,1.0,6.0,0.0,2026,1.9928571428571429,3.281159420289855,4.7,6.1,100
823052,2026-06-02,STL,TEX,138,140,669160.0,543135.0,False,9,3.0,tie,0.0,1.0,0.0,1.0,2.0,1.0,3.0,0.0,3.0,2026,3.332558139534884,3.5166666666666666,3.1,4.1,99
824675,2026-06-02,CHC,ATH,112,133,592791.0,695611.0,False,9,1.0,tie,1.0,0.0,1.0,1.0,0.0,0.0,0.0,0.0,0.0,2026,7.753061224489796,2.3,3.8,3.1,98
824189,2026-06-02,HOU,PIT,117,134,681347.0,696149.0,False,9,4.0,6,2.0,2.0,1.0,1.0,0.0,4.0,0.0,3.0,3.0,2026,5.311538461538461,4.143478260869565,5.3,5.3,99
824026,2026-06-02,LAA,COL,108,115,680570.0,608372.0,False,9,5.0,4,0.0,3.0,0.0,5.0,2.0,0.0,0.0,0.0,0.0,2026,4.74179104477612,6.315686274509805,6.2,4.9,98
825079,2026-06-02,ARI,LAD,109,119,647336.0,641778.0,False,9,5.0,7,2.0,2.0,1.0,0.0,1.0,0.0,5.0,0.0,0.0,2026,2.5217687074829933,7.009465020576132,4.5,5.8,100
823129,2026-06-02,SEA,NYM,136,121,669302.0,623211.0,False,9,3.0,tie,0.0,2.0,3.0,1.0,3.0,2.0,0.0,0.0,0.0,2026,4.9707482993197285,4.807317073170732,4.8,3.7,94
822973,2026-06-03,TB,DET,139,116,607259.0,675512.0,False,9,3.0,4,2.0,2.0,1.0,3.0,0.0,0.0,0.0,0.0,1.0,2026,2.8945205479452056,3.4278688524590164,3.9,4.1,97
823701,2026-06-03,MIN,CWS,142,145,671737.0,607200.0,False,9,4.0,1,4.0,0.0,0.0,0.0,0.0,1.0,0.0,3.0,0.0,2026,4.843772241992882,8.22820512820513,4.8,5.5,99
823130,2026-06-03,SEA,NYM,136,121,669923.0,642547.0,False,9,4.0,4,2.0,0.0,0.0,4.0,1.0,0.0,0.0,1.0,0.0,2026,3.347349823321555,4.423529411764706,5.4,3.9,94
823456,2026-06-03,PHI,SD,143,135,650911.0,621111.0,False,9,3.0,7,0.0,0.0,0.0,0.0,1.0,0.0,3.0,1.0,0.0,2026,1.1,3.9396946564885496,2.4,2.9,102
824755,2026-06-03,BOS,BAL,111,110,801139.0,605135.0,False,9,5.0,5,1.0,0.0,2.0,0.0,5.0,0.0,1.0,0.0,0.0,2026,2.6033112582781457,5.001140684410647,5.2,5.7,104
823540,2026-06-03,NYY,CLE,147,114,543037.0,668909.0,False,9,3.0,4,0.0,2.0,0.0,3.0,0.0,2.0,0.0,1.0,1.0,2026,1.8704918032786886,2.706060606060606,5.9,3.0,97
824509,2026-06-03,CIN,KC,113,118,695505.0,663568.0,False,9,3.0,9,2.0,0.0,0.0,0.0,2.0,0.0,0.0,0.0,3.0,2026,3.0003322259136214,4.255115511551155,4.1,3.9,105
824917,2026-06-03,ATL,TOR,144,141,656550.0,571578.0,False,9,4.0,3,1.0,1.0,4.0,0.0,0.0,0.0,3.0,0.0,1.0,2026,5.372727272727273,3.8438016528925623,4.4,3.9,100
823780,2026-06-03,MIL,SF,158,137,688107.0,657277.0,False,9,1.0,5,0.0,0.0,0.0,0.0,1.0,0.0,0.0,0.0,0.0,2026,6.309876543209876,3.9185053380782917,5.0,6.0,100
823051,2026-06-03,STL,TEX,138,140,669467.0,669022.0,False,9,3.0,3,1.0,0.0,3.0,0.0,1.0,1.0,2.0,0.0,0.0,2026,4.474045801526717,3.214503816793893,3.3,4.6,99
824188,2026-06-03,HOU,PIT,117,134,681293.0,694973.0,False,9,7.0,8,0.0,0.0,2.0,4.0,1.0,1.0,5.0,7.0,0.0,2026,4.230742049469965,2.2961414790996786,5.5,6.1,99
824024,2026-06-03,LAA,COL,108,115,700712.0,547179.0,False,9,6.0,2,0.0,6.0,0.0,3.0,3.0,2.0,0.0,1.0,0.0,2026,3.8142857142857145,5.198214285714286,5.5,5.4,98
825077,2026-06-03,ARI,LAD,109,119,668678.0,660271.0,False,9,3.0,3,0.0,2.0,3.0,0.0,0.0,0.0,2.0,0.0,0.0,2026,6.522053231939164,2.970967741935484,4.8,6.3,100
823457,2026-06-04,PHI,SD,143,135,554430.0,608337.0,False,9,5.0,7,0.0,0.0,0.0,1.0,2.0,0.0,5.0,0.0,2.0,2026,3.9695652173913043,7.444262295081968,2.7,2.4,102
824753,2026-06-04,BOS,BAL,111,110,678394.0,669432.0,False,9,6.0,1,6.0,0.0,0.0,0.0,2.0,1.0,0.0,0.0,1.0,2026,9.053488372093023,6.809677419354839,5.4,5.3,104
823542,2026-06-04,NYY,CLE,147,114,607074.0,677944.0,False,9,2.0,4,0.0,0.0,0.0,2.0,0.0,0.0,1.0,0.0,0.0,2026,3.919672131147541,2.7047430830039527,6.3,3.4,97
823779,2026-06-04,MIL,SF,158,137,689441.0,605288.0,False,9,8.0,7,4.0,0.0,3.0,0.0,2.0,0.0,8.0,1.0,3.0,2026,3.738297872340426,4.726016260162602,4.7,5.1,100
824919,2026-06-04,ATL,TOR,144,141,519242.0,689254.0,False,9,4.0,tie,0.0,0.0,4.0,0.0,0.0,0.0,0.0,1.0,4.0,2026,1.81875,1.6714285714285715,4.6,3.7,100
823698,2026-06-04,MIN,KC,142,118,702193.0,607625.0,False,9,4.0,6,2.0,2.0,1.0,2.0,1.0,4.0,0.0,0.0,2.0,2026,3.1,4.059409594095941,4.2,3.9,99
824672,2026-06-04,CHC,ATH,112,133,684007.0,669372.0,False,9,4.0,tie,0.0,0.0,0.0,1.0,0.0,4.0,4.0,0.0,4.0,2026,7.036170212765957,3.4322259136212625,4.1,3.2,98
824185,2026-06-04,HOU,PIT,117,134,678906.0,683003.0,False,9,5.0,6,1.0,0.0,0.0,0.0,0.0,5.0,0.0,0.0,0.0,2026,4.1,7.978048780487805,6.3,6.8,99
825076,2026-06-04,ARI,LAD,109,119,669194.0,680736.0,False,9,2.0,tie,0.0,0.0,0.0,0.0,2.0,0.0,0.0,2.0,1.0,2026,5.502402402402403,3.72111801242236,4.3,5.9,100
824673,2026-06-05,CHC,SF,112,137,665795.0,592662.0,False,9,8.0,6,2.0,0.0,0.0,6.0,1.0,8.0,0.0,2.0,2.0,2026,5.578632478632478,7.180717488789238,4.3,5.5,98
824271,2026-06-05,DET,SEA,116,136,664285.0,693433.0,False,9,3.0,tie,1.0,0.0,3.0,0.0,0.0,0.0,3.0,3.0,0.0,2026,5.486363636363636,1.2506849315068493,4.5,5.5,96
823455,2026-06-05,PHI,CWS,143,145,666200.0,641743.0,False,9,7.0,2,0.0,7.0,1.0,1.0,1.0,1.0,3.0,0.0,0.0,2026,2.9084291187739466,3.985608856088561,3.0,5.8,102
823538,2026-06-05,NYY,BOS,147,111,677960.0,543243.0,False,9,3.0,5,1.0,0.0,2.0,2.0,3.0,0.0,0.0,0.0,0.0,2026,4.494557823129252,2.72962962962963,6.3,5.4,97
822810,2026-06-05,TOR,BAL,141,110,702056.0,687064.0,False,9,5.0,6,2.0,0.0,0.0,0.0,2.0,5.0,0.0,3.0,4.0,2026,2.548529411764706,3.736704119850187,4.3,6.0,101
824914,2026-06-05,ATL,PIT,144,134,527048.0,656605.0,False,9,5.0,3,0.0,1.0,5.0,0.0,3.0,0.0,0.0,0.0,0.0,2026,4.162992125984252,4.198484848484849,4.8,6.9,100
823049,2026-06-05,STL,CIN,138,113,681517.0,663903.0,False,9,6.0,6,5.0,0.0,1.0,0.0,1.0,6.0,0.0,0.0,0.0,2026,3.7746031746031745,9.625821596244132,3.0,4.2,99
822892,2026-06-05,TEX,CLE,140,114,677958.0,800048.0,False,9,3.0,6,1.0,0.0,0.0,1.0,0.0,3.0,0.0,0.0,0.0,2026,5.3641509433962264,3.062406015037594,4.8,3.5,103
823699,2026-06-05,MIN,KC,142,118,805673.0,608379.0,False,9,4.0,6,2.0,0.0,1.0,0.0,0.0,4.0,0.0,0.0,1.0,2026,4.615151515151515,3.7451612903225806,4.7,3.9,99
825073,2026-06-05,ARI,WSH,109,120,518876.0,656492.0,False,9,5.0,tie,2.0,0.0,5.0,0.0,1.0,5.0,0.0,1.0,1.0,2026,4.214369501466276,5.793726937269373,3.7,4.5,100
823293,2026-06-05,SD,NYM,135,121,650633.0,681035.0,False,9,2.0,5,0.0,1.0,1.0,0.0,2.0,0.0,0.0,0.0,1.0,2026,3.9394160583941606,2.392035398230089,2.6,4.5,96
823943,2026-06-05,LAD,LAA,119,108,808963.0,672282.0,False,9,1.0,9,0.0,0.0,0.0,0.0,0.0,0.0,0.0,0.0,1.0,2026,3.3491103202846975,3.28796992481203,5.6,6.1,94
824269,2026-06-06,DET,SEA,116,136,672456.0,682243.0,False,9,2.0,3,0.0,1.0,2.0,1.0,0.0,0.0,0.0,0.0,0.0,2026,4.7287878787878785,2.44640522875817,4.8,5.2,96
823697,2026-06-06,MIN,KC,142,118,657746.0,679883.0,False,9,2.0,9,1.0,0.0,0.0,0.0,1.0,0.0,0.0,1.0,2.0,2026,2.523076923076923,6.725,4.7,3.9,99
823048,2026-06-06,STL,CIN,138,113,669461.0,666157.0,False,9,3.0,tie,0.0,3.0,3.0,2.0,1.0,0.0,0.0,2.0,0.0,2026,2.6256916996047432,6.911320754716981,3.4,3.8,99
822808,2026-06-06,TOR,BAL,141,110,680755.0,680694.0,False,9,4.0,3,0.0,2.0,4.0,0.0,1.0,2.0,1.0,0.0,0.0,2026,0.8419354838709681,3.2607717041800646,4.4,6.4,101
823454,2026-06-06,PHI,CWS,143,145,691725.0,685126.0,False,9,4.0,1,4.0,0.0,2.0,1.0,0.0,2.0,0.0,0.0,0.0,2026,6.305128205128206,1.281818181818182,3.7,6.1,102
825075,2026-06-06,ARI,WSH,109,120,593958.0,641793.0,False,9,2.0,tie,2.0,0.0,0.0,0.0,1.0,0.0,2.0,0.0,2.0,2026,2.727329192546584,6.86984126984127,3.2,5.7,100
824915,2026-06-06,ATL,PIT,144,134,675911.0,677952.0,False,9,4.0,5,2.0,0.0,1.0,2.0,4.0,0.0,0.0,0.0,0.0,2026,4.313235294117647,3.1309597523219814,5.3,7.0,100
823859,2026-06-06,MIA,TB,146,139,669199.0,663556.0,False,9,2.0,tie,0.0,0.0,0.0,0.0,2.0,2.0,0.0,1.0,2.0,2026,1.7363636363636366,2.6256916996047432,3.7,4.3,93
822891,2026-06-06,TEX,CLE,140,114,683004.0,676440.0,False,9,4.0,5,0.0,0.0,0.0,1.0,4.0,0.0,0.0,1.0,0.0,2026,3.6474452554744525,5.291780821917808,5.1,3.4,103
824351,2026-06-06,COL,MIL,115,158,688642.0,694819.0,False,9,3.0,7,1.0,1.0,0.0,0.0,1.0,0.0,3.0,2.0,0.0,2026,2.1,0.584848484848485,6.0,5.9,112
823942,2026-06-06,LAD,LAA,119,108,808967.0,686799.0,False,9,10.0,1,10.0,0.0,0.0,0.0,0.0,0.0,0.0,0.0,1.0,2026,3.580769230769231,6.312669683257918,5.2,5.9,94
823292,2026-06-06,SD,NYM,135,121,656288.0,690997.0,False,9,3.0,7,0.0,1.0,1.0,0.0,0.0,0.0,3.0,0.0,0.0,2026,5.937209302325582,6.369961977186312,2.4,5.0,96
824916,2026-06-07,ATL,PIT,144,134,693821.0,682254.0,False,9,3.0,7,1.0,0.0,1.0,0.0,0.0,0.0,3.0,0.0,0.0,2026,3.66140350877193,-0.2333333333333334,5.2,6.1,100
823537,2026-06-07,NYY,BOS,147,111,693645.0,624133.0,False,9,5.0,8,0.0,0.0,0.0,0.0,1.0,1.0,0.0,5.0,0.0,2026,2.817314487632509,2.798275862068966,6.4,5.4,97
822807,2026-06-07,TOR,BAL,141,110,592332.0,669358.0,False,9,5.0,6,0.0,0.0,0.0,0.0,4.0,5.0,0.0,1.0,0.0,2026,2.4430656934306567,3.676923076923077,4.2,6.2,101
824268,2026-06-07,DET,SEA,116,136,656427.0,622491.0,False,9,3.0,7,0.0,0.0,1.0,1.0,0.0,2.0,3.0,0.0,2.0,2026,3.1444444444444444,5.124793388429753,4.2,4.7,96
823857,2026-06-07,MIA,TB,146,139,645261.0,643377.0,False,9,2.0,tie,0.0,0.0,1.0,0.0,0.0,2.0,2.0,0.0,0.0,2026,4.9874172185430465,4.95,3.3,3.9,93
824183,2026-06-07,HOU,ATH,117,133,681347.0,695611.0,False,9,3.0,3,0.0,0.0,3.0,1.0,1.0,0.0,0.0,0.0,0.0,2026,6.113245033112583,2.4333333333333336,5.8,3.4,99
823696,2026-06-07,MIN,KC,142,118,687570.0,702070.0,False,9,4.0,tie,0.0,1.0,0.0,1.0,4.0,0.0,0.0,1.0,4.0,2026,3.5382470119521914,2.2071428571428573,4.7,4.1,99
823047,2026-06-07,STL,CIN,138,113,700241.0,695076.0,False,9,3.0,5,0.0,0.0,2.0,0.0,3.0,0.0,1.0,2.0,0.0,2026,4.062962962962963,3.8981220657276996,3.9,3.6,99
822890,2026-06-07,TEX,CLE,140,114,594798.0,676282.0,False,9,4.0,3,2.0,0.0,4.0,1.0,0.0,1.0,0.0,2.0,0.0,2026,4.729629629629629,5.172072072072073,4.1,3.8,103
824349,2026-06-07,COL,MIL,115,158,607536.0,675660.0,False,9,7.0,6,2.0,1.0,0.0,0.0,1.0,7.0,0.0,0.0,5.0,2026,7.868518518518519,5.841935483870968,5.8,6.0,112
825074,2026-06-07,ARI,WSH,109,120,647336.0,676917.0,False,9,2.0,5,1.0,1.0,0.0,1.0,2.0,0.0,1.0,0.0,0.0,2026,2.41740614334471,2.895221843003413,2.6,5.3,100
823941,2026-06-07,LAD,LAA,119,108,686218.0,667755.0,False,9,6.0,7,0.0,2.0,1.0,2.0,2.0,4.0,6.0,0.0,1.0,2026,4.39277566539924,4.183032490974729,4.6,5.1,94
823291,2026-06-07,SD,NYM,135,121,681190.0,623211.0,False,9,4.0,5,1.0,1.0,0.0,0.0,4.0,2.0,0.0,1.0,1.0,2026,5.273913043478261,7.439622641509434,2.7,5.0,96
824829,2026-06-08,BAL,SEA,110,136,694346.0,676106.0,False,9,5.0,5,0.0,0.0,1.0,0.0,5.0,0.0,1.0,2.0,0.0,2026,7.1425531914893625,3.8241379310344827,5.5,4.7,101
822972,2026-06-08,TB,BOS,139,111,693855.0,813349.0,False,9,1.0,tie,1.0,0.0,1.0,0.0,1.0,0.0,0.0,1.0,0.0,2026,7.6,4.3582781456953645,3.9,4.9,97
822806,2026-06-08,TOR,PHI,141,143,571578.0,650911.0,False,9,4.0,3,0.0,2.0,4.0,0.0,1.0,0.0,0.0,0.0,0.0,2026,4.261825726141079,1.073684210526316,4.6,4.2,101
823289,2026-06-08,SD,CIN,135,113,621111.0,671096.0,False,9,3.0,8,0.0,0.0,1.0,0.0,1.0,1.0,2.0,3.0,0.0,2026,3.5797047970479707,4.879359430604982,2.7,3.2,96
823218,2026-06-08,SF,WSH,137,120,657277.0,663992.0,False,9,3.0,9,0.0,0.0,0.0,0.0,0.0,2.0,0.0,2.0,3.0,2026,3.4780068728522338,5.231147540983606,6.8,4.8,95
823374,2026-06-09,PIT,LAD,134,119,694973.0,641778.0,False,9,10.0,7,2.0,1.0,0.0,0.0,0.0,1.0,10.0,0.0,1.0,2026,2.294139194139194,6.262393162393163,5.9,4.7,95
822969,2026-06-09,TB,BOS,139,111,607259.0,801139.0,False,9,3.0,4,0.0,0.0,1.0,3.0,0.0,1.0,0.0,2.0,0.0,2026,4.021985815602837,2.791780821917808,4.0,4.2,97
824267,2026-06-09,DET,MIN,116,142,675512.0,671737.0,False,9,4.0,5,2.0,1.0,2.0,0.0,4.0,3.0,2.0,0.0,0.0,2026,3.743564356435644,3.0618320610687024,4.3,5.0,96
823858,2026-06-09,MIA,ARI,146,109,676974.0,668678.0,False,9,7.0,8,2.0,1.0,1.0,1.0,0.0,3.0,1.0,7.0,0.0,2026,3.2923076923076926,6.341106719367589,3.6,2.8,93
824429,2026-06-09,CLE,NYY,114,147,677944.0,543037.0,False,9,2.0,tie,0.0,2.0,2.0,0.0,0.0,0.0,0.0,1.0,0.0,2026,2.4129770992366413,4.429479768786127,3.7,5.8,97
822805,2026-06-09,TOR,PHI,141,143,656302.0,554430.0,False,9,3.0,9,1.0,0.0,0.0,0.0,0.0,1.0,0.0,0.0,3.0,2026,3.3980132450331126,3.885498489425982,4.6,4.4,101
823620,2026-06-09,NYM,STL,121,138,642547.0,669160.0,False,9,4.0,3,0.0,0.0,4.0,0.0,2.0,0.0,1.0,0.0,0.0,2026,4.482978723404256,2.826962457337884,5.5,4.4,94
824105,2026-06-09,KC,TEX,118,140,663568.0,543135.0,False,9,4.0,6,0.0,1.0,0.0,1.0,1.0,4.0,1.0,0.0,0.0,2026,4.090415335463259,3.9000000000000004,4.7,4.8,98
824347,2026-06-09,COL,CHC,115,112,608372.0,607067.0,False,9,3.0,tie,2.0,3.0,3.0,0.0,0.0,2.0,0.0,0.0,0.0,2026,5.619685039370079,5.727450980392157,5.6,3.8,112
824023,2026-06-09,LAA,HOU,108,117,700712.0,678906.0,False,9,5.0,2,2.0,5.0,0.0,0.0,0.0,0.0,1.0,3.0,0.0,2026,4.135714285714286,4.891666666666667,6.1,5.4,98
823214,2026-06-09,SF,WSH,137,120,605288.0,674841.0,False,9,3.0,5,2.0,0.0,0.0,0.0,3.0,0.0,2.0,0.0,2.0,2026,4.950220264317181,4.5285714285714285,6.5,5.0,95
824999,2026-06-09,ATH,MIL,133,158,669372.0,688107.0,False,9,3.0,tie,3.0,2.0,0.0,1.0,3.0,3.0,0.0,0.0,0.0,2026,3.5626334519572955,5.542748091603054,5.1,8.0,97
822970,2026-06-10,TB,BOS,139,111,656876.0,687562.0,False,9,6.0,8,0.0,0.0,1.0,0.0,3.0,1.0,0.0,6.0,1.0,2026,2.859450171821306,4.783168316831683,3.6,4.3,97
824428,2026-06-10,CLE,NYY,114,147,800048.0,607074.0,False,9,3.0,tie,1.0,3.0,0.0,2.0,0.0,3.0,2.0,0.0,1.0,2026,4.265413533834587,3.511522633744856,3.5,5.4,97
823215,2026-06-10,SF,WSH,137,120,592662.0,656492.0,False,9,6.0,9,0.0,0.0,2.0,0.0,0.0,5.0,3.0,5.0,6.0,2026,7.1845070422535215,6.287250996015937,6.5,5.1,95
823287,2026-06-10,SD,CIN,135,113,650633.0,663903.0,False,9,3.0,8,1.0,0.0,0.0,2.0,1.0,0.0,1.0,3.0,1.0,2026,4.340875912408759,8.46036036036036,2.9,3.4,96
824831,2026-06-10,BAL,SEA,110,136,687064.0,669923.0,False,9,4.0,7,0.0,0.0,0.0,0.0,0.0,3.0,4.0,2.0,0.0,2026,3.958208955223881,3.3766798418972335,5.7,4.3,101
823372,2026-06-10,PIT,LAD,134,119,683003.0,660271.0,False,9,5.0,8,0.0,0.0,0.0,3.0,0.0,4.0,3.0,5.0,2.0,2026,5.078021978021978,2.874193548387097,6.0,5.5,95
823856,2026-06-10,MIA,ARI,146,109,687473.0,669194.0,False,9,6.0,4,0.0,0.0,1.0,6.0,1.0,0.0,0.0,0.0,0.0,2026,3.6,5.387390029325513,4.5,2.8,93
822804,2026-06-10,TOR,PHI,141,143,453286.0,666200.0,False,9,4.0,7,1.0,0.0,3.0,2.0,0.0,1.0,4.0,0.0,0.0,2026,8.484615384615385,4.096563573883161,4.3,4.4,101
823618,2026-06-10,NYM,STL,121,138,681810.0,669467.0,False,9,5.0,4,2.0,0.0,2.0,5.0,1.0,0.0,0.0,0.0,1.0,2026,6.1,3.848031496062992,5.1,5.0,94
824590,2026-06-10,CWS,ATL,145,144,663436.0,519242.0,False,9,2.0,4,0.0,0.0,0.0,2.0,0.0,0.0,1.0,0.0,0.0,2026,2.4795620437956205,2.073509933774835,5.4,5.0,101
824348,2026-06-10,COL,CHC,115,112,547179.0,684007.0,False,9,2.0,tie,0.0,0.0,0.0,1.0,0.0,0.0,0.0,2.0,2.0,2026,4.953658536585366,8.560992907801419,6.2,3.4,112
824996,2026-06-10,ATH,MIL,133,158,678022.0,687075.0,False,9,3.0,7,1.0,1.0,1.0,0.0,0.0,1.0,3.0,0.0,0.0,2026,4.85,5.2875,5.6,8.3,97
823619,2026-06-11,NYM,STL,121,138,681035.0,690928.0,False,9,4.0,1,4.0,3.0,0.0,0.0,1.0,0.0,1.0,0.0,0.0,2026,2.676271186440678,4.807317073170732,4.4,5.3,94
824265,2026-06-11,DET,MIN,116,142,672456.0,805673.0,False,9,3.0,tie,1.0,0.0,0.0,3.0,1.0,2.0,1.0,3.0,0.0,2026,5.659055118110237,4.5285714285714285,5.3,4.6,96
823855,2026-06-11,MIA,ARI,146,109,663969.0,518876.0,False,9,1.0,tie,1.0,0.0,0.0,1.0,0.0,0.0,0.0,0.0,0.0,2026,2.734146341463415,5.716822429906542,4.6,2.7,93
824101,2026-06-11,KC,TEX,118,140,608379.0,677958.0,False,9,2.0,4,1.0,1.0,1.0,2.0,0.0,1.0,0.0,0.0,0.0,2026,4.195890410958905,4.959504132231405,4.9,4.7,98
824346,2026-06-11,COL,CHC,115,112,663372.0,665795.0,False,9,5.0,4,0.0,0.0,1.0,5.0,2.0,0.0,2.0,1.0,1.0,2026,4.824137931034483,6.978504672897197,5.7,3.1,112
823371,2026-06-11,PIT,LAD,134,119,656605.0,680736.0,False,9,4.0,5,0.0,0.0,3.0,2.0,4.0,0.0,2.0,3.0,0.0,2026,4.522764227642277,3.379503105590062,6.3,6.0,95
824827,2026-06-11,BAL,SEA,110,136,680694.0,693433.0,False,9,6.0,3,1.0,0.0,6.0,4.0,1.0,0.0,0.0,0.0,0.0,2026,4.345551601423487,1.6324232081911263,5.8,4.0,101
823370,2026-06-12,PIT,MIA,134,146,677952.0,645261.0,False,9,4.0,7,0.0,0.0,1.0,0.0,3.0,0.0,4.0,3.0,0.0,2026,3.2980198019801983,4.670512820512821,5.9,4.7,95
822726,2026-06-12,WSH,SEA,120,136,641793.0,682243.0,False,9,5.0,2,0.0,5.0,0.0,1.0,3.0,0.0,0.0,2.0,1.0,2026,4.62892561983471,2.0671361502347416,5.2,4.2,99
824826,2026-06-12,BAL,SD,110,135,669358.0,656288.0,False,9,4.0,tie,4.0,4.0,0.0,1.0,1.0,0.0,0.0,0.0,0.0,2026,3.5968944099378883,5.733928571428572,5.6,3.0,101
824425,2026-06-12,CLE,DET,114,116,676440.0,656427.0,False,9,2.0,2,0.0,2.0,1.0,0.0,0.0,1.0,0.0,1.0,0.0,2026,5.023076923076923,2.482716049382716,3.8,6.3,97
824752,2026-06-12,BOS,TEX,111,140,543243.0,683004.0,False,9,4.0,5,3.0,0.0,0.0,0.0,4.0,0.0,1.0,3.0,0.0,2026,3.5982206405693953,4.669343065693431,4.5,4.4,104
824507,2026-06-12,CIN,ARI,113,109,666157.0,593958.0,False,9,3.0,9,0.0,1.0,2.0,0.0,0.0,1.0,0.0,0.0,3.0,2026,6.243939393939394,3.298675496688742,3.6,2.5,105
823617,2026-06-12,NYM,ATL,121,144,690997.0,675911.0,False,9,6.0,2,2.0,6.0,0.0,1.0,1.0,0.0,0.0,2.0,0.0,2026,6.065779467680609,4.741221374045802,4.3,4.3,94
822803,2026-06-12,TOR,NYY,141,147,702056.0,677960.0,False,9,5.0,5,3.0,2.0,0.0,0.0,5.0,2.0,0.0,1.0,0.0,2026,3.452112676056338,4.843421052631579,4.2,5.4,101
824588,2026-06-12,CWS,LAD,145,119,641743.0,808963.0,False,9,7.0,5,1.0,2.0,0.0,0.0,7.0,0.0,0.0,0.0,0.0,2026,5.092337164750958,2.3783505154639175,5.2,5.9,101
824102,2026-06-12,KC,HOU,118,117,679883.0,837227.0,False,9,14.0,1,14.0,0.0,0.0,0.0,0.0,0.0,0.0,3.0,1.0,2026,5.561538461538461,5.639682539682539,4.8,4.4,98
823695,2026-06-12,MIN,STL,142,138,657746.0,681517.0,False,9,7.0,7,2.0,2.0,0.0,0.0,1.0,2.0,7.0,3.0,0.0,2026,2.7474358974358974,4.012863070539419,4.3,5.6,99
824020,2026-06-12,LAA,TB,108,139,691951.0,663556.0,False,9,2.0,tie,2.0,0.0,2.0,0.0,2.0,0.0,0.0,0.0,1.0,2026,4.6,3.2195219123505976,5.5,4.0,98
823211,2026-06-12,SF,CHC,137,112,694738.0,665871.0,False,9,3.0,5,0.0,0.0,0.0,2.0,3.0,0.0,0.0,0.0,1.0,2026,3.890513833992095,5.375862068965517,5.7,3.4,95
823694,2026-06-13,MIN,STL,142,138,687570.0,669461.0,False,9,5.0,7,2.0,2.0,0.0,2.0,2.0,0.0,5.0,1.0,1.0,2026,2.6867768595041324,3.313675213675214,4.3,5.9,99
822802,2026-06-13,TOR,NYY,141,147,592332.0,693645.0,False,9,2.0,9,0.0,0.0,1.0,1.0,0.0,0.0,0.0,0.0,2.0,2026,2.922695035460993,2.990909090909091,4.5,5.5,101
824828,2026-06-13,BAL,SD,110,135,694346.0,681190.0,False,9,6.0,1,6.0,0.0,0.0,0.0,2.0,0.0,2.0,1.0,1.0,2026,6.114705882352941,6.392181069958848,5.9,3.1,101
822725,2026-06-13,WSH,SEA,120,136,676917.0,622491.0,False,9,5.0,5,3.0,0.0,0.0,0.0,5.0,0.0,3.0,0.0,0.0,2026,3.6154639175257732,4.165573770491804,5.0,4.9,99
823369,2026-06-13,PIT,MIA,134,146,696149.0,669199.0,False,9,2.0,3,1.0,0.0,2.0,0.0,0.0,1.0,0.0,1.0,0.0,2026,4.273913043478261,1.3692307692307695,5.3,5.4,95
824508,2026-06-13,CIN,ARI,113,109,695076.0,647336.0,False,9,1.0,tie,1.0,0.0,1.0,0.0,0.0,0.0,0.0,1.0,0.0,2026,4.867955801104973,2.9013245033112582,3.2,2.6,105
824426,2026-06-13,CLE,DET,114,116,676282.0,669373.0,False,9,2.0,3,1.0,1.0,2.0,0.0,0.0,0.0,0.0,0.0,0.0,2026,6.967924528301888,1.807482993197279,3.7,6.4,97
824749,2026-06-13,BOS,TEX,111,140,624133.0,594798.0,False,9,3.0,tie,0.0,0.0,3.0,1.0,0.0,0.0,2.0,3.0,0.0,2026,2.467588932806324,5.330769230769231,4.6,3.9,104
824587,2026-06-13,CWS,LAD,145,119,680732.0,808967.0,False,9,3.0,1,3.0,0.0,1.0,0.0,0.0,1.0,0.0,2.0,1.0,2026,3.589795918367347,3.310843373493976,5.3,6.0,101
824100,2026-06-13,KC,HOU,118,117,702070.0,681347.0,False,9,4.0,6,0.0,1.0,2.0,3.0,2.0,4.0,0.0,2.0,1.0,2026,1.7666666666666668,7.568085106382979,4.7,5.4,98
823776,2026-06-13,MIL,PHI,158,143,675660.0,605400.0,False,9,5.0,6,0.0,1.0,0.0,4.0,1.0,5.0,2.0,4.0,0.0,2026,4.0756097560975615,4.172961373390558,7.4,4.6,100
823213,2026-06-13,SF,CHC,137,112,686790.0,676962.0,False,9,3.0,3,1.0,0.0,3.0,1.0,2.0,0.0,0.0,0.0,0.0,2026,3.2960784313725493,1.808487084870849,5.6,3.8,95
824019,2026-06-13,LAA,TB,108,139,667755.0,643377.0,False,9,4.0,7,0.0,0.0,0.0,1.0,0.0,3.0,4.0,0.0,0.0,2026,5.70377358490566,4.90952380952381,5.7,3.8,98
823368,2026-06-14,PIT,MIA,134,146,694973.0,676974.0,False,9,2.0,tie,0.0,2.0,0.0,1.0,0.0,0.0,0.0,2.0,1.0,2026,2.5861660079051383,3.6466237942122186,4.6,4.9,95
824823,2026-06-14,BAL,SD,110,135,669432.0,621111.0,False,9,3.0,7,0.0,2.0,0.0,0.0,1.0,0.0,3.0,0.0,1.0,2026,4.990756302521008,3.1790513833992096,6.1,3.8,101
822722,2026-06-14,WSH,SEA,120,136,676571.0,676106.0,False,9,5.0,4,2.0,0.0,0.0,5.0,0.0,0.0,1.0,3.0,0.0,2026,5.75625,3.4571428571428573,5.5,4.4,99
822801,2026-06-14,TOR,NYY,141,147,571578.0,701542.0,False,9,5.0,9,0.0,2.0,1.0,1.0,0.0,2.0,0.0,0.0,5.0,2026,5.230434782608696,3.176045627376426,4.3,4.5,101
824506,2026-06-14,CIN,ARI,113,109,671096.0,668678.0,False,9,3.0,6,1.0,0.0,2.0,0.0,0.0,3.0,0.0,1.0,1.0,2026,5.377580071174377,5.084732824427481,3.2,2.2,105
823615,2026-06-14,NYM,ATL,121,144,642547.0,693821.0,False,9,5.0,1,5.0,0.0,0.0,0.0,2.0,0.0,0.0,2.0,0.0,2026,4.943971631205674,4.1580204778156995,3.9,4.2,94
824099,2026-06-14,KC,HOU,118,117,663568.0,681293.0,False,9,3.0,3,1.0,0.0,3.0,0.0,0.0,0.0,0.0,0.0,0.0,2026,3.2557632398753893,4.523487544483986,5.1,5.6,98
823693,2026-06-14,MIN,STL,142,138,671737.0,700241.0,False,9,3.0,tie,0.0,0.0,0.0,3.0,0.0,2.0,3.0,1.0,0.0,2026,4.645064377682404,5.1,4.3,6.7,99
824586,2026-06-14,CWS,LAD,145,119,663542.0,686218.0,False,9,6.0,6,1.0,0.0,0.0,0.0,0.0,6.0,1.0,1.0,1.0,2026,2.132258064516129,5.125862068965517,5.2,6.1,101
823777,2026-06-14,MIL,PHI,158,143,690986.0,650911.0,False,9,3.0,4,1.0,0.0,0.0,3.0,0.0,0.0,0.0,0.0,0.0,2026,2.902371541501976,1.336842105263158,7.4,5.2,100
824994,2026-06-14,ATH,COL,133,115,605488.0,608372.0,False,9,8.0,5,6.0,4.0,0.0,4.0,8.0,0.0,5.0,5.0,0.0,2026,7.171146245059289,4.635433070866142,5.7,4.6,97
824751,2026-06-14,BOS,TEX,111,140,813349.0,543135.0,False,9,5.0,2,1.0,5.0,0.0,2.0,0.0,1.0,0.0,1.0,0.0,2026,5.435766423357665,4.4664596273291925,4.3,4.0,104
823452,2026-06-15,PHI,MIA,143,146,554430.0,687473.0,False,9,2.0,tie,0.0,1.0,2.0,0.0,2.0,0.0,0.0,2.0,0.0,2026,4.25625,2.4333333333333336,4.9,4.6,102
824505,2026-06-15,CIN,NYM,113,121,695505.0,668964.0,False,9,6.0,2,3.0,6.0,0.0,0.0,0.0,0.0,0.0,3.0,0.0,2026,2.3907801418439716,3.7451612903225806,3.1,4.4,105
824666,2026-06-15,CHC,COL,112,115,684007.0,547179.0,False,9,4.0,8,1.0,0.0,0.0,0.0,0.0,2.0,0.0,4.0,2.0,2026,8.634351145038169,4.758536585365854,4.0,6.1,98
822887,2026-06-15,TEX,MIN,140,142,669022.0,702474.0,False,9,3.0,1,3.0,0.0,2.0,0.0,0.0,1.0,0.0,0.0,0.0,2026,2.6515695067264575,3.4333333333333336,3.9,4.8,103
824181,2026-06-15,HOU,DET,117,116,678906.0,623454.0,False,9,6.0,3,1.0,1.0,6.0,0.0,1.0,0.0,2.0,0.0,1.0,2026,4.86,1.1952380952380954,4.5,5.5,99
825071,2026-06-15,ARI,LAA,109,108,669194.0,700712.0,False,9,2.0,tie,2.0,0.0,0.0,1.0,1.0,0.0,2.0,0.0,1.0,2026,6.604823151125402,3.992857142857143,2.7,5.8,100
824993,2026-06-15,ATH,PIT,133,134,669372.0,683003.0,False,9,5.0,7,0.0,3.0,0.0,3.0,1.0,0.0,5.0,1.0,0.0,2026,4.125641025641025,4.092366412213741,6.1,3.9,97
823938,2026-06-15,LAD,TB,119,139,641778.0,607259.0,False,9,4.0,2,2.0,4.0,0.0,0.0,0.0,0.0,1.0,0.0,0.0,2026,5.811864406779661,3.8333333333333335,5.8,3.7,94
823451,2026-06-16,PHI,MIA,143,146,666200.0,663969.0,False,9,4.0,2,3.0,4.0,0.0,1.0,0.0,0.0,2.0,0.0,0.0,2026,4.054063604240283,2.56969696969697,5.0,4.2,102
822723,2026-06-16,WSH,KC,120,118,656492.0,608379.0,False,9,5.0,7,0.0,0.0,2.0,0.0,2.0,0.0,5.0,0.0,1.0,2026,5.285185185185185,3.8284768211920532,6.8,4.5,99
824750,2026-06-16,BOS,TOR,111,141,801139.0,656302.0,False,9,2.0,tie,0.0,0.0,1.0,0.0,2.0,1.0,0.0,1.0,2.0,2026,2.6364238410596026,2.689041095890411,4.5,4.3,104
823535,2026-06-16,NYY,CWS,147,145,543037.0,663436.0,False,9,6.0,4,1.0,1.0,4.0,6.0,0.0,1.0,0.0,1.0,0.0,2026,4.226760563380282,2.4795620437956205,4.9,5.2,97
824504,2026-06-16,CIN,NYM,113,121,663903.0,673540.0,False,9,4.0,1,4.0,0.0,1.0,0.0,1.0,2.0,0.0,0.0,0.0,2026,7.8297297297297295,6.379569892473119,4.1,3.7,105
824912,2026-06-16,ATL,SF,144,137,656550.0,605288.0,False,9,3.0,1,3.0,2.0,0.0,0.0,2.0,0.0,0.0,1.0,1.0,2026,5.477049180327869,4.442592592592593,3.9,5.8,100
823775,2026-06-16,MIL,CLE,158,114,688107.0,677944.0,False,9,2.0,7,0.0,0.0,0.0,1.0,0.0,0.0,2.0,0.0,0.0,2026,7.29889502762431,3.026470588235294,7.8,3.1,100
823045,2026-06-16,STL,SD,138,135,669467.0,650633.0,False,9,2.0,tie,0.0,2.0,0.0,0.0,2.0,1.0,0.0,0.0,0.0,2026,4.236363636363636,5.4591549295774655,6.5,3.7,99
824667,2026-06-16,CHC,COL,112,115,665795.0,663372.0,False,9,3.0,4,1.0,1.0,0.0,3.0,2.0,0.0,0.0,0.0,0.0,2026,7.441463414634146,4.344635193133048,3.8,6.1,98
822888,2026-06-16,TEX,MIN,140,142,677958.0,805673.0,False,9,6.0,4,2.0,0.0,3.0,6.0,1.0,0.0,0.0,0.0,2.0,2026,4.250793650793651,5.98659793814433,3.8,4.6,103
824182,2026-06-16,HOU,DET,117,116,686613.0,664285.0,False,9,4.0,8,0.0,1.0,0.0,0.0,1.0,0.0,0.0,4.0,0.0,2026,1.5313725490196077,5.269117647058824,4.7,5.6,99
825070,2026-06-16,ARI,LAA,109,108,518876.0,672282.0,False,9,2.0,5,0.0,1.0,1.0,1.0,2.0,1.0,0.0,1.0,0.0,2026,5.883505154639176,2.2025641025641027,2.8,5.0,100
824991,2026-06-16,ATH,PIT,133,134,678022.0,656605.0,False,9,4.0,1,4.0,0.0,0.0,1.0,0.0,3.0,2.0,0.0,1.0,2026,7.35,5.236752136752137,6.6,3.6,97
823128,2026-06-16,SEA,BAL,136,110,669302.0,687064.0,False,9,2.0,7,1.0,0.0,1.0,0.0,0.0,0.0,2.0,0.0,0.0,2026,4.328070175438596,3.34390243902439,4.4,5.5,94
823939,2026-06-16,LAD,TB,119,139,680736.0,656876.0,False,9,1.0,6,0.0,0.0,0.0,0.0,0.0,1.0,0.0,0.0,0.0,2026,3.84468085106383,2.0700996677740866,6.0,3.8,94
824503,2026-06-17,CIN,NYM,113,121,666157.0,690997.0,False,9,4.0,tie,0.0,0.0,4.0,0.0,4.0,0.0,0.0,2.0,0.0,2026,5.718181818181819,5.975536480686696,4.3,3.5,105
822721,2026-06-17,WSH,KC,120,118,641793.0,679883.0,False,9,4.0,6,1.0,1.0,2.0,0.0,0.0,4.0,0.0,0.0,0.0,2026,4.000900900900901,8.175757575757576,6.0,4.6,99
823450,2026-06-17,PHI,MIA,143,146,691725.0,645261.0,False,9,6.0,2,4.0,6.0,0.0,0.0,0.0,4.0,0.0,1.0,1.0,2026,5.477049180327869,5.389156626506024,5.0,4.4,102
824178,2026-06-17,HOU,DET,117,116,663567.0,663554.0,False,9,2.0,5,0.0,0.0,1.0,0.0,2.0,1.0,1.0,0.0,1.0,2026,4.901470588235294,1.7419753086419754,4.6,5.1,99
823044,2026-06-17,STL,SD,138,135,681517.0,699134.0,False,9,3.0,9,1.0,0.0,0.0,1.0,2.0,0.0,0.0,0.0,3.0,2026,4.178838174273859,2.1,5.8,3.9,99
823940,2026-06-17,LAD,TB,119,139,660271.0,663556.0,False,9,5.0,5,0.0,0.0,0.0,2.0,5.0,2.0,0.0,0.0,0.0,2026,2.8682119205298013,3.22448132780083,6.0,3.2,94
825072,2026-06-17,ARI,LAA,109,108,593958.0,691951.0,False,9,5.0,2,1.0,5.0,1.0,0.0,2.0,0.0,0.0,0.0,0.0,2026,4.565201465201465,3.8777777777777778,2.7,5.7,100
824746,2026-06-17,BOS,TOR,111,141,687562.0,680755.0,False,9,2.0,3,0.0,0.0,2.0,0.0,0.0,0.0,0.0,1.0,0.0,2026,3.894701986754967,1.148780487804878,3.8,4.2,104
823536,2026-06-17,NYY,CWS,147,145,607074.0,641743.0,False,9,5.0,5,2.0,2.0,3.0,0.0,5.0,0.0,1.0,1.0,1.0,2026,3.405343511450382,4.813147410358566,5.7,5.0,97
823774,2026-06-17,MIL,CLE,158,114,687075.0,668909.0,False,9,6.0,4,3.0,2.0,0.0,6.0,0.0,0.0,0.0,2.0,0.0,2026,5.331759656652361,3.7430868167202576,7.1,2.7,100
824668,2026-06-17,CHC,COL,112,115,665871.0,807743.0,False,9,7.0,2,0.0,7.0,1.0,1.0,1.0,0.0,0.0,3.0,1.0,2026,4.368292682926829,2.7666666666666666,3.7,5.9,98
824992,2026-06-17,ATH,PIT,133,134,650644.0,677952.0,False,9,6.0,7,3.0,2.0,0.0,2.0,0.0,2.0,6.0,0.0,1.0,2026,7.66,2.928178694158076,7.0,3.9,97
823127,2026-06-17,SEA,BAL,136,110,669923.0,680694.0,False,9,3.0,9,0.0,0.0,2.0,1.0,0.0,1.0,1.0,0.0,3.0,2026,3.74638783269962,6.088505747126437,4.4,4.3,94
824748,2026-06-18,BOS,TOR,111,141,543243.0,702056.0,False,9,2.0,tie,1.0,1.0,0.0,0.0,0.0,0.0,2.0,2.0,1.0,2026,2.9576512455516015,4.486861313868613,3.6,4.2,104
823772,2026-06-18,MIL,CLE,158,114,675660.0,800048.0,False,9,2.0,7,0.0,1.0,1.0,1.0,0.0,1.0,2.0,0.0,0.0,2026,3.7358381502890174,4.0375000000000005,7.1,3.0,100
822889,2026-06-18,TEX,MIN,140,142,683004.0,657746.0,False,9,4.0,1,4.0,0.0,0.0,2.0,0.0,3.0,0.0,2.0,1.0,2026,4.911023622047244,3.003846153846154,3.7,5.3,103
823125,2026-06-18,SEA,BAL,136,110,693433.0,669358.0,False,9,3.0,1,3.0,0.0,0.0,0.0,0.0,0.0,0.0,0.0,0.0,2026,2.8526501766784453,3.3980132450331126,4.3,4.4,94
823448,2026-06-18,PHI,NYM,143,121,605400.0,640455.0,False,9,3.0,tie,3.0,0.0,2.0,1.0,0.0,0.0,3.0,0.0,1.0,2026,3.9230452674897123,3.2666666666666666,5.1,4.2,102
823533,2026-06-18,NYY,CWS,147,145,677960.0,663542.0,False,9,4.0,8,0.0,1.0,1.0,0.0,0.0,0.0,0.0,4.0,0.0,2026,6.269014084507043,5.5390243902439025,6.5,4.7,97
824098,2026-06-18,KC,STL,118,138,702070.0,669461.0,False,9,6.0,2,3.0,6.0,0.0,5.0,1.0,1.0,3.0,1.0,0.0,2026,2.815302491103203,4.433333333333334,4.9,5.3,98
824989,2026-06-18,ATH,LAA,133,108,695611.0,696270.0,False,9,5.0,1,5.0,0.0,0.0,0.0,0.0,0.0,0.0,0.0,0.0,2026,2.493939393939394,9.874193548387098,7.2,5.6,97
824663,2026-06-19,CHC,TOR,112,141,676962.0,592332.0,False,9,7.0,1,7.0,0.0,1.0,0.0,0.0,5.0,5.0,0.0,0.0,2026,2.2459074733096087,3.4424657534246577,4.2,4.0,98
824264,2026-06-19,DET,CWS,116,145,669373.0,685126.0,False,9,3.0,tie,3.0,0.0,0.0,0.0,1.0,3.0,0.0,0.0,0.0,2026,2.4537414965986395,6.433333333333334,4.6,4.6,96
823534,2026-06-19,NYY,CIN,147,113,693645.0,695076.0,False,9,4.0,2,0.0,4.0,0.0,0.0,0.0,0.0,0.0,1.0,0.0,2026,3.347349823321555,5.527745664739884,6.3,3.9,97
822966,2026-06-19,TB,WSH,139,120,643377.0,676571.0,False,9,4.0,3,0.0,1.0,4.0,1.0,0.0,0.0,0.0,1.0,0.0,2026,3.9571428571428573,5.461111111111111,3.3,5.6,97
823853,2026-06-19,MIA,SF,146,137,669199.0,694738.0,False,9,2.0,tie,1.0,1.0,0.0,0.0,1.0,2.0,2.0,0.0,0.0,2026,1.5722222222222224,3.550819672131148,5.2,4.2,93
824910,2026-06-19,ATL,MIL,144,158,527048.0,694819.0,False,9,2.0,6,0.0,0.0,1.0,0.0,0.0,2.0,1.0,0.0,1.0,2026,3.4952569169960475,0.8500000000000001,3.7,6.6,100
822886,2026-06-19,TEX,SD,140,135,594798.0,681190.0,False,9,11.0,1,11.0,0.0,0.0,2.0,0.0,1.0,0.0,2.0,0.0,2026,3.253846153846154,7.048497854077253,4.0,4.2,103
824179,2026-06-19,HOU,CLE,117,114,837227.0,676440.0,False,9,4.0,3,1.0,0.0,4.0,0.0,0.0,3.0,2.0,2.0,0.0,2026,4.501869158878505,5.4125,3.7,3.2,99
824097,2026-06-19,KC,STL,118,138,607625.0,700241.0,False,9,4.0,4,1.0,0.0,1.0,4.0,1.0,1.0,0.0,0.0,3.0,2026,5.351908396946564,5.285185185185185,5.7,5.4,98
824345,2026-06-19,COL,PIT,115,134,607536.0,696149.0,False,9,5.0,8,0.0,0.0,1.0,1.0,0.0,0.0,0.0,5.0,0.0,2026,6.066101694915254,3.5741379310344827,6.4,4.8,112
825069,2026-06-19,ARI,MIN,109,142,647336.0,687570.0,False,9,5.0,8,0.0,1.0,2.0,1.0,4.0,1.0,0.0,5.0,0.0,2026,2.88125,3.306611570247934,3.4,6.0,100
823936,2026-06-19,LAD,BAL,119,110,808963.0,694346.0,False,9,3.0,tie,2.0,1.0,0.0,0.0,0.0,3.0,2.0,0.0,3.0,2026,2.5326241134751775,7.111299435028249,5.6,4.0,94
823124,2026-06-19,SEA,BOS,136,111,682243.0,624133.0,False,9,4.0,7,0.0,1.0,0.0,0.0,0.0,0.0,4.0,0.0,3.0,2026,2.758703071672355,2.663492063492064,4.2,3.4,94
823532,2026-06-20,NYY,CIN,147,113,701542.0,671096.0,False,9,5.0,8,1.0,0.0,2.0,0.0,4.0,0.0,0.0,5.0,0.0,2026,3.8171314741035856,5.16405693950178,6.2,3.6,97
824665,2026-06-20,CHC,TOR,112,141,607067.0,571578.0,False,9,6.0,8,0.0,3.0,0.0,0.0,0.0,2.0,3.0,6.0,0.0,2026,5.9906250000000005,4.316216216216216,5.7,3.6,98
822967,2026-06-20,TB,WSH,139,120,693855.0,676917.0,False,9,2.0,tie,1.0,2.0,1.0,0.0,1.0,0.0,0.0,0.0,2.0,2026,5.6,3.492857142857143,3.7,5.7,97
823854,2026-06-20,MIA,SF,146,137,676974.0,686790.0,False,9,5.0,4,1.0,2.0,0.0,5.0,0.0,0.0,0.0,1.0,0.0,2026,3.6466237942122186,4.2555555555555555,5.2,4.3,93
824909,2026-06-20,ATL,MIL,144,158,519242.0,690986.0,False,9,2.0,tie,0.0,0.0,0.0,0.0,1.0,2.0,2.0,0.0,2.0,2026,1.7267605633802816,3.328136882129278,3.4,5.6,100
824180,2026-06-20,HOU,CLE,117,114,681293.0,676282.0,False,9,3.0,5,1.0,1.0,2.0,0.0,3.0,0.0,2.0,0.0,0.0,2026,4.1,5.788679245283019,4.6,2.9,99
823447,2026-06-20,PHI,NYM,143,121,650911.0,642547.0,False,9,8.0,3,1.0,2.0,8.0,1.0,2.0,0.0,4.0,0.0,0.0,2026,2.573684210526316,4.0929078014184395,4.6,4.1,102
824342,2026-06-20,COL,PIT,115,134,608372.0,694973.0,False,9,2.0,1,2.0,0.0,1.0,0.0,0.0,0.0,0.0,0.0,0.0,2026,4.9503937007874015,2.7577946768060837,6.4,4.9,112
824988,2026-06-20,ATH,LAA,133,108,669372.0,700712.0,False,9,4.0,6,0.0,2.0,0.0,0.0,0.0,4.0,1.0,0.0,0.0,2026,4.246245059288538,4.479310344827587,7.0,5.0,97
823937,2026-06-20,LAD,BAL,119,110,808967.0,669432.0,False,9,2.0,tie,0.0,1.0,0.0,2.0,0.0,0.0,0.0,0.0,2.0,2026,2.6170454545454547,4.716541353383459,5.7,4.2,94
823126,2026-06-20,SEA,BOS,136,111,676106.0,813349.0,False,9,3.0,6,1.0,0.0,0.0,2.0,0.0,3.0,0.0,0.0,0.0,2026,4.176923076923077,5.844360902255639,3.8,3.9,94
825068,2026-06-20,ARI,MIN,109,142,668678.0,671737.0,False,9,12.0,5,2.0,0.0,0.0,4.0,12.0,0.0,5.0,1.0,0.0,2026,5.8862595419847334,5.695744680851064,3.8,6.0,100
823531,2026-06-21,NYY,CIN,147,113,695684.0,695505.0,False,9,3.0,4,0.0,0.0,1.0,3.0,0.0,0.0,0.0,0.0,1.0,2026,5.051219512195122,2.475,5.7,4.4,97
824908,2026-06-21,ATL,MIL,144,158,693821.0,688107.0,False,9,8.0,2,1.0,8.0,0.0,1.0,0.0,0.0,1.0,0.0,2.0,2026,5.155335968379447,6.190128755364807,3.2,4.4,100
822968,2026-06-21,TB,WSH,139,120,607259.0,674841.0,False,9,2.0,tie,0.0,0.0,2.0,1.0,0.0,2.0,2.0,0.0,0.0,2026,4.165292096219932,3.591803278688525,3.7,5.7,97
823852,2026-06-21,MIA,SF,146,137,687473.0,657277.0,False,9,1.0,tie,0.0,1.0,1.0,1.0,0.0,0.0,0.0,0.0,0.0,2026,5.943137254901961,2.3604501607717046,4.8,4.4,93
824177,2026-06-21,HOU,CLE,117,114,678906.0,677944.0,False,9,1.0,tie,1.0,0.0,0.0,1.0,1.0,0.0,0.0,0.0,0.0,2026,6.390043290043289,3.0209486166007906,4.2,3.7,99
824095,2026-06-21,KC,STL,118,138,663568.0,669160.0,False,9,8.0,2,7.0,8.0,0.0,1.0,3.0,1.0,0.0,0.0,2.0,2026,3.1,1.7687306501547988,5.8,5.2,98
822883,2026-06-21,TEX,SD,140,135,543135.0,593974.0,False,9,4.0,4,0.0,0.0,3.0,4.0,0.0,0.0,0.0,0.0,0.0,2026,5.2118012422360245,1.1,4.0,4.6,103
824343,2026-06-21,COL,PIT,115,134,547179.0,683003.0,False,9,3.0,tie,0.0,1.0,0.0,2.0,1.0,2.0,3.0,3.0,2.0,2026,3.9450704225352116,5.088304093567252,5.9,4.7,112
824987,2026-06-21,ATH,LAA,133,108,678022.0,672282.0,False,9,4.0,1,4.0,3.0,0.0,1.0,1.0,0.0,2.0,3.0,2.0,2026,6.253846153846154,2.372727272727273,6.3,4.7,97
823934,2026-06-21,LAD,BAL,119,110,686218.0,687064.0,False,9,4.0,7,3.0,1.0,1.0,2.0,0.0,0.0,4.0,2.0,0.0,2026,4.901801801801802,3.0682539682539685,4.7,4.0,94
823123,2026-06-21,SEA,BOS,136,111,669302.0,801139.0,False,9,1.0,tie,0.0,1.0,1.0,0.0,1.0,1.0,0.0,0.0,0.0,2026,2.622184300341297,2.9529411764705884,3.3,4.3,94
823449,2026-06-21,PHI,NYM,143,121,554430.0,656849.0,False,9,3.0,2,2.0,3.0,1.0,0.0,1.0,1.0,0.0,0.0,0.0,2026,4.422580645161291,3.5741379310344827,5.6,4.4,102
824261,2026-06-22,DET,NYY,116,147,664285.0,543037.0,False,9,3.0,3,0.0,1.0,3.0,1.0,1.0,0.0,2.0,0.0,0.0,2026,4.873049645390071,4.235531135531136,4.4,5.5,96
822964,2026-06-22,TB,KC,139,118,656876.0,608379.0,False,9,2.0,5,0.0,1.0,0.0,0.0,2.0,0.0,0.0,0.0,0.0,2026,1.94375,4.159602649006622,3.7,6.4,97
823851,2026-06-22,MIA,TEX,146,140,663969.0,641302.0,False,9,3.0,8,0.0,0.0,0.0,2.0,1.0,1.0,0.0,3.0,0.0,2026,5.018604651162791,4.1,4.2,3.8,93
822720,2026-06-22,WSH,PHI,120,143,656492.0,641835.0,False,9,3.0,7,1.0,1.0,0.0,0.0,0.0,0.0,3.0,0.0,0.0,2026,4.421428571428572,2.6,5.4,6.0,99
822800,2026-06-22,TOR,HOU,141,117,656302.0,686613.0,False,9,1.0,tie,1.0,1.0,0.0,1.0,0.0,1.0,1.0,1.0,0.0,2026,3.320588235294118,1.7363636363636363,4.2,4.3,101
823692,2026-06-22,MIN,LAD,142,119,805673.0,694361.0,False,9,2.0,1,2.0,0.0,0.0,0.0,0.0,1.0,0.0,0.0,0.0,2026,5.591694352159468,2.6,7.0,4.0,99
824585,2026-06-22,CWS,CLE,145,114,641743.0,668909.0,False,9,4.0,tie,0.0,1.0,1.0,0.0,0.0,1.0,4.0,0.0,4.0,2026,5.308333333333334,4.595016611295681,3.7,3.3,101
823040,2026-06-22,STL,ARI,138,109,669467.0,518876.0,False,9,2.0,4,0.0,0.0,1.0,2.0,0.0,1.0,1.0,0.0,0.0,2026,3.798529411764706,6.539716312056737,5.5,4.2,99
824344,2026-06-22,COL,BOS,115,111,663372.0,687562.0,False,9,3.0,9,0.0,0.0,0.0,0.0,0.0,2.0,0.0,0.0,3.0,2026,3.907174887892377,3.3475247524752474,6.2,4.1,112
824016,2026-06-22,LAA,BAL,108,110,691951.0,680694.0,False,9,3.0,4,1.0,0.0,0.0,3.0,1.0,0.0,1.0,0.0,1.0,2026,5.6,4.873049645390071,5.3,4.5,98
823288,2026-06-22,SD,ATL,135,144,650633.0,656550.0,False,9,1.0,4,0.0,0.0,0.0,1.0,0.0,0.0,0.0,0.0,0.0,2026,6.590196078431372,6.433333333333334,4.6,3.3,96
823365,2026-06-23,PIT,SEA,134,136,656605.0,669923.0,False,9,2.0,7,0.0,1.0,1.0,1.0,0.0,0.0,2.0,0.0,0.0,2026,5.160085836909872,3.1,4.6,3.4,95
822963,2026-06-23,TB,KC,139,118,663556.0,679883.0,False,9,6.0,8,3.0,0.0,0.0,0.0,4.0,0.0,0.0,6.0,4.0,2026,3.324215246636771,6.360869565217392,3.1,6.4,97
824262,2026-06-23,DET,NYY,116,147,663554.0,607074.0,False,9,4.0,6,0.0,0.0,2.0,1.0,0.0,4.0,0.0,0.0,0.0,2026,2.3,3.5642857142857145,4.5,5.0,96
822718,2026-06-23,WSH,PHI,120,143,676571.0,666200.0,False,9,9.0,9,0.0,1.0,0.0,4.0,2.0,0.0,1.0,6.0,9.0,2026,4.85,4.192150170648464,4.8,5.4,99
823614,2026-06-23,NYM,CHC,121,112,673540.0,665795.0,False,9,7.0,2,0.0,7.0,0.0,2.0,0.0,0.0,1.0,2.0,3.0,2026,9.003614457831326,7.4367346938775505,4.4,6.0,94
824501,2026-06-23,CIN,MIL,113,158,666157.0,687075.0,False,9,1.0,tie,0.0,0.0,0.0,0.0,0.0,1.0,0.0,1.0,0.0,2026,4.9490566037735855,5.0730941704035875,4.0,4.7,105
823690,2026-06-23,MIN,LAD,142,119,696070.0,680736.0,False,9,6.0,9,1.0,1.0,2.0,3.0,0.0,1.0,1.0,0.0,6.0,2026,3.1,3.738297872340426,7.1,3.4,99
824584,2026-06-23,CWS,CLE,145,114,680732.0,800048.0,False,9,1.0,tie,0.0,0.0,0.0,1.0,1.0,1.0,0.0,0.0,0.0,2026,3.550819672131148,3.28796992481203,4.1,3.6,101
823043,2026-06-23,STL,ARI,138,109,681517.0,593958.0,False,9,7.0,9,0.0,0.0,0.0,0.0,0.0,0.0,0.0,0.0,7.0,2026,3.5149377593360995,5.187912087912088,5.4,4.4,99
824340,2026-06-23,COL,BOS,115,111,807743.0,543243.0,False,9,2.0,tie,1.0,2.0,0.0,0.0,1.0,2.0,0.0,0.0,1.0,2026,6.957142857142857,4.096563573883161,6.2,3.8,112
824017,2026-06-23,LAA,BAL,108,110,696270.0,669358.0,False,9,3.0,5,2.0,0.0,0.0,0.0,3.0,0.0,1.0,0.0,0.0,2026,8.779012345679012,2.6833333333333336,5.0,4.4,98
823210,2026-06-23,SF,ATH,137,133,592662.0,650644.0,False,9,2.0,2,0.0,2.0,1.0,0.0,0.0,0.0,1.0,0.0,0.0,2026,6.059641255605381,7.781818181818181,4.2,6.6,95
823850,2026-06-24,MIA,TEX,146,140,691587.0,594798.0,False,9,2.0,tie,0.0,0.0,0.0,2.0,1.0,0.0,0.0,2.0,1.0,2026,4.785823754789272,2.8241379310344827,4.1,4.1,93
823613,2026-06-24,NYM,CHC,121,112,690997.0,665871.0,False,9,4.0,8,0.0,0.0,0.0,3.0,3.0,3.0,0.0,4.0,0.0,2026,4.175697211155379,5.045525291828794,4.5,6.7,94
823611,2026-06-24,NYM,CHC,121,112,640455.0,684007.0,False,9,4.0,tie,0.0,4.0,0.0,4.0,0.0,3.0,0.0,1.0,3.0,2026,2.82972972972973,7.165934065934065,4.5,6.7,94
824341,2026-06-24,COL,BOS,115,111,607536.0,624133.0,False,9,3.0,tie,1.0,2.0,2.0,3.0,1.0,0.0,3.0,2.0,0.0,2026,4.2320754716981135,2.550549450549451,6.0,3.3,112
823367,2026-06-24,PIT,SEA,134,136,677952.0,693433.0,False,9,5.0,4,1.0,0.0,0.0,5.0,0.0,0.0,4.0,2.0,0.0,2026,2.708540925266904,2.690443686006826,4.2,3.2,95
822965,2026-06-24,TB,KC,139,118,643377.0,702070.0,False,9,3.0,3,0.0,0.0,3.0,2.0,2.0,0.0,0.0,0.0,1.0,2026,4.5285714285714285,3.06309963099631,3.3,6.8,97
824259,2026-06-24,DET,NYY,116,147,669373.0,677960.0,False,9,2.0,6,1.0,1.0,1.0,1.0,0.0,2.0,0.0,0.0,0.0,2026,3.064788732394366,5.753061224489796,3.7,4.9,96
822798,2026-06-24,TOR,HOU,141,117,702056.0,681347.0,False,9,2.0,1,2.0,0.0,0.0,0.0,0.0,0.0,0.0,1.0,1.0,2026,5.485964912280702,6.957142857142857,4.6,4.2,101
824500,2026-06-24,CIN,MIL,113,158,695076.0,675660.0,False,9,4.0,7,0.0,0.0,3.0,0.0,0.0,1.0,4.0,3.0,0.0,2026,7.582758620689656,4.445291479820628,3.8,4.3,105
823691,2026-06-24,MIN,LAD,142,119,657746.0,660271.0,False,9,4.0,2,0.0,4.0,3.0,0.0,0.0,0.0,0.0,0.0,0.0,2026,3.331788079470199,3.0657534246575344,6.5,4.4,99
823208,2026-06-24,SF,ATH,137,133,641816.0,695611.0,False,9,2.0,9,0.0,0.0,0.0,0.0,0.0,0.0,0.0,1.0,2.0,2026,4.285770750988142,2.4687707641196015,4.2,6.1,95
822961,2026-06-25,TB,KC,139,118,668984.0,607625.0,False,9,5.0,8,2.0,0.0,0.0,3.0,2.0,0.0,1.0,5.0,2.0,2026,3.9333333333333336,5.351908396946564,3.8,6.4,97
823366,2026-06-25,PIT,SEA,134,136,696149.0,682243.0,False,9,2.0,tie,1.0,0.0,2.0,0.0,1.0,0.0,0.0,2.0,0.0,2026,3.59618320610687,2.3808219178082193,5.0,2.3,95
823209,2026-06-25,SF,ATH,137,133,694738.0,605488.0,False,9,5.0,6,0.0,0.0,0.0,1.0,2.0,5.0,2.0,1.0,4.0,2026,3.878688524590164,8.492156862745098,3.3,5.5,95
824258,2026-06-25,DET,HOU,116,117,675512.0,837227.0,False,9,2.0,9,0.0,0.0,0.0,0.0,0.0,1.0,0.0,0.0,2.0,2026,5.43974358974359,3.3155172413793106,3.7,3.7,96
822717,2026-06-25,WSH,PHI,120,143,676917.0,650911.0,False,9,5.0,9,4.0,0.0,1.0,0.0,0.0,2.0,3.0,0.0,5.0,2026,4.2637931034482754,2.913664596273292,5.1,6.4,99
822797,2026-06-25,TOR,TEX,141,140,592332.0,669022.0,False,9,5.0,3,1.0,0.0,5.0,0.0,3.0,0.0,0.0,0.0,2.0,2026,4.78,3.170671378091873,3.9,4.0,101
824747,2026-06-25,BOS,NYY,111,147,813349.0,693645.0,False,9,4.0,5,1.0,0.0,0.0,1.0,4.0,0.0,1.0,2.0,0.0,2026,5.175471698113208,2.817314487632509,3.3,5.0,104
824255,2026-06-26,DET,HOU,116,117,672456.0,681293.0,False,9,5.0,4,0.0,0.0,3.0,5.0,0.0,0.0,0.0,0.0,0.0,2026,3.6460750853242323,4.707142857142857,3.7,3.9,96
823363,2026-06-26,PIT,CIN,134,113,694973.0,671096.0,False,9,4.0,2,1.0,4.0,0.0,0.0,1.0,2.0,0.0,2.0,0.0,2026,2.6604395604395608,4.957142857142857,5.2,4.1,95
824824,2026-06-26,BAL,WSH,110,120,669432.0,674841.0,False,9,2.0,4,0.0,0.0,0.0,2.0,1.0,0.0,1.0,0.0,0.0,2026,3.848299319727891,2.72962962962963,4.1,4.6,101
822796,2026-06-26,TOR,TEX,141,140,571578.0,543135.0,False,9,4.0,8,3.0,0.0,2.0,0.0,0.0,0.0,0.0,4.0,0.0,2026,5.935051546391753,4.478205128205128,4.3,4.0,101
824423,2026-06-26,CLE,SEA,114,136,676282.0,622491.0,False,9,1.0,tie,1.0,0.0,1.0,0.0,0.0,0.0,1.0,1.0,0.0,2026,4.975,4.7101694915254235,3.4,2.1,97
822962,2026-06-26,TB,ARI,139,109,607259.0,668678.0,False,9,4.0,1,4.0,0.0,0.0,0.0,0.0,0.0,3.0,0.0,0.0,2026,4.096563573883161,6.327091633466136,4.3,5.1,97
823610,2026-06-26,NYM,PHI,121,143,804267.0,554430.0,False,9,1.0,tie,1.0,0.0,0.0,1.0,0.0,0.0,1.0,0.0,0.0,2026,6.270731707317074,5.020529801324503,4.0,7.4,94
824743,2026-06-26,BOS,NYY,111,147,801139.0,701542.0,False,9,2.0,tie,1.0,2.0,1.0,0.0,0.0,1.0,0.0,2.0,0.0,2026,3.945588235294118,4.048616600790514,3.5,4.5,104
823773,2026-06-26,MIL,CHC,158,112,694819.0,607067.0,False,9,3.0,6,0.0,0.0,0.0,0.0,1.0,3.0,2.0,2.0,0.0,2026,0.9055555555555554,5.741509433962264,4.1,7.1,100
823039,2026-06-26,STL,MIA,138,146,700241.0,676974.0,False,9,2.0,tie,0.0,0.0,0.0,0.0,0.0,0.0,0.0,2.0,2.0,2026,5.211111111111111,3.993470790378007,4.4,4.3,99
824014,2026-06-26,LAA,ATH,108,133,700712.0,669372.0,False,9,9.0,5,0.0,0.0,0.0,1.0,9.0,0.0,2.0,0.0,0.0,2026,4.272413793103448,3.6300353356890462,5.1,5.5,98
823285,2026-06-26,SD,LAD,135,119,621111.0,808963.0,False,9,4.0,tie,0.0,4.0,0.0,0.0,0.0,0.0,0.0,4.0,0.0,2026,2.430708661417323,3.743939393939394,4.2,4.1,96
823206,2026-06-26,SF,ATL,137,144,686790.0,625643.0,False,9,1.0,tie,1.0,1.0,1.0,0.0,1.0,0.0,0.0,0.0,0.0,2026,4.938565022421525,5.3641509433962264,3.8,3.0,95
824257,2026-06-27,DET,HOU,116,117,664285.0,678906.0,False,9,5.0,3,0.0,2.0,5.0,2.0,1.0,0.0,1.0,3.0,0.0,2026,4.199290780141844,6.303463203463203,3.6,3.6,96
824745,2026-06-27,BOS,NYY,111,147,687562.0,543037.0,False,9,2.0,3,1.0,1.0,2.0,0.0,1.0,0.0,0.0,0.0,0.0,2026,2.60381679389313,4.359842519685039,4.0,3.4,104
822794,2026-06-27,TOR,TEX,141,140,656302.0,615698.0,False,9,7.0,5,1.0,0.0,0.0,0.0,7.0,3.0,0.0,0.0,0.0,2026,3.41496062992126,8.6,4.4,4.3,101
823364,2026-06-27,PIT,CIN,134,113,683003.0,695505.0,False,9,4.0,3,1.0,0.0,4.0,1.0,2.0,2.0,2.0,1.0,3.0,2026,4.791542288557213,2.9473282442748094,5.4,4.4,95
823609,2026-06-27,NYM,PHI,121,143,681035.0,641835.0,False,9,4.0,6,0.0,0.0,2.0,0.0,0.0,4.0,2.0,0.0,0.0,2026,3.9898305084745767,1.4333333333333333,4.1,6.9,94
824581,2026-06-27,CWS,KC,145,118,663436.0,608379.0,False,9,2.0,7,0.0,0.0,0.0,0.0,0.0,0.0,2.0,0.0,1.0,2026,4.404347826086957,3.6298013245033114,5.3,6.0,101
822960,2026-06-27,TB,ARI,139,109,642121.0,703615.0,False,9,2.0,tie,2.0,0.0,0.0,0.0,2.0,1.0,0.0,1.0,0.0,2026,3.6,2.5,4.6,4.7,97
824421,2026-06-27,CLE,SEA,114,136,677944.0,669302.0,False,9,3.0,tie,0.0,0.0,0.0,3.0,1.0,0.0,0.0,3.0,0.0,2026,3.9365019011406845,2.934437086092715,3.2,2.3,97
823689,2026-06-27,MIN,COL,142,115,702474.0,547179.0,False,9,3.0,tie,2.0,0.0,1.0,0.0,1.0,1.0,3.0,2.0,3.0,2026,4.7393442622950825,3.9411214953271028,6.6,4.8,99
823770,2026-06-27,MIL,CHC,158,112,690986.0,656849.0,False,9,4.0,6,1.0,0.0,0.0,2.0,1.0,4.0,1.0,0.0,1.0,2026,4.044881889763779,4.271171171171171,4.3,7.2,100
823038,2026-06-27,STL,MIA,138,146,669467.0,687473.0,False,9,2.0,4,1.0,0.0,1.0,2.0,0.0,1.0,1.0,0.0,0.0,2026,3.3941176470588235,4.708391608391609,4.0,4.3,99
823207,2026-06-27,SF,ATL,137,144,657277.0,693821.0,False,9,3.0,3,0.0,2.0,3.0,0.0,0.0,0.0,0.0,0.0,0.0,2026,2.387749287749288,5.1158102766798415,3.8,3.0,95
824015,2026-06-27,LAA,ATH,108,133,672282.0,678022.0,False,9,2.0,tie,0.0,1.0,0.0,2.0,0.0,1.0,1.0,2.0,0.0,2026,2.938709677419355,5.544444444444444,5.1,5.3,98
824821,2026-06-28,BAL,WSH,110,120,680694.0,641793.0,False,9,3.0,tie,2.0,0.0,3.0,0.0,2.0,0.0,3.0,0.0,0.0,2026,3.8284768211920532,6.2981981981981985,4.4,3.8,101
823362,2026-06-28,PIT,CIN,134,113,656605.0,663903.0,False,9,4.0,tie,0.0,4.0,0.0,2.0,3.0,0.0,0.0,4.0,0.0,2026,5.975536480686696,4.359259259259259,5.9,4.1,95
822795,2026-06-28,TOR,TEX,141,140,669456.0,677958.0,False,9,2.0,8,1.0,0.0,0.0,0.0,0.0,1.0,0.0,2.0,1.0,2026,14.0375,5.117167381974249,4.2,4.8,101
824422,2026-06-28,CLE,SEA,114,136,668909.0,676106.0,False,9,5.0,8,0.0,1.0,2.0,0.0,1.0,1.0,0.0,5.0,1.0,2026,5.092619926199262,4.402681992337165,3.5,2.3,97
822959,2026-06-28,TB,ARI,139,109,656876.0,518876.0,False,9,2.0,2,1.0,2.0,0.0,0.0,1.0,1.0,0.0,1.0,0.0,2026,2.067741935483871,6.923529411764706,5.0,4.5,97
823686,2026-06-28,MIN,COL,142,115,687570.0,663372.0,False,9,1.0,tie,1.0,1.0,0.0,1.0,0.0,1.0,1.0,0.0,0.0,2026,3.5580152671755725,4.202661596958174,6.7,5.2,99
824580,2026-06-28,CWS,KC,145,118,641743.0,679883.0,False,9,4.0,2,3.0,4.0,1.0,1.0,0.0,0.0,0.0,0.0,0.0,2026,4.641666666666667,5.5019607843137255,5.3,5.7,101
823037,2026-06-28,STL,MIA,138,146,681517.0,663969.0,False,9,2.0,2,0.0,2.0,0.0,0.0,1.0,0.0,0.0,0.0,0.0,2026,2.861904761904762,5.125862068965517,3.8,4.8,99
824011,2026-06-28,LAA,ATH,108,133,691951.0,650644.0,False,9,4.0,2,0.0,4.0,0.0,0.0,1.0,0.0,0.0,0.0,0.0,2026,6.371604938271606,8.433333333333334,4.9,5.0,98
823204,2026-06-28,SF,ATL,137,144,592662.0,519242.0,False,9,2.0,6,0.0,0.0,0.0,0.0,0.0,2.0,1.0,1.0,1.0,2026,4.474045801526717,1.6507246376811593,3.8,2.9,95
823281,2026-06-28,SD,LAD,135,119,650633.0,686218.0,False,9,3.0,5,0.0,0.0,1.0,1.0,3.0,1.0,0.0,0.0,0.0,2026,5.216040955631399,5.0718309859154935,4.7,4.9,96
824822,2026-06-29,BAL,CWS,110,145,669358.0,680732.0,False,9,4.0,9,1.0,0.0,3.0,0.0,0.0,0.0,0.0,2.0,4.0,2026,3.271232876712329,4.046969696969697,4.3,5.2,101
823444,2026-06-29,PHI,PIT,143,134,605400.0,677952.0,False,9,6.0,5,2.0,0.0,3.0,2.0,6.0,0.0,0.0,2.0,3.0,2026,6.0613733905579394,2.0285714285714285,6.4,6.2,102
823529,2026-06-29,NYY,DET,147,116,677960.0,663554.0,False,9,4.0,2,1.0,4.0,0.0,2.0,0.0,0.0,0.0,3.0,0.0,2026,5.6,2.6703125,2.8,4.3,97
822792,2026-06-29,TOR,NYM,141,121,702056.0,640455.0,False,9,1.0,tie,1.0,0.0,0.0,0.0,1.0,0.0,1.0,0.0,0.0,2026,5.972727272727273,2.745390070921986,4.1,3.9,101
824741,2026-06-29,BOS,WSH,111,120,624133.0,571945.0,False,9,5.0,1,5.0,1.0,1.0,0.0,0.0,2.0,0.0,0.0,0.0,2026,1.4392226148409895,6.675129533678756,4.6,4.2,104
824420,2026-06-29,CLE,TEX,114,140,800048.0,641302.0,False,9,3.0,7,0.0,0.0,0.0,1.0,2.0,1.0,3.0,0.0,2.0,2026,3.3447552447552447,2.6,3.7,4.8,97
823771,2026-06-29,MIL,CIN,158,113,688107.0,666157.0,False,9,2.0,tie,1.0,0.0,0.0,0.0,2.0,2.0,1.0,2.0,0.0,2026,5.155335968379447,4.5285714285714285,3.7,4.0,100
824662,2026-06-29,CHC,SD,112,135,684007.0,656288.0,False,9,2.0,4,0.0,0.0,1.0,2.0,1.0,0.0,0.0,0.0,1.0,2026,7.342424242424242,6.153435114503817,7.7,4.7,98
824176,2026-06-29,HOU,MIN,117,142,663567.0,805673.0,False,9,3.0,9,0.0,0.0,0.0,2.0,1.0,2.0,1.0,0.0,3.0,2026,4.924817518248175,5.658139534883721,4.3,5.8,99
824339,2026-06-29,COL,MIA,115,146,807743.0,645261.0,False,9,5.0,tie,0.0,5.0,2.0,0.0,4.0,0.0,5.0,0.0,1.0,2026,7.183333333333334,3.1584795321637427,4.9,4.7,112
824986,2026-06-29,ATH,LAD,133,119,695611.0,641778.0,False,9,5.0,2,0.0,5.0,0.0,3.0,0.0,3.0,0.0,1.0,1.0,2026,2.103322259136213,5.727450980392157,4.7,5.2,97
823121,2026-06-29,SEA,LAA,136,108,669923.0,696270.0,False,9,3.0,6,1.0,0.0,2.0,2.0,0.0,3.0,0.0,0.0,0.0,2026,3.17380073800738,5.440425531914894,2.5,5.2,94
825065,2026-06-29,ARI,SF,109,137,593958.0,641816.0,False,9,4.0,5,1.0,0.0,0.0,0.0,4.0,1.0,0.0,1.0,2.0,2026,4.881818181818182,4.477952755905512,4.6,3.4,100
824819,2026-06-30,BAL,CWS,110,145,694346.0,607200.0,False,9,7.0,3,2.0,0.0,7.0,1.0,2.0,0.0,0.0,0.0,0.0,2026,5.233333333333333,7.232231404958679,4.5,5.5,101
824418,2026-06-30,CLE,TEX,114,140,676440.0,594798.0,False,9,2.0,tie,2.0,0.0,2.0,0.0,0.0,0.0,1.0,1.0,0.0,2026,3.9411214953271028,2.341379310344828,3.6,4.5,97
823445,2026-06-30,PHI,PIT,143,134,650911.0,696149.0,False,9,3.0,tie,0.0,2.0,0.0,0.0,0.0,0.0,3.0,3.0,0.0,2026,3.729139072847682,4.126615969581749,6.7,6.1,102
823528,2026-06-30,NYY,DET,147,116,693645.0,669373.0,False,9,5.0,1,5.0,0.0,2.0,0.0,0.0,4.0,0.0,0.0,1.0,2026,2.916849816849817,4.29718309859155,2.6,4.6,97
822793,2026-06-30,TOR,NYM,141,121,592332.0,690997.0,False,9,1.0,tie,0.0,0.0,0.0,0.0,1.0,0.0,1.0,0.0,1.0,2026,6.176923076923077,3.85,3.9,3.4,101
824742,2026-06-30,BOS,WSH,111,120,813349.0,676917.0,False,9,4.0,8,1.0,0.0,0.0,0.0,1.0,0.0,3.0,4.0,0.0,2026,5.374509803921569,4.824137931034483,4.6,4.3,104
824907,2026-06-30,ATL,STL,144,138,527048.0,669461.0,False,9,4.0,4,0.0,0.0,1.0,4.0,0.0,1.0,1.0,1.0,0.0,2026,3.9764940239043827,7.079591836734695,2.9,3.7,100
824096,2026-06-30,KC,TB,118,139,702070.0,643377.0,False,9,8.0,3,1.0,0.0,8.0,0.0,2.0,2.0,0.0,1.0,0.0,2026,3.3214022140221404,4.391666666666667,5.6,5.1,98
823768,2026-06-30,MIL,CIN,158,113,687075.0,695076.0,False,9,4.0,4,1.0,1.0,0.0,4.0,1.0,1.0,0.0,1.0,0.0,2026,4.169958847736625,7.193023255813955,4.0,4.2,100
824661,2026-06-30,CHC,SD,112,135,571510.0,676664.0,False,9,4.0,tie,2.0,4.0,2.0,0.0,3.0,1.0,0.0,4.0,0.0,2026,2.422033898305085,4.8307692307692305,7.2,4.3,98
824175,2026-06-30,HOU,MIN,117,142,681347.0,657746.0,False,9,6.0,4,3.0,0.0,0.0,6.0,1.0,0.0,0.0,0.0,0.0,2026,6.1,3.2379310344827585,3.8,5.4,99
824338,2026-06-30,COL,MIA,115,146,685299.0,691587.0,False,9,3.0,tie,2.0,1.0,3.0,0.0,0.0,3.0,3.0,3.0,2.0,2026,2.975,4.522924901185771,5.0,4.5,112
824984,2026-06-30,ATH,LAD,133,119,605488.0,680736.0,False,9,5.0,7,3.0,0.0,3.0,0.0,0.0,1.0,5.0,0.0,0.0,2026,8.709756097560975,3.7622516556291394,4.6,5.6,97
823122,2026-06-30,SEA,LAA,136,108,693433.0,667755.0,False,9,6.0,7,0.0,0.0,0.0,0.0,0.0,5.0,6.0,0.0,0.0,2026,2.6876288659793817,6.85,2.8,5.4,94
825066,2026-06-30,ARI,SF,109,137,694297.0,694738.0,False,9,3.0,tie,3.0,0.0,3.0,0.0,0.0,2.0,1.0,1.0,0.0,2026,5.445679012345679,3.5330708661417325,4.3,3.1,100
824818,2026-07-01,BAL,CWS,110,145,665152.0,702273.0,False,9,4.0,5,1.0,0.0,0.0,0.0,4.0,1.0,0.0,1.0,0.0,2026,5.463636363636364,5.7785714285714285,4.3,6.1,101
824419,2026-07-01,CLE,TEX,114,140,676282.0,669022.0,False,9,5.0,2,0.0,5.0,1.0,0.0,0.0,2.0,2.0,3.0,0.0,2026,3.9214285714285717,2.9287671232876713,3.5,4.5,97
824660,2026-07-01,CHC,SD,112,135,607067.0,621111.0,False,9,9.0,8,3.0,1.0,5.0,0.0,6.0,2.0,0.0,9.0,0.0,2026,4.895918367346939,2.94251968503937,6.5,4.3,98
822791,2026-07-01,TOR,NYM,141,121,680755.0,642547.0,False,9,4.0,tie,1.0,0.0,4.0,0.0,0.0,0.0,4.0,2.0,1.0,2026,2.7153846153846155,4.698360655737705,3.7,3.4,101
823446,2026-07-01,PHI,PIT,143,134,554430.0,694973.0,False,9,5.0,2,0.0,5.0,3.0,2.0,2.0,0.0,2.0,2.0,0.0,2026,3.2282051282051283,2.7691176470588235,6.0,5.8,102
824905,2026-07-01,ATL,STL,144,138,625643.0,700241.0,False,9,3.0,8,2.0,0.0,1.0,0.0,0.0,0.0,0.0,3.0,0.0,2026,4.9131868131868135,4.548275862068966,2.7,4.1,100
824094,2026-07-01,KC,TB,118,139,607625.0,663556.0,False,9,2.0,1,2.0,0.0,0.0,0.0,0.0,1.0,0.0,1.0,0.0,2026,6.4864541832669325,4.651724137931034,4.6,5.6,98
824174,2026-07-01,HOU,MIN,117,142,837227.0,671737.0,False,9,3.0,tie,3.0,3.0,0.0,0.0,2.0,2.0,0.0,1.0,0.0,2026,2.2379310344827585,5.666037735849057,4.3,5.3,99
823767,2026-07-01,MIL,CIN,158,113,675660.0,671096.0,False,9,2.0,tie,2.0,2.0,0.0,0.0,0.0,0.0,2.0,0.0,0.0,2026,3.9677685950413224,5.350922509225092,4.5,4.4,100
824337,2026-07-01,COL,MIA,115,146,607536.0,676974.0,False,9,4.0,5,1.0,0.0,0.0,2.0,4.0,0.0,2.0,0.0,0.0,2026,3.6964912280701756,3.5983388704318937,4.9,5.5,112
825064,2026-07-01,ARI,SF,109,137,668678.0,686790.0,False,9,4.0,8,0.0,0.0,0.0,0.0,3.0,3.0,0.0,4.0,0.0,2026,6.065779467680608,5.024882629107982,4.2,3.0,100
823765,2026-07-02,MIL,CIN,158,113,694819.0,695505.0,False,9,4.0,4,1.0,0.0,0.0,4.0,1.0,1.0,1.0,1.0,0.0,2026,1.7000000000000002,2.5833948339483395,4.6,3.6,100
824335,2026-07-02,COL,MIA,115,146,547179.0,687473.0,False,9,7.0,6,3.0,0.0,3.0,3.0,0.0,7.0,0.0,2.0,0.0,2026,3.8264957264957267,4.306896551724138,5.3,5.2,112
824416,2026-07-02,CLE,CWS,114,145,677944.0,663436.0,False,9,3.0,tie,0.0,0.0,2.0,0.0,3.0,3.0,1.0,0.0,2.0,2026,4.021985815602837,4.49344262295082,3.6,6.1,97
824093,2026-07-02,KC,TB,118,139,663568.0,693855.0,False,9,3.0,2,1.0,3.0,0.0,0.0,2.0,0.0,1.0,0.0,0.0,2026,4.918181818181818,5.190909090909091,4.0,5.7,98
822884,2026-07-02,TEX,DET,140,116,543135.0,664285.0,False,9,3.0,tie,0.0,3.0,0.0,2.0,3.0,1.0,3.0,2.0,0.0,2026,3.3564102564102565,4.135714285714286,4.5,5.2,103
823119,2026-07-02,SEA,LAA,136,108,682243.0,700712.0,False,9,1.0,6,0.0,0.0,0.0,0.0,0.0,1.0,0.0,0.0,0.0,2026,2.8945205479452056,3.6535055350553507,3.4,4.6,94
823935,2026-07-02,LAD,SD,119,135,808963.0,681190.0,False,9,6.0,2,2.0,6.0,2.0,4.0,2.0,1.0,0.0,1.0,1.0,2026,4.911023622047244,6.552914798206277,5.8,4.0,94
824659,2026-07-03,CHC,STL,112,138,656849.0,669467.0,False,9,5.0,4,0.0,3.0,3.0,5.0,3.0,2.0,2.0,0.0,0.0,2026,4.0375000000000005,2.8697368421052634,8.2,4.2,98
822714,2026-07-03,WSH,PIT,120,134,656492.0,656605.0,False,9,4.0,tie,1.0,1.0,4.0,0.0,0.0,0.0,2.0,2.0,4.0,2026,2.7141479099678456,5.9458498023715425,5.4,6.1,99
823527,2026-07-03,NYY,MIN,147,142,543037.0,702474.0,False,9,2.0,tie,2.0,0.0,2.0,1.0,0.0,0.0,2.0,0.0,0.0,2026,6.021810699588478,5.527745664739885,2.8,4.5,97
824498,2026-07-03,CIN,BAL,113,110,663903.0,669432.0,False,9,2.0,3,1.0,0.0,2.0,0.0,0.0,0.0,0.0,0.0,0.0,2026,3.751340996168582,2.5915254237288137,3.9,4.6,105
824904,2026-07-03,ATL,NYM,144,121,656550.0,681035.0,False,9,3.0,3,0.0,2.0,3.0,0.0,1.0,0.0,0.0,1.0,1.0,2026,6.977551020408164,4.19704641350211,3.0,3.5,100
824336,2026-07-03,COL,SF,115,137,663372.0,657277.0,False,9,7.0,5,3.0,2.0,3.0,1.0,7.0,1.0,0.0,1.0,0.0,2026,4.849049429657795,2.231578947368421,6.1,3.3,112
824173,2026-07-03,HOU,TB,117,139,681293.0,607259.0,False,9,2.0,6,0.0,0.0,0.0,0.0,0.0,2.0,1.0,1.0,0.0,2026,5.859999999999999,4.784981684981685,4.4,5.8,99
824013,2026-07-03,LAA,BOS,108,111,672282.0,687562.0,False,9,3.0,3,0.0,1.0,3.0,0.0,1.0,0.0,0.0,2.0,0.0,2026,2.8756410256410256,2.623809523809524,3.9,4.3,98
824982,2026-07-03,ATH,MIA,133,146,678022.0,663969.0,False,9,6.0,1,6.0,1.0,2.0,3.0,0.0,1.0,0.0,2.0,2.0,2026,4.839130434782609,5.314022140221402,4.4,5.4,97
823933,2026-07-03,LAD,SD,119,135,660271.0,650633.0,False,9,4.0,7,1.0,0.0,0.0,1.0,0.0,1.0,4.0,0.0,0.0,2026,2.8019867549668875,5.107299270072993,6.9,4.4,94
823120,2026-07-03,SEA,TOR,136,141,622491.0,656302.0,False,9,2.0,3,0.0,0.0,2.0,0.0,0.0,0.0,0.0,0.0,0.0,2026,3.725,2.4089430894308945,3.4,3.8,94
822716,2026-07-04,WSH,PIT,120,134,687223.0,677952.0,False,9,4.0,2,2.0,4.0,0.0,0.0,0.0,0.0,0.0,2.0,0.0,2026,2.132258064516129,3.2785714285714285,5.9,6.4,99
822882,2026-07-04,TEX,DET,140,116,615698.0,656427.0,False,9,2.0,1,2.0,1.0,0.0,0.0,0.0,0.0,0.0,0.0,0.0,2026,3.7666666666666666,1.3758620689655172,5.1,5.1,103
823118,2026-07-04,SEA,TOR,136,141,669302.0,669456.0,False,9,5.0,2,0.0,5.0,0.0,0.0,2.0,4.0,0.0,0.0,0.0,2026,2.6833333333333336,9.365060240963855,3.1,3.6,94
824171,2026-07-04,HOU,TB,117,139,686613.0,656876.0,False,9,4.0,7,3.0,2.0,3.0,3.0,1.0,0.0,4.0,0.0,2.0,2026,3.3868852459016394,1.7666666666666668,4.3,6.0,99
824415,2026-07-04,CLE,CWS,114,145,800048.0,680732.0,False,9,1.0,tie,1.0,0.0,0.0,0.0,1.0,0.0,0.0,1.0,1.0,2026,3.0664429530201343,3.5761904761904764,4.0,5.9,97
824658,2026-07-04,CHC,STL,112,138,684007.0,681517.0,False,9,1.0,tie,1.0,0.0,1.0,0.0,0.0,0.0,0.0,1.0,0.0,2026,5.28978102189781,3.0233716475095784,7.4,4.7,98
824903,2026-07-04,ATL,NYM,144,121,519242.0,640455.0,False,9,4.0,tie,0.0,1.0,4.0,1.0,1.0,4.0,2.0,4.0,0.0,2026,1.5586466165413533,2.8927461139896375,3.1,3.2,100
824334,2026-07-04,COL,SF,115,137,807743.0,592662.0,False,9,7.0,1,7.0,1.0,1.0,0.0,0.0,0.0,0.0,0.0,1.0,2026,6.8654320987654325,3.331788079470199,7.3,3.5,112
824092,2026-07-04,KC,PHI,118,143,608379.0,666200.0,False,9,4.0,4,0.0,0.0,0.0,4.0,0.0,1.0,1.0,1.0,0.0,2026,3.1925925925925926,3.8142857142857145,3.2,6.4,98
824012,2026-07-04,LAA,BOS,108,111,691951.0,543243.0,False,9,4.0,5,3.0,1.0,0.0,0.0,4.0,0.0,0.0,1.0,0.0,2026,5.3641509433962264,3.6421686746987953,3.2,4.6,98
824983,2026-07-04,ATH,MIA,133,146,650644.0,645261.0,False,9,3.0,tie,0.0,0.0,3.0,0.0,1.0,0.0,3.0,0.0,2.0,2026,7.814285714285715,3.346913580246914,4.2,6.3,97
825063,2026-07-04,ARI,MIL,109,158,518876.0,605540.0,False,9,3.0,1,3.0,0.0,0.0,0.0,2.0,0.0,0.0,1.0,1.0,2026,7.085765124555159,2.318106995884774,4.0,4.4,100
823932,2026-07-04,LAD,SD,119,135,808967.0,593974.0,False,9,1.0,tie,0.0,0.0,1.0,0.0,0.0,1.0,0.0,1.0,0.0,2026,2.6481927710843376,1.1,7.1,4.6,94
824902,2026-07-05,ATL,NYM,144,121,527048.0,690997.0,False,9,11.0,9,4.0,4.0,0.0,0.0,0.0,0.0,0.0,0.0,11.0,2026,4.574103585657371,3.0655172413793106,4.5,3.2,100
822715,2026-07-05,WSH,PIT,120,134,676917.0,696149.0,False,9,6.0,8,0.0,3.0,3.0,1.0,1.0,0.0,0.0,6.0,2.0,2026,3.7746031746031745,4.121897810218979,5.1,6.0,99
824497,2026-07-05,CIN,BAL,113,110,666157.0,680694.0,False,9,2.0,5,0.0,0.0,0.0,0.0,2.0,1.0,0.0,1.0,1.0,2026,3.615021459227468,4.276470588235294,4.3,3.9,105
823525,2026-07-05,NYY,MIN,147,142,677960.0,657746.0,False,9,2.0,tie,1.0,0.0,0.0,1.0,2.0,2.0,0.0,0.0,1.0,2026,4.80940170940171,3.3962962962962964,3.0,5.3,97
824413,2026-07-05,CLE,CWS,114,145,676440.0,669684.0,False,9,5.0,1,5.0,1.0,3.0,0.0,3.0,1.0,0.0,0.0,0.0,2026,4.0063444108761335,-0.5363636363636362,4.0,6.0,97
824656,2026-07-05,CHC,STL,112,138,665871.0,669461.0,False,9,7.0,6,2.0,0.0,0.0,0.0,0.0,7.0,0.0,1.0,0.0,2026,5.923529411764706,7.202564102564102,6.4,4.7,98
824091,2026-07-05,KC,PHI,118,143,679883.0,605400.0,False,9,2.0,tie,2.0,0.0,0.0,0.0,2.0,0.0,1.0,2.0,0.0,2026,5.574226804123711,7.296428571428573,3.1,5.6,98
824172,2026-07-05,HOU,TB,117,139,663567.0,669438.0,False,9,1.0,tie,0.0,0.0,0.0,1.0,0.0,1.0,0.0,0.0,0.0,2026,6.252173913043478,2.7875,4.4,6.3,99
822879,2026-07-05,TEX,DET,140,116,677958.0,663554.0,False,9,5.0,5,0.0,0.0,1.0,2.0,5.0,0.0,0.0,1.0,0.0,2026,4.252263374485596,2.235338345864662,4.7,5.1,103
824333,2026-07-05,COL,SF,115,137,685299.0,641816.0,False,9,3.0,tie,2.0,3.0,1.0,1.0,2.0,1.0,0.0,3.0,0.0,2026,3.6384615384615384,4.540329218106996,7.5,3.8,112
825061,2026-07-05,ARI,MIL,109,158,593958.0,687075.0,False,9,4.0,7,1.0,0.0,0.0,0.0,0.0,0.0,4.0,0.0,0.0,2026,4.8543859649122805,3.8905138339920953,4.2,4.5,100
824980,2026-07-05,ATH,MIA,133,146,695611.0,691587.0,False,9,5.0,8,1.0,2.0,3.0,0.0,0.0,2.0,0.0,5.0,4.0,2026,2.7336996336996338,4.698360655737705,4.3,6.4,97
823117,2026-07-05,SEA,TOR,136,141,676106.0,702056.0,False,9,2.0,4,0.0,0.0,1.0,2.0,0.0,0.0,0.0,1.0,0.0,2026,4.206719367588933,5.748083623693381,3.9,2.9,94
823931,2026-07-05,LAD,SD,119,135,686218.0,676664.0,False,9,6.0,7,0.0,0.0,0.0,1.0,0.0,0.0,6.0,0.0,0.0,2026,6.2527093596059125,8.312765957446809,6.2,3.9,94
824010,2026-07-05,LAA,BOS,108,111,696270.0,624133.0,False,9,3.0,tie,2.0,3.0,3.0,0.0,0.0,0.0,2.0,1.0,1.0,2026,5.35130890052356,1.8713310580204778,3.2,4.9,98
824089,2026-07-06,KC,PHI,118,143,702070.0,650911.0,False,9,7.0,1,7.0,1.0,1.0,1.0,1.0,1.0,2.0,2.0,0.0,2026,4.9884120171673825,3.7622516556291394,2.4,5.3,98
822958,2026-07-06,TB,NYY,139,147,643377.0,693645.0,False,9,4.0,5,0.0,0.0,0.0,0.0,4.0,0.0,0.0,1.0,1.0,2026,3.676923076923077,4.202941176470588,5.8,2.7,97
822712,2026-07-06,WSH,HOU,120,117,571945.0,681347.0,False,9,7.0,3,2.0,3.0,7.0,0.0,6.0,1.0,0.0,4.0,0.0,2026,4.991891891891892,6.292307692307693,5.2,4.3,99
823036,2026-07-06,STL,MIL,138,158,669160.0,675660.0,False,9,4.0,7,0.0,0.0,2.0,0.0,0.0,1.0,4.0,0.0,0.0,2026,2.7875,3.6511811023622047,4.8,4.2,99
823282,2026-07-06,SD,ARI,135,109,621111.0,694297.0,False,9,4.0,3,2.0,0.0,4.0,1.0,0.0,1.0,0.0,0.0,0.0,2026,4.852136752136753,5.4474178403755875,3.9,4.0,96
823205,2026-07-06,SF,TOR,137,141,694738.0,592332.0,False,9,6.0,6,1.0,0.0,0.0,1.0,1.0,6.0,0.0,2.0,0.0,2026,4.244067796610169,6.253846153846154,4.2,2.8,95
823035,2026-07-07,STL,MIL,138,158,690928.0,688107.0,False,9,7.0,7,0.0,0.0,1.0,0.0,2.0,2.0,7.0,0.0,0.0,2026,5.904878048780488,4.653030303030303,4.7,4.0,99
824820,2026-07-07,BAL,CHC,110,112,669358.0,571510.0,False,9,3.0,7,0.0,0.0,1.0,0.0,2.0,0.0,3.0,1.0,0.0,2026,3.4767123287671233,4.082905982905983,4.0,6.0,101
824254,2026-07-07,DET,ATH,116,133,669373.0,669372.0,False,9,4.0,6,2.0,0.0,1.0,0.0,0.0,4.0,1.0,0.0,0.0,2026,4.57887323943662,4.407420494699647,5.5,5.0,96
823361,2026-07-07,PIT,ATL,134,144,694973.0,694462.0,False,9,5.0,1,5.0,0.0,4.0,0.0,0.0,3.0,1.0,1.0,2.0,2026,4.1,5.25686274509804,6.6,5.2,95
822956,2026-07-07,TB,NYY,139,147,693855.0,701542.0,False,9,4.0,4,0.0,2.0,3.0,4.0,0.0,0.0,1.0,0.0,0.0,2026,4.452941176470588,4.371186440677966,4.6,2.9,97
822713,2026-07-07,WSH,HOU,120,117,674841.0,837227.0,False,9,3.0,4,1.0,1.0,1.0,3.0,0.0,1.0,0.0,1.0,1.0,2026,2.7551724137931037,3.5371584699453553,5.9,5.2,99
823607,2026-07-07,NYM,KC,121,118,672335.0,607625.0,False,9,9.0,7,3.0,4.0,0.0,6.0,5.0,0.0,9.0,1.0,0.0,2026,-0.8999999999999999,6.924701195219123,4.1,3.6,94
824495,2026-07-07,CIN,PHI,113,143,671096.0,554430.0,False,9,3.0,3,0.0,0.0,3.0,0.0,0.0,0.0,1.0,1.0,0.0,2026,5.70536398467433,2.888732394366197,4.1,4.4,105
823687,2026-07-07,MIN,CLE,142,114,671737.0,676282.0,False,9,3.0,2,0.0,3.0,0.0,0.0,0.0,0.0,1.0,0.0,0.0,2026,4.931501831501832,3.7551724137931037,5.6,4.2,99
824579,2026-07-07,CWS,BOS,145,111,702273.0,801139.0,False,9,4.0,9,0.0,3.0,0.0,1.0,0.0,0.0,1.0,0.0,4.0,2026,6.319512195121952,5.025925925925926,6.4,5.0,101
822881,2026-07-07,TEX,LAA,140,108,594798.0,667755.0,False,9,5.0,8,2.0,2.0,0.0,0.0,0.0,0.0,2.0,5.0,0.0,2026,2.6483870967741936,5.016666666666667,4.8,3.2,103
823280,2026-07-07,SD,ARI,135,109,608566.0,668678.0,False,9,5.0,1,5.0,0.0,0.0,0.0,0.0,0.0,0.0,0.0,0.0,2026,6.077099236641222,6.194339622641509,3.2,3.9,96
823203,2026-07-07,SF,TOR,137,141,686790.0,693686.0,False,9,6.0,3,0.0,4.0,6.0,0.0,1.0,0.0,0.0,0.0,1.0,2026,3.8623318385650225,5.433333333333334,4.6,2.4,95
823929,2026-07-07,LAD,COL,119,115,680736.0,547179.0,False,9,3.0,8,1.0,0.0,0.0,0.0,1.0,2.0,0.0,3.0,0.0,2026,3.6298013245033114,4.083606557377049,6.7,7.3,94
823202,2026-07-08,SF,TOR,137,141,657277.0,656302.0,False,9,5.0,1,5.0,0.0,0.0,0.0,0.0,0.0,0.0,2.0,3.0,2026,3.1,1.4576642335766423,4.8,2.9,95
824815,2026-07-08,BAL,CHC,110,112,665152.0,607067.0,False,9,7.0,7,0.0,0.0,2.0,2.0,3.0,0.0,7.0,2.0,0.0,2026,5.1,5.026229508196721,3.6,6.1,101
824253,2026-07-08,DET,ATH,116,133,675512.0,605488.0,False,9,3.0,5,1.0,2.0,0.0,1.0,3.0,0.0,0.0,0.0,0.0,2026,4.997106109324759,8.725,6.0,4.3,96
823360,2026-07-08,PIT,ATL,134,144,683003.0,656550.0,False,9,2.0,8,0.0,0.0,0.0,0.0,0.0,0.0,0.0,2.0,1.0,2026,4.0375,6.482352941176471,7.4,5.3,95
823848,2026-07-08,MIA,SEA,146,136,663969.0,669923.0,False,9,1.0,tie,0.0,1.0,1.0,0.0,0.0,0.0,0.0,0.0,0.0,2026,6.1158730158730155,2.966666666666667,7.1,4.6,93
822957,2026-07-08,TB,NYY,139,147,663556.0,543037.0,False,9,1.0,tie,0.0,0.0,1.0,0.0,1.0,0.0,1.0,0.0,0.0,2026,4.50495867768595,4.422314049586777,4.6,3.2,97
822710,2026-07-08,WSH,HOU,120,117,656492.0,681293.0,False,9,4.0,5,0.0,0.0,2.0,3.0,4.0,0.0,0.0,1.0,0.0,2026,2.9392282958199356,5.47037037037037,6.1,5.8,99
823605,2026-07-08,NYM,KC,121,118,681035.0,674444.0,False,9,5.0,8,1.0,0.0,0.0,0.0,0.0,1.0,0.0,5.0,1.0,2026,5.366666666666667,0.372727272727273,5.2,5.0,94
824496,2026-07-08,CIN,PHI,113,143,695505.0,660604.0,False,9,5.0,tie,0.0,2.0,2.0,5.0,1.0,5.0,0.0,0.0,1.0,2026,3.06309963099631,4.1,3.6,4.6,105
823684,2026-07-08,MIN,CLE,142,114,687570.0,677944.0,False,9,6.0,4,0.0,0.0,0.0,6.0,0.0,0.0,4.0,0.0,1.0,2026,3.0644128113879003,4.607352941176471,5.6,4.2,99
824578,2026-07-08,CWS,BOS,145,111,663436.0,687562.0,False,9,3.0,3,0.0,0.0,3.0,2.0,0.0,0.0,0.0,0.0,0.0,2026,4.9884120171673825,2.55578231292517,4.3,5.2,101
823032,2026-07-08,STL,MIL,138,158,700241.0,690986.0,False,9,2.0,tie,2.0,0.0,0.0,1.0,0.0,2.0,1.0,0.0,0.0,2026,4.755172413793104,4.408411214953271,5.1,4.9,99
822880,2026-07-08,TEX,LAA,140,108,669022.0,700712.0,False,9,4.0,5,1.0,0.0,0.0,2.0,4.0,2.0,0.0,3.0,2.0,2026,3.033333333333333,3.594296577946768,5.0,2.8,103
823279,2026-07-08,SD,ARI,135,109,650633.0,703615.0,False,9,4.0,tie,1.0,0.0,1.0,1.0,2.0,4.0,4.0,1.0,0.0,2026,4.3043795620437955,5.92442748091603,3.3,3.9,96
823359,2026-07-09,PIT,ATL,134,144,656605.0,693821.0,False,9,5.0,4,1.0,0.0,4.0,5.0,0.0,1.0,0.0,0.0,4.0,2026,6.494833948339483,5.809923664122138,6.7,5.6,95
823606,2026-07-09,NYM,KC,121,118,640455.0,608379.0,False,9,5.0,5,1.0,1.0,0.0,1.0,5.0,0.0,2.0,0.0,0.0,2026,4.046502057613169,3.7626506024096384,5.2,5.1,94
822954,2026-07-09,TB,NYY,139,147,656876.0,621112.0,False,9,8.0,3,1.0,0.0,8.0,1.0,0.0,4.0,1.0,1.0,0.0,2026,3.164516129032258,12.1,4.5,3.1,97
824816,2026-07-09,BAL,CHC,110,112,669432.0,656849.0,False,9,3.0,8,0.0,1.0,0.0,0.0,0.0,1.0,0.0,3.0,0.0,2026,2.9293515358361777,4.796428571428572,4.0,6.8,101
823683,2026-07-09,MIN,CLE,142,114,641927.0,668909.0,False,9,3.0,7,0.0,1.0,0.0,0.0,1.0,1.0,3.0,0.0,1.0,2026,6.114184397163121,4.752892561983471,5.3,4.3,99
824251,2026-07-09,DET,ATH,116,133,664285.0,660761.0,False,9,3.0,5,0.0,0.0,1.0,0.0,3.0,0.0,1.0,0.0,0.0,2026,4.7785714285714285,2.1625,5.8,3.5,96
823846,2026-07-09,MIA,SEA,146,136,676083.0,682243.0,False,9,4.0,4,0.0,3.0,0.0,4.0,1.0,0.0,2.0,2.0,0.0,2026,4.963117870722433,2.6833333333333336,6.8,4.3,93
824494,2026-07-09,CIN,PHI,113,143,663903.0,666200.0,False,9,1.0,8,0.0,0.0,0.0,0.0,0.0,0.0,0.0,1.0,0.0,2026,3.948708487084871,1.807482993197279,3.8,4.9,105
823034,2026-07-09,STL,MIL,138,158,669467.0,701656.0,False,9,4.0,3,0.0,2.0,4.0,1.0,0.0,3.0,1.0,0.0,1.0,2026,2.8697368421052634,2.4043478260869566,5.4,4.5,99
822877,2026-07-09,TEX,LAA,140,108,543135.0,672282.0,False,9,5.0,7,2.0,0.0,3.0,1.0,0.0,1.0,5.0,0.0,1.0,2026,3.5635761589403976,3.4642384105960264,4.6,3.8,103
823277,2026-07-09,SD,ARI,135,109,656288.0,518876.0,False,9,1.0,tie,0.0,1.0,0.0,1.0,1.0,1.0,0.0,0.0,0.0,2026,6.143478260869566,5.804626334519573,4.1,4.1,96
823201,2026-07-09,SF,COL,137,115,687931.0,663372.0,False,9,4.0,8,1.0,0.0,0.0,3.0,2.0,0.0,0.0,4.0,0.0,2026,3.5,4.620912547528517,4.3,7.0,95
824252,2026-07-10,DET,PHI,116,143,656427.0,605400.0,False,9,5.0,6,0.0,0.0,3.0,1.0,0.0,5.0,3.0,0.0,0.0,2026,1.7206896551724138,6.1039525691699605,5.6,4.5,96
822709,2026-07-10,WSH,NYY,120,147,687223.0,677960.0,False,9,3.0,9,1.0,0.0,1.0,1.0,0.0,0.0,2.0,0.0,3.0,2026,1.6365853658536584,3.8476635514018693,6.5,3.9,99
824817,2026-07-10,BAL,KC,110,118,687064.0,679883.0,False,9,3.0,tie,0.0,2.0,0.0,3.0,0.0,0.0,0.0,3.0,0.0,2026,3.1714285714285717,5.161855670103093,4.0,5.3,101
824493,2026-07-10,CIN,CHC,113,112,668881.0,684007.0,False,9,3.0,7,0.0,0.0,0.0,0.0,1.0,0.0,3.0,0.0,0.0,2026,6.648387096774194,3.9203125,3.4,6.2,105
822955,2026-07-10,TB,SEA,139,136,607259.0,622491.0,False,9,3.0,tie,0.0,0.0,1.0,1.0,3.0,1.0,3.0,0.0,0.0,2026,4.226760563380282,3.137878787878788,4.4,4.4,97
823845,2026-07-10,MIA,CLE,146,114,645261.0,800048.0,False,9,2.0,4,0.0,0.0,0.0,2.0,1.0,1.0,1.0,0.0,0.0,2026,3.279640718562874,2.4581081081081084,7.5,4.2,93
823604,2026-07-10,NYM,BOS,121,111,690997.0,543243.0,False,9,3.0,9,2.0,0.0,1.0,0.0,0.0,0.0,2.0,0.0,3.0,2026,2.9620689655172416,3.009365558912387,5.5,4.9,94
824575,2026-07-10,CWS,ATH,145,133,680732.0,682052.0,False,9,9.0,7,0.0,0.0,0.0,0.0,4.0,0.0,9.0,2.0,0.0,2026,3.632319391634981,7.511764705882353,3.8,3.4,101
822878,2026-07-10,TEX,HOU,140,117,615698.0,686613.0,False,9,4.0,8,2.0,0.0,0.0,0.0,1.0,1.0,2.0,4.0,0.0,2026,4.827272727272727,4.959504132231405,4.6,5.2,103
823685,2026-07-10,MIN,LAA,142,108,805673.0,680570.0,False,9,2.0,tie,1.0,0.0,0.0,2.0,2.0,2.0,0.0,0.0,0.0,2026,5.682781456953642,5.430097087378641,5.0,3.9,99
823033,2026-07-10,STL,ATL,138,144,681517.0,519242.0,False,9,1.0,tie,0.0,0.0,0.0,0.0,1.0,1.0,0.0,1.0,0.0,2026,2.76789667896679,2.799248120300752,5.3,6.4,99
823278,2026-07-10,SD,TOR,135,141,676664.0,669456.0,False,9,4.0,5,2.0,0.0,0.0,1.0,4.0,0.0,0.0,0.0,1.0,2026,6.225,9.685365853658537,4.0,3.5,96
823200,2026-07-10,SF,COL,137,115,592662.0,685299.0,False,9,4.0,9,0.0,1.0,0.0,0.0,1.0,0.0,1.0,0.0,4.0,2026,3.9385093167701863,5.933333333333334,4.8,6.5,95
823357,2026-07-11,PIT,MIL,134,158,677952.0,687075.0,False,9,5.0,7,2.0,2.0,1.0,0.0,3.0,0.0,5.0,0.0,0.0,2026,3.241843971631206,3.346913580246914,6.3,4.6,95
823356,2026-07-11,PIT,MIL,134,158,696149.0,675660.0,False,9,2.0,tie,0.0,0.0,0.0,2.0,2.0,1.0,0.0,0.0,0.0,2026,4.615151515151515,3.9300395256917,6.3,4.6,95
823682,2026-07-11,MIN,LAA,142,108,657746.0,696270.0,False,9,3.0,tie,0.0,3.0,2.0,0.0,0.0,0.0,3.0,0.0,0.0,2026,2.5285714285714285,5.697402597402597,5.0,3.9,99
824576,2026-07-11,CWS,ATH,145,133,663542.0,695611.0,False,9,1.0,6,0.0,0.0,0.0,0.0,0.0,1.0,0.0,0.0,0.0,2026,4.2320754716981135,4.050413223140496,4.4,3.4,101
823198,2026-07-11,SF,COL,137,115,641816.0,607536.0,False,9,3.0,6,0.0,0.0,1.0,0.0,1.0,3.0,0.0,1.0,0.0,2026,3.9974358974358974,3.382685512367491,4.7,6.6,95
822711,2026-07-11,WSH,NYY,120,147,676571.0,693645.0,False,9,4.0,8,2.0,0.0,0.0,0.0,0.0,0.0,0.0,4.0,0.0,2026,4.957142857142857,3.8,6.2,4.1,99
822953,2026-07-11,TB,SEA,139,136,643377.0,669302.0,False,9,3.0,7,0.0,2.0,1.0,0.0,0.0,0.0,3.0,1.0,0.0,2026,3.7153846153846155,1.804819277108434,4.1,4.1,97
823844,2026-07-11,MIA,CLE,146,114,691587.0,676440.0,False,9,2.0,tie,0.0,0.0,0.0,2.0,0.0,0.0,1.0,2.0,0.0,2026,2.9106060606060606,5.505498281786942,6.7,4.2,93
824249,2026-07-11,DET,PHI,116,143,663554.0,650911.0,False,9,3.0,4,0.0,0.0,1.0,3.0,1.0,0.0,0.0,1.0,0.0,2026,2.949624060150376,5.533460076045627,6.1,4.0,96
824813,2026-07-11,BAL,KC,110,118,680694.0,702070.0,False,9,2.0,4,0.0,1.0,0.0,2.0,1.0,1.0,1.0,1.0,0.0,2026,3.823684210526316,5.745739910313901,4.1,5.1,101
822875,2026-07-11,TEX,HOU,140,117,677958.0,663567.0,False,9,4.0,tie,2.0,0.0,4.0,2.0,0.0,0.0,0.0,0.0,4.0,2026,4.483928571428572,5.30216606498195,5.0,4.8,103
824492,2026-07-11,CIN,CHC,113,112,666157.0,665871.0,False,9,3.0,6,0.0,0.0,0.0,2.0,1.0,3.0,2.0,0.0,0.0,2026,3.1,4.9750000000000005,3.5,5.8,105
823030,2026-07-11,STL,ATL,138,144,669461.0,625643.0,False,9,3.0,1,3.0,0.0,0.0,1.0,0.0,0.0,1.0,0.0,0.0,2026,6.776470588235295,3.889473684210526,5.4,6.2,99
823276,2026-07-11,SD,TOR,135,141,621111.0,702056.0,False,9,6.0,2,2.0,6.0,2.0,1.0,0.0,4.0,0.0,0.0,0.0,2026,5.868595041322314,5.1,3.6,3.8,96
823926,2026-07-11,LAD,ARI,119,109,808967.0,694297.0,False,9,7.0,6,0.0,0.0,0.0,1.0,0.0,7.0,1.0,2.0,0.0,2026,2.5871794871794873,4.544866920152091,4.9,4.7,94
823358,2026-07-12,PIT,MIL,134,158,694973.0,688107.0,False,9,12.0,4,0.0,4.0,0.0,12.0,0.0,0.0,0.0,3.0,0.0,2026,4.211111111111111,4.708391608391609,6.2,4.8,95
824814,2026-07-12,BAL,KC,110,118,669358.0,607625.0,False,9,5.0,6,0.0,3.0,1.0,0.0,0.0,5.0,1.0,0.0,0.0,2026,3.2333333333333334,6.653719008264463,4.5,4.8,101
822708,2026-07-12,WSH,NYY,120,147,676917.0,701542.0,False,9,2.0,tie,1.0,0.0,0.0,0.0,2.0,1.0,1.0,2.0,1.0,2026,3.324215246636771,6.078723404255319,6.1,4.2,99
824491,2026-07-12,CIN,CHC,113,112,671096.0,571510.0,False,9,4.0,tie,2.0,0.0,4.0,2.0,0.0,0.0,4.0,0.0,0.0,2026,5.322222222222223,4.211111111111111,3.6,6.0,105
822951,2026-07-12,TB,SEA,139,136,693855.0,676106.0,False,9,4.0,4,0.0,3.0,0.0,4.0,0.0,0.0,0.0,2.0,1.0,2026,3.6429864253393665,3.556273764258555,4.3,3.6,97
824250,2026-07-12,DET,PHI,116,143,669373.0,554430.0,False,9,4.0,6,0.0,0.0,1.0,0.0,0.0,4.0,0.0,0.0,0.0,2026,4.766666666666667,2.1816326530612247,5.6,3.6,96
823842,2026-07-12,MIA,CLE,146,114,663969.0,676282.0,False,9,2.0,tie,2.0,0.0,1.0,0.0,1.0,0.0,1.0,0.0,2.0,2026,6.393650793650794,2.513793103448276,5.4,4.4,93
823681,2026-07-12,MIN,LAA,142,108,671737.0,667755.0,False,9,3.0,3,0.0,1.0,3.0,0.0,0.0,0.0,1.0,1.0,0.0,2026,3.133112582781457,3.8916666666666666,5.0,4.0,99
824574,2026-07-12,CWS,ATH,145,133,702273.0,669372.0,False,9,7.0,1,7.0,0.0,0.0,0.0,3.0,0.0,0.0,0.0,0.0,2026,6.642600896860987,4.539114391143912,3.6,3.0,101
822876,2026-07-12,TEX,HOU,140,117,669022.0,664299.0,False,9,3.0,tie,0.0,3.0,0.0,1.0,1.0,0.0,3.0,2.0,1.0,2026,3.6333333333333333,9.17142857142857,4.7,5.3,103
823199,2026-07-12,SF,COL,137,115,686790.0,547179.0,False,9,2.0,8,1.0,0.0,0.0,1.0,0.0,0.0,0.0,2.0,0.0,2026,4.955670103092784,4.832283464566929,4.9,6.2,95
823925,2026-07-12,LAD,ARI,119,109,686218.0,683352.0,False,9,2.0,tie,1.0,0.0,2.0,0.0,2.0,2.0,0.0,0.0,1.0,2026,5.449726775956284,3.1,4.2,4.8,94
823274,2026-07-12,SD,TOR,135,141,608566.0,592332.0,False,9,3.0,tie,1.0,3.0,0.0,2.0,0.0,0.0,0.0,3.0,0.0,2026,6.306106870229008,5.5904214559386975,4.1,4.3,96
823440,2026-07-16,PHI,NYM,143,121,605400.0,681035.0,False,9,2.0,7,0.0,0.0,1.0,0.0,0.0,0.0,2.0,1.0,1.0,2026,5.1306513409961685,5.5,3.1,5.2,102
824766,2026-07-17,BOS,TB,111,139,687562.0,643377.0,False,9,6.0,6,0.0,2.0,0.0,1.0,0.0,6.0,1.0,0.0,0.0,2026,2.5904458598726117,4.2153846153846155,5.0,4.0,104
824737,2026-07-17,BOS,TB,111,139,700842.0,669438.0,False,9,5.0,1,5.0,0.0,2.0,1.0,0.0,0.0,0.0,0.0,0.0,2026,3.1,4.29047619047619,5.0,4.0,104
823524,2026-07-17,NYY,LAD,147,119,543037.0,808963.0,False,9,2.0,7,0.0,0.0,0.0,1.0,0.0,0.0,2.0,0.0,0.0,2026,3.9365019011406845,8.301793721973095,4.5,4.4,97
824901,2026-07-17,ATL,TEX,144,140,519242.0,615698.0,False,9,4.0,tie,0.0,2.0,0.0,4.0,2.0,0.0,4.0,4.0,0.0,2026,2.6081967213114754,5.041176470588235,5.7,4.9,100
822789,2026-07-17,TOR,CWS,141,145,693686.0,641743.0,False,9,5.0,2,0.0,5.0,1.0,1.0,4.0,1.0,4.0,0.0,0.0,2026,4.3,4.265919282511211,4.7,4.4,101
824655,2026-07-17,CHC,MIN,112,142,607067.0,641927.0,False,9,4.0,3,1.0,0.0,4.0,0.0,0.0,1.0,1.0,0.0,0.0,2026,5.640983606557377,5.865957446808511,5.9,5.0,98
824170,2026-07-17,HOU,BAL,117,110,663567.0,665152.0,False,9,2.0,tie,1.0,0.0,2.0,0.0,0.0,0.0,0.0,2.0,0.0,2026,4.984057971014493,6.781818181818181,5.2,5.0,99
824332,2026-07-17,COL,CIN,115,113,687312.0,663903.0,False,9,3.0,6,1.0,0.0,0.0,0.0,1.0,3.0,2.0,1.0,1.0,2026,1.7666666666666668,4.128368794326241,4.9,3.8,112
824009,2026-07-17,LAA,DET,108,116,672282.0,675512.0,False,9,2.0,9,1.0,0.0,0.0,0.0,0.0,0.0,0.0,0.0,2.0,2026,4.791176470588235,4.341134751773049,3.9,4.7,98
824981,2026-07-17,ATH,WSH,133,120,695611.0,676917.0,False,9,7.0,9,0.0,0.0,3.0,3.0,4.0,6.0,4.0,0.0,7.0,2026,4.083606557377049,2.7566523605150217,2.8,5.6,97
825060,2026-07-17,ARI,STL,109,138,518876.0,700241.0,False,9,3.0,8,2.0,1.0,1.0,0.0,1.0,0.0,0.0,3.0,1.0,2026,5.91786941580756,3.890378006872852,4.9,3.3,100
823115,2026-07-17,SEA,SF,136,137,682243.0,694738.0,False,9,4.0,7,0.0,0.0,0.0,0.0,2.0,1.0,4.0,0.0,0.0,2026,3.696026490066225,4.00909090909091,3.6,4.6,94
824414,2026-07-18,CLE,PIT,114,134,668909.0,683003.0,False,9,3.0,6,0.0,2.0,1.0,0.0,0.0,3.0,0.0,2.0,0.0,2026,3.5580152671755725,3.4301886792452834,4.0,7.0,97
824657,2026-07-18,CHC,MIN,112,142,571510.0,671737.0,False,9,3.0,2,1.0,3.0,2.0,0.0,0.0,0.0,2.0,0.0,0.0,2026,4.784981684981686,3.293548387096774,3.8,4.7,98
823441,2026-07-18,PHI,NYM,143,121,666200.0,640455.0,False,9,2.0,tie,2.0,1.0,0.0,0.0,2.0,2.0,0.0,0.0,0.0,2026,1.5935897435897437,4.6415019762845855,3.1,5.3,102
822790,2026-07-18,TOR,CWS,141,145,669456.0,663436.0,False,9,1.0,4,0.0,0.0,0.0,1.0,0.0,0.0,0.0,0.0,0.0,2026,8.857575757575757,5.682159624413146,4.2,5.1,101
824331,2026-07-18,COL,CIN,115,113,608372.0,695076.0,False,9,4.0,2,2.0,4.0,3.0,0.0,1.0,2.0,1.0,0.0,0.0,2026,5.2153846153846155,5.963436123348018,3.6,3.8,112
825059,2026-07-18,ARI,STL,109,138,694297.0,669160.0,False,9,3.0,3,0.0,1.0,3.0,1.0,0.0,2.0,0.0,0.0,1.0,2026,4.556692913385827,3.4608247422680414,4.9,3.5,100
824738,2026-07-18,BOS,TB,111,139,663776.0,693855.0,False,9,5.0,7,0.0,4.0,1.0,3.0,0.0,0.0,5.0,0.0,0.0,2026,1.3926829268292682,4.048275862068966,5.8,3.2,104
823763,2026-07-18,MIL,MIA,158,146,675660.0,676974.0,False,9,4.0,tie,0.0,4.0,1.0,0.0,0.0,4.0,2.0,0.0,3.0,2026,4.084848484848485,3.9620689655172416,4.5,5.0,100
824979,2026-07-18,ATH,WSH,133,120,669372.0,641793.0,False,9,6.0,7,5.0,1.0,0.0,0.0,0.0,2.0,6.0,1.0,1.0,2026,5.6,6.568468468468469,2.5,6.9,97
824008,2026-07-18,LAA,DET,108,116,680570.0,669373.0,False,9,4.0,1,4.0,2.0,0.0,0.0,1.0,0.0,0.0,0.0,0.0,2026,5.295121951219512,4.166176470588235,4.0,4.3,98
822786,2026-07-19,TOR,CWS,141,145,702056.0,680732.0,False,9,2.0,6,0.0,0.0,0.0,1.0,0.0,2.0,0.0,0.0,0.0,2026,5.162256809338522,3.738297872340426,4.1,4.8,101
823523,2026-07-19,NYY,LAD,147,119,693645.0,808967.0,False,9,6.0,8,0.0,0.0,2.0,1.0,1.0,0.0,0.0,6.0,0.0,2026,4.332876712328767,3.1906344410876133,4.1,3.4,97
824739,2026-07-19,BOS,TB,111,139,543243.0,663556.0,False,9,3.0,3,0.0,2.0,3.0,0.0,2.0,0.0,0.0,0.0,0.0,2026,3.3416918429003024,3.6533596837944664,5.7,3.8,104
823439,2026-07-19,PHI,NYM,143,121,660604.0,690997.0,False,9,3.0,2,2.0,3.0,0.0,0.0,0.0,1.0,1.0,0.0,0.0,2026,7.1845070422535215,2.8096774193548386,3.1,5.1,102
824897,2026-07-19,ATL,TEX,144,140,656550.0,543135.0,False,9,3.0,tie,1.0,1.0,1.0,1.0,3.0,0.0,3.0,2.0,1.0,2026,5.728865979381443,2.5838709677419356,5.9,4.3,100
824411,2026-07-19,CLE,PIT,114,134,676282.0,694973.0,False,9,3.0,6,0.0,1.0,1.0,0.0,1.0,3.0,0.0,0.0,2.0,2026,2.3758620689655174,3.4831417624521075,3.6,6.9,97
824168,2026-07-19,HOU,BAL,117,110,686613.0,687064.0,False,9,3.0,3,0.0,0.0,3.0,0.0,2.0,1.0,0.0,1.0,0.0,2026,6.1991735537190085,3.992857142857143,5.2,4.8,99
824086,2026-07-19,KC,SD,118,135,702070.0,608566.0,False,9,6.0,9,1.0,4.0,3.0,1.0,0.0,1.0,0.0,5.0,6.0,2026,5.56031746031746,5.996825396825397,6.0,4.3,98
823764,2026-07-19,MIL,MIA,158,146,688107.0,691587.0,False,9,3.0,9,0.0,0.0,1.0,0.0,0.0,0.0,0.0,0.0,3.0,2026,4.0398496240601505,2.567680608365019,5.0,4.4,100
824653,2026-07-19,CHC,MIN,112,142,684007.0,805673.0,False,9,4.0,3,2.0,1.0,4.0,3.0,0.0,0.0,0.0,1.0,0.0,2026,4.4671875000000005,4.9874172185430465,4.3,4.7,98
824330,2026-07-19,COL,CIN,115,113,663372.0,668881.0,False,9,6.0,1,6.0,3.0,0.0,0.0,1.0,2.0,0.0,2.0,1.0,2026,5.229277566539924,2.10990099009901,4.2,4.1,112
824978,2026-07-19,ATH,WSH,133,120,682052.0,656492.0,False,9,3.0,5,0.0,0.0,2.0,1.0,3.0,0.0,0.0,0.0,1.0,2026,7.281818181818181,2.290031152647975,3.5,6.1,97
824007,2026-07-19,LAA,DET,108,116,696270.0,663554.0,False,9,1.0,tie,1.0,1.0,0.0,0.0,1.0,1.0,0.0,0.0,1.0,2026,5.46,3.135971223021583,3.8,4.6,98
823113,2026-07-19,SEA,SF,136,137,669302.0,592662.0,False,9,2.0,tie,2.0,0.0,0.0,2.0,2.0,1.0,2.0,0.0,0.0,2026,1.8125748502994015,4.03167701863354,3.9,4.7,94
824410,2026-07-20,CLE,MIN,114,142,676440.0,657746.0,False,9,5.0,2,3.0,5.0,1.0,1.0,1.0,1.0,4.0,1.0,0.0,2026,5.220141342756184,2.4214285714285717,3.6,3.7,97
823522,2026-07-20,NYY,PIT,147,134,677960.0,677952.0,False,9,6.0,3,4.0,3.0,6.0,0.0,0.0,0.0,0.0,0.0,0.0,2026,2.0285714285714285,4.021985815602837,4.0,6.9,97
822788,2026-07-20,TOR,TB,141,139,656302.0,607259.0,False,9,2.0,5,0.0,1.0,1.0,1.0,2.0,1.0,1.0,0.0,1.0,2026,1.773469387755102,4.986792452830189,4.1,3.8,101
824736,2026-07-20,BOS,BAL,111,110,801139.0,669358.0,False,9,3.0,6,1.0,1.0,2.0,0.0,1.0,3.0,2.0,1.0,0.0,2026,3.5761904761904764,2.3808219178082193,5.6,4.5,104
823436,2026-07-20,PHI,LAD,143,119,650911.0,686218.0,False,9,6.0,6,0.0,4.0,0.0,1.0,0.0,6.0,2.0,1.0,3.0,2026,4.6302491103202845,4.445291479820628,3.0,3.6,102
824898,2026-07-20,ATL,SD,144,135,693821.0,676664.0,False,9,2.0,5,0.0,0.0,0.0,1.0,2.0,1.0,1.0,0.0,0.0,2026,7.5166666666666675,5.37027027027027,5.8,5.7,100
824087,2026-07-20,KC,SF,118,137,608379.0,686790.0,False,9,4.0,4,0.0,0.0,0.0,4.0,0.0,0.0,0.0,0.0,3.0,2026,3.9223684210526315,4.393103448275863,5.7,4.4,98
823762,2026-07-20,MIL,NYM,158,121,694819.0,642547.0,False,9,3.0,tie,2.0,1.0,3.0,0.0,0.0,3.0,0.0,2.0,0.0,2026,2.5242424242424244,5.891878172588832,4.9,4.7,100
822874,2026-07-20,TEX,CWS,140,145,594798.0,607200.0,False,9,5.0,9,1.0,1.0,1.0,0.0,4.0,0.0,1.0,0.0,5.0,2026,2.566666666666667,7.109009009009009,4.8,4.8,103
824328,2026-07-20,COL,WSH,115,120,607536.0,674841.0,False,9,3.0,tie,3.0,0.0,3.0,0.0,0.0,1.0,2.0,0.0,1.0,2026,3.03127147766323,3.0530516431924886,4.1,6.5,112
825058,2026-07-20,ARI,ATH,109,133,683352.0,605488.0,False,9,3.0,7,0.0,1.0,0.0,0.0,1.0,2.0,3.0,0.0,0.0,2026,6.766666666666667,9.146511627906976,5.6,3.5,100
823112,2026-07-20,SEA,CIN,136,113,669923.0,671096.0,False,9,6.0,7,0.0,0.0,0.0,0.0,1.0,0.0,6.0,1.0,0.0,2026,3.1625,5.052191235059761,3.4,4.5,94
824006,2026-07-20,LAA,STL,108,138,667755.0,681517.0,False,9,2.0,tie,0.0,2.0,1.0,0.0,0.0,0.0,0.0,0.0,2.0,2026,4.308333333333334,2.3430278884462155,4.0,3.8,98
824409,2026-07-21,CLE,MIN,114,142,800048.0,696070.0,False,9,2.0,tie,1.0,0.0,2.0,1.0,0.0,2.0,1.0,0.0,0.0,2026,3.198684210526316,3.2666666666666666,4.3,3.5,97
823437,2026-07-21,PHI,LAD,143,119,554430.0,680736.0,False,9,2.0,4,1.0,0.0,0.0,2.0,0.0,0.0,0.0,0.0,0.0,2026,2.0115646258503403,3.580769230769231,3.9,4.1,102
822787,2026-07-21,TOR,TB,141,139,592332.0,656876.0,False,9,4.0,9,3.0,0.0,0.0,2.0,3.0,2.0,0.0,0.0,4.0,2026,5.211553784860557,4.2877394636015325,4.2,3.9,101
824895,2026-07-21,ATL,SD,144,135,625643.0,621111.0,False,9,3.0,4,1.0,2.0,0.0,3.0,1.0,1.0,1.0,2.0,0.0,2026,4.573684210526316,7.20377358490566,5.5,5.9,100
824085,2026-07-21,KC,SF,118,137,679883.0,641816.0,False,9,2.0,tie,0.0,0.0,1.0,0.0,2.0,2.0,0.0,0.0,0.0,2026,3.9677685950413224,3.926771653543307,4.6,3.7,98
823760,2026-07-21,MIL,NYM,158,121,687075.0,804267.0,False,9,2.0,5,0.0,1.0,0.0,0.0,2.0,0.0,0.0,1.0,0.0,2026,3.9450704225352116,2.9830409356725145,5.3,4.3,100
824652,2026-07-21,CHC,DET,112,116,656849.0,664285.0,False,9,6.0,1,6.0,0.0,1.0,0.0,2.0,0.0,2.0,0.0,2.0,2026,5.6,3.1333333333333333,5.3,4.7,98
822871,2026-07-21,TEX,CWS,140,145,677958.0,702273.0,False,9,4.0,5,2.0,0.0,1.0,2.0,4.0,1.0,0.0,0.0,0.0,2026,5.799115044247788,6.462068965517242,4.8,5.1,103
824165,2026-07-21,HOU,MIA,117,146,837227.0,663969.0,False,9,4.0,5,1.0,1.0,0.0,0.0,4.0,0.0,2.0,0.0,0.0,2026,4.796969696969697,5.081981981981982,5.0,3.4,99
824329,2026-07-21,COL,WSH,115,120,547179.0,687223.0,False,9,4.0,2,2.0,4.0,3.0,2.0,1.0,1.0,1.0,1.0,0.0,2026,4.753543307086614,2.959154929577465,3.7,6.7,112
824005,2026-07-21,LAA,STL,108,138,700712.0,669461.0,False,9,5.0,1,5.0,0.0,0.0,0.0,1.0,0.0,0.0,0.0,0.0,2026,3.8114624505928854,4.534977578475337,3.8,3.7,98
823114,2026-07-21,SEA,CIN,136,113,622491.0,695505.0,False,9,1.0,tie,1.0,0.0,0.0,1.0,1.0,0.0,1.0,1.0,1.0,2026,4.596350364963504,3.8777777777777778,3.8,4.2,94
823519,2026-07-22,NYY,PIT,147,134,608331.0,696149.0,False,9,2.0,7,0.0,0.0,0.0,0.0,0.0,0.0,2.0,0.0,0.0,2026,2.3526690391459075,4.792913385826772,4.3,6.3,97
824735,2026-07-22,BOS,BAL,111,110,687562.0,665152.0,False,9,4.0,1,4.0,0.0,2.0,2.0,0.0,1.0,0.0,0.0,0.0,2026,2.821362229102167,6.176923076923077,5.4,4.8,104
824732,2026-07-22,BOS,BAL,111,110,700842.0,680694.0,False,9,4.0,1,4.0,0.0,0.0,1.0,0.0,0.0,1.0,0.0,0.0,2026,5.552830188679245,2.4865030674846627,5.4,4.8,104
824083,2026-07-22,KC,SF,118,137,607625.0,694738.0,False,9,7.0,7,0.0,0.0,0.0,0.0,0.0,1.0,7.0,0.0,1.0,2026,6.7254980079681275,4.23013698630137,3.3,3.6,98
823761,2026-07-22,MIL,NYM,158,121,701656.0,681035.0,False,9,4.0,2,0.0,4.0,0.0,0.0,1.0,1.0,0.0,0.0,1.0,2026,3.339043824701195,4.877777777777778,4.3,3.5,100
824327,2026-07-22,COL,WSH,115,120,687312.0,676917.0,False,9,6.0,7,0.0,0.0,0.0,0.0,1.0,0.0,6.0,1.0,0.0,2026,1.8387387387387388,2.361992619926199,4.1,6.2,112
825055,2026-07-22,ARI,ATH,109,133,518876.0,695611.0,False,9,8.0,5,0.0,0.0,1.0,2.0,8.0,5.0,1.0,1.0,2.0,2026,5.651724137931035,4.022330097087379,5.5,3.5,100
823110,2026-07-22,SEA,CIN,136,113,676106.0,663903.0,False,9,4.0,4,0.0,1.0,0.0,4.0,0.0,0.0,3.0,0.0,0.0,2026,3.4555555555555557,3.927814569536424,3.5,4.5,94
824004,2026-07-22,LAA,STL,108,138,672282.0,690928.0,False,9,1.0,6,0.0,0.0,0.0,0.0,0.0,1.0,0.0,0.0,0.0,2026,4.550381679389313,4.918181818181818,4.0,3.6,98
824408,2026-07-22,CLE,MIN,114,142,677944.0,641927.0,False,9,5.0,4,2.0,2.0,2.0,5.0,0.0,0.0,0.0,4.0,1.0,2026,4.320472440944882,6.556790123456791,4.7,3.4,97
823438,2026-07-22,PHI,LAD,143,119,605400.0,641778.0,False,9,5.0,8,2.0,0.0,1.0,0.0,3.0,2.0,0.0,5.0,1.0,2026,5.867527675276753,5.837226277372263,3.6,3.5,102
822784,2026-07-22,TOR,TB,141,139,680755.0,643377.0,False,9,3.0,6,1.0,1.0,0.0,0.0,0.0,3.0,1.0,0.0,0.0,2026,2.907692307692308,3.8692307692307693,4.3,4.8,101
824896,2026-07-22,ATL,SD,144,135,527048.0,650633.0,False,9,6.0,8,1.0,0.0,0.0,0.0,0.0,0.0,1.0,6.0,5.0,2026,5.496694214876033,3.313523131672598,5.4,6.3,100
822873,2026-07-22,TEX,CWS,140,145,641302.0,641743.0,False,9,3.0,4,0.0,2.0,0.0,3.0,0.0,1.0,0.0,0.0,0.0,2026,1.4333333333333333,4.400448430493274,5.0,5.0,103
824650,2026-07-22,CHC,DET,112,116,607067.0,672456.0,False,9,3.0,4,1.0,1.0,0.0,3.0,0.0,0.0,0.0,0.0,1.0,2026,4.321374045801527,3.357234726688103,5.9,4.3,98
824166,2026-07-22,HOU,MIA,117,146,663567.0,645261.0,False,9,3.0,8,0.0,1.0,1.0,2.0,0.0,0.0,0.0,3.0,0.0,2026,4.5285714285714285,3.346913580246914,4.4,3.1,99
824893,2026-07-23,ATL,SD,144,135,519242.0,606996.0,False,9,4.0,tie,0.0,4.0,0.0,4.0,0.0,0.0,1.0,2.0,0.0,2026,2.4129770992366413,2.6,5.8,5.9,100
822785,2026-07-23,TOR,TB,141,139,669456.0,668984.0,False,9,2.0,3,1.0,0.0,2.0,0.0,0.0,0.0,1.0,0.0,0.0,2026,7.055555555555555,3.5347826086956524,3.6,4.8,101
823042,2026-07-23,STL,ARI,138,109,700241.0,694297.0,False,9,5.0,tie,2.0,0.0,0.0,3.0,1.0,0.0,0.0,5.0,5.0,2026,3.5794520547945208,3.8224334600760455,3.2,6.6,99
824247,2026-07-23,DET,KC,116,118,675512.0,677976.0,False,9,3.0,7,0.0,0.0,0.0,0.0,0.0,2.0,3.0,2.0,0.0,2026,2.5366197183098596,7.734146341463415,4.2,3.6,96
823759,2026-07-24,MIL,COL,158,115,675660.0,608372.0,False,9,3.0,1,3.0,0.0,1.0,1.0,0.0,1.0,1.0,0.0,0.0,2026,2.9175182481751825,5.904428044280443,4.6,3.8,100
822707,2026-07-24,WSH,ARI,120,109,687223.0,593958.0,False,9,2.0,tie,0.0,2.0,0.0,2.0,0.0,0.0,1.0,0.0,0.0,2026,3.2204819277108436,3.9394160583941606,6.7,7.3,99
823434,2026-07-24,PHI,NYY,143,147,666200.0,693645.0,False,9,1.0,4,0.0,0.0,0.0,1.0,0.0,0.0,0.0,0.0,0.0,2026,1.6273972602739726,4.784981684981686,3.6,4.4,102
823601,2026-07-24,NYM,LAD,121,119,640455.0,808963.0,False,9,3.0,8,0.0,1.0,0.0,1.0,0.0,0.0,1.0,3.0,0.0,2026,5.722950819672132,7.159829059829061,3.2,4.1,94
822952,2026-07-24,TB,CLE,139,114,663556.0,676282.0,False,9,4.0,tie,0.0,2.0,0.0,4.0,0.0,1.0,1.0,4.0,2.0,2026,4.7730038022813694,2.676923076923077,4.2,4.4,97
823843,2026-07-24,MIA,SD,146,135,687473.0,608566.0,False,9,2.0,tie,0.0,1.0,0.0,1.0,2.0,0.0,0.0,2.0,0.0,2026,5.165217391304348,7.1,3.1,6.3,93
824733,2026-07-24,BOS,TOR,111,141,663776.0,702056.0,False,9,3.0,tie,1.0,0.0,2.0,0.0,0.0,1.0,3.0,3.0,0.0,2026,2.99010989010989,4.726016260162602,5.4,2.9,104
824573,2026-07-24,CWS,HOU,145,117,663436.0,681293.0,False,9,8.0,6,3.0,0.0,0.0,0.0,2.0,8.0,0.0,0.0,1.0,2026,3.5700854700854703,7.975,5.4,4.3,101
822872,2026-07-24,TEX,SEA,140,136,669022.0,682243.0,False,9,2.0,tie,1.0,1.0,0.0,2.0,2.0,2.0,0.0,0.0,1.0,2026,4.703053435114504,3.574452554744526,5.1,3.8,103
823680,2026-07-24,MIN,ATH,142,133,805673.0,682052.0,False,9,1.0,tie,0.0,0.0,0.0,0.0,1.0,1.0,0.0,0.0,0.0,2026,6.115267175572519,6.1322580645161295,3.9,3.9,99
823031,2026-07-24,STL,CIN,138,113,669160.0,695076.0,False,9,2.0,tie,0.0,0.0,0.0,1.0,2.0,0.0,2.0,0.0,1.0,2026,4.5285714285714285,5.439449541284404,3.4,3.9,99
