game_pk,r1_home_runs,r1_away_runs,r1_total_runs,over_0_5,home_sp_id_actual,away_sp_id_actual
824940,0,0,0,0,519242.0,622663.0
824860,0,0,0,0,669432.0,543135.0
824536,0,3,3,1,671096.0,694973.0
823483,1,0,1,1,650911.0,676917.0
822835,0,0,0,0,592332.0,607536.0
823889,4,0,4,1,645261.0,681343.0
823078,0,0,0,0,669461.0,642547.0
823806,0,0,0,0,694819.0,656876.0
824211,2,1,3,1,681347.0,676979.0
824698,0,0,0,0,571510.0,579328.0
825106,1,0,1,1,668678.0,669373.0
823321,1,0,1,1,601713.0,605288.0
823157,0,1,1,1,669923.0,693645.0
824136,0,0,0,0,702070.0,657746.0
823970,0,0,0,0,808967.0,668909.0
824133,0,0,0,0,666142.0,671737.0
825105,0,1,1,1,669194.0,625643.0
823242,3,1,4,1,592662.0,656849.0
822758,3,0,3,1,571945.0,686218.0
824299,0,0,0,0,664285.0,700241.0
823568,2,1,3,1,701542.0,691587.0
824786,0,0,0,0,543243.0,650633.0
824621,1,0,1,1,691799.0,656302.0
822919,0,0,0,0,669022.0,663903.0
824458,0,0,0,0,676282.0,690990.0
823732,0,2,2,1,641927.0,671212.0
824377,0,7,7,1,547179.0,605400.0
823406,0,0,0,0,656605.0,680694.0
824056,0,0,0,0,672282.0,693433.0
825026,0,0,0,0,605488.0,664299.0
825103,0,0,0,0,593958.0,656550.0
823240,0,2,2,1,641816.0,690997.0
824622,1,0,1,1,691799.0,689254.0
824132,0,2,2,1,679883.0,694477.0
824134,0,0,0,0,607625.0,701656.0
822757,0,2,2,1,663623.0,607192.0
825027,0,2,2,1,806960.0,837227.0
823404,0,0,0,0,669387.0,669358.0
824782,0,0,0,0,813349.0,681190.0
822920,0,2,2,1,677958.0,695076.0
823569,0,2,2,1,677960.0,676974.0
823730,0,0,0,0,690953.0,571927.0
825104,0,0,0,0,647336.0,693821.0
824378,0,1,1,1,657514.0,666200.0
823239,0,0,0,0,694738.0,605280.0
824054,1,0,1,1,686799.0,676106.0
824459,0,0,0,0,677944.0,665795.0
824460,0,0,0,0,800048.0,684007.0
822756,0,0,0,0,656492.0,808963.0
823405,2,0,2,1,677952.0,605135.0
824781,0,0,0,0,624133.0,621111.0
823566,3,1,4,1,608331.0,664126.0
823729,0,0,0,0,680573.0,607259.0
824620,1,0,1,1,663436.0,641778.0
824131,0,3,3,1,,
822917,0,0,0,0,683004.0,695505.0
824379,3,0,3,1,608372.0,592836.0
825025,0,0,0,0,682052.0,621121.0
823238,0,0,0,0,657277.0,673540.0
824053,1,0,1,1,691946.0,622491.0
825102,1,1,2,1,694297.0,527048.0
824296,0,0,0,0,672456.0,681517.0
823002,0,0,0,0,663556.0,592791.0
824456,0,0,0,0,676440.0,608379.0
823401,0,0,0,0,696149.0,608566.0
823886,0,0,0,0,676083.0,682227.0
822755,2,0,2,1,641793.0,669467.0
824783,1,0,1,1,678394.0,605540.0
822832,1,2,3,1,453286.0,680736.0
823728,0,0,0,0,657746.0,663554.0
824619,0,0,0,0,691799.0,687064.0
822918,1,1,2,1,594798.0,669302.0
824376,0,2,2,1,663372.0,675989.0
824052,1,1,2,1,667755.0,519242.0
823237,0,0,0,0,605288.0,691725.0
824457,0,0,0,0,668909.0,702070.0
824618,0,0,0,0,681343.0,669432.0
823648,1,0,1,1,642547.0,668678.0
823402,0,0,0,0,694973.0,601713.0
822999,0,0,0,0,669438.0,665871.0
823887,0,0,0,0,645261.0,671096.0
822754,1,2,3,1,676917.0,669461.0
824780,0,0,0,0,676979.0,694819.0
823567,0,0,0,0,693645.0,650644.0
822831,0,0,0,0,592332.0,808967.0
823727,0,0,0,0,671737.0,669373.0
822916,0,1,1,1,543135.0,669923.0
824375,0,0,0,0,607536.0,681347.0
824051,2,0,2,1,579328.0,625643.0
823235,1,0,1,1,592662.0,650911.0
823403,0,0,0,0,656605.0,650633.0
824455,3,0,3,1,676282.0,666142.0
824779,0,0,0,0,543243.0,675660.0
824617,0,0,0,0,680732.0,680694.0
822915,0,0,0,0,669022.0,693433.0
822833,0,0,0,0,656302.0,660271.0
824374,1,0,1,1,547179.0,664299.0
823234,0,0,0,0,641816.0,605400.0
822753,0,0,0,0,571945.0,700241.0
824050,0,1,1,1,672282.0,656550.0
823646,0,1,1,1,656849.0,669194.0
823000,0,1,1,1,671212.0,607067.0
823885,2,2,4,1,691587.0,663903.0
823564,2,0,2,1,701542.0,622663.0
823726,6,0,6,1,641927.0,664285.0
823884,1,0,1,1,676974.0,695076.0
823565,0,0,0,0,677960.0,605488.0
823724,0,0,0,0,690953.0,656427.0
823645,1,0,1,1,690997.0,593958.0
824130,0,0,0,0,607625.0,641743.0
823319,0,0,0,0,681190.0,623474.0
824695,0,0,0,0,684007.0,669387.0
823482,4,0,4,1,666200.0,647336.0
824297,0,0,0,0,672456.0,663978.0
824534,0,0,0,0,695505.0,686799.0
822829,0,3,3,1,571578.0,680573.0
823643,0,0,0,0,605280.0,669372.0
822997,2,2,4,1,571927.0,661563.0
824858,0,0,0,0,669358.0,694738.0
824941,0,0,0,0,693821.0,677944.0
824128,0,0,0,0,663460.0,663436.0
823808,3,2,5,1,676879.0,663623.0
823076,0,0,0,0,669160.0,813349.0
823318,0,0,0,0,621111.0,608372.0
823156,3,0,3,1,676106.0,837227.0
823968,0,0,0,0,607192.0,677958.0
823480,0,2,2,1,592836.0,694297.0
824294,2,0,2,1,663554.0,676083.0
824697,0,0,0,0,665795.0,677952.0
822830,2,0,2,1,641778.0,657746.0
824535,4,0,4,1,682227.0,691946.0
823644,1,0,1,1,673540.0,682052.0
824129,1,0,1,1,608379.0,607200.0
822996,0,0,0,0,607259.0,608331.0
823805,0,0,0,0,690986.0,656492.0
824857,0,0,0,0,605135.0,657277.0
823074,0,0,0,0,681517.0,624133.0
824939,0,1,1,1,527048.0,800048.0
823316,0,2,2,1,608566.0,663372.0
823967,4,1,5,1,,
823155,2,0,2,1,622491.0,621121.0
824859,2,0,2,1,700249.0,605288.0
823479,0,0,0,0,647315.0,668678.0
822828,1,0,1,1,453286.0,671737.0
824533,0,3,3,1,671096.0,667755.0
823642,0,0,0,0,642547.0,650644.0
824293,3,0,3,1,669373.0,645261.0
822998,1,0,1,1,656876.0,693645.0
824126,0,0,0,0,702070.0,691799.0
823804,0,0,0,0,605540.0,641793.0
823075,0,2,2,1,669467.0,678394.0
824696,0,1,1,1,592791.0,696149.0
823317,1,0,1,1,601713.0,607536.0
823154,1,0,1,1,669302.0,675989.0
823966,1,0,1,1,808963.0,594798.0
824938,0,0,0,0,,
823153,3,0,3,1,669923.0,681347.0
824856,0,1,1,1,665152.0,669194.0
823400,0,1,1,1,694973.0,676917.0
823481,1,0,1,1,650911.0,665871.0
823563,2,0,2,1,701542.0,579328.0
824937,0,0,0,0,656550.0,691587.0
823725,4,0,4,1,641927.0,676979.0
823073,1,1,2,1,669461.0,668909.0
825024,0,3,3,1,622663.0,543135.0
823964,1,0,1,1,680736.0,656849.0
824853,0,0,0,0,669432.0,518876.0
824292,0,0,0,0,664285.0,666142.0
823398,1,3,4,1,656605.0,676571.0
824531,0,0,0,0,663903.0,592662.0
823478,0,0,0,0,605400.0,702303.0
823562,0,3,3,1,677960.0,672282.0
824935,0,1,1,1,625643.0,676974.0
823723,1,0,1,1,690953.0,543243.0
824616,0,3,3,1,702273.0,663556.0
823802,0,0,0,0,694819.0,592332.0
823072,1,1,2,1,700241.0,676282.0
824210,0,1,1,1,676467.0,547179.0
823315,0,0,0,0,650633.0,693433.0
825022,0,1,1,1,605488.0,669022.0
823965,1,1,2,1,808967.0,690997.0
824855,0,0,0,0,680694.0,593958.0
823071,0,1,1,1,669160.0,677944.0
823722,1,0,1,1,680573.0,813349.0
824291,0,0,0,0,656427.0,607625.0
823399,2,0,2,1,682254.0,663623.0
824532,4,0,4,1,695076.0,641816.0
823477,1,0,1,1,666200.0,684007.0
823561,1,0,1,1,661563.0,686799.0
824936,0,0,0,0,693821.0,663978.0
824615,0,0,0,0,680732.0,642121.0
823803,0,1,1,1,694477.0,656302.0
824209,2,0,2,1,681293.0,500779.0
823314,0,0,0,0,681190.0,676106.0
825021,1,0,1,1,669372.0,677958.0
823963,0,0,0,0,660271.0,605280.0
823396,0,0,0,0,677952.0,656492.0
824530,0,0,0,0,695505.0,694738.0
824289,0,0,0,0,672456.0,663460.0
823560,1,2,3,1,608331.0,608718.0
823801,0,0,0,0,687075.0,571578.0
824614,0,0,0,0,673929.0,571927.0
825023,0,0,0,0,682052.0,683004.0
824453,2,0,2,1,800048.0,669358.0
824208,2,0,2,1,680802.0,675848.0
823313,0,0,0,0,621111.0,622491.0
824693,4,0,4,1,665795.0,673540.0
824454,0,0,0,0,676440.0,605135.0
823476,0,2,2,1,592836.0,527048.0
822752,0,0,0,0,641793.0,657277.0
823397,0,0,0,0,696149.0,607259.0
823559,0,0,0,0,693645.0,608379.0
823883,0,0,0,0,676083.0,689441.0
824778,0,0,0,0,624133.0,663554.0
824207,0,1,1,1,663567.0,681517.0
823720,0,0,0,0,657746.0,682227.0
824373,0,1,1,1,608372.0,607192.0
824048,0,0,0,0,667755.0,663362.0
823152,0,1,1,1,669302.0,594798.0
825101,0,0,0,0,647336.0,680755.0
825019,0,1,1,1,650644.0,663436.0
823558,0,0,0,0,701542.0,702070.0
823721,2,0,2,1,671737.0,671096.0
824694,0,0,0,0,592791.0,642547.0
823394,2,0,2,1,694973.0,656876.0
822751,1,0,1,1,676917.0,605288.0
825020,0,0,0,0,622663.0,607200.0
824775,0,1,1,1,678394.0,669373.0
823882,0,0,0,0,645261.0,605540.0
824451,0,0,0,0,668909.0,665152.0
824206,1,2,3,1,621121.0,669467.0
823151,1,0,1,1,669923.0,543135.0
823474,0,0,0,0,650911.0,519242.0
824372,1,2,3,1,663372.0,686218.0
825098,1,1,2,1,668678.0,453286.0
824049,0,0,0,0,579328.0,608566.0
822750,0,0,0,0,676571.0,592662.0
823393,1,0,1,1,656605.0,663556.0
823556,3,0,3,1,677960.0,666142.0
824452,0,0,0,0,676282.0,669432.0
823881,3,0,3,1,691587.0,694819.0
824205,0,0,0,0,681347.0,669461.0
823718,1,0,1,1,641927.0,663903.0
824691,0,0,0,0,665871.0,668964.0
824371,0,0,0,0,547179.0,808963.0
825018,0,1,1,1,605488.0,702273.0
824047,0,0,0,0,700712.0,650633.0
823150,1,0,1,1,693433.0,669022.0
825100,0,8,8,1,669194.0,592332.0
824777,1,1,2,1,676979.0,664285.0
823475,2,0,2,1,691725.0,656550.0
824776,0,0,0,0,543243.0,656427.0
824450,1,2,3,1,677944.0,681293.0
822994,1,2,3,1,669947.0,695076.0
823879,0,0,0,0,676974.0,700241.0
822749,2,0,2,1,663623.0,693821.0
824125,0,0,0,0,607625.0,680694.0
824692,0,0,0,0,607067.0,605400.0
824370,1,0,1,1,500779.0,680736.0
824046,1,0,1,1,672282.0,656302.0
823149,2,0,2,1,676106.0,669372.0
824448,1,0,1,1,800048.0,680802.0
822995,0,2,2,1,571927.0,695505.0
823880,1,1,2,1,663978.0,669160.0
824290,0,0,0,0,672456.0,690986.0
822747,3,0,3,1,656492.0,625643.0
824773,0,0,0,0,813349.0,661563.0
823640,0,0,0,0,690997.0,680573.0
824127,0,0,0,0,663460.0,669358.0
824690,0,0,0,0,684007.0,666200.0
822914,0,1,1,1,677958.0,669387.0
824369,0,0,0,0,,
824045,0,0,0,0,686799.0,571578.0
823148,0,1,1,1,622491.0,682052.0
825099,0,4,4,1,518876.0,680732.0
823236,3,0,3,1,694738.0,808967.0
823878,0,0,0,0,676083.0,681517.0
824449,0,2,2,1,676440.0,663567.0
822993,0,0,0,0,607259.0,682227.0
824123,1,2,3,1,608379.0,605135.0
824044,0,0,0,0,667755.0,641778.0
823147,1,2,3,1,669302.0,650644.0
824286,0,0,0,0,663554.0,669084.0
822748,4,1,5,1,641793.0,800311.0
824774,0,3,3,1,624133.0,608331.0
823641,1,0,1,1,605280.0,687570.0
824688,1,0,1,1,571510.0,679775.0
822913,0,1,1,1,683004.0,677952.0
824367,0,1,1,1,608372.0,621111.0
825097,0,2,2,1,593958.0,641743.0
823231,0,0,0,0,641816.0,660271.0
822745,1,0,1,1,676917.0,702275.0
824288,2,0,2,1,669373.0,687075.0
824689,0,0,0,0,665795.0,650911.0
824368,1,0,1,1,663372.0,663362.0
825096,1,0,1,1,647336.0,663436.0
823233,0,0,0,0,657277.0,607192.0
824770,0,0,0,0,801139.0,693645.0
823639,3,1,4,1,681035.0,657746.0
822912,0,0,0,0,594798.0,696149.0
824529,0,0,0,0,671096.0,664285.0
824854,4,0,4,1,687064.0,678394.0
822827,2,5,7,1,453286.0,668909.0
823638,0,0,0,0,642547.0,547179.0
822992,1,0,1,1,656876.0,671737.0
824932,0,0,0,0,656550.0,691725.0
824124,0,0,0,0,702070.0,579328.0
824611,0,0,0,0,663542.0,676571.0
823800,0,0,0,0,605540.0,694973.0
822909,0,3,3,1,543135.0,622663.0
824204,0,3,3,1,621121.0,701542.0
823069,0,0,0,0,669467.0,669923.0
823962,0,0,0,0,686218.0,592791.0
823232,0,3,3,1,605288.0,645261.0
824851,0,0,0,0,669432.0,676979.0
823070,2,2,4,1,669461.0,693433.0
822826,0,0,0,0,592332.0,676282.0
823229,0,0,0,0,592662.0,691587.0
822989,0,0,0,0,663556.0,641927.0
824613,0,0,0,0,702273.0,663623.0
825093,0,0,0,0,668678.0,608566.0
822910,0,0,0,0,669022.0,605488.0
824121,0,0,0,0,666142.0,700712.0
824203,1,0,1,1,681347.0,677960.0
823799,0,0,0,0,694819.0,656605.0
824527,4,1,5,1,663903.0,656427.0
823960,0,0,0,0,808963.0,607067.0
824933,0,1,1,1,693821.0,554430.0
824852,0,0,0,0,680694.0,813349.0
824934,3,0,3,1,519242.0,605400.0
822824,2,0,2,1,571578.0,677944.0
824528,0,2,2,1,695076.0,672456.0
823635,0,0,0,0,690997.0,500779.0
823637,0,0,0,0,673540.0,801403.0
822991,0,0,0,0,643377.0,680573.0
824612,0,0,0,0,663542.0,656492.0
824202,2,0,2,1,681293.0,661563.0
823797,0,0,0,0,690986.0,669387.0
823068,0,0,0,0,700241.0,676106.0
822911,0,2,2,1,677958.0,669372.0
825094,0,0,0,0,669194.0,650633.0
823230,0,0,0,0,694738.0,676974.0
824122,0,2,2,1,607625.0,672282.0
823959,3,0,3,1,680736.0,684007.0
824446,0,0,0,0,800048.0,571927.0
823395,1,0,1,1,682254.0,669160.0
822825,0,0,0,0,656302.0,624133.0
823719,0,0,0,0,687570.0,622491.0
824609,0,1,1,1,641743.0,686799.0
822906,0,0,0,0,683004.0,608331.0
823311,3,0,3,1,681190.0,571510.0
823961,2,0,2,1,808967.0,663978.0
824447,0,0,0,0,676440.0,607259.0
824849,2,0,2,1,669358.0,678906.0
824526,3,0,3,1,695505.0,607536.0
823390,0,0,0,0,677952.0,681517.0
823473,0,0,0,0,666200.0,641816.0
822823,0,0,0,0,702056.0,801139.0
823636,1,0,1,1,605280.0,641793.0
824931,0,0,0,0,527048.0,663554.0
823716,0,0,0,0,657746.0,669302.0
824610,0,0,0,0,663436.0,667755.0
823798,0,0,0,0,694477.0,518876.0
822908,0,1,1,1,594798.0,693645.0
825017,0,0,0,0,650644.0,663460.0
823310,0,0,0,0,621111.0,665795.0
823956,0,0,0,0,660271.0,676083.0
824445,0,0,0,0,668909.0,656876.0
824608,0,0,0,0,607200.0,579328.0
823717,0,0,0,0,671737.0,669923.0
822907,0,0,0,0,543135.0,695684.0
822821,0,1,1,1,641778.0,678394.0
823958,0,0,0,0,607192.0,645261.0
823312,0,0,0,0,663362.0,592791.0
824525,0,3,3,1,682227.0,608372.0
823392,0,0,0,0,696149.0,669467.0
823633,0,2,2,1,656849.0,676917.0
824930,2,0,2,1,702275.0,669373.0
823796,1,0,1,1,687075.0,593958.0
825015,0,1,1,1,622663.0,608379.0
824929,0,0,0,0,693821.0,664285.0
824848,0,0,0,0,605135.0,663567.0
824850,0,5,5,1,687064.0,621121.0
823391,0,3,3,1,694973.0,690928.0
823472,1,2,3,1,650911.0,657277.0
823471,2,0,2,1,641835.0,605288.0
824524,0,2,2,1,671096.0,547179.0
823634,0,0,0,0,642547.0,571945.0
823795,3,0,3,1,605540.0,647336.0
825016,1,1,2,1,605488.0,702070.0
823714,0,0,0,0,641927.0,592332.0
824686,3,0,3,1,607067.0,668678.0
824287,0,1,1,1,656427.0,669022.0
823389,1,0,1,1,656605.0,663903.0
822744,0,1,1,1,663623.0,694819.0
823557,1,0,1,1,701542.0,700249.0
824772,0,0,0,0,687562.0,681347.0
822990,0,0,0,0,663556.0,592662.0
823877,1,0,1,1,691587.0,554430.0
823713,0,0,0,0,680573.0,571578.0
823066,3,0,3,1,669461.0,686218.0
824366,5,0,5,1,500779.0,656550.0
824041,2,0,2,1,700712.0,681035.0
825012,2,0,2,1,669372.0,676282.0
823309,0,0,0,0,608566.0,702273.0
823146,2,4,6,1,693433.0,666142.0
823554,0,0,0,0,677960.0,680694.0
823715,1,0,1,1,687570.0,656302.0
824685,0,0,0,0,684007.0,669194.0
825014,2,0,2,1,682052.0,677944.0
823388,5,2,7,1,669387.0,695076.0
822746,0,3,3,1,656492.0,690986.0
824771,0,1,1,1,813349.0,681293.0
823876,0,0,0,0,676974.0,691725.0
822988,0,0,0,0,643377.0,694738.0
823067,0,0,0,0,700241.0,808963.0
824284,3,0,3,1,672456.0,677958.0
824365,0,2,2,1,657514.0,519242.0
823308,0,0,0,0,650633.0,680732.0
824042,1,0,1,1,672282.0,690997.0
823144,1,0,1,1,676106.0,607625.0
823711,1,0,1,1,657746.0,702056.0
824769,0,0,0,0,624133.0,675989.0
823387,0,0,0,0,677952.0,695505.0
823555,1,0,1,1,608331.0,694346.0
822742,0,0,0,0,676571.0,701656.0
822987,0,1,1,1,571927.0,641816.0
823875,0,6,6,1,663978.0,666200.0
823065,0,0,0,0,669160.0,680736.0
824687,0,0,0,0,571510.0,518876.0
824364,1,0,1,1,607536.0,675911.0
825013,0,0,0,0,650644.0,800048.0
824043,1,0,1,1,686799.0,605280.0
823145,0,0,0,0,622491.0,663460.0
823307,0,0,0,0,656288.0,641743.0
824285,0,0,0,0,663947.0,683004.0
824363,0,0,0,0,608372.0,623211.0
824283,0,0,0,0,663947.0,801139.0
822984,3,0,3,1,607259.0,641778.0
823874,0,0,0,0,676083.0,605400.0
823552,2,0,2,1,693645.0,669358.0
824684,0,0,0,0,665795.0,695534.0
824120,0,0,0,0,608379.0,676440.0
823064,0,0,0,0,681517.0,694477.0
824201,2,1,3,1,595345.0,808967.0
824039,0,2,2,1,667755.0,663436.0
823143,0,1,1,1,669302.0,702275.0
823228,2,1,3,1,686790.0,681190.0
824281,2,3,5,1,664285.0,663558.0
822986,0,1,1,1,656876.0,592332.0
823469,0,0,0,0,650911.0,622663.0
823873,1,3,4,1,645261.0,605135.0
822743,1,0,1,1,676917.0,671737.0
823553,1,3,4,1,695684.0,594798.0
824682,0,1,1,1,592791.0,671096.0
824119,2,0,2,1,663568.0,668909.0
824200,0,0,0,0,663567.0,660271.0
824040,2,2,4,1,691951.0,607200.0
825092,2,0,2,1,593958.0,696149.0
823142,0,0,0,0,669923.0,693821.0
823227,2,0,2,1,657277.0,621111.0
822985,0,0,0,0,663556.0,571578.0
823063,0,4,4,1,669467.0,687075.0
824198,1,0,1,1,621121.0,607192.0
823226,0,0,0,0,605288.0,699134.0
824036,0,0,0,0,700712.0,702273.0
823141,0,0,0,0,693433.0,527048.0
824282,0,0,0,0,656427.0,543243.0
823470,0,0,0,0,554430.0,605488.0
823872,3,3,6,1,691587.0,687064.0
822740,0,0,0,0,571945.0,641927.0
823550,0,1,1,1,701542.0,543135.0
824683,2,1,3,1,607067.0,663903.0
824118,0,0,0,0,666142.0,676282.0
824361,0,1,1,1,547179.0,642547.0
825091,0,1,1,1,647336.0,694973.0
823551,1,0,1,1,621112.0,669022.0
822741,0,0,0,0,663623.0,680573.0
824117,0,3,3,1,607625.0,677944.0
824681,0,0,0,0,684007.0,695076.0
824362,0,0,0,0,500779.0,681035.0
825090,1,1,2,1,668678.0,656605.0
823467,0,4,4,1,691725.0,669372.0
823870,2,0,2,1,676974.0,700249.0
824767,0,0,0,0,687562.0,643377.0
823306,1,0,1,1,650633.0,669461.0
824522,0,0,0,0,666157.0,681347.0
823466,0,1,1,1,666200.0,801403.0
824846,0,0,0,0,680694.0,682052.0
822822,0,0,0,0,656302.0,672282.0
824768,0,0,0,0,813349.0,669947.0
823871,2,3,5,1,702281.0,656492.0
824443,4,0,4,1,800048.0,687570.0
824116,0,0,0,0,663460.0,672456.0
824607,1,0,1,1,680732.0,676106.0
823794,0,0,0,0,694819.0,608331.0
822904,0,1,1,1,677958.0,676962.0
825088,0,0,0,0,669194.0,690997.0
823303,0,0,0,0,656288.0,700241.0
823957,0,0,0,0,686218.0,519242.0
823225,0,0,0,0,592662.0,669387.0
822820,0,0,0,0,702056.0,686799.0
824847,0,1,1,1,669358.0,650644.0
824523,0,0,0,0,695505.0,681293.0
823869,0,3,3,1,676083.0,663992.0
823468,0,0,0,0,605400.0,607536.0
824444,0,1,1,1,676440.0,657746.0
822905,0,0,0,0,683004.0,665795.0
824115,2,0,2,1,608379.0,572143.0
824606,2,0,2,1,641743.0,622491.0
823792,0,1,1,1,690986.0,693645.0
825089,0,0,0,0,518876.0,605280.0
823304,0,0,0,0,681190.0,669160.0
823224,0,0,0,0,694738.0,677952.0
823955,0,1,1,1,605483.0,675911.0
823868,0,0,0,0,645261.0,676917.0
824845,0,0,0,0,669211.0,622663.0
824765,0,1,1,1,801139.0,607259.0
823463,2,0,2,1,650911.0,608372.0
822819,1,0,1,1,693686.0,667755.0
824520,0,0,0,0,671096.0,678906.0
824440,0,0,0,0,668909.0,702193.0
824605,0,1,1,1,663436.0,669302.0
823793,0,1,1,1,701656.0,607074.0
822902,0,0,0,0,594798.0,592791.0
823221,0,1,1,1,641816.0,696149.0
825085,0,0,0,0,593958.0,623211.0
823305,0,0,0,0,621111.0,681517.0
823954,0,0,0,0,680736.0,693821.0
824113,0,0,0,0,702070.0,669724.0
824441,0,0,0,0,676282.0,608718.0
824844,0,0,0,0,687064.0,677960.0
822818,0,3,3,1,592332.0,656876.0
822901,0,1,1,1,596001.0,647336.0
824199,0,0,0,0,663567.0,669923.0
823953,0,0,0,0,808963.0,686790.0
824442,0,0,0,0,677944.0,700712.0
824843,0,1,1,1,669432.0,701542.0
824521,0,0,0,0,663903.0,571945.0
823385,1,0,1,1,694973.0,547179.0
824764,0,1,1,1,663558.0,554430.0
822817,0,1,1,1,571578.0,663556.0
823632,0,0,0,0,642547.0,656427.0
824927,0,0,0,0,656550.0,607067.0
824604,0,2,2,1,607200.0,663568.0
823712,0,0,0,0,641927.0,691587.0
823790,0,0,0,0,687075.0,699134.0
822903,1,0,1,1,669022.0,668678.0
824197,0,0,0,0,837227.0,693433.0
825011,0,4,4,1,605488.0,669467.0
823951,1,0,1,1,808967.0,605288.0
824841,0,0,0,0,680694.0,608331.0
824438,2,0,2,1,800048.0,672282.0
824519,5,0,5,1,666157.0,663623.0
823386,0,0,0,0,656605.0,500779.0
824763,0,0,0,0,543243.0,691725.0
822815,0,0,0,0,656302.0,643377.0
823631,0,2,2,1,681035.0,664285.0
824928,0,0,0,0,702275.0,684007.0
824603,0,0,0,0,702273.0,607625.0
823710,1,2,3,1,680573.0,676974.0
823791,0,0,0,0,694819.0,650633.0
822900,0,0,0,0,677958.0,669194.0
824195,0,1,1,1,621121.0,682243.0
825010,0,0,0,0,669372.0,669461.0
823952,0,0,0,0,660271.0,592662.0
823383,3,0,3,1,682254.0,801403.0
824517,0,0,0,0,695505.0,656492.0
823630,0,3,3,1,690997.0,672456.0
823709,0,0,0,0,805673.0,666129.0
823789,3,0,3,1,690986.0,656288.0
824196,0,3,3,1,681347.0,622491.0
825008,1,0,1,1,682052.0,700241.0
824762,0,0,0,0,624133.0,666200.0
824926,0,0,0,0,519242.0,676962.0
824602,2,1,3,1,641743.0,663460.0
823950,1,0,1,1,686218.0,694738.0
823384,0,0,0,0,677952.0,605400.0
822739,0,0,0,0,641793.0,669358.0
824280,0,0,0,0,669724.0,702056.0
824439,0,0,0,0,676440.0,671096.0
822983,2,0,2,1,693855.0,676083.0
823707,0,1,1,1,657746.0,689441.0
824925,1,0,1,1,675911.0,813349.0
823629,0,0,0,0,605280.0,693645.0
824601,0,1,1,1,680732.0,665795.0
824194,0,0,0,0,681293.0,683004.0
823061,0,0,0,0,669160.0,608379.0
824360,1,6,7,1,607536.0,518876.0
824037,0,0,0,0,686799.0,694361.0
823140,0,0,0,0,676106.0,681190.0
825009,0,0,0,0,650644.0,641816.0
824278,0,0,0,0,663554.0,689254.0
823060,1,0,1,1,681517.0,702070.0
824359,2,0,2,1,608372.0,593958.0
822737,0,0,0,0,676917.0,605135.0
823382,0,3,3,1,696149.0,650911.0
822981,0,0,0,0,607259.0,645261.0
824435,0,0,0,0,676282.0,663978.0
824193,2,0,2,1,678906.0,594798.0
824600,3,0,3,1,663436.0,592791.0
823706,0,0,0,0,687570.0,701656.0
823139,0,0,0,0,669302.0,621111.0
824924,1,0,1,1,693821.0,801139.0
823627,0,0,0,0,623211.0,607074.0
824038,0,1,1,1,667755.0,680736.0
825007,0,1,1,1,622663.0,686790.0
822982,1,0,1,1,656876.0,691587.0
822738,0,1,1,1,663992.0,687064.0
823381,0,0,0,0,694973.0,554430.0
824923,3,0,3,1,656550.0,678394.0
824436,2,0,2,1,668909.0,663903.0
824279,0,2,2,1,656427.0,592332.0
823628,0,0,0,0,642547.0,695684.0
824192,0,0,0,0,663567.0,543135.0
824599,0,3,3,1,607200.0,607067.0
823708,1,0,1,1,641927.0,688107.0
823058,0,1,1,1,669467.0,663568.0
824358,0,0,0,0,547179.0,647336.0
825006,0,0,0,0,605488.0,605288.0
824034,0,0,0,0,680570.0,808963.0
823138,0,1,1,1,669923.0,608337.0
824277,1,0,1,1,664285.0,677944.0
822980,1,0,1,1,663556.0,669432.0
823465,2,0,2,1,691725.0,666157.0
823867,0,0,0,0,676974.0,702275.0
822734,0,0,0,0,663623.0,681035.0
823549,1,0,1,1,677960.0,571578.0
824114,0,0,0,0,607625.0,543243.0
823705,0,0,0,0,696070.0,837227.0
824680,0,0,0,0,684007.0,687075.0
824357,2,0,2,1,500779.0,669022.0
824035,0,0,0,0,700712.0,669372.0
823301,1,0,1,1,650633.0,808967.0
825087,4,0,4,1,668678.0,592662.0
823137,1,0,1,1,693433.0,702273.0
823865,3,2,5,1,666129.0,527048.0
824276,0,0,0,0,672456.0,800048.0
822979,1,1,2,1,643377.0,680694.0
823464,0,0,0,0,666200.0,695505.0
822736,0,3,3,1,656492.0,690997.0
823548,0,0,0,0,701542.0,656302.0
824112,1,1,2,1,663559.0,624133.0
823704,0,2,2,1,805673.0,669920.0
824677,0,1,1,1,676962.0,694819.0
823059,0,0,0,0,669461.0,656605.0
824356,0,2,2,1,671111.0,641302.0
824033,0,0,0,0,672282.0,682052.0
823302,2,2,4,1,656288.0,686218.0
825086,1,0,1,1,669194.0,694738.0
823136,1,0,1,1,682243.0,641743.0
823462,1,0,1,1,605400.0,671096.0
822977,0,0,0,0,571927.0,669358.0
823703,0,0,0,0,657746.0,681347.0
824355,1,0,1,1,607536.0,683004.0
825084,1,1,2,1,518876.0,641816.0
823134,0,0,0,0,676106.0,680732.0
824273,0,0,0,0,623454.0,676440.0
823866,1,0,1,1,676083.0,519242.0
822735,3,0,3,1,641793.0,804267.0
823547,0,0,0,0,693645.0,702056.0
824111,1,0,1,1,608379.0,813349.0
824678,0,0,0,0,665795.0,690986.0
823057,0,0,0,0,700241.0,669387.0
823299,0,1,1,1,681190.0,660271.0
824032,2,2,4,1,686799.0,650644.0
824274,0,0,0,0,663554.0,676282.0
823056,0,1,1,1,669160.0,677952.0
822733,0,0,0,0,676917.0,656849.0
823864,0,2,2,1,645261.0,675911.0
823545,0,1,1,1,607074.0,680755.0
824031,2,0,2,1,667755.0,622663.0
825083,0,0,0,0,593958.0,688642.0
824679,0,0,0,0,592791.0,681293.0
823461,0,0,0,0,650911.0,668909.0
823546,0,0,0,0,543037.0,607259.0
822816,0,1,1,1,592332.0,696149.0
824761,4,0,4,1,801139.0,687570.0
823863,0,1,1,1,691587.0,668964.0
824842,0,1,1,1,669211.0,656427.0
824922,0,0,0,0,693821.0,663992.0
824110,0,0,0,0,702070.0,669302.0
823788,4,0,4,1,701656.0,680736.0
824029,4,0,4,1,680570.0,594798.0
825082,0,0,0,0,647336.0,608372.0
823298,2,2,4,1,621111.0,605488.0
823223,0,0,0,0,686790.0,663436.0
824518,0,0,0,0,663978.0,669467.0
824516,0,0,0,0,695534.0,681517.0
824674,0,2,2,1,607067.0,678906.0
822814,1,0,1,1,571578.0,694973.0
823458,0,0,0,0,554430.0,677944.0
823222,0,0,0,0,605288.0,663542.0
824109,3,0,3,1,663568.0,669923.0
824760,0,2,2,1,663558.0,671737.0
824920,0,0,0,0,656550.0,663623.0
823862,0,0,0,0,676974.0,642547.0
823787,3,0,3,1,688107.0,808963.0
823300,0,0,0,0,608337.0,669372.0
824030,2,0,2,1,700712.0,543135.0
825080,0,0,0,0,668678.0,547179.0
822813,0,1,1,1,656302.0,656605.0
824839,0,0,0,0,687064.0,664285.0
824840,0,2,2,1,669432.0,675512.0
824759,0,1,1,1,543243.0,641927.0
823459,0,0,0,0,691725.0,800048.0
823544,0,0,0,0,677960.0,656876.0
823861,0,0,0,0,663969.0,681035.0
824108,0,1,1,1,607625.0,693433.0
823786,0,0,0,0,687075.0,808967.0
824676,0,0,0,0,684007.0,663567.0
823220,2,1,3,1,592662.0,702273.0
825081,2,0,2,1,669194.0,500779.0
823297,0,1,1,1,650633.0,665622.0
824921,0,0,0,0,527048.0,656492.0
824028,0,0,0,0,672282.0,669022.0
823380,0,0,0,0,669387.0,676962.0
824838,0,0,0,0,680694.0,663556.0
824598,1,1,2,1,641743.0,805673.0
823784,3,0,3,1,694819.0,669461.0
824107,0,0,0,0,608379.0,701542.0
823625,0,0,0,0,690997.0,666157.0
823219,0,0,0,0,694738.0,518876.0
824437,0,3,3,1,676440.0,676571.0
823296,0,1,1,1,656288.0,666200.0
822899,0,1,1,1,677958.0,837227.0
822812,0,1,1,1,702056.0,676083.0
823948,0,0,0,0,686218.0,685299.0
825005,0,0,0,0,650644.0,622491.0
824434,0,0,0,0,676282.0,676917.0
824837,0,1,1,1,669358.0,643377.0
824275,0,0,0,0,672456.0,686799.0
823379,5,0,5,1,677952.0,696136.0
824758,2,0,2,1,624133.0,675911.0
822811,0,0,0,0,680755.0,645261.0
823624,0,2,2,1,656849.0,695505.0
824597,0,0,0,0,680732.0,657746.0
824106,0,4,4,1,663559.0,693645.0
823785,0,0,0,0,690986.0,700241.0
822898,8,0,8,1,683004.0,669920.0
825004,0,0,0,0,695611.0,676106.0
823294,0,1,1,1,681190.0,605400.0
823216,1,0,1,1,641816.0,593958.0
823949,2,0,2,1,641778.0,607536.0
822809,0,1,1,1,592332.0,691587.0
824432,0,0,0,0,668909.0,676571.0
823783,0,0,0,0,694477.0,669160.0
825003,0,3,3,1,605488.0,669302.0
823217,0,0,0,0,686790.0,647336.0
823295,0,0,0,0,621111.0,650911.0
824836,5,0,5,1,694346.0,571927.0
824270,1,0,1,1,663554.0,667755.0
823376,0,2,2,1,696149.0,592791.0
824756,0,0,0,0,813349.0,693821.0
823626,1,0,1,1,623211.0,671096.0
824596,0,1,1,1,689818.0,687570.0
824104,0,0,0,0,702070.0,543037.0
822897,1,0,1,1,594798.0,681347.0
823947,2,0,2,1,660271.0,608372.0
824272,0,0,0,0,656427.0,680570.0
824595,1,0,1,1,663436.0,680573.0
824757,0,0,0,0,801139.0,519242.0
824834,0,0,0,0,605135.0,571578.0
823378,0,0,0,0,694973.0,607067.0
822896,0,3,3,1,543135.0,681293.0
824515,0,1,1,1,663978.0,656550.0
822732,2,1,3,1,687606.0,608337.0
823377,3,1,4,1,683003.0,671737.0
824835,0,0,0,0,669432.0,671936.0
824433,4,0,4,1,677944.0,701719.0
822978,1,0,1,1,607259.0,700712.0
823623,4,0,4,1,642547.0,676974.0
823055,3,3,6,1,669467.0,684007.0
824594,0,0,0,0,685126.0,675512.0
822894,4,0,4,1,669022.0,663568.0
824191,0,0,0,0,678906.0,689441.0
824353,0,0,0,0,547179.0,657277.0
825002,1,4,5,1,622663.0,607074.0
823135,1,0,1,1,669923.0,668678.0
823946,1,0,1,1,680736.0,554430.0
824593,2,0,2,1,641743.0,664285.0
822731,0,0,0,0,656492.0,650633.0
822893,1,0,1,1,677958.0,607625.0
824833,0,0,0,0,687064.0,702056.0
823375,1,0,1,1,656605.0,641927.0
824431,1,0,1,1,800048.0,543243.0
822975,1,4,5,1,656876.0,672282.0
823622,0,0,0,0,681035.0,663969.0
824190,0,1,1,1,663567.0,687075.0
823054,0,0,0,0,681517.0,676962.0
824513,0,0,0,0,663903.0,527048.0
824352,2,0,2,1,663372.0,605288.0
825000,2,0,2,1,669372.0,677960.0
823132,0,0,0,0,693433.0,669194.0
823945,0,0,0,0,808963.0,666200.0
824832,0,0,0,0,680694.0,693686.0
822729,0,0,0,0,641793.0,656288.0
823373,0,0,0,0,677952.0,805673.0
824430,0,1,1,1,676440.0,624133.0
822976,1,0,1,1,663556.0,686799.0
824512,1,1,2,1,666157.0,675911.0
823621,1,0,1,1,690997.0,667463.0
824592,0,1,1,1,680732.0,672456.0
824187,0,0,0,0,837227.0,694819.0
822895,4,0,4,1,683004.0,608379.0
824354,0,1,1,1,685299.0,592662.0
825001,3,0,3,1,682052.0,701542.0
823133,0,0,0,0,682243.0,518876.0
823944,0,0,0,0,808967.0,691725.0
823053,2,0,2,1,669461.0,696136.0
822974,0,2,2,1,643377.0,680744.0
822730,0,1,1,1,676917.0,645261.0
824510,1,4,5,1,680689.0,679883.0
823702,1,0,1,1,657746.0,689818.0
823781,0,0,0,0,675660.0,694738.0
823050,0,0,0,0,700241.0,594798.0
824027,0,1,1,1,667755.0,607536.0
825078,0,0,0,0,593958.0,686218.0
823131,0,0,0,0,676106.0,681810.0
822971,0,2,2,1,571927.0,656427.0
823460,0,0,0,0,605400.0,681190.0
824754,1,0,1,1,813349.0,669358.0
822728,0,0,0,0,663992.0,669199.0
823541,0,0,0,0,693645.0,676282.0
824511,0,0,0,0,671096.0,702070.0
824918,2,0,2,1,693821.0,592332.0
823700,0,0,0,0,687570.0,663436.0
823782,3,0,3,1,690986.0,686790.0
823052,0,0,0,0,669160.0,543135.0
824675,1,0,1,1,592791.0,695611.0
824189,2,0,2,1,681347.0,696149.0
824026,0,0,0,0,680570.0,608372.0
825079,0,2,2,1,647336.0,641778.0
823129,0,0,0,0,669302.0,623211.0
822727,0,0,0,0,674841.0,676974.0
822973,1,1,2,1,607259.0,675512.0
823701,0,4,4,1,671737.0,607200.0
823130,1,1,2,1,669923.0,642547.0
823456,0,0,0,0,650911.0,621111.0
824755,1,0,1,1,801139.0,605135.0
823540,0,0,0,0,543037.0,668909.0
824509,0,2,2,1,695505.0,663568.0
824917,0,1,1,1,656550.0,571578.0
823780,0,0,0,0,688107.0,657277.0
823051,1,0,1,1,669467.0,669022.0
824671,0,1,1,1,607067.0,605488.0
824188,0,0,0,0,681293.0,694973.0
824024,0,0,0,0,700712.0,547179.0
825077,0,0,0,0,668678.0,660271.0
823457,0,0,0,0,554430.0,608337.0
824753,0,6,6,1,678394.0,669432.0
823542,0,0,0,0,607074.0,677944.0
823779,1,3,4,1,689441.0,605288.0
824919,0,0,0,0,519242.0,689254.0
823698,1,1,2,1,702193.0,607625.0
824672,0,0,0,0,684007.0,669372.0
824185,0,1,1,1,678906.0,683003.0
825076,0,0,0,0,669194.0,680736.0
824673,0,2,2,1,665795.0,592662.0
824271,0,1,1,1,664285.0,693433.0
823455,0,0,0,0,666200.0,641743.0
823538,1,0,1,1,677960.0,543243.0
822810,1,1,2,1,702056.0,687064.0
823860,0,3,3,1,687473.0,656876.0
824914,0,0,0,0,527048.0,656605.0
824186,3,0,3,1,663567.0,678022.0
823049,2,3,5,1,681517.0,663903.0
822892,0,1,1,1,677958.0,800048.0
823699,0,2,2,1,805673.0,608379.0
824350,1,0,1,1,663372.0,687075.0
825073,0,2,2,1,518876.0,656492.0
823293,0,0,0,0,650633.0,681035.0
823943,0,0,0,0,808963.0,672282.0
824269,0,0,0,0,672456.0,682243.0
823697,0,1,1,1,657746.0,679883.0
823048,0,0,0,0,669461.0,666157.0
824669,0,0,0,0,676962.0,694738.0
822808,0,0,0,0,680755.0,680694.0
823454,0,4,4,1,691725.0,685126.0
825075,0,2,2,1,593958.0,641793.0
824184,1,0,1,1,837227.0,695034.0
824915,2,0,2,1,675911.0,677952.0
823859,0,0,0,0,669199.0,663556.0
822891,0,0,0,0,683004.0,676440.0
824351,0,1,1,1,688642.0,694819.0
823942,9,1,10,1,808967.0,686799.0
823292,0,0,0,0,656288.0,690997.0
824916,0,1,1,1,,
823453,1,0,1,1,605400.0,656457.0
823537,0,0,0,0,693645.0,624133.0
822807,0,0,0,0,592332.0,669358.0
824268,0,0,0,0,656427.0,622491.0
823857,0,0,0,0,645261.0,643377.0
824183,0,0,0,0,681347.0,695611.0
823696,0,0,0,0,687570.0,702070.0
823047,0,0,0,0,700241.0,695076.0
822890,2,0,2,1,594798.0,676282.0
824349,2,0,2,1,607536.0,675660.0
825074,1,0,1,1,647336.0,676917.0
823941,0,0,0,0,686218.0,667755.0
823291,0,1,1,1,681190.0,623211.0
824670,0,1,1,1,592791.0,686790.0
824829,0,0,0,0,694346.0,676106.0
822972,1,0,1,1,693855.0,813349.0
824427,0,2,2,1,668909.0,701542.0
822806,0,0,0,0,571578.0,650911.0
824025,0,0,0,0,680570.0,681293.0
823289,0,0,0,0,621111.0,671096.0
823218,0,0,0,0,657277.0,663992.0
824998,1,1,2,1,605488.0,690986.0
824830,1,0,1,1,669432.0,669302.0
823374,2,0,2,1,694973.0,641778.0
822969,0,0,0,0,607259.0,801139.0
824267,1,1,2,1,675512.0,671737.0
823858,1,1,2,1,676974.0,668678.0
824429,0,0,0,0,677944.0,543037.0
822805,0,1,1,1,656302.0,554430.0
823620,0,0,0,0,642547.0,669160.0
824105,0,0,0,0,663568.0,543135.0
824591,0,2,2,1,685126.0,656550.0
824347,2,0,2,1,608372.0,607067.0
824023,2,0,2,1,700712.0,678906.0
823290,0,0,0,0,608337.0,695505.0
823214,0,2,2,1,605288.0,674841.0
824999,1,2,3,1,669372.0,688107.0
822970,0,0,0,0,656876.0,687562.0
824428,1,0,1,1,800048.0,607074.0
823215,0,0,0,0,592662.0,656492.0
823287,1,0,1,1,650633.0,663903.0
824831,0,0,0,0,687064.0,669923.0
823372,0,0,0,0,683003.0,660271.0
824266,0,0,0,0,664285.0,702474.0
823856,0,0,0,0,687473.0,669194.0
822804,0,1,1,1,453286.0,666200.0
823618,0,2,2,1,681810.0,669467.0
824103,0,0,0,0,607625.0,669022.0
824590,0,0,0,0,663436.0,519242.0
824348,0,0,0,0,547179.0,684007.0
824996,0,1,1,1,678022.0,687075.0
824022,1,0,1,1,672282.0,663567.0
823619,3,1,4,1,681035.0,690928.0
824265,1,0,1,1,672456.0,805673.0
823855,1,0,1,1,663969.0,518876.0
824101,0,1,1,1,608379.0,677958.0
824346,0,0,0,0,663372.0,665795.0
823371,0,0,0,0,656605.0,680736.0
824827,0,1,1,1,680694.0,693433.0
823370,0,0,0,0,677952.0,645261.0
822726,0,0,0,0,641793.0,682243.0
824826,3,1,4,1,669358.0,656288.0
824425,0,0,0,0,676440.0,656427.0
824752,2,1,3,1,543243.0,683004.0
824507,0,0,0,0,666157.0,593958.0
823617,2,0,2,1,690997.0,675911.0
822803,3,0,3,1,702056.0,677960.0
824588,1,0,1,1,641743.0,808963.0
823778,1,0,1,1,694819.0,621383.0
824102,5,9,14,1,679883.0,837227.0
823695,1,1,2,1,657746.0,681517.0
824020,2,0,2,1,691951.0,663556.0
824997,0,0,0,0,695611.0,807743.0
823211,0,0,0,0,694738.0,665871.0
823694,0,2,2,1,687570.0,669461.0
822802,0,0,0,0,592332.0,693645.0
824828,2,4,6,1,694346.0,681190.0
822725,3,0,3,1,676917.0,622491.0
823369,1,0,1,1,696149.0,669199.0
824508,0,1,1,1,695076.0,647336.0
824426,0,1,1,1,676282.0,669373.0
824749,0,0,0,0,624133.0,594798.0
823616,0,0,0,0,640455.0,527048.0
824587,0,3,3,1,680732.0,808967.0
824100,0,0,0,0,702070.0,681347.0
823776,0,0,0,0,675660.0,605400.0
824995,2,0,2,1,683155.0,607536.0
823213,0,1,1,1,686790.0,676962.0
824019,0,0,0,0,667755.0,643377.0
823368,0,0,0,0,694973.0,676974.0
824823,0,0,0,0,669432.0,621111.0
822722,1,1,2,1,676571.0,676106.0
822801,0,0,0,0,571578.0,701542.0
824506,1,0,1,1,671096.0,668678.0
823615,4,1,5,1,642547.0,693821.0
824099,1,0,1,1,663568.0,681293.0
823693,0,0,0,0,671737.0,700241.0
824586,0,1,1,1,663542.0,686218.0
823777,1,0,1,1,690986.0,650911.0
824994,4,2,6,1,605488.0,608372.0
823212,0,0,0,0,657277.0,669020.0
824021,0,0,0,0,680570.0,668984.0
824751,0,1,1,1,813349.0,543135.0
823452,0,0,0,0,554430.0,687473.0
822724,0,0,0,0,674841.0,687765.0
824505,3,0,3,1,695505.0,668964.0
823046,0,0,0,0,669160.0,593974.0
824666,1,0,1,1,684007.0,547179.0
822887,0,3,3,1,669022.0,702474.0
824181,0,1,1,1,678906.0,623454.0
825071,1,1,2,1,669194.0,700712.0
824993,0,0,0,0,669372.0,683003.0
823938,0,2,2,1,641778.0,607259.0
823451,3,0,3,1,666200.0,663969.0
822723,0,0,0,0,656492.0,608379.0
824750,0,0,0,0,801139.0,656302.0
823535,0,1,1,1,543037.0,663436.0
824504,4,0,4,1,663903.0,673540.0
823775,0,0,0,0,688107.0,677944.0
823045,0,0,0,0,669467.0,650633.0
824667,1,0,1,1,665795.0,663372.0
822888,0,2,2,1,677958.0,805673.0
824182,0,0,0,0,686613.0,664285.0
825070,0,0,0,0,518876.0,672282.0
824991,4,0,4,1,678022.0,656605.0
823128,0,1,1,1,669302.0,687064.0
823939,0,0,0,0,680736.0,656876.0
824503,0,0,0,0,666157.0,690997.0
822721,0,1,1,1,641793.0,679883.0
823450,2,2,4,1,691725.0,645261.0
824912,2,1,3,1,656550.0,605288.0
824178,0,0,0,0,663567.0,663554.0
823044,0,1,1,1,681517.0,699134.0
823940,0,0,0,0,660271.0,663556.0
825072,0,1,1,1,593958.0,691951.0
824746,0,0,0,0,687562.0,680755.0
823536,2,0,2,1,607074.0,641743.0
824913,0,1,1,1,702275.0,687931.0
823774,3,0,3,1,687075.0,668909.0
824668,0,0,0,0,665871.0,807743.0
824992,0,3,3,1,650644.0,677952.0
823127,0,0,0,0,669923.0,680694.0
824748,0,1,1,1,543243.0,702056.0
823772,0,0,0,0,675660.0,800048.0
822889,0,4,4,1,683004.0,657746.0
823125,3,0,3,1,693433.0,669358.0
823448,1,2,3,1,605400.0,640455.0
823533,0,0,0,0,677960.0,663542.0
824098,1,2,3,1,702070.0,669461.0
824989,5,0,5,1,695611.0,696270.0
824663,7,0,7,1,676962.0,592332.0
824264,2,1,3,1,669373.0,685126.0
823534,0,0,0,0,693645.0,695076.0
822966,0,0,0,0,643377.0,676571.0
823853,1,0,1,1,669199.0,694738.0
824910,0,0,0,0,527048.0,694819.0
822886,6,5,11,1,594798.0,681190.0
824179,1,0,1,1,837227.0,676440.0
824097,0,1,1,1,607625.0,700241.0
824345,0,0,0,0,607536.0,696149.0
824990,0,0,0,0,605488.0,667755.0
825069,0,0,0,0,647336.0,687570.0
823936,2,0,2,1,808963.0,694346.0
823124,0,0,0,0,682243.0,624133.0
824263,0,1,1,1,675512.0,656794.0
823532,1,0,1,1,701542.0,671096.0
824665,0,0,0,0,607067.0,571578.0
822885,0,0,0,0,669022.0,621111.0
822967,1,0,1,1,693855.0,676917.0
823854,1,0,1,1,676974.0,686790.0
824909,0,0,0,0,519242.0,690986.0
824180,0,1,1,1,681293.0,676282.0
823447,1,0,1,1,650911.0,642547.0
824342,1,1,2,1,608372.0,694973.0
824988,0,0,0,0,669372.0,700712.0
823937,0,0,0,0,808967.0,669432.0
823126,1,0,1,1,676106.0,813349.0
825068,0,2,2,1,668678.0,671737.0
823531,0,0,0,0,695684.0,695505.0
824908,1,0,1,1,693821.0,688107.0
822968,0,0,0,0,607259.0,674841.0
824260,0,0,0,0,672456.0,663436.0
823852,0,0,0,0,687473.0,657277.0
824177,1,0,1,1,678906.0,677944.0
824095,2,5,7,1,663568.0,669160.0
822883,0,0,0,0,,
824343,0,0,0,0,547179.0,683003.0
825067,0,0,0,0,703615.0,702474.0
824987,4,0,4,1,678022.0,672282.0
823934,1,2,3,1,686218.0,687064.0
823123,0,0,0,0,669302.0,801139.0
823449,2,0,2,1,554430.0,656849.0
824261,0,0,0,0,664285.0,543037.0
822964,0,0,0,0,656876.0,608379.0
823851,0,0,0,0,663969.0,641302.0
822720,1,0,1,1,656492.0,641835.0
822800,0,1,1,1,656302.0,686613.0
824502,0,0,0,0,663903.0,605540.0
823692,1,1,2,1,805673.0,694361.0
824585,0,0,0,0,641743.0,668909.0
823040,0,0,0,0,669467.0,518876.0
824344,0,0,0,0,663372.0,687562.0
824016,0,1,1,1,691951.0,680694.0
823288,0,0,0,0,650633.0,656550.0
822799,0,1,1,1,669456.0,663567.0
823365,0,0,0,0,656605.0,669923.0
822963,1,2,3,1,663556.0,679883.0
823849,0,0,0,0,645261.0,615698.0
824262,0,0,0,0,663554.0,607074.0
822718,0,0,0,0,676571.0,666200.0
823614,0,0,0,0,673540.0,665795.0
824501,0,0,0,0,666157.0,687075.0
823690,0,1,1,1,696070.0,680736.0
824584,0,0,0,0,680732.0,800048.0
823043,0,0,0,0,681517.0,593958.0
824340,0,1,1,1,807743.0,543243.0
824017,2,0,2,1,696270.0,669358.0
823286,0,0,0,0,593974.0,702275.0
823210,0,0,0,0,592662.0,650644.0
823850,0,0,0,0,691587.0,594798.0
823613,0,0,0,0,690997.0,665871.0
823611,0,0,0,0,640455.0,684007.0
824583,0,0,0,0,669684.0,676440.0
824341,0,1,1,1,607536.0,624133.0
824018,2,0,2,1,667755.0,694346.0
823367,0,1,1,1,677952.0,693433.0
822965,0,0,0,0,643377.0,702070.0
824259,0,1,1,1,669373.0,677960.0
822719,1,0,1,1,687223.0,605400.0
822798,1,1,2,1,702056.0,681347.0
824500,0,0,0,0,695076.0,675660.0
823691,0,0,0,0,657746.0,660271.0
823041,0,0,0,0,669461.0,683352.0
823284,0,0,0,0,676664.0,527048.0
823208,0,0,0,0,641816.0,695611.0
822961,2,0,2,1,668984.0,607625.0
823366,1,0,1,1,696149.0,682243.0
823209,0,0,0,0,694738.0,605488.0
824258,0,0,0,0,675512.0,837227.0
822717,4,0,4,1,676917.0,650911.0
822797,0,1,1,1,592332.0,669022.0
823612,0,0,0,0,642547.0,571510.0
824747,0,1,1,1,813349.0,693645.0
824255,0,0,0,0,672456.0,681293.0
823363,1,0,1,1,694973.0,671096.0
824824,0,0,0,0,669432.0,674841.0
822796,0,3,3,1,571578.0,543135.0
824423,1,0,1,1,676282.0,622491.0
822962,3,1,4,1,607259.0,668678.0
823610,0,1,1,1,804267.0,554430.0
824743,1,0,1,1,801139.0,701542.0
824582,0,0,0,0,689818.0,674444.0
823773,0,0,0,0,694819.0,607067.0
823688,2,0,2,1,671737.0,608372.0
823039,0,0,0,0,700241.0,676974.0
824014,0,0,0,0,700712.0,669372.0
823285,0,0,0,0,621111.0,808963.0
823206,1,0,1,1,686790.0,625643.0
824257,0,0,0,0,664285.0,678906.0
824745,1,0,1,1,687562.0,543037.0
822794,0,1,1,1,656302.0,615698.0
823364,0,1,1,1,683003.0,695505.0
823609,0,0,0,0,681035.0,641835.0
824581,0,0,0,0,663436.0,608379.0
822960,1,1,2,1,642121.0,703615.0
824825,0,0,0,0,687064.0,656492.0
824421,0,0,0,0,677944.0,669302.0
823689,1,1,2,1,702474.0,547179.0
823770,1,0,1,1,690986.0,656849.0
823038,0,1,1,1,669467.0,687473.0
823283,0,0,0,0,606996.0,808967.0
823207,0,0,0,0,657277.0,693821.0
824015,0,0,0,0,672282.0,678022.0
824821,2,0,2,1,680694.0,641793.0
823362,0,0,0,0,656605.0,663903.0
822795,0,1,1,1,669456.0,677958.0
824256,0,0,0,0,656427.0,686613.0
824422,0,0,0,0,668909.0,676106.0
822959,1,0,1,1,656876.0,518876.0
823608,0,0,0,0,672335.0,666200.0
823686,0,1,1,1,687570.0,663372.0
824580,2,1,3,1,641743.0,679883.0
823769,0,0,0,0,605540.0,669020.0
823037,0,0,0,0,681517.0,663969.0
824011,0,0,0,0,691951.0,650644.0
823204,0,0,0,0,592662.0,519242.0
823281,0,0,0,0,650633.0,686218.0
824744,0,0,0,0,543243.0,607074.0
824822,1,0,1,1,669358.0,680732.0
823444,2,0,2,1,605400.0,677952.0
823529,0,1,1,1,677960.0,663554.0
822792,1,0,1,1,702056.0,640455.0
824741,4,1,5,1,624133.0,571945.0
824420,0,0,0,0,800048.0,641302.0
823771,0,1,1,1,688107.0,666157.0
824662,0,0,0,0,684007.0,656288.0
824176,0,0,0,0,663567.0,805673.0
824339,0,0,0,0,807743.0,645261.0
824986,0,0,0,0,695611.0,641778.0
823121,0,1,1,1,669923.0,696270.0
825065,1,0,1,1,593958.0,641816.0
824819,1,1,2,1,694346.0,607200.0
824418,2,0,2,1,676440.0,594798.0
823445,0,0,0,0,650911.0,696149.0
823528,1,4,5,1,693645.0,669373.0
822793,0,0,0,0,592332.0,690997.0
824742,1,0,1,1,813349.0,676917.0
824907,0,0,0,0,527048.0,669461.0
824096,1,0,1,1,702070.0,643377.0
823768,0,1,1,1,687075.0,695076.0
824661,1,1,2,1,571510.0,676664.0
824175,0,3,3,1,681347.0,657746.0
824338,1,1,2,1,685299.0,691587.0
824984,1,2,3,1,605488.0,680736.0
823122,0,0,0,0,693433.0,667755.0
825066,3,0,3,1,694297.0,694738.0
824818,0,1,1,1,665152.0,702273.0
824419,0,0,0,0,676282.0,669022.0
824740,0,2,2,1,801139.0,695418.0
823530,0,0,0,0,701542.0,675512.0
824660,3,0,3,1,607067.0,621111.0
822791,1,0,1,1,680755.0,642547.0
823446,0,0,0,0,554430.0,694973.0
824905,1,1,2,1,625643.0,700241.0
824094,0,2,2,1,607625.0,663556.0
824174,1,2,3,1,837227.0,671737.0
823767,2,0,2,1,675660.0,671096.0
824337,1,0,1,1,607536.0,676974.0
824985,0,0,0,0,669372.0,676263.0
825064,0,0,0,0,668678.0,686790.0
823442,0,0,0,0,660604.0,683003.0
823765,0,1,1,1,694819.0,695505.0
824335,1,2,3,1,547179.0,687473.0
824416,0,0,0,0,677944.0,663436.0
824906,5,3,8,1,694462.0,669160.0
824093,1,0,1,1,663568.0,693855.0
822884,0,0,0,0,543135.0,664285.0
823119,0,0,0,0,682243.0,700712.0
823935,0,2,2,1,808963.0,681190.0
824659,0,0,0,0,656849.0,669467.0
822714,1,0,1,1,656492.0,656605.0
823527,1,1,2,1,543037.0,702474.0
824498,0,1,1,1,663903.0,669432.0
824417,0,0,0,0,668909.0,641743.0
824904,0,0,0,0,656550.0,681035.0
824336,3,0,3,1,663372.0,657277.0
824173,0,0,0,0,681293.0,607259.0
824013,0,0,0,0,672282.0,687562.0
824982,0,6,6,1,678022.0,663969.0
825062,0,0,0,0,703615.0,690986.0
823933,0,1,1,1,660271.0,650633.0
823120,0,0,0,0,622491.0,656302.0
822716,1,1,2,1,687223.0,677952.0
823526,0,3,3,1,694341.0,805673.0
822882,0,2,2,1,615698.0,656427.0
823118,0,0,0,0,669302.0,669456.0
824499,1,3,4,1,668881.0,687064.0
824171,2,1,3,1,686613.0,656876.0
824415,0,1,1,1,800048.0,680732.0
824658,0,1,1,1,684007.0,681517.0
824903,0,0,0,0,519242.0,640455.0
824334,3,4,7,1,807743.0,592662.0
824092,0,0,0,0,608379.0,666200.0
824012,0,3,3,1,691951.0,543243.0
824983,0,0,0,0,650644.0,645261.0
825063,3,0,3,1,518876.0,605540.0
823932,0,0,0,0,808967.0,593974.0
824902,3,1,4,1,527048.0,690997.0
822715,0,0,0,0,676917.0,696149.0
824497,0,0,0,0,666157.0,680694.0
823525,0,1,1,1,677960.0,657746.0
824413,3,2,5,1,676440.0,669684.0
824656,2,0,2,1,665871.0,669461.0
824091,2,0,2,1,679883.0,605400.0
824172,0,0,0,0,663567.0,669438.0
822879,0,0,0,0,677958.0,663554.0
824333,2,0,2,1,685299.0,641816.0
825061,1,0,1,1,593958.0,687075.0
824980,0,1,1,1,695611.0,691587.0
823117,0,0,0,0,676106.0,702056.0
823931,0,0,0,0,686218.0,676664.0
824010,2,0,2,1,696270.0,624133.0
824089,6,1,7,1,702070.0,650911.0
822958,0,0,0,0,643377.0,693645.0
822712,1,1,2,1,571945.0,681347.0
824900,0,0,0,0,625643.0,642547.0
823036,0,0,0,0,669160.0,675660.0
823282,0,2,2,1,621111.0,694297.0
823205,1,0,1,1,694738.0,592332.0
823930,0,0,0,0,641778.0,607536.0
823062,2,0,2,1,694335.0,694819.0
823035,0,0,0,0,690928.0,688107.0
824820,0,0,0,0,669358.0,571510.0
824254,2,0,2,1,669373.0,669372.0
823361,4,1,5,1,694973.0,694462.0
823847,0,0,0,0,676974.0,693433.0
822956,0,0,0,0,693855.0,701542.0
822713,1,0,1,1,674841.0,837227.0
823607,3,0,3,1,672335.0,607625.0
824495,0,0,0,0,671096.0,554430.0
823687,0,0,0,0,671737.0,676282.0
824579,0,0,0,0,702273.0,801139.0
822881,0,2,2,1,594798.0,667755.0
823280,4,1,5,1,608566.0,668678.0
823203,0,0,0,0,686790.0,693686.0
823929,1,0,1,1,680736.0,547179.0
823202,0,5,5,1,657277.0,656302.0
824815,0,0,0,0,665152.0,607067.0
824253,1,0,1,1,675512.0,605488.0
823360,0,0,0,0,683003.0,656550.0
823848,0,0,0,0,663969.0,669923.0
822957,0,0,0,0,663556.0,543037.0
822710,0,0,0,0,656492.0,681293.0
823605,1,0,1,1,681035.0,674444.0
824496,0,0,0,0,695505.0,660604.0
823684,0,0,0,0,687570.0,677944.0
824578,0,0,0,0,663436.0,687562.0
823032,2,0,2,1,700241.0,690986.0
822880,0,1,1,1,669022.0,700712.0
823928,3,0,3,1,808963.0,687312.0
823279,0,1,1,1,650633.0,703615.0
823359,0,1,1,1,656605.0,693821.0
823606,0,1,1,1,640455.0,608379.0
822954,1,0,1,1,656876.0,621112.0
824816,0,0,0,0,669432.0,656849.0
823683,0,0,0,0,641927.0,668909.0
824577,0,0,0,0,641743.0,663776.0
824251,0,0,0,0,664285.0,660761.0
823846,0,0,0,0,676083.0,682243.0
824494,0,0,0,0,663903.0,666200.0
823034,0,0,0,0,669467.0,701656.0
822877,2,0,2,1,543135.0,672282.0
823277,0,0,0,0,656288.0,518876.0
823201,1,0,1,1,687931.0,663372.0
824252,0,0,0,0,656427.0,605400.0
822709,0,1,1,1,687223.0,677960.0
824817,0,0,0,0,687064.0,679883.0
824493,0,0,0,0,668881.0,684007.0
822955,0,0,0,0,607259.0,622491.0
823845,0,0,0,0,645261.0,800048.0
823604,0,2,2,1,690997.0,543243.0
824575,0,0,0,0,680732.0,682052.0
822878,2,0,2,1,615698.0,686613.0
823685,1,0,1,1,805673.0,680570.0
823033,0,0,0,0,681517.0,519242.0
823278,2,0,2,1,676664.0,669456.0
823927,2,2,4,1,669165.0,593958.0
823200,0,0,0,0,592662.0,685299.0
823357,2,0,2,1,677952.0,687075.0
823356,0,0,0,0,696149.0,675660.0
823682,0,0,0,0,657746.0,696270.0
824576,0,0,0,0,663542.0,695611.0
823198,0,0,0,0,641816.0,607536.0
822711,2,0,2,1,676571.0,693645.0
823603,0,0,0,0,642547.0,700842.0
822953,0,0,0,0,643377.0,669302.0
823844,0,0,0,0,691587.0,676440.0
824249,0,0,0,0,663554.0,650911.0
824813,0,0,0,0,680694.0,702070.0
822875,0,2,2,1,677958.0,663567.0
824492,0,0,0,0,666157.0,665871.0
823030,3,0,3,1,669461.0,625643.0
823276,2,0,2,1,621111.0,702056.0
823926,0,0,0,0,808967.0,694297.0
823358,0,0,0,0,694973.0,688107.0
824814,0,0,0,0,669358.0,607625.0
822708,1,0,1,1,676917.0,701542.0
824491,0,2,2,1,671096.0,571510.0
823602,1,0,1,1,804267.0,801139.0
822951,0,0,0,0,693855.0,676106.0
824250,0,0,0,0,669373.0,554430.0
823842,0,2,2,1,663969.0,676282.0
823681,0,0,0,0,671737.0,667755.0
824574,6,1,7,1,702273.0,669372.0
823029,1,0,1,1,669160.0,664849.0
822876,0,0,0,0,669022.0,664299.0
823199,0,1,1,1,686790.0,547179.0
823925,1,0,1,1,686218.0,683352.0
823274,0,1,1,1,608566.0,592332.0
823440,0,0,0,0,605400.0,681035.0
824766,0,0,0,0,687562.0,643377.0
824737,3,2,5,1,700842.0,669438.0
823524,0,0,0,0,543037.0,808963.0
824901,0,0,0,0,519242.0,615698.0
822789,0,0,0,0,693686.0,641743.0
823766,0,0,0,0,701656.0,645261.0
824655,1,0,1,1,607067.0,641927.0
824170,1,0,1,1,663567.0,665152.0
824090,0,0,0,0,607625.0,650633.0
824332,0,1,1,1,687312.0,663903.0
824009,1,0,1,1,672282.0,675512.0
824981,0,0,0,0,695611.0,676917.0
825060,0,2,2,1,518876.0,700241.0
823115,0,0,0,0,682243.0,694738.0
824414,0,0,0,0,668909.0,683003.0
824412,0,0,0,0,671106.0,682254.0
824657,1,0,1,1,571510.0,671737.0
823441,2,0,2,1,666200.0,640455.0
822790,0,0,0,0,669456.0,663436.0
824331,2,0,2,1,608372.0,695076.0
824169,0,0,0,0,681293.0,669432.0
824088,2,0,2,1,677976.0,656288.0
825059,0,0,0,0,694297.0,669160.0
824738,0,0,0,0,663776.0,693855.0
824899,0,1,1,1,702566.0,669022.0
823763,0,0,0,0,675660.0,676974.0
823116,0,0,0,0,693433.0,657277.0
824979,5,0,5,1,669372.0,641793.0
824008,0,4,4,1,680570.0,669373.0
822786,0,0,0,0,702056.0,680732.0
823523,0,0,0,0,693645.0,808967.0
823521,1,0,1,1,642232.0,694361.0
824739,0,0,0,0,543243.0,663556.0
823439,0,2,2,1,660604.0,690997.0
824897,1,0,1,1,656550.0,543135.0
824411,0,0,0,0,676282.0,694973.0
824168,0,0,0,0,686613.0,687064.0
824086,1,0,1,1,702070.0,608566.0
823764,0,0,0,0,688107.0,691587.0
824653,2,0,2,1,684007.0,805673.0
824330,1,5,6,1,663372.0,668881.0
824978,0,0,0,0,682052.0,656492.0
824007,0,1,1,1,696270.0,663554.0
823113,0,2,2,1,669302.0,592662.0
825057,0,0,0,0,593958.0,669467.0
824410,3,0,3,1,676440.0,657746.0
823522,4,0,4,1,677960.0,677952.0
822788,0,0,0,0,656302.0,607259.0
824736,0,1,1,1,801139.0,669358.0
823436,0,0,0,0,650911.0,686218.0
824898,0,0,0,0,693821.0,676664.0
824087,0,0,0,0,608379.0,686790.0
823762,2,0,2,1,694819.0,642547.0
824654,0,4,4,1,592791.0,656427.0
822874,1,0,1,1,594798.0,607200.0
824167,0,0,0,0,669854.0,676083.0
824328,0,3,3,1,607536.0,674841.0
825058,0,0,0,0,683352.0,605488.0
823112,0,0,0,0,669923.0,671096.0
824006,0,0,0,0,667755.0,681517.0
824409,0,1,1,1,800048.0,696070.0
823437,1,0,1,1,554430.0,680736.0
822787,0,3,3,1,592332.0,656876.0
824895,0,1,1,1,625643.0,621111.0
824085,0,0,0,0,679883.0,641816.0
823760,0,0,0,0,687075.0,804267.0
824652,6,0,6,1,656849.0,664285.0
822871,2,0,2,1,677958.0,702273.0
824165,1,0,1,1,837227.0,663969.0
824329,0,2,2,1,547179.0,687223.0
824005,5,0,5,1,700712.0,669461.0
825056,3,0,3,1,684442.0,678022.0
823114,0,1,1,1,622491.0,695505.0
823518,0,0,0,0,543037.0,656605.0
823519,0,0,0,0,608331.0,696149.0
824735,4,0,4,1,687562.0,665152.0
824732,0,4,4,1,700842.0,680694.0
824083,0,0,0,0,607625.0,694738.0
823761,0,0,0,0,701656.0,681035.0
824327,0,0,0,0,687312.0,676917.0
825055,0,0,0,0,518876.0,695611.0
823110,0,0,0,0,676106.0,663903.0
824004,0,0,0,0,672282.0,690928.0
824408,1,1,2,1,677944.0,641927.0
823438,2,0,2,1,605400.0,641778.0
822784,1,0,1,1,680755.0,643377.0
824896,1,0,1,1,527048.0,650633.0
822873,0,0,0,0,641302.0,641743.0
824650,1,0,1,1,607067.0,672456.0
824166,0,0,0,0,663567.0,645261.0
824893,0,0,0,0,519242.0,606996.0
824406,0,0,0,0,668909.0,671737.0
822785,1,0,1,1,669456.0,668984.0
823042,2,0,2,1,700241.0,694297.0
824247,0,0,0,0,675512.0,677976.0
823759,1,2,3,1,675660.0,608372.0
824248,2,0,2,1,669373.0,694360.0
823352,0,0,0,0,683003.0,571510.0
822707,0,0,0,0,687223.0,593958.0
823434,0,0,0,0,666200.0,693645.0
824812,0,0,0,0,669432.0,656550.0
823601,0,0,0,0,640455.0,808963.0
822952,0,0,0,0,663556.0,676282.0
823843,0,0,0,0,687473.0,608566.0
824733,1,0,1,1,663776.0,702056.0
824573,3,0,3,1,663436.0,681293.0
822872,1,0,1,1,669022.0,682243.0
823680,0,0,0,0,805673.0,682052.0
823031,0,0,0,0,669160.0,695076.0
823196,2,1,3,1,657277.0,680570.0
718692,0,0,0,0,425844.0,666201.0
718544,0,0,0,0,666200.0,657277.0
718384,2,0,2,1,605397.0,640455.0
718729,0,1,1,1,456501.0,641816.0
718722,2,0,2,1,677960.0,669194.0
718693,0,0,0,0,656731.0,665795.0
718623,0,1,1,1,656605.0,664299.0
718426,0,0,0,0,657006.0,605483.0
718392,0,0,0,0,666201.0,622491.0
718503,0,0,0,0,640455.0,673540.0
718391,0,0,0,0,666200.0,573186.0
718675,0,0,0,0,573186.0,543135.0
718475,0,0,0,0,650911.0,607536.0
718373,0,0,0,0,458681.0,676534.0
718607,1,0,1,1,570632.0,656427.0
718518,0,0,0,0,669022.0,680694.0
718587,1,0,1,1,621244.0,656876.0
718423,0,1,1,1,543101.0,571927.0
718754,1,0,1,1,621107.0,605513.0
718576,2,4,6,1,601713.0,542881.0
718705,1,1,2,1,664285.0,666159.0
718358,0,0,0,0,596295.0,669194.0
718507,0,0,0,0,607259.0,450203.0
718528,0,2,2,1,665795.0,622072.0
718397,0,0,0,0,571760.0,543037.0
718461,0,1,1,1,669203.0,678394.0
718680,0,0,0,0,502171.0,641745.0
718553,4,0,4,1,656302.0,680570.0
718585,0,1,1,1,666214.0,640455.0
718742,0,0,0,0,605488.0,666214.0
718631,2,0,2,1,660761.0,571578.0
718668,0,1,1,1,663559.0,666157.0
718760,2,0,2,1,664353.0,608337.0
718632,0,1,1,1,672710.0,664285.0
718508,0,0,0,0,592789.0,453286.0
718408,0,1,1,1,663776.0,665622.0
718707,0,0,0,0,676664.0,669456.0
718448,0,1,1,1,615698.0,596295.0
718684,0,0,0,0,543243.0,664353.0
718435,0,0,0,0,680694.0,446372.0
718491,2,0,2,1,592767.0,628711.0
718443,0,0,0,0,675911.0,665795.0
718622,0,0,0,0,666201.0,666159.0
718650,0,0,0,0,642547.0,663765.0
718660,0,2,2,1,641778.0,656756.0
718374,0,0,0,0,543135.0,666745.0
718734,0,0,0,0,686610.0,542881.0
718393,1,1,2,1,608337.0,621107.0
718586,0,1,1,1,656818.0,592836.0
718633,0,0,0,0,621381.0,645261.0
718615,0,0,0,0,594798.0,543475.0
718740,0,0,0,0,677651.0,605182.0
718645,0,0,0,0,663372.0,641771.0
718716,1,1,2,1,570666.0,669713.0
718367,2,0,2,1,680686.0,670912.0
718417,0,0,0,0,628317.0,593334.0
718687,0,3,3,1,458681.0,622072.0
718686,0,2,2,1,543475.0,592332.0
718726,0,0,0,0,592351.0,680694.0
718458,1,0,1,1,554430.0,570632.0
718706,1,0,1,1,622491.0,660761.0
718590,0,9,9,1,666745.0,657746.0
718731,0,0,0,0,642547.0,471911.0
718604,2,0,2,1,685410.0,657376.0
718427,0,1,1,1,657746.0,641482.0
718573,3,0,3,1,641771.0,668676.0
718368,0,1,1,1,506433.0,502171.0
718658,0,0,0,0,596295.0,592866.0
718730,0,0,0,0,656629.0,543101.0
718375,5,0,5,1,665795.0,668873.0
718521,3,0,3,1,570632.0,592826.0
718422,0,1,1,1,669194.0,663903.0
718683,0,0,0,0,518876.0,669160.0
718581,0,1,1,1,677651.0,527048.0
718621,0,0,0,0,656849.0,677960.0
718762,1,0,1,1,657376.0,502171.0
718717,0,0,0,0,506433.0,668678.0
718671,1,1,2,1,518516.0,477132.0
718510,2,1,3,1,605182.0,592836.0
718416,1,0,1,1,669330.0,656557.0
718382,2,2,4,1,669160.0,656427.0
718404,0,0,0,0,621381.0,669923.0
718529,0,2,2,1,657376.0,660761.0
718752,2,0,2,1,543135.0,554430.0
718747,0,0,0,0,666745.0,548389.0
718629,0,0,0,0,608566.0,571927.0
718644,3,0,3,1,672282.0,579328.0
718430,0,0,0,0,663559.0,594835.0
718702,0,0,0,0,446372.0,656605.0
718442,0,0,0,0,543243.0,666745.0
718546,0,0,0,0,676664.0,676130.0
718377,0,0,0,0,666205.0,668881.0
718669,1,0,1,1,657006.0,527048.0
718363,2,4,6,1,605135.0,594835.0
718655,1,0,1,1,656876.0,621076.0
718362,0,0,0,0,543243.0,663903.0
718536,1,0,1,1,666205.0,669713.0
718579,1,4,5,1,663903.0,450203.0
718512,3,0,3,1,663765.0,518516.0
718399,0,1,1,1,641771.0,592826.0
718460,0,0,0,0,671106.0,666200.0
718539,0,3,3,1,543475.0,594798.0
718681,1,0,1,1,675911.0,605483.0
718651,0,1,1,1,669330.0,641482.0
718649,0,0,0,0,641816.0,686613.0
718748,1,0,1,1,656557.0,608344.0
718696,0,0,0,0,664299.0,593958.0
718487,0,2,2,1,593334.0,579328.0
718761,0,3,3,1,519242.0,665152.0
718744,0,0,0,0,668933.0,592826.0
718588,2,0,2,1,641482.0,686973.0
718405,0,0,0,0,666214.0,502043.0
718410,0,0,0,0,657140.0,666129.0
718463,1,0,1,1,592826.0,668881.0
718459,0,0,0,0,680570.0,593958.0
718432,1,2,3,1,670912.0,592789.0
718364,0,0,0,0,663773.0,657006.0
718447,0,0,0,0,665152.0,519242.0
718699,1,0,1,1,543037.0,605400.0
718685,0,0,0,0,554430.0,668881.0
718431,0,0,0,0,676130.0,680686.0
718477,2,0,2,1,663556.0,656302.0
718424,0,0,0,0,668933.0,592351.0
718602,0,0,0,0,656288.0,669022.0
718653,0,0,0,0,670912.0,656629.0
718743,4,0,4,1,669022.0,694363.0
718401,0,0,0,0,571510.0,680570.0
718738,1,0,1,1,592791.0,641778.0
718486,4,0,4,1,676534.0,656629.0
718611,0,0,0,0,518876.0,669203.0
718514,0,1,1,1,663903.0,527048.0
718609,0,0,0,0,554430.0,665795.0
718596,0,1,1,1,608344.0,670124.0
718513,0,0,0,0,605513.0,615698.0
718484,0,0,0,0,668678.0,607625.0
718639,2,1,3,1,669194.0,675627.0
718566,0,0,0,0,668933.0,621381.0
718538,0,1,1,1,656427.0,518876.0
718530,1,0,1,1,571510.0,683769.0
718605,0,0,0,0,543243.0,608337.0
718455,1,0,1,1,548389.0,656731.0
718724,5,3,8,1,676710.0,670912.0
718619,0,0,0,0,605400.0,666200.0
718466,0,0,0,0,542881.0,425844.0
718445,1,0,1,1,666157.0,543135.0
718567,0,1,1,1,666129.0,669194.0
718541,0,0,0,0,593958.0,685410.0
718704,0,0,0,0,571578.0,663556.0
718646,1,2,3,1,668676.0,669923.0
718409,0,0,0,0,657277.0,571945.0
718592,0,0,0,0,592866.0,615698.0
718757,0,0,0,0,660261.0,663776.0
718470,0,0,0,0,489119.0,676477.0
718481,0,0,0,0,669923.0,571927.0
718608,0,0,0,0,448179.0,664353.0
718751,0,1,1,1,543475.0,543243.0
718565,0,0,0,0,660261.0,471911.0
718656,1,4,5,1,605200.0,592789.0
718677,1,0,1,1,650644.0,669302.0
718551,0,0,0,0,425844.0,657140.0
718468,0,2,2,1,641154.0,641771.0
718379,0,0,0,0,592332.0,668834.0
718548,1,1,2,1,571945.0,656605.0
718500,4,0,4,1,672710.0,596133.0
718501,0,0,0,0,677651.0,621244.0
718597,1,1,2,1,666157.0,663559.0
718670,2,0,2,1,663776.0,605135.0
718560,2,2,4,1,607625.0,642547.0
718595,1,0,1,1,543135.0,641745.0
718614,0,0,0,0,660271.0,680686.0
718170,0,0,0,0,622072.0,641401.0
718212,0,0,0,0,691587.0,668933.0
718088,0,0,0,0,592836.0,657006.0
718003,0,2,2,1,643493.0,664285.0
718184,0,1,1,1,668678.0,543101.0
718115,0,0,0,0,579328.0,502043.0
718267,0,0,0,0,548389.0,605288.0
718269,0,0,0,0,669713.0,645261.0
718109,1,0,1,1,571945.0,592789.0
717985,0,0,0,0,663738.0,669022.0
718129,0,1,1,1,605182.0,685410.0
718219,0,0,0,0,593334.0,656876.0
718084,0,0,0,0,458681.0,672578.0
718039,0,0,0,0,425844.0,571510.0
718333,0,1,1,1,663623.0,573186.0
718082,0,1,1,1,434378.0,669456.0
718022,0,0,0,0,669456.0,669461.0
718093,1,0,1,1,621107.0,641778.0
718151,0,1,1,1,656756.0,489119.0
718331,1,0,1,1,628711.0,621381.0
718201,0,0,0,0,669160.0,605483.0
718288,0,0,0,0,425794.0,605513.0
718146,1,2,3,1,666205.0,674072.0
718067,0,4,4,1,641927.0,605154.0
718107,0,0,0,0,605483.0,572020.0
717992,7,0,7,1,675911.0,592229.0
718247,0,0,0,0,657376.0,607968.0
718237,0,0,0,0,660271.0,664285.0
718215,0,0,0,0,674072.0,502171.0
718031,0,0,0,0,656412.0,608337.0
718114,0,0,0,0,527048.0,666154.0
718108,0,2,2,1,571578.0,656412.0
718217,0,0,0,0,665622.0,543135.0
718136,0,0,0,0,669160.0,543243.0
718318,2,0,2,1,593958.0,434378.0
718223,4,0,4,1,571882.0,673540.0
718260,0,5,5,1,543101.0,663623.0
717958,0,0,0,0,676664.0,693821.0
718285,0,0,0,0,671106.0,543243.0
718290,1,1,2,1,656731.0,596295.0
718050,0,2,2,1,594835.0,665622.0
717970,0,1,1,1,621112.0,647336.0
718329,2,0,2,1,547179.0,453286.0
718240,1,1,2,1,592791.0,656427.0
718226,0,0,0,0,518876.0,665795.0
718291,2,0,2,1,656876.0,593334.0
718102,0,0,0,0,666201.0,680570.0
718225,1,0,1,1,668881.0,434378.0
718097,6,0,6,1,605400.0,592791.0
718154,0,1,1,1,665152.0,681217.0
717980,1,1,2,1,686610.0,664299.0
718235,0,1,1,1,656288.0,664299.0
717954,3,0,3,1,592789.0,571578.0
718009,0,0,0,0,621076.0,686613.0
718319,0,0,0,0,676664.0,669302.0
718071,2,0,2,1,682227.0,656756.0
718171,0,0,0,0,680570.0,660271.0
718207,0,0,0,0,656629.0,641585.0
718361,0,0,0,0,656731.0,450203.0
717986,3,0,3,1,607067.0,502171.0
718246,0,1,1,1,680570.0,621107.0
717953,0,0,0,0,622072.0,656605.0
718336,3,0,3,1,642232.0,669330.0
718255,0,0,0,0,641482.0,676664.0
718182,0,0,0,0,676440.0,663776.0
718147,0,0,0,0,458681.0,669456.0
718092,0,0,0,0,605397.0,519242.0
718056,0,0,0,0,607067.0,641585.0
717940,3,0,3,1,674072.0,659275.0
718249,0,0,0,0,668678.0,666129.0
718194,0,0,0,0,656412.0,682243.0
718307,0,1,1,1,448179.0,605135.0
718140,0,0,0,0,506433.0,672578.0
718112,0,0,0,0,656232.0,686610.0
718277,1,0,1,1,693821.0,669330.0
717950,2,0,2,1,657006.0,621107.0
717994,1,0,1,1,676596.0,694813.0
718284,0,0,0,0,663559.0,446372.0
718322,3,0,3,1,656302.0,686973.0
718324,0,2,2,1,657376.0,669456.0
718152,1,0,1,1,664299.0,657006.0
718077,0,0,0,0,665001.0,605135.0
718013,0,0,0,0,686973.0,592332.0
718156,0,0,0,0,502171.0,554430.0
717998,0,1,1,1,660271.0,665795.0
718305,0,0,0,0,668881.0,458681.0
718144,0,0,0,0,607625.0,663903.0
718283,0,0,0,0,675911.0,680694.0
718274,0,0,0,0,594835.0,641585.0
718232,4,0,4,1,666745.0,666205.0
718342,1,2,3,1,592351.0,668678.0
718126,0,0,0,0,543135.0,675911.0
717995,1,1,2,1,543037.0,506433.0
718197,0,0,0,0,641482.0,663556.0
718005,0,0,0,0,547179.0,669947.0
717945,0,0,0,0,666129.0,605483.0
718002,0,0,0,0,607192.0,477132.0
718091,0,1,1,1,672710.0,518876.0
718203,1,0,1,1,592866.0,664192.0
718166,3,0,3,1,656427.0,642547.0
717943,0,2,2,1,458681.0,642545.0
717948,0,0,0,0,572020.0,596133.0
718270,0,0,0,0,592836.0,656557.0
718181,0,1,1,1,579328.0,543521.0
718350,1,0,1,1,677651.0,548389.0
718306,0,0,0,0,685410.0,641927.0
718332,0,0,0,0,695243.0,682243.0
717999,0,1,1,1,669203.0,657277.0
717991,1,0,1,1,605200.0,676477.0
718130,0,0,0,0,691587.0,592866.0
718256,0,0,0,0,573186.0,571945.0
717960,0,0,0,0,571945.0,425844.0
718275,0,0,0,0,672282.0,543135.0
718228,0,0,0,0,489119.0,477132.0
718076,0,0,0,0,571760.0,657756.0
718294,0,0,0,0,542881.0,641540.0
717939,0,0,0,0,669923.0,657376.0
717978,0,0,0,0,543101.0,448179.0
718293,2,2,4,1,640455.0,669203.0
718326,0,0,0,0,664285.0,657277.0
718268,1,0,1,1,642232.0,695243.0
718344,0,0,0,0,592866.0,669713.0
718158,4,0,4,1,664285.0,592791.0
718245,4,0,4,1,450203.0,601713.0
718061,0,1,1,1,671737.0,621244.0
718337,0,1,1,1,686613.0,543101.0
718016,0,2,2,1,657756.0,453286.0
718024,1,1,2,1,543294.0,471911.0
718028,0,0,0,0,527054.0,518397.0
718250,2,0,2,1,657277.0,571578.0
718119,0,3,3,1,471911.0,615698.0
718062,2,0,2,1,622491.0,666205.0
718321,0,0,0,0,666129.0,657140.0
718019,0,0,0,0,694363.0,592836.0
718000,1,0,1,1,663903.0,680686.0
717968,0,0,0,0,641585.0,543243.0
718047,1,0,1,1,657746.0,543101.0
718276,3,1,4,1,664192.0,663372.0
718068,0,0,0,0,669203.0,664299.0
718040,0,0,0,0,641482.0,669330.0
718304,0,0,0,0,607968.0,669923.0
718155,2,0,2,1,547179.0,682847.0
718309,0,0,0,0,621107.0,592826.0
718026,2,0,2,1,689266.0,605400.0
718327,0,1,1,1,694813.0,605400.0
718296,0,1,1,1,518876.0,680686.0
718131,1,0,1,1,669461.0,669203.0
718073,0,0,0,0,554430.0,674072.0
718063,0,0,0,0,671106.0,656302.0
718125,0,0,0,0,656302.0,671106.0
718343,1,0,1,1,664062.0,592836.0
718190,0,1,1,1,621076.0,592351.0
718059,1,1,2,1,668933.0,425794.0
718251,1,0,1,1,669302.0,592351.0
718014,0,1,1,1,543475.0,571578.0
718111,0,0,0,0,656629.0,425844.0
718034,0,0,0,0,542881.0,572020.0
718041,4,0,4,1,594902.0,571927.0
718349,0,2,2,1,669022.0,592767.0
718124,0,2,2,1,425794.0,628711.0
718302,0,0,0,0,673540.0,622608.0
718169,0,0,0,0,694297.0,657277.0
718049,0,0,0,0,594577.0,593958.0
718142,0,0,0,0,593958.0,448179.0
718214,1,0,1,1,669022.0,656731.0
718340,0,0,0,0,656629.0,657746.0
718303,1,0,1,1,657006.0,665795.0
718173,1,0,1,1,666214.0,669302.0
717959,1,1,2,1,608337.0,542881.0
718335,0,0,0,0,608379.0,668933.0
718010,0,0,0,0,694297.0,519242.0
718055,0,0,0,0,592767.0,656731.0
717971,1,4,5,1,656629.0,656288.0
718278,0,1,1,1,672710.0,579328.0
718209,0,0,0,0,543243.0,592767.0
717793,2,0,2,1,425844.0,596133.0
717577,0,0,0,0,680735.0,671106.0
717838,0,0,0,0,672282.0,592767.0
717648,0,1,1,1,669456.0,489119.0
717742,2,1,3,1,656557.0,593334.0
717613,0,0,0,0,650644.0,669203.0
717892,0,0,0,0,668678.0,647336.0
717791,0,0,0,0,669461.0,657277.0
717675,2,0,2,1,656302.0,543135.0
717728,0,0,0,0,592254.0,666214.0
717654,0,0,0,0,666129.0,656605.0
717709,0,1,1,1,592351.0,605135.0
717620,0,0,0,0,691587.0,670912.0
717883,0,0,0,0,671096.0,527054.0
717695,0,1,1,1,621383.0,571760.0
717765,0,0,0,0,571760.0,672282.0
717867,2,0,2,1,642547.0,502043.0
717590,2,1,3,1,693433.0,663623.0
717744,0,0,0,0,543294.0,608344.0
717924,0,0,0,0,641927.0,650644.0
717616,1,0,1,1,596295.0,542881.0
717763,1,3,4,1,592767.0,674370.0
717893,0,0,0,0,663903.0,607536.0
717919,2,0,2,1,518876.0,450203.0
717855,0,0,0,0,642545.0,592791.0
717783,0,0,0,0,641154.0,669203.0
717859,0,0,0,0,542888.0,641154.0
717879,0,0,0,0,527048.0,425794.0
717840,3,0,3,1,675911.0,434378.0
717586,5,0,5,1,670950.0,657277.0
717737,0,0,0,0,641585.0,671096.0
717756,0,0,0,0,621112.0,671737.0
717606,1,0,1,1,571760.0,571510.0
717782,3,1,4,1,592791.0,682847.0
717829,0,1,1,1,700363.0,680686.0
717669,0,1,1,1,671096.0,656234.0
717736,0,1,1,1,663903.0,663776.0
717835,0,0,0,0,579328.0,543243.0
717629,0,0,0,0,458681.0,572020.0
717555,0,0,0,0,621244.0,572020.0
717584,0,0,0,0,592767.0,605400.0
717556,1,0,1,1,471911.0,502171.0
717843,0,0,0,0,621244.0,664285.0
717655,0,0,0,0,657376.0,641540.0
717565,0,0,0,0,453286.0,605288.0
717734,0,0,0,0,663623.0,666129.0
717660,0,0,0,0,671106.0,676664.0
717682,0,0,0,0,664285.0,434378.0
717915,0,0,0,0,656302.0,547179.0
717899,0,0,0,0,641585.0,656288.0
717836,0,0,0,0,448179.0,656731.0
717607,0,0,0,0,434378.0,607067.0
717839,1,0,1,1,669330.0,663738.0
717632,2,0,2,1,630023.0,543475.0
717593,5,0,5,1,668678.0,671737.0
717921,0,0,0,0,608379.0,592791.0
717580,4,0,4,1,641540.0,666214.0
717934,0,2,2,1,453286.0,592836.0
717573,0,0,0,0,425844.0,669456.0
717852,0,0,0,0,657756.0,657277.0
717777,1,0,1,1,543475.0,682227.0
717623,0,4,4,1,669461.0,573186.0
717689,0,0,0,0,624133.0,675911.0
717849,3,0,3,1,607067.0,680694.0
717615,1,0,1,1,664062.0,686613.0
717823,0,0,0,0,543101.0,573186.0
717809,0,0,0,0,663776.0,693433.0
717866,0,3,3,1,571578.0,605200.0
717888,0,0,0,0,676272.0,593334.0
717662,0,0,0,0,660271.0,660813.0
717750,3,5,8,1,677960.0,671106.0
717678,0,0,0,0,672282.0,477132.0
717751,0,0,0,0,543135.0,660271.0
717568,0,1,1,1,694297.0,641793.0
717653,1,0,1,1,666200.0,682847.0
717887,0,2,2,1,666129.0,672578.0
717856,0,0,0,0,605135.0,669854.0
717771,0,0,0,0,641927.0,607067.0
717851,1,0,1,1,669203.0,665152.0
717878,0,6,6,1,666201.0,656232.0
717886,1,0,1,1,605400.0,666214.0
717595,0,0,0,0,621112.0,666745.0
717920,1,0,1,1,657277.0,665152.0
717802,0,0,0,0,669456.0,656232.0
717735,0,1,1,1,676664.0,592836.0
717810,0,0,0,0,657376.0,678394.0
717816,1,1,2,1,694363.0,669022.0
717608,0,1,1,1,672282.0,656302.0
717900,0,0,0,0,673540.0,579328.0
717761,0,0,0,0,665622.0,607192.0
717597,0,0,0,0,656849.0,527054.0
717909,1,5,6,1,663738.0,596295.0
717551,0,1,1,1,665622.0,621383.0
717644,1,0,1,1,607536.0,663776.0
717661,0,3,3,1,622072.0,605483.0
717552,0,0,0,0,596295.0,547179.0
717610,0,1,1,1,607625.0,669022.0
717690,0,0,0,0,691587.0,579328.0
717729,0,0,0,0,657006.0,502043.0
717780,0,0,0,0,674003.0,642545.0
717681,0,0,0,0,547179.0,663738.0
717694,0,0,0,0,686613.0,453286.0
717825,0,0,0,0,593334.0,656557.0
717670,2,0,2,1,664299.0,656731.0
717831,0,3,3,1,605288.0,594580.0
717704,0,0,0,0,682243.0,458681.0
717759,0,0,0,0,622491.0,691587.0
717858,0,1,1,1,676440.0,676710.0
717755,0,0,0,0,669194.0,605400.0
717548,0,0,0,0,682243.0,663556.0
717696,0,6,6,1,669203.0,518876.0
717820,0,0,0,0,656629.0,645261.0
717557,0,0,0,0,668933.0,607625.0
717576,2,2,4,1,642545.0,608337.0
717572,1,1,2,1,502624.0,686218.0
717685,0,1,1,1,594902.0,663562.0
717602,1,1,2,1,622491.0,592866.0
717554,1,1,2,1,592351.0,669854.0
717559,0,0,0,0,657006.0,615698.0
717674,0,0,0,0,676254.0,506433.0
717706,0,2,2,1,605200.0,676440.0
717719,0,1,1,1,674072.0,669456.0
717643,1,0,1,1,686218.0,641585.0
717745,3,0,3,1,694363.0,659275.0
717680,0,1,1,1,607067.0,669194.0
717722,2,0,2,1,669302.0,608337.0
717914,0,0,0,0,669022.0,621381.0
717897,0,3,3,1,594902.0,605288.0
717671,0,0,0,0,448179.0,543294.0
717657,0,0,0,0,605400.0,693821.0
717821,0,0,0,0,571510.0,669194.0
717717,0,0,0,0,605483.0,621107.0
717633,0,0,0,0,681857.0,641154.0
717575,0,0,0,0,605200.0,621107.0
717640,0,0,0,0,502624.0,656288.0
717684,1,0,1,1,543037.0,669923.0
717792,0,0,0,0,641540.0,542881.0
717805,1,4,5,1,592332.0,686973.0
717781,2,2,4,1,656427.0,502171.0
717626,3,0,3,1,676272.0,669854.0
717583,0,0,0,0,672391.0,666129.0
717798,1,0,1,1,659275.0,605483.0
717752,0,0,0,0,543243.0,571510.0
717677,0,0,0,0,671737.0,669330.0
717770,1,0,1,1,681857.0,675911.0
717861,0,0,0,0,542881.0,669713.0
717718,1,0,1,1,673540.0,425794.0
717746,0,0,0,0,664299.0,669022.0
717698,0,0,0,0,674370.0,592767.0
717877,0,0,0,0,657376.0,608337.0
717618,0,0,0,0,686651.0,450203.0
717779,2,1,3,1,453286.0,622663.0
717769,0,0,0,0,680694.0,621244.0
717708,1,0,1,1,592791.0,665152.0
717913,1,0,1,1,543243.0,671106.0
717634,2,0,2,1,621244.0,660261.0
717611,0,1,1,1,608344.0,682227.0
717760,0,0,0,0,477132.0,605182.0
717807,2,0,2,1,693821.0,592866.0
717605,1,3,4,1,676477.0,645261.0
717642,1,0,1,1,605397.0,571578.0
717762,2,0,2,1,664285.0,680686.0
717775,0,4,4,1,605200.0,554430.0
717764,0,0,0,0,663738.0,594902.0
717525,0,0,0,0,656849.0,548389.0
717239,3,0,3,1,664285.0,571760.0
717381,0,1,1,1,542881.0,664299.0
717539,0,0,0,0,682227.0,608379.0
717390,0,0,0,0,669923.0,547179.0
717473,0,0,0,0,691587.0,656427.0
717184,0,0,0,0,641585.0,592789.0
717247,0,0,0,0,666159.0,663776.0
717248,0,0,0,0,607074.0,500779.0
717409,0,2,2,1,686610.0,628317.0
717365,0,0,0,0,669302.0,543243.0
717440,2,0,2,1,664285.0,693433.0
717309,1,0,1,1,572020.0,453286.0
717349,0,0,0,0,665622.0,682175.0
717530,1,1,2,1,592332.0,676477.0
717488,4,0,4,1,663773.0,669461.0
717526,0,0,0,0,671096.0,670970.0
718558,1,0,1,1,669373.0,548389.0
717503,0,0,0,0,489119.0,543294.0
717278,1,1,2,1,542881.0,656605.0
717366,0,1,1,1,621112.0,657514.0
717461,0,0,0,0,657514.0,669674.0
717237,0,0,0,0,680570.0,543037.0
717336,1,0,1,1,543294.0,592866.0
717304,1,0,1,1,543037.0,663903.0
717230,0,0,0,0,453286.0,669022.0
717314,5,1,6,1,657746.0,458681.0
717449,3,0,3,1,572020.0,643493.0
717422,0,0,0,0,657277.0,607536.0
717518,0,0,0,0,621112.0,657053.0
717284,2,4,6,1,527048.0,686218.0
717355,3,3,6,1,656234.0,686613.0
717281,0,0,0,0,693433.0,666201.0
717413,0,0,0,0,434378.0,628711.0
717337,0,0,0,0,675911.0,668678.0
717453,0,0,0,0,686613.0,622491.0
717294,4,0,4,1,622663.0,543475.0
717358,5,2,7,1,693821.0,605200.0
717420,0,0,0,0,621244.0,669194.0
717510,1,1,2,1,657746.0,680735.0
717452,0,0,0,0,668678.0,448179.0
717378,0,0,0,0,502624.0,543037.0
717276,1,0,1,1,506433.0,682990.0
717524,0,0,0,0,656756.0,543037.0
717326,2,1,3,1,663623.0,622072.0
717447,1,0,1,1,543037.0,592767.0
717395,0,0,0,0,675911.0,458681.0
717272,0,0,0,0,502171.0,605463.0
717483,0,0,0,0,605288.0,657006.0
717200,7,0,7,1,665152.0,622663.0
717344,2,2,4,1,686610.0,678394.0
717216,0,0,0,0,682990.0,605400.0
717288,1,0,1,1,656412.0,605397.0
717527,0,0,0,0,663903.0,664062.0
717252,0,0,0,0,621107.0,645261.0
717206,2,1,3,1,700363.0,607067.0
717307,0,0,0,0,680686.0,657277.0
717394,1,1,2,1,657756.0,657376.0
717541,0,0,0,0,680694.0,641927.0
717205,2,0,2,1,686218.0,596133.0
717342,0,0,0,0,668933.0,548389.0
717485,0,3,3,1,593958.0,643493.0
717189,2,0,2,1,665795.0,592836.0
717277,0,0,0,0,671106.0,642232.0
717367,0,1,1,1,641540.0,663556.0
717266,0,1,1,1,593334.0,434378.0
717219,0,1,1,1,669330.0,657376.0
717194,0,3,3,1,675627.0,668933.0
717223,0,4,4,1,674072.0,669302.0
717405,0,0,0,0,660271.0,641585.0
717494,0,0,0,0,669373.0,676664.0
717481,0,0,0,0,669022.0,682227.0
717251,2,0,2,1,676254.0,676206.0
717318,0,0,0,0,657376.0,679525.0
717306,0,0,0,0,456501.0,502624.0
717423,3,0,3,1,605397.0,453286.0
717484,2,0,2,1,678394.0,592351.0
717384,3,0,3,1,680694.0,595345.0
717274,4,2,6,1,656232.0,592351.0
717479,0,1,1,1,676272.0,674370.0
717508,2,0,2,1,657376.0,502043.0
717340,0,0,0,0,450203.0,669194.0
717201,0,0,0,0,621244.0,542881.0
717396,0,0,0,0,571927.0,663623.0
717375,1,0,1,1,682227.0,657277.0
717442,2,0,2,1,666159.0,592332.0
717211,6,0,6,1,693821.0,527054.0
717443,1,0,1,1,668909.0,663903.0
717406,0,2,2,1,622491.0,593958.0
717334,0,0,0,0,671096.0,502171.0
717225,1,3,4,1,676272.0,682227.0
717242,0,0,0,0,678394.0,675911.0
717293,0,0,0,0,543243.0,656302.0
717498,1,0,1,1,605200.0,453286.0
717432,0,0,0,0,571578.0,641540.0
717411,0,0,0,0,679525.0,607192.0
717430,0,0,0,0,656232.0,669302.0
717380,0,0,0,0,656427.0,680686.0
717490,0,0,0,0,502171.0,543548.0
717226,1,0,1,1,656756.0,669713.0
717207,1,0,1,1,543475.0,641927.0
717227,0,1,1,1,607536.0,676664.0
717550,1,1,2,1,669461.0,641656.0
717329,0,0,0,0,592836.0,669203.0
717459,2,0,2,1,669203.0,671096.0
717482,1,0,1,1,641154.0,679525.0
717542,0,0,0,0,543135.0,686613.0
717457,0,0,0,0,656412.0,666201.0
717382,1,0,1,1,663903.0,621107.0
717253,0,0,0,0,664062.0,579328.0
717521,0,0,0,0,592791.0,650644.0
717377,1,1,2,1,527048.0,676440.0
717283,1,1,2,1,675540.0,605400.0
717238,0,3,3,1,571945.0,657006.0
717320,0,0,0,0,621107.0,680694.0
717235,0,1,1,1,592332.0,608337.0
717240,2,0,2,1,458681.0,573186.0
717419,0,0,0,0,543294.0,678394.0
717388,0,0,0,0,674370.0,622072.0
717427,1,0,1,1,489119.0,594902.0
717410,0,2,2,1,596295.0,607074.0
717311,0,0,0,0,682243.0,579328.0
717363,1,0,1,1,605400.0,527054.0
717214,0,0,0,0,686613.0,671737.0
717298,1,0,1,1,657514.0,471911.0
717290,2,0,2,1,669022.0,518397.0
717408,0,0,0,0,624133.0,605483.0
717424,0,0,0,0,608337.0,571927.0
717212,0,1,1,1,623167.0,621112.0
717528,3,0,3,1,624133.0,592866.0
717537,5,0,5,1,663738.0,628711.0
717282,0,0,0,0,571578.0,656234.0
717195,1,0,1,1,571927.0,543294.0
717425,1,0,1,1,605200.0,669387.0
717371,0,0,0,0,682990.0,675540.0
717209,0,0,0,0,506433.0,527048.0
717455,0,0,0,0,656302.0,656756.0
717199,0,0,0,0,621389.0,665622.0
717221,1,0,1,1,676254.0,572020.0
717544,0,0,0,0,663567.0,686839.0
717347,0,0,0,0,650911.0,607067.0
717323,1,0,1,1,663687.0,641585.0
717512,0,0,0,0,668909.0,693821.0
717345,0,0,0,0,596295.0,656232.0
717360,2,1,3,1,596133.0,543101.0
717501,1,0,1,1,657514.0,641540.0
717351,4,0,4,1,641712.0,645261.0
717187,0,1,1,1,450203.0,681217.0
717357,0,0,0,0,656756.0,665795.0
717451,2,1,3,1,676254.0,657756.0
717260,0,0,0,0,650644.0,425844.0
717433,1,0,1,1,593334.0,543294.0
717193,0,2,2,1,518876.0,622491.0
717372,1,0,1,1,680570.0,686218.0
717163,0,0,0,0,669854.0,676440.0
717057,0,0,0,0,518876.0,676272.0
716815,0,0,0,0,680570.0,656629.0
716981,0,0,0,0,543475.0,676106.0
717021,0,0,0,0,500779.0,675911.0
717037,0,0,0,0,434378.0,672282.0
717066,3,0,3,1,547179.0,669022.0
716801,0,0,0,0,621244.0,669022.0
717036,2,1,3,1,656629.0,669203.0
716984,4,0,4,1,641712.0,657093.0
717018,0,0,0,0,669923.0,608344.0
716936,1,0,1,1,543243.0,656605.0
716998,0,1,1,1,623167.0,518876.0
716917,2,1,3,1,543294.0,543475.0
717050,0,0,0,0,681857.0,628317.0
717034,2,0,2,1,622491.0,502043.0
716847,0,0,0,0,554430.0,641712.0
717122,0,0,0,0,669373.0,650644.0
717043,0,2,2,1,672851.0,621112.0
717131,2,3,5,1,607067.0,682990.0
716971,0,1,1,1,592351.0,672282.0
717013,0,3,3,1,673540.0,630023.0
717101,1,1,2,1,681217.0,682243.0
717003,1,3,4,1,694297.0,607625.0
717108,0,2,2,1,675540.0,669947.0
716882,2,1,3,1,669203.0,628317.0
717095,0,0,0,0,674370.0,675911.0
716969,0,4,4,1,669461.0,621112.0
717136,0,2,2,1,572020.0,666201.0
716796,0,0,0,0,641154.0,668909.0
717116,0,0,0,0,669203.0,663559.0
716950,0,0,0,0,571760.0,605540.0
716946,1,1,2,1,664062.0,645261.0
716932,0,1,1,1,664285.0,669302.0
717044,0,0,0,0,650911.0,572971.0
717119,0,0,0,0,571927.0,621389.0
717045,0,0,0,0,477132.0,621389.0
717139,2,0,2,1,668933.0,571578.0
716966,0,0,0,0,571578.0,519242.0
716902,1,0,1,1,680570.0,579328.0
717068,4,0,4,1,608337.0,518397.0
717118,0,0,0,0,628317.0,669194.0
716811,0,0,0,0,425844.0,670912.0
716777,0,0,0,0,658648.0,596001.0
717154,3,0,3,1,664062.0,663687.0
716773,0,0,0,0,607536.0,670241.0
717002,1,1,2,1,471911.0,682990.0
716870,0,1,1,1,642239.0,657006.0
716909,0,0,0,0,657571.0,691587.0
717165,0,0,0,0,630023.0,608337.0
716795,0,1,1,1,669373.0,650633.0
716992,0,2,2,1,668933.0,671106.0
717172,0,0,0,0,664285.0,668909.0
716821,0,0,0,0,677944.0,668933.0
716941,0,0,0,0,663623.0,650911.0
717138,0,3,3,1,622663.0,686613.0
716814,2,0,2,1,519242.0,664299.0
716867,0,1,1,1,641154.0,571760.0
716955,0,0,0,0,592791.0,666142.0
716985,0,0,0,0,656756.0,608337.0
717092,3,0,3,1,673540.0,592767.0
716853,2,0,2,1,682243.0,663903.0
717182,0,0,0,0,645261.0,624133.0
717071,0,0,0,0,660271.0,676254.0
717177,0,2,2,1,547943.0,680694.0
717056,0,1,1,1,663559.0,693821.0
716861,0,2,2,1,650911.0,571945.0
717156,2,0,2,1,666142.0,673540.0
716857,0,0,0,0,605540.0,506433.0
717109,0,0,0,0,542881.0,669923.0
717042,1,0,1,1,519242.0,669373.0
717098,0,0,0,0,657006.0,450203.0
717075,0,0,0,0,657053.0,657376.0
716781,0,2,2,1,686839.0,543037.0
716928,0,1,1,1,657376.0,670174.0
717145,0,0,0,0,669461.0,543243.0
717112,0,1,1,1,605483.0,675627.0
717069,0,0,0,0,676664.0,453286.0
716978,0,0,0,0,621389.0,573009.0
717106,0,0,0,0,572971.0,668678.0
718371,0,1,1,1,660593.0,642216.0
716879,0,1,1,1,547179.0,502171.0
716903,0,0,0,0,672282.0,680689.0
717012,0,2,2,1,547943.0,592791.0
716779,2,0,2,1,543294.0,605540.0
716944,1,3,4,1,660906.0,502043.0
716794,0,0,0,0,676710.0,664285.0
716785,2,0,2,1,605135.0,571578.0
716788,0,0,0,0,682243.0,594943.0
716982,0,0,0,0,669022.0,572020.0
716787,0,0,0,0,650911.0,672282.0
717141,0,0,0,0,543294.0,608331.0
716874,0,0,0,0,665152.0,592332.0
717007,0,0,0,0,628711.0,607536.0
717083,0,0,0,0,596133.0,666129.0
717150,0,0,0,0,592332.0,656427.0
717054,0,0,0,0,605182.0,641656.0
717115,0,0,0,0,592789.0,656629.0
717096,1,0,1,1,624133.0,680686.0
717142,3,0,3,1,657376.0,664299.0
716812,1,0,1,1,596295.0,693821.0
717047,0,0,0,0,666200.0,641656.0
716866,1,0,1,1,676710.0,458681.0
716918,0,0,0,0,453286.0,605288.0
716995,0,0,0,0,571945.0,676664.0
716907,1,0,1,1,608379.0,677960.0
716790,0,1,1,1,596133.0,686610.0
717078,0,0,0,0,489119.0,607536.0
716840,0,1,1,1,471911.0,681217.0
716875,1,3,4,1,675540.0,477132.0
716999,0,0,0,0,676254.0,607192.0
717158,0,1,1,1,607536.0,607259.0
716923,0,0,0,0,572971.0,621366.0
717053,1,0,1,1,665152.0,686613.0
717019,0,0,0,0,666142.0,571927.0
716818,0,0,0,0,656731.0,592351.0
717093,0,2,2,1,448179.0,458681.0
717086,0,1,1,1,642547.0,663567.0
717001,1,1,2,1,608331.0,657376.0
716784,0,0,0,0,543243.0,676440.0
716901,0,0,0,0,670912.0,425794.0
716943,0,0,0,0,543037.0,676710.0
716852,0,1,1,1,657277.0,675911.0
716775,0,0,0,0,666159.0,657376.0
716842,1,0,1,1,681882.0,696136.0
716911,1,1,2,1,605400.0,518397.0
716921,0,0,0,0,641712.0,471911.0
717151,0,0,0,0,518397.0,694297.0
716793,0,0,0,0,666142.0,681882.0
717080,2,0,2,1,471911.0,592791.0
716778,0,0,0,0,666200.0,621107.0
717081,0,0,0,0,686610.0,641540.0
716832,0,0,0,0,669302.0,543475.0
716951,0,0,0,0,641154.0,656578.0
717135,0,2,2,1,681857.0,641793.0
717128,0,0,0,0,641927.0,518876.0
716953,0,4,4,1,666745.0,678394.0
717127,0,3,3,1,425794.0,623167.0
716997,0,0,0,0,453286.0,663776.0
716829,0,0,0,0,656849.0,656288.0
717076,1,0,1,1,593958.0,543243.0
717129,0,0,0,0,506433.0,676272.0
716939,1,3,4,1,676440.0,666159.0
716891,0,0,0,0,693821.0,656731.0
717155,0,0,0,0,641712.0,657746.0
717041,0,3,3,1,621244.0,665871.0
716988,1,0,1,1,656849.0,663559.0
717091,0,4,4,1,666214.0,641154.0
716899,2,1,3,1,592836.0,690986.0
717180,0,0,0,0,502171.0,668678.0
716780,0,1,1,1,672582.0,656578.0
717011,0,0,0,0,691587.0,543037.0
717025,2,0,2,1,645261.0,650633.0
717175,0,0,0,0,607074.0,621107.0
716837,0,0,0,0,680694.0,623167.0
716887,0,0,0,0,605483.0,666200.0
716885,0,0,0,0,669373.0,592791.0
716897,0,2,2,1,592789.0,676272.0
716964,0,0,0,0,672582.0,669923.0
717048,0,0,0,0,641793.0,669461.0
717016,1,3,4,1,592866.0,686610.0
716865,0,0,0,0,502043.0,621244.0
717055,0,1,1,1,676106.0,506433.0
717072,0,0,0,0,669302.0,607259.0
716858,0,0,0,0,666159.0,664285.0
716894,2,0,2,1,489119.0,641927.0
717123,2,0,2,1,650911.0,679525.0
716904,0,0,0,0,621112.0,656353.0
716942,0,0,0,0,607625.0,694297.0
716849,1,1,2,1,572020.0,628711.0
717065,0,0,0,0,605288.0,623167.0
716965,0,1,1,1,605483.0,665152.0
716543,0,0,0,0,605540.0,571578.0
716586,0,0,0,0,680694.0,650644.0
716669,1,0,1,1,686613.0,605483.0
716760,0,1,1,1,592866.0,456501.0
716486,1,0,1,1,592791.0,663562.0
716748,0,4,4,1,621389.0,579328.0
716515,2,0,2,1,680723.0,656730.0
716516,0,0,0,0,605483.0,663372.0
716594,0,0,0,0,579328.0,656756.0
716723,0,0,0,0,657006.0,657277.0
716504,0,0,0,0,683155.0,669923.0
716519,0,0,0,0,543135.0,656557.0
716448,1,0,1,1,686613.0,674444.0
716609,0,0,0,0,623167.0,665871.0
716568,0,0,0,0,669923.0,676272.0
716521,1,0,1,1,675911.0,650911.0
716714,0,0,0,0,656578.0,605540.0
716631,0,4,4,1,657053.0,543475.0
716647,0,2,2,1,592866.0,642232.0
716693,1,0,1,1,680689.0,669302.0
716585,0,1,1,1,605288.0,691587.0
716713,0,0,0,0,670046.0,680570.0
716556,5,1,6,1,657053.0,641154.0
716377,0,0,0,0,502043.0,676710.0
716694,0,1,1,1,657376.0,666159.0
716716,0,0,0,0,621107.0,676710.0
716366,0,0,0,0,622491.0,571760.0
716662,1,1,2,1,663623.0,676272.0
716508,0,1,1,1,664299.0,680694.0
716503,0,0,0,0,691587.0,673540.0
716747,0,0,0,0,677944.0,680694.0
716399,2,1,3,1,700363.0,573186.0
716412,1,0,1,1,670241.0,592791.0
716451,0,0,0,0,682227.0,682990.0
716696,0,0,0,0,607192.0,601713.0
716769,0,0,0,0,673540.0,669302.0
716730,0,0,0,0,502624.0,592332.0
716538,0,0,0,0,671212.0,607259.0
716575,0,0,0,0,608337.0,592351.0
716740,1,3,4,1,680686.0,645261.0
716527,0,0,0,0,676664.0,693433.0
716720,1,3,4,1,448179.0,592836.0
716450,0,0,0,0,663474.0,502043.0
716731,0,0,0,0,666205.0,542881.0
716581,0,0,0,0,608718.0,676775.0
716638,1,0,1,1,543294.0,573009.0
716695,0,0,0,0,608638.0,458681.0
716660,0,0,0,0,657006.0,518876.0
716587,2,1,3,1,592332.0,543135.0
716420,0,1,1,1,656288.0,641540.0
716678,0,0,0,0,592791.0,668678.0
716410,1,0,1,1,641154.0,683155.0
717664,0,1,1,1,592836.0,450203.0
716661,0,0,0,0,592332.0,663704.0
716719,0,1,1,1,608337.0,641154.0
716493,0,0,0,0,543294.0,670912.0
716478,0,0,0,0,519242.0,657053.0
716744,0,0,0,0,680723.0,641672.0
716525,0,0,0,0,671131.0,570632.0
716418,0,0,0,0,669456.0,671096.0
716753,0,0,0,0,671096.0,665871.0
716436,0,0,0,0,622491.0,434378.0
716755,0,1,1,1,621112.0,656288.0
716679,1,0,1,1,650911.0,691587.0
716673,0,0,0,0,579328.0,676092.0
716380,0,0,0,0,676684.0,663474.0
716439,0,0,0,0,458681.0,676254.0
716438,3,0,3,1,502624.0,657571.0
716557,0,1,1,1,571945.0,624133.0
716473,1,4,5,1,664285.0,666142.0
716677,0,3,3,1,671096.0,680723.0
716565,4,3,7,1,663773.0,694363.0
716671,2,0,2,1,671737.0,669923.0
716683,0,0,0,0,641793.0,622491.0
716459,0,0,0,0,671131.0,642216.0
716522,0,0,0,0,518585.0,628317.0
716690,0,0,0,0,663776.0,502043.0
716725,0,0,0,0,676272.0,450203.0
716592,0,0,0,0,656730.0,666129.0
716370,0,0,0,0,518876.0,434378.0
716605,1,4,5,1,690986.0,671106.0
716368,0,0,0,0,571863.0,641941.0
716608,1,0,1,1,458681.0,608379.0
716520,1,1,2,1,657376.0,579328.0
716409,1,0,1,1,554430.0,682847.0
716477,1,0,1,1,641540.0,682243.0
716523,0,0,0,0,666129.0,664192.0
716772,0,0,0,0,453286.0,657746.0
716518,2,0,2,1,665871.0,663559.0
716547,0,0,0,0,543475.0,664285.0
716593,2,0,2,1,687798.0,657376.0
716517,2,0,2,1,674444.0,671106.0
716375,1,0,1,1,674444.0,657376.0
716710,0,0,0,0,666200.0,477132.0
716408,0,0,0,0,489119.0,668868.0
716369,0,3,3,1,675911.0,672851.0
716699,3,0,3,1,696136.0,622072.0
716511,1,2,3,1,668678.0,502171.0
716560,3,0,3,1,666142.0,641585.0
716467,0,0,0,0,672851.0,675911.0
716536,3,0,3,1,669194.0,696136.0
716573,0,0,0,0,669947.0,641927.0
716708,0,1,1,1,543294.0,676254.0
716470,0,0,0,0,671212.0,622766.0
716604,0,0,0,0,502043.0,680723.0
716483,2,2,4,1,669456.0,665152.0
716758,0,0,0,0,676664.0,663776.0
716562,0,0,0,0,676440.0,641540.0
716733,0,0,0,0,668868.0,670912.0
716442,0,0,0,0,676664.0,593958.0
716757,0,0,0,0,628711.0,608331.0
716736,1,0,1,1,489119.0,624133.0
716545,0,1,1,1,500779.0,682227.0
716674,0,0,0,0,693821.0,656605.0
716526,0,0,0,0,608379.0,621389.0
716393,0,0,0,0,500779.0,674681.0
716751,0,0,0,0,656849.0,622491.0
716532,1,0,1,1,657140.0,554430.0
716652,0,0,0,0,678394.0,680570.0
716475,0,0,0,0,641154.0,660761.0
716639,0,0,0,0,641154.0,656731.0
716533,1,0,1,1,656756.0,676710.0
716400,0,0,0,0,543243.0,665622.0
716440,0,0,0,0,663776.0,592351.0
716649,0,0,0,0,664299.0,607625.0
716447,0,0,0,0,665795.0,642547.0
716428,0,3,3,1,656557.0,621107.0
716606,3,0,3,1,693433.0,663776.0
716583,0,0,0,0,656427.0,621107.0
716665,2,1,3,1,656756.0,621112.0
716664,2,0,2,1,519242.0,656427.0
716685,0,1,1,1,665871.0,669194.0
716749,0,4,4,1,605182.0,681857.0
716625,1,0,1,1,607536.0,696136.0
716489,0,0,0,0,683769.0,680570.0
716463,4,0,4,1,641793.0,547943.0
716590,4,0,4,1,547179.0,657140.0
716524,2,0,2,1,671737.0,663776.0
716491,0,0,0,0,571945.0,489119.0
716718,0,0,0,0,682847.0,669203.0
716512,0,0,0,0,621112.0,622491.0
716741,0,0,0,0,686218.0,693821.0
716569,0,2,2,1,656794.0,607625.0
716598,0,0,0,0,605182.0,674444.0
716422,3,1,4,1,672282.0,674003.0
716613,0,0,0,0,657746.0,641793.0
716653,0,0,0,0,605400.0,456501.0
716743,1,0,1,1,605483.0,690986.0
716379,0,0,0,0,693433.0,543135.0
716578,0,3,3,1,489119.0,663623.0
716567,3,0,3,1,694297.0,657006.0
716549,0,0,0,0,668909.0,674003.0
716589,0,1,1,1,686752.0,605483.0
716386,0,0,0,0,681217.0,686610.0
716391,0,0,0,0,656302.0,607259.0
716456,0,0,0,0,477132.0,605154.0
716717,0,2,2,1,676440.0,543243.0
716390,0,0,0,0,607644.0,601713.0
716729,0,0,0,0,675540.0,671737.0
716574,0,0,0,0,656849.0,668881.0
716529,0,0,0,0,663903.0,615698.0
716382,1,2,3,1,676775.0,458681.0
716397,0,0,0,0,669302.0,656756.0
716564,0,2,2,1,695243.0,663362.0
716488,0,2,2,1,665622.0,669373.0
716387,0,1,1,1,621389.0,657746.0
716646,0,0,0,0,543037.0,669203.0
716376,3,0,3,1,656731.0,592836.0
716552,0,0,0,0,682243.0,477132.0
716756,2,1,3,1,605200.0,608344.0
716353,0,1,1,1,571945.0,668881.0
716363,0,0,0,0,690986.0,676272.0
716359,0,0,0,0,608718.0,641927.0
716361,1,0,1,1,593958.0,608337.0
716355,0,0,0,0,676130.0,621381.0
716357,0,1,1,1,641149.0,682052.0
746003,3,1,4,1,607067.0,676106.0
746894,0,0,0,0,543294.0,665795.0
747132,2,0,2,1,625643.0,664350.0
745113,3,1,4,1,542888.0,605483.0
746245,0,1,1,1,667755.0,663978.0
745271,0,1,1,1,622491.0,665871.0
746803,0,0,0,0,686563.0,650644.0
746158,1,1,2,1,607192.0,680730.0
746248,0,0,0,0,672282.0,676477.0
744874,0,0,0,0,571578.0,605400.0
745432,0,0,0,0,506433.0,665871.0
745917,1,0,1,1,641154.0,607200.0
745346,0,0,0,0,676254.0,640455.0
746564,1,0,1,1,641712.0,681190.0
745766,3,0,3,1,657376.0,592332.0
747045,0,0,0,0,544150.0,621112.0
746498,0,2,2,1,628317.0,621112.0
746809,0,0,0,0,607200.0,608379.0
744866,3,0,3,1,680730.0,686613.0
746073,0,5,5,1,664350.0,663372.0
746574,0,0,0,0,641712.0,686752.0
746572,2,0,2,1,663567.0,676106.0
744945,2,2,4,1,684320.0,680742.0
746724,0,0,0,0,607259.0,554430.0
746889,4,0,4,1,592791.0,681293.0
747056,1,1,2,1,669203.0,607067.0
745916,2,0,2,1,663978.0,686563.0
745759,1,0,1,1,661563.0,650644.0
745193,1,0,1,1,571927.0,674072.0
747217,0,3,3,1,694297.0,571927.0
745758,0,0,0,0,657376.0,641302.0
746725,0,1,1,1,666157.0,605513.0
745266,0,0,0,0,669923.0,677944.0
746887,0,1,1,1,665871.0,434378.0
744867,0,0,0,0,669022.0,808967.0
745427,1,1,2,1,663362.0,666157.0
745844,0,0,0,0,605288.0,663554.0
746243,0,0,0,0,663776.0,641927.0
746806,0,0,0,0,647336.0,680573.0
746246,1,0,1,1,656288.0,680570.0
744953,5,0,5,1,684320.0,641712.0
745673,0,1,1,1,622072.0,656605.0
745514,1,0,1,1,527048.0,670174.0
744946,0,1,1,1,579328.0,607192.0
746161,0,0,0,0,694813.0,663362.0
746329,0,0,0,0,608379.0,623167.0
745676,0,0,0,0,671212.0,669022.0
745108,0,0,0,0,650644.0,667755.0
745513,0,0,0,0,676596.0,669060.0
746560,2,0,2,1,615698.0,669854.0
745754,4,1,5,1,573186.0,621112.0
746565,0,0,0,0,596295.0,656302.0
745523,0,0,0,0,594835.0,665152.0
745843,0,0,0,0,676130.0,666159.0
745109,0,3,3,1,686752.0,641540.0
744869,0,0,0,0,592866.0,656605.0
746400,0,0,0,0,686613.0,625643.0
747134,0,0,0,0,693821.0,677960.0
746899,0,0,0,0,684007.0,641712.0
746159,0,2,2,1,689017.0,663623.0
745029,0,0,0,0,592351.0,676664.0
745351,0,0,0,0,676775.0,500779.0
745837,0,0,0,0,500779.0,683003.0
745263,0,0,0,0,682243.0,608331.0
745034,5,2,7,1,571760.0,668874.0
746487,0,1,1,1,669373.0,641540.0
746723,0,0,0,0,668881.0,624133.0
746971,2,0,2,1,670174.0,676962.0
746157,1,0,1,1,669165.0,571578.0
745434,1,0,1,1,605397.0,605135.0
745433,0,0,0,0,605397.0,676962.0
745362,0,1,1,1,657277.0,663362.0
746169,1,0,1,1,518489.0,657277.0
746164,0,0,0,0,572020.0,506433.0
745440,1,0,1,1,605397.0,668868.0
745020,0,0,0,0,547179.0,668881.0
746316,0,0,0,0,607625.0,608344.0
746566,0,2,2,1,663372.0,650633.0
747142,0,0,0,0,450203.0,527054.0
745765,0,0,0,0,661563.0,670102.0
746646,0,0,0,0,663474.0,502624.0
745757,0,0,0,0,607074.0,676664.0
746488,0,0,0,0,681857.0,547179.0
745197,0,0,0,0,571927.0,669432.0
745512,3,1,4,1,656605.0,642547.0
745598,1,0,1,1,605513.0,668933.0
745675,0,1,1,1,671212.0,656557.0
746156,1,1,2,1,694813.0,676130.0
746647,0,0,0,0,594902.0,656557.0
746323,0,0,0,0,607625.0,681293.0
747138,1,0,1,1,625643.0,605288.0
747057,0,0,0,0,608344.0,679525.0
746735,0,0,0,0,668933.0,676879.0
746162,1,2,3,1,808967.0,650633.0
746408,1,1,2,1,641585.0,641540.0
745188,0,1,1,1,502043.0,656756.0
746979,4,0,4,1,681867.0,656288.0
746812,0,1,1,1,623167.0,671096.0
745603,0,0,0,0,554430.0,593423.0
745425,0,2,2,1,656302.0,624133.0
746154,0,0,0,0,607192.0,605288.0
746082,1,0,1,1,676974.0,519242.0
746497,0,0,0,0,669373.0,676664.0
746244,0,0,0,0,542881.0,665152.0
745189,0,0,0,0,502043.0,642547.0
745354,2,1,3,1,690986.0,668678.0
745348,0,0,0,0,657277.0,622663.0
745429,0,0,0,0,656302.0,543294.0
745835,0,0,0,0,676130.0,571945.0
745925,0,1,1,1,641927.0,572020.0
746239,0,0,0,0,542881.0,605513.0
746327,0,0,0,0,607625.0,647336.0
745025,0,1,1,1,543135.0,668933.0
745270,0,0,0,0,669302.0,668881.0
745106,0,0,0,0,621107.0,663776.0
745363,1,0,1,1,605483.0,592866.0
745678,0,0,0,0,548389.0,601713.0
744947,0,0,0,0,592332.0,675627.0
746981,1,0,1,1,678394.0,669203.0
745681,0,0,0,0,622072.0,592866.0
745760,0,0,0,0,641482.0,621107.0
747141,0,0,0,0,519242.0,669194.0
745753,2,0,2,1,657376.0,671212.0
746491,1,0,1,1,669373.0,641154.0
746807,0,0,0,0,686563.0,663903.0
746895,3,0,3,1,684007.0,694813.0
745195,0,0,0,0,543243.0,554430.0
747210,0,0,0,0,676714.0,689017.0
746722,1,1,2,1,671096.0,650911.0
746000,0,1,1,1,607067.0,661563.0
747131,0,0,0,0,450203.0,676440.0
745430,0,1,1,1,663362.0,684320.0
745424,0,2,2,1,605397.0,605400.0
745192,0,0,0,0,543243.0,607067.0
746328,1,0,1,1,663903.0,607200.0
746330,0,0,0,0,679525.0,676979.0
746001,0,1,1,1,668964.0,573186.0
745595,0,0,0,0,554430.0,656605.0
745274,0,0,0,0,682243.0,696136.0
746575,0,1,1,1,663372.0,641302.0
746570,0,0,0,0,641712.0,622491.0
744864,0,1,1,1,663623.0,689017.0
746077,6,0,6,1,677960.0,571578.0
746007,0,0,0,0,642547.0,669302.0
745600,2,0,2,1,650911.0,671096.0
746888,5,0,5,1,696136.0,641585.0
746653,2,5,7,1,671106.0,647336.0
744952,1,0,1,1,621244.0,607536.0
746900,0,0,0,0,681432.0,615698.0
745439,0,0,0,0,506433.0,571945.0
746321,0,0,0,0,608379.0,592332.0
746727,0,0,0,0,593423.0,667755.0
745594,2,1,3,1,605513.0,594835.0
745763,0,0,0,0,573186.0,677960.0
745593,2,0,2,1,624133.0,596295.0
745840,0,0,0,0,605288.0,527048.0
746972,0,0,0,0,676710.0,684007.0
745033,0,0,0,0,674003.0,686613.0
747140,0,6,6,1,608331.0,694297.0
745268,3,0,3,1,669923.0,593423.0
744871,0,0,0,0,669022.0,650911.0
746814,0,0,0,0,676979.0,625643.0
745353,0,0,0,0,663855.0,677944.0
747215,1,0,1,1,669194.0,502043.0
746247,0,3,3,1,667755.0,641793.0
744942,0,0,0,0,621244.0,666142.0
746152,0,1,1,1,694813.0,450203.0
747205,0,0,0,0,677944.0,668881.0
747202,0,0,0,0,668678.0,656427.0
746715,0,1,1,1,668881.0,677944.0
745253,3,0,3,1,693433.0,667755.0
745828,0,0,0,0,681035.0,608331.0
746309,2,0,2,1,679525.0,663554.0
745995,3,0,3,1,668964.0,543243.0
746310,1,0,1,1,666142.0,687765.0
745750,1,1,2,1,657376.0,663554.0
746876,0,0,0,0,657006.0,608331.0
746553,0,0,0,0,596295.0,592351.0
746800,2,0,2,1,623167.0,641927.0
746313,0,0,0,0,666142.0,669060.0
745179,0,1,1,1,669461.0,601713.0
745176,0,0,0,0,571945.0,592791.0
745576,0,1,1,1,592836.0,641540.0
746238,0,0,0,0,663776.0,554430.0
745993,0,0,0,0,688107.0,458681.0
746549,0,1,1,1,683627.0,675540.0
745744,2,1,3,1,661563.0,641745.0
745337,0,0,0,0,669062.0,554430.0
745510,0,0,0,0,527048.0,615698.0
746879,0,1,1,1,669713.0,656302.0
746388,0,0,0,0,686613.0,642547.0
746395,0,0,0,0,686613.0,682243.0
745986,0,0,0,0,688107.0,657006.0
746072,0,0,0,0,682610.0,641712.0
746386,0,0,0,0,686613.0,542881.0
745093,0,0,0,0,671737.0,656557.0
745505,0,0,0,0,694973.0,657006.0
746789,0,0,0,0,676979.0,680694.0
746874,0,0,0,0,676962.0,700363.0
745503,0,2,2,1,527048.0,657277.0
746472,0,2,2,1,663554.0,669432.0
745418,0,0,0,0,656302.0,615698.0
745023,0,0,0,0,571760.0,592866.0
745824,0,0,0,0,640455.0,657277.0
745900,0,0,0,0,641927.0,607625.0
746558,0,0,0,0,621389.0,650911.0
746147,4,1,5,1,808967.0,665795.0
746473,0,0,0,0,681857.0,677960.0
746142,0,0,0,0,621111.0,668933.0
747127,4,0,4,1,519242.0,601713.0
745501,2,0,2,1,663559.0,678061.0
746961,3,3,6,1,676710.0,621107.0
746063,1,0,1,1,666200.0,642547.0
745088,0,0,0,0,671737.0,608379.0
747035,2,0,2,1,669203.0,669923.0
745582,1,1,2,1,624133.0,664192.0
747123,0,3,3,1,450203.0,665871.0
746642,2,0,2,1,671106.0,641927.0
745830,0,0,0,0,605288.0,676962.0
746233,0,0,0,0,667755.0,669461.0
746716,0,0,0,0,671096.0,605397.0
745261,0,0,0,0,676106.0,519242.0
745257,0,0,0,0,669302.0,608379.0
745013,0,0,0,0,570632.0,663776.0
747036,0,0,0,0,680570.0,622491.0
746878,0,0,0,0,543294.0,694973.0
746150,0,2,2,1,607192.0,608718.0
746799,0,0,0,0,607200.0,680730.0
745101,0,0,0,0,650644.0,500779.0
746636,2,0,2,1,676440.0,663978.0
745746,2,0,2,1,573186.0,669302.0
745250,0,0,0,0,669923.0,434378.0
745586,1,0,1,1,650911.0,621244.0
745820,4,3,7,1,622663.0,656756.0
744857,0,0,0,0,680730.0,641154.0
745419,2,0,2,1,506433.0,621111.0
745264,0,0,0,0,693433.0,621112.0
744853,0,1,1,1,669022.0,669923.0
746954,0,0,0,0,601713.0,656427.0
746645,0,0,0,0,676440.0,667755.0
746634,0,1,1,1,663474.0,500779.0
746635,0,0,0,0,676440.0,571578.0
745745,0,0,0,0,607074.0,623167.0
746229,2,1,3,1,656288.0,641482.0
745258,1,0,1,1,622491.0,686613.0
746232,0,1,1,1,542881.0,666142.0
746469,0,0,0,0,663554.0,579328.0
745092,0,1,1,1,641302.0,661563.0
744938,0,0,0,0,592332.0,621107.0
746064,0,4,4,1,664350.0,640455.0
747031,0,0,0,0,669203.0,676710.0
745422,0,1,1,1,663362.0,572020.0
746643,0,0,0,0,471911.0,656288.0
746226,0,0,0,0,667755.0,676440.0
746227,1,0,1,1,663776.0,671106.0
746390,0,1,1,1,664285.0,672282.0
746391,0,0,0,0,664299.0,683155.0
746644,0,0,0,0,594902.0,672282.0
746480,0,0,0,0,669373.0,664299.0
746706,0,0,0,0,593423.0,669467.0
746151,1,0,1,1,694813.0,677960.0
745331,0,0,0,0,663855.0,573186.0
745014,0,0,0,0,683004.0,594902.0
745081,2,0,2,1,542888.0,663687.0
746964,0,0,0,0,656557.0,571578.0
746797,0,0,0,0,605182.0,663474.0
745903,2,0,2,1,680573.0,666142.0
744941,0,0,0,0,666201.0,641927.0
746231,4,0,4,1,656288.0,458681.0
745335,1,3,4,1,696131.0,663372.0
745249,0,0,0,0,669302.0,681293.0
745580,0,1,1,1,592836.0,500779.0
744933,0,0,0,0,605135.0,680897.0
747034,0,0,0,0,608344.0,681867.0
746880,0,0,0,0,592791.0,656605.0
745581,0,1,1,1,650911.0,669022.0
746960,1,0,1,1,656557.0,671737.0
746793,0,0,0,0,623167.0,669203.0
747209,0,1,1,1,694297.0,650633.0
746470,2,0,2,1,681857.0,621244.0
745829,0,0,0,0,676130.0,684007.0
746796,0,0,0,0,623167.0,592866.0
746711,0,0,0,0,608718.0,808967.0
745992,0,0,0,0,688107.0,527048.0
746394,0,0,0,0,664285.0,669302.0
744935,0,0,0,0,621244.0,607200.0
746719,0,3,3,1,666157.0,665152.0
746640,0,0,0,0,676440.0,681857.0
744936,0,0,0,0,579328.0,676979.0
745905,0,2,2,1,641927.0,570632.0
746881,0,2,2,1,657006.0,683003.0
745340,1,1,2,1,657277.0,671096.0
747037,5,1,6,1,607644.0,682243.0
746709,0,0,0,0,671096.0,502043.0
746471,0,0,0,0,666159.0,664350.0
747201,0,0,0,0,669194.0,669373.0
746562,0,0,0,0,663567.0,663855.0
745412,2,0,2,1,663362.0,666200.0
745818,0,0,0,0,656731.0,607192.0
745816,0,1,1,1,500779.0,694813.0
747120,0,3,3,1,693821.0,506433.0
747117,0,0,0,0,680885.0,669022.0
744861,1,0,1,1,669022.0,666201.0
744851,0,0,0,0,592866.0,669302.0
745504,0,0,0,0,663559.0,663372.0
745821,0,0,0,0,676130.0,605400.0
746153,2,0,2,1,572020.0,608331.0
747048,0,0,0,0,669203.0,661563.0
745343,0,1,1,1,663855.0,808967.0
747032,0,0,0,0,544150.0,650644.0
746708,1,1,2,1,666157.0,458681.0
746713,3,0,3,1,668933.0,572020.0
745825,0,0,0,0,622663.0,693821.0
746801,0,0,0,0,676979.0,471911.0
745827,0,0,0,0,500779.0,450203.0
745579,1,0,1,1,554430.0,663623.0
745182,0,1,1,1,502043.0,640455.0
745173,0,0,0,0,502043.0,607644.0
746886,0,0,0,0,657006.0,506433.0
746790,0,0,0,0,623167.0,666201.0
746969,0,0,0,0,670174.0,690986.0
746066,0,0,0,0,677960.0,605452.0
746802,1,0,1,1,607200.0,594902.0
745752,3,1,4,1,661563.0,434378.0
746308,2,0,2,1,607625.0,548389.0
745180,0,0,0,0,458681.0,680694.0
745578,0,0,0,0,624133.0,592351.0
746399,0,0,0,0,434378.0,663474.0
745186,3,0,3,1,571945.0,676130.0
745904,0,0,0,0,657746.0,679525.0
746479,0,0,0,0,663554.0,664285.0
747126,0,0,0,0,625643.0,676710.0
746718,0,0,0,0,593423.0,668678.0
747121,1,0,1,1,519242.0,681190.0
746476,0,0,0,0,656427.0,434378.0
745665,0,0,0,0,676664.0,677960.0
744918,0,2,2,1,579328.0,601713.0
746218,2,0,2,1,656288.0,665622.0
746777,0,1,1,1,607200.0,694813.0
746627,0,0,0,0,663474.0,682243.0
746464,0,0,0,0,628317.0,680730.0
744850,0,0,0,0,687792.0,656849.0
744852,0,0,0,0,571578.0,622663.0
746707,0,0,0,0,668881.0,665871.0
746703,1,1,2,1,671096.0,676962.0
745892,0,4,4,1,680573.0,687765.0
745327,0,0,0,0,663855.0,669854.0
745400,0,0,0,0,656302.0,687792.0
745006,0,0,0,0,543135.0,663903.0
746867,0,0,0,0,657006.0,657277.0
746288,0,0,0,0,608379.0,594902.0
747182,0,0,0,0,694297.0,665622.0
746217,0,1,1,1,656288.0,668964.0
747101,0,0,0,0,680885.0,663559.0
745077,0,0,0,0,621107.0,592791.0
746456,1,1,2,1,663947.0,605513.0
746290,1,0,1,1,607625.0,671106.0
746055,0,0,0,0,666129.0,543243.0
745164,3,0,3,1,669467.0,676775.0
746702,1,0,1,1,608718.0,663474.0
745079,0,0,0,0,650644.0,665871.0
744930,0,0,0,0,592332.0,680570.0
744846,1,0,1,1,687792.0,669432.0
745649,1,1,2,1,683155.0,663978.0
744925,0,0,0,0,670950.0,471911.0
746305,2,1,3,1,679525.0,681190.0
745492,0,0,0,0,669387.0,680573.0
746538,3,0,3,1,663372.0,676272.0
745806,1,0,1,1,656849.0,543037.0
746695,0,0,0,0,668933.0,682847.0
745252,0,0,0,0,622491.0,656288.0
745739,0,0,0,0,661563.0,641927.0
746540,0,0,0,0,641712.0,687792.0
747023,1,0,1,1,669203.0,554430.0
747185,0,0,0,0,656756.0,701581.0
745072,0,0,0,0,671737.0,571578.0
746545,0,1,1,1,663372.0,669387.0
746213,0,0,0,0,542881.0,687765.0
744917,0,0,0,0,605135.0,656557.0
745896,5,1,6,1,641154.0,596295.0
746130,0,0,0,0,607192.0,663903.0
747030,1,0,1,1,608344.0,641793.0
746220,0,1,1,1,656288.0,664285.0
745974,0,0,0,0,642547.0,547179.0
746785,1,0,1,1,676979.0,681867.0
745897,0,0,0,0,663978.0,641712.0
746466,0,0,0,0,681857.0,668964.0
746134,0,0,0,0,694813.0,666142.0
746138,0,0,0,0,808967.0,615698.0
746626,1,2,3,1,671106.0,622491.0
745651,0,0,0,0,687765.0,670102.0
745396,0,0,0,0,650633.0,668964.0
744841,0,0,0,0,669022.0,669194.0
745971,0,1,1,1,642547.0,543294.0
746457,5,0,5,1,681857.0,686563.0
745977,0,1,1,1,607067.0,593423.0
746550,0,1,1,1,621389.0,593423.0
745729,0,3,3,1,607074.0,519242.0
745561,0,0,0,0,624133.0,663362.0
744926,0,0,0,0,621244.0,594902.0
747022,2,1,3,1,608344.0,671106.0
745980,0,0,0,0,688107.0,676979.0
747019,0,0,0,0,680570.0,471911.0
744854,0,0,0,0,669022.0,656731.0
746862,0,0,0,0,665871.0,622663.0
745008,0,0,0,0,547179.0,657277.0
745483,0,0,0,0,669387.0,686752.0
747026,0,2,2,1,608344.0,625643.0
746293,1,0,1,1,607625.0,630023.0
746784,0,1,1,1,663765.0,656557.0
745496,0,0,0,0,656605.0,657746.0
747108,0,0,0,0,608331.0,681857.0
745078,0,0,0,0,671737.0,693433.0
745736,0,0,0,0,661563.0,607192.0
745070,0,0,0,0,621107.0,680730.0
745564,2,0,2,1,554430.0,674072.0
746223,0,0,0,0,542881.0,686613.0
746868,0,0,0,0,665871.0,663855.0
745646,0,0,0,0,665622.0,666142.0
747196,0,0,0,0,686796.0,690986.0
745330,0,1,1,1,605483.0,641482.0
746379,0,0,0,0,669854.0,571945.0
745163,2,3,5,1,571945.0,663855.0
746131,0,0,0,0,689017.0,663776.0
746947,0,2,2,1,678394.0,661563.0
746219,0,1,1,1,542881.0,642547.0
745804,1,1,2,1,500779.0,669854.0
745893,0,3,3,1,641154.0,650644.0
745071,1,1,2,1,650644.0,663623.0
746696,0,0,0,0,686730.0,663559.0
744919,5,0,5,1,621244.0,607074.0
745243,0,1,1,1,622491.0,657746.0
745801,0,0,0,0,656731.0,664285.0
747027,0,0,0,0,544150.0,608331.0
747021,1,1,2,1,700249.0,676440.0
745238,0,0,0,0,669302.0,641927.0
744849,0,0,0,0,687792.0,694462.0
745567,0,0,0,0,650911.0,681190.0
745497,0,0,0,0,683003.0,607192.0
746221,1,0,1,1,667755.0,656302.0
746383,0,1,1,1,686613.0,680573.0
745407,1,1,2,1,800049.0,543518.0
745737,0,0,0,0,547001.0,808967.0
746056,2,3,5,1,666129.0,621107.0
745085,0,0,0,0,641793.0,680570.0
746780,0,0,0,0,676979.0,572020.0
744916,0,2,2,1,592332.0,543037.0
745566,0,0,0,0,650911.0,677944.0
746375,1,0,1,1,814005.0,680570.0
745494,0,0,0,0,694973.0,572020.0
745332,0,2,2,1,657277.0,547001.0
746952,0,1,1,1,681867.0,681857.0
746211,0,1,1,1,656288.0,681857.0
745158,0,0,0,0,669461.0,693821.0
747187,1,0,1,1,543518.0,607200.0
746866,0,0,0,0,592791.0,571945.0
744848,2,0,2,1,669022.0,450203.0
745241,1,0,1,1,669923.0,543135.0
746865,0,0,0,0,684007.0,669467.0
745169,3,0,3,1,458681.0,596295.0
745242,0,0,0,0,669302.0,641540.0
745009,1,0,1,1,543135.0,669373.0
746062,0,0,0,0,677960.0,547179.0
747184,0,0,0,0,669194.0,680573.0
745559,0,0,0,0,605400.0,682610.0
745154,0,0,0,0,458681.0,668881.0
745170,0,0,0,0,571945.0,694973.0
746938,2,0,2,1,670174.0,663362.0
745334,0,0,0,0,690986.0,681293.0
746951,1,1,2,1,676710.0,554430.0
746296,0,2,2,1,663903.0,573186.0
744932,0,3,3,1,579328.0,656605.0
745486,1,1,2,1,683003.0,621107.0
745984,0,2,2,1,642547.0,680897.0
746548,1,0,1,1,663372.0,671096.0
746873,0,1,1,1,592791.0,607200.0
746547,0,0,0,0,621389.0,683003.0
745802,0,0,0,0,622663.0,681869.0
745895,3,0,3,1,641927.0,676664.0
745495,0,4,4,1,663559.0,621111.0
746779,0,0,0,0,676979.0,607536.0
746871,0,0,0,0,676962.0,666157.0
746542,4,0,4,1,596295.0,621111.0
745650,2,0,2,1,663687.0,679525.0
745489,0,0,0,0,656605.0,668881.0
745005,0,1,1,1,592351.0,656849.0
747195,1,0,1,1,656756.0,663855.0
745644,1,1,2,1,676664.0,641927.0
745157,0,0,0,0,502043.0,625643.0
746050,2,0,2,1,630023.0,669461.0
747017,0,0,0,0,544150.0,453286.0
746052,0,1,1,1,669432.0,669923.0
745887,0,0,0,0,657746.0,671737.0
746861,1,3,4,1,684007.0,500779.0
745981,0,0,0,0,692230.0,579328.0
745975,0,0,0,0,572971.0,543135.0
745245,0,0,0,0,676106.0,676979.0
745162,0,1,1,1,571945.0,671096.0
745813,0,2,2,1,500779.0,694297.0
746463,2,0,2,1,669373.0,669060.0
745565,1,0,1,1,554430.0,669432.0
745575,3,0,3,1,624133.0,543243.0
745970,0,0,0,0,607067.0,592791.0
745808,0,0,0,0,640455.0,661563.0
744840,0,0,0,0,669022.0,656849.0
745792,0,0,0,0,673540.0,450203.0
746370,0,2,2,1,669854.0,453286.0
746928,0,0,0,0,601713.0,669302.0
744829,0,0,0,0,571578.0,593423.0
746771,0,1,1,1,623167.0,663978.0
745963,5,0,5,1,572971.0,680730.0
746851,1,1,2,1,657006.0,642239.0
747005,1,0,1,1,669203.0,605135.0
746450,2,0,2,1,669373.0,572020.0
746122,0,0,0,0,680736.0,572971.0
747096,1,1,2,1,693821.0,543243.0
746125,2,2,4,1,572020.0,676710.0
745965,0,1,1,1,642547.0,671131.0
747010,0,0,0,0,680570.0,800049.0
745064,0,0,0,0,671737.0,471911.0
746534,0,1,1,1,641712.0,607067.0
745398,0,2,2,1,681190.0,677944.0
746770,0,2,2,1,676979.0,682243.0
745796,1,0,1,1,622663.0,571578.0
746282,0,0,0,0,663903.0,641793.0
746685,2,0,2,1,686730.0,630023.0
746767,0,8,8,1,689672.0,669923.0
747170,0,0,0,0,668678.0,669022.0
746857,0,1,1,1,592791.0,650911.0
746036,0,1,1,1,667725.0,544150.0
745311,0,0,0,0,806185.0,680573.0
745472,0,0,0,0,527048.0,669461.0
745640,0,0,0,0,676664.0,656288.0
746363,0,0,0,0,664285.0,663765.0
746766,0,1,1,1,623167.0,682847.0
744904,0,0,0,0,621244.0,542888.0
746763,1,0,1,1,686563.0,608379.0
745227,0,0,0,0,669302.0,667755.0
747012,0,0,0,0,700249.0,543037.0
745554,0,1,1,1,650911.0,594902.0
745061,1,0,1,1,671737.0,682610.0
746040,0,0,0,0,665795.0,640455.0
745884,0,0,0,0,641154.0,681869.0
745724,1,0,1,1,543037.0,670174.0
745314,0,0,0,0,605483.0,663978.0
745316,0,0,0,0,605483.0,579328.0
746284,1,0,1,1,608379.0,623167.0
745800,0,0,0,0,640455.0,685299.0
744828,0,0,0,0,687792.0,681190.0
745797,0,2,2,1,500779.0,608566.0
746618,0,0,0,0,676440.0,663362.0
745060,0,2,2,1,605488.0,665795.0
745550,1,0,1,1,663465.0,676282.0
746614,0,0,0,0,675540.0,663947.0
746925,1,0,1,1,678394.0,669923.0
746611,0,1,1,1,676440.0,656427.0
747173,0,0,0,0,700270.0,656605.0
746686,0,0,0,0,666157.0,669432.0
745151,0,0,0,0,571945.0,592791.0
746774,0,0,0,0,676979.0,594835.0
746044,0,1,1,1,630023.0,676979.0
746452,1,0,1,1,656427.0,675921.0
746530,0,0,0,0,685299.0,663903.0
745153,0,0,0,0,543243.0,543294.0
745793,0,0,0,0,656731.0,680885.0
745642,3,0,3,1,665622.0,700249.0
747179,0,0,0,0,677944.0,450203.0
744905,1,0,1,1,684320.0,621107.0
745147,0,0,0,0,669467.0,543135.0
747011,0,0,0,0,544150.0,657006.0
745635,0,0,0,0,663687.0,681293.0
745484,0,0,0,0,527048.0,669467.0
746617,0,1,1,1,668909.0,607200.0
745318,2,0,2,1,657277.0,605135.0
746615,3,0,3,1,671106.0,690986.0
744994,0,0,0,0,453286.0,680570.0
744914,0,0,0,0,684320.0,686613.0
746768,0,0,0,0,607200.0,693433.0
746616,0,0,0,0,471911.0,806185.0
746195,0,0,0,0,667755.0,674370.0
746365,0,0,0,0,686613.0,663559.0
747102,0,0,0,0,625643.0,806185.0
746531,0,0,0,0,615698.0,690986.0
746773,0,0,0,0,689672.0,641154.0
744835,4,0,4,1,669022.0,458681.0
746858,0,0,0,0,684007.0,554430.0
745478,0,0,0,0,682847.0,650911.0
746360,0,0,0,0,605463.0,694973.0
745235,0,0,0,0,676106.0,684320.0
745798,0,0,0,0,681035.0,663372.0
746280,0,0,0,0,666142.0,700270.0
745393,0,1,1,1,800049.0,669302.0
745074,4,1,5,1,686752.0,607074.0
746855,0,0,0,0,669713.0,667755.0
746688,0,0,0,0,668881.0,596295.0
745641,0,0,0,0,676664.0,672710.0
746524,0,3,3,1,621389.0,681867.0
745795,0,0,0,0,656849.0,625643.0
745726,0,0,0,0,573186.0,593423.0
745059,0,0,0,0,641793.0,671096.0
744912,3,3,6,1,605135.0,664285.0
744913,1,0,1,1,621244.0,681293.0
745553,0,0,0,0,663969.0,471911.0
745961,2,1,3,1,668964.0,667725.0
744989,1,0,1,1,543135.0,623167.0
746610,0,0,0,0,594902.0,650633.0
745637,0,4,4,1,687765.0,680570.0
746449,0,3,3,1,689225.0,641703.0
746205,0,0,0,0,656288.0,547179.0
746691,0,0,0,0,668933.0,669373.0
746043,0,1,1,1,667725.0,601713.0
746687,0,0,0,0,671096.0,665795.0
745481,3,3,6,1,527048.0,605400.0
745155,0,0,0,0,669467.0,679525.0
746929,0,3,3,1,656557.0,607074.0
745305,1,0,1,1,669062.0,596295.0
745309,0,0,0,0,592662.0,676664.0
745556,1,0,1,1,650911.0,694813.0
747093,0,0,0,0,450203.0,502043.0
744908,4,1,5,1,592332.0,547179.0
747175,0,0,0,0,669194.0,684320.0
744834,0,0,0,0,663623.0,500779.0
745476,0,0,0,0,663559.0,656849.0
747098,0,0,0,0,625643.0,675650.0
746848,0,0,0,0,592791.0,607067.0
746281,1,3,4,1,679525.0,656756.0
746368,0,1,1,1,669854.0,669432.0
746041,0,0,0,0,682610.0,622663.0
746200,4,0,4,1,608334.0,621112.0
746366,1,0,1,1,664285.0,663773.0
745150,0,0,0,0,502043.0,663623.0
745068,0,2,2,1,669358.0,666157.0
746772,0,0,0,0,607200.0,641927.0
746364,0,0,0,0,681293.0,689981.0
745722,0,1,1,1,573186.0,669358.0
746278,0,2,2,1,607625.0,684007.0
745475,0,0,0,0,694973.0,458681.0
745877,0,0,0,0,595345.0,605400.0
745487,0,0,0,0,683003.0,571945.0
746133,1,0,1,1,676272.0,573009.0
745391,1,1,2,1,656302.0,669194.0
745787,0,0,0,0,640455.0,701581.0
746367,2,1,3,1,814005.0,682610.0
746529,0,0,0,0,596295.0,607625.0
744910,0,0,0,0,579328.0,681857.0
745885,2,0,2,1,657746.0,686613.0
746859,2,0,2,1,657006.0,656288.0
747181,0,1,1,1,700270.0,693821.0
744911,0,0,0,0,605135.0,656427.0
746197,2,2,4,1,656288.0,615698.0
746694,0,0,0,0,668881.0,656412.0
745721,0,0,0,0,543037.0,621107.0
746035,0,0,0,0,665795.0,694646.0
744836,2,0,2,1,571578.0,543243.0
745395,1,0,1,1,663362.0,694297.0
745958,0,0,0,0,605452.0,693821.0
745968,0,0,0,0,607067.0,676596.0
745232,1,0,1,1,682243.0,542881.0
747087,1,0,1,1,656550.0,667725.0
744982,0,0,0,0,571760.0,686613.0
745712,1,0,1,1,607074.0,543135.0
745871,1,0,1,1,686973.0,502171.0
746682,0,0,0,0,671096.0,543243.0
747086,0,3,3,1,693821.0,607067.0
745139,0,0,0,0,543243.0,477132.0
746437,0,1,1,1,656412.0,682243.0
746106,0,0,0,0,694813.0,682052.0
746120,0,0,0,0,477132.0,650911.0
746603,0,0,0,0,594902.0,684007.0
745056,0,3,3,1,656876.0,669203.0
744812,0,0,0,0,680730.0,685299.0
746028,2,1,3,1,682610.0,656756.0
746521,1,1,2,1,663372.0,621112.0
745784,1,0,1,1,640455.0,682610.0
745870,0,0,0,0,701581.0,669467.0
746022,0,1,1,1,678368.0,684007.0
747082,0,1,1,1,680885.0,650911.0
745144,0,0,0,0,571945.0,680736.0
745879,2,0,2,1,680573.0,623167.0
747164,1,0,1,1,668678.0,605400.0
746523,0,1,1,1,685299.0,656550.0
744811,0,0,0,0,571578.0,543037.0
746103,1,0,1,1,621111.0,669203.0
746275,0,2,2,1,547179.0,571945.0
745864,0,0,0,0,680573.0,680885.0
746108,0,4,4,1,477132.0,671737.0
745294,0,0,0,0,690986.0,686563.0
745216,0,0,0,0,622491.0,622663.0
745381,3,0,3,1,527048.0,656605.0
745532,0,0,0,0,554430.0,608331.0
745544,0,3,3,1,663969.0,665795.0
746027,0,0,0,0,670124.0,694297.0
746272,1,0,1,1,666142.0,676710.0
746754,2,0,2,1,686563.0,689225.0
746268,1,0,1,1,608379.0,592836.0
745620,2,0,2,1,671212.0,671737.0
745133,0,2,2,1,502043.0,681190.0
745542,0,0,0,0,605400.0,571578.0
747166,1,2,3,1,518876.0,650911.0
746599,1,1,2,1,594902.0,592351.0
746922,0,1,1,1,670174.0,681293.0
745702,0,0,0,0,607074.0,607536.0
746605,0,0,0,0,471911.0,665152.0
745548,0,2,2,1,592836.0,678368.0
745623,0,0,0,0,674370.0,605488.0
745630,0,0,0,0,683155.0,663436.0
744819,1,1,2,1,687792.0,690986.0
746026,0,1,1,1,682610.0,663362.0
744897,0,0,0,0,684320.0,674370.0
745464,0,2,2,1,663765.0,669923.0
747081,0,3,3,1,450203.0,593423.0
746665,0,0,0,0,695076.0,669084.0
746030,0,2,2,1,667725.0,668881.0
746915,0,0,0,0,677161.0,621244.0
747169,0,0,0,0,656756.0,663465.0
746628,0,0,0,0,680704.0,666142.0
745867,3,0,3,1,805673.0,607625.0
745714,2,1,3,1,607074.0,621244.0
745625,1,0,1,1,676664.0,650644.0
746847,0,0,0,0,543294.0,701581.0
745631,0,2,2,1,683155.0,694813.0
746916,3,0,3,1,681867.0,684320.0
745468,1,0,1,1,694973.0,669194.0
745700,0,0,0,0,573186.0,607200.0
746269,0,0,0,0,608379.0,669467.0
745467,0,0,0,0,663559.0,656302.0
745539,1,0,1,1,592836.0,663623.0
745711,1,0,1,1,573186.0,571760.0
745458,0,0,0,0,656605.0,592791.0
745471,0,5,5,1,682847.0,694297.0
745788,0,3,3,1,621112.0,671212.0
746923,0,0,0,0,572020.0,686613.0
746756,0,1,1,1,681066.0,669373.0
747080,1,0,1,1,519242.0,669022.0
747165,0,0,0,0,694297.0,687134.0
747004,0,2,2,1,669432.0,663623.0
746680,0,0,0,0,686730.0,592662.0
744975,0,3,3,1,641816.0,641154.0
747159,0,0,0,0,669194.0,656849.0
746189,0,0,0,0,667755.0,680885.0
744810,2,0,2,1,663623.0,684007.0
746841,1,0,1,1,657006.0,605135.0
746430,0,0,0,0,669438.0,656288.0
745295,0,0,0,0,592662.0,663436.0
745380,2,1,3,1,650633.0,805673.0
744892,0,0,0,0,592332.0,542881.0
745537,0,0,0,0,650911.0,669022.0
746919,0,0,0,0,656557.0,641540.0
745301,1,5,6,1,592662.0,656550.0
746033,0,0,0,0,676974.0,666157.0
746842,1,1,2,1,665871.0,657746.0
746514,0,0,0,0,687134.0,678368.0
746748,0,0,0,0,680897.0,543135.0
746513,0,0,0,0,663372.0,665795.0
744820,0,0,0,0,571578.0,656288.0
745211,0,0,0,0,622491.0,656876.0
744973,0,0,0,0,571760.0,593334.0
745051,0,0,0,0,656876.0,518876.0
746029,0,1,1,1,665795.0,593958.0
746600,2,2,4,1,671106.0,668678.0
746597,0,0,0,0,676440.0,543135.0
744823,4,0,4,1,687792.0,650644.0
746749,1,0,1,1,686563.0,656731.0
744826,1,0,1,1,680730.0,668964.0
745790,0,0,0,0,656849.0,683155.0
746839,0,0,0,0,665871.0,656412.0
746439,0,0,0,0,656412.0,608379.0
745866,0,1,1,1,701581.0,519242.0
745378,1,0,1,1,605397.0,621112.0
745538,0,0,0,0,554430.0,669854.0
745466,0,2,2,1,682847.0,681190.0
745136,0,0,0,0,607200.0,593423.0
744987,0,1,1,1,674003.0,656557.0
745219,3,0,3,1,669302.0,640455.0
745297,0,1,1,1,657277.0,676979.0
746522,0,4,4,1,596295.0,656849.0
746507,0,0,0,0,663372.0,665152.0
746354,0,2,2,1,579328.0,669358.0
745531,0,0,0,0,650911.0,450203.0
745058,0,1,1,1,671737.0,664285.0
745699,0,0,0,0,701542.0,502043.0
745533,0,0,0,0,624133.0,625643.0
744971,0,0,0,0,674003.0,683155.0
746348,0,0,0,0,579328.0,666142.0
746353,0,0,0,0,664285.0,607625.0
745050,1,2,3,1,669358.0,681190.0
746516,0,0,0,0,687134.0,605397.0
747161,0,0,0,0,593958.0,622663.0
745622,1,0,1,1,687765.0,686752.0
745859,0,7,7,1,805673.0,621244.0
746431,0,0,0,0,669373.0,573186.0
745703,0,1,1,1,701542.0,687134.0
746032,0,0,0,0,665795.0,527048.0
746191,0,0,0,0,656288.0,500779.0
746434,1,0,1,1,672456.0,607074.0
746112,1,0,1,1,689981.0,694973.0
745055,0,0,0,0,669358.0,579328.0
745872,0,0,0,0,701581.0,676440.0
745541,0,1,1,1,592836.0,681293.0
744815,0,0,0,0,571578.0,615698.0
746273,1,0,1,1,607625.0,678394.0
744979,1,0,1,1,543135.0,601713.0
745704,2,0,2,1,641482.0,676282.0
746608,0,0,0,0,676282.0,621107.0
745943,0,0,0,0,642547.0,690986.0
744974,0,0,0,0,571760.0,680573.0
745954,0,0,0,0,607067.0,694813.0
746917,0,0,0,0,676710.0,668678.0
746511,0,0,0,0,596295.0,544150.0
746589,1,2,3,1,676440.0,608379.0
746023,2,0,2,1,670124.0,665871.0
747000,2,0,2,1,665152.0,687792.0
746182,0,0,0,0,542881.0,693433.0
745780,2,0,2,1,656849.0,669432.0
746436,0,0,0,0,689225.0,693433.0
745869,0,0,0,0,686973.0,666142.0
744813,0,1,1,1,680730.0,641482.0
746671,0,0,0,0,596001.0,687765.0
745617,1,0,1,1,671212.0,607067.0
745950,3,0,3,1,668964.0,656427.0
745049,2,0,2,1,605488.0,668678.0
745374,0,0,0,0,527048.0,641927.0
744890,2,0,2,1,670102.0,608334.0
747078,0,1,1,1,625643.0,687792.0
745945,0,0,0,0,650644.0,806185.0
745376,0,0,0,0,527048.0,500779.0
745299,0,0,0,0,605483.0,670124.0
746357,0,0,0,0,681293.0,676979.0
745876,0,0,0,0,641927.0,676979.0
744895,0,6,6,1,605135.0,676664.0
746840,3,0,3,1,684007.0,641154.0
745953,0,0,0,0,642547.0,477132.0
744972,0,0,0,0,683004.0,543037.0
745125,0,0,0,0,502043.0,669302.0
746509,0,2,2,1,596295.0,665871.0
746904,0,0,0,0,601713.0,671737.0
746990,1,1,2,1,544150.0,686563.0
746825,2,0,2,1,684007.0,663623.0
746264,0,0,0,0,663903.0,676440.0
745129,0,0,0,0,543243.0,596001.0
745936,0,2,2,1,650644.0,518876.0
746587,0,0,0,0,668909.0,805673.0
747069,1,0,1,1,680885.0,689017.0
746256,0,1,1,1,608379.0,696131.0
745206,3,0,3,1,669923.0,571760.0
745358,0,0,0,0,506433.0,680732.0
745933,0,0,0,0,642547.0,605400.0
746666,9,0,9,1,607259.0,681293.0
745767,0,1,1,1,656731.0,554430.0
745685,0,0,0,0,661563.0,694973.0
745614,1,0,1,1,676664.0,669923.0
746912,0,0,0,0,601713.0,663436.0
745610,0,2,2,1,676664.0,607074.0
745530,0,0,0,0,650911.0,656849.0
744877,0,0,0,0,592332.0,690916.0
744962,0,0,0,0,677958.0,592332.0
745854,0,3,3,1,680573.0,665795.0
744796,1,0,1,1,571578.0,608379.0
745455,0,0,0,0,682847.0,687792.0
746740,0,0,0,0,623167.0,669372.0
746178,5,0,5,1,656288.0,676272.0
746984,2,0,2,1,669203.0,663947.0
746417,0,0,0,0,669724.0,676979.0
745370,0,1,1,1,506433.0,672456.0
745450,2,0,2,1,663559.0,642834.0
745616,0,0,0,0,669372.0,689225.0
746185,0,0,0,0,672282.0,621111.0
745449,1,0,1,1,683003.0,663903.0
746338,1,0,1,1,669854.0,672282.0
747157,0,0,0,0,694297.0,680736.0
746909,1,1,2,1,678394.0,700249.0
746096,0,1,1,1,621111.0,615698.0
746016,0,3,3,1,685116.0,554430.0
744885,0,0,0,0,605135.0,656557.0
745453,4,1,5,1,683003.0,571578.0
745932,0,1,1,1,607067.0,656849.0
747146,0,0,0,0,593958.0,681190.0
744807,0,0,0,0,669022.0,625643.0
746172,0,0,0,0,686799.0,694363.0
746834,0,0,0,0,543294.0,694973.0
745688,0,0,0,0,657376.0,665152.0
747071,0,0,0,0,450203.0,621111.0
745521,3,0,3,1,650911.0,665871.0
744878,1,2,3,1,684320.0,675540.0
745853,0,1,1,1,701581.0,678368.0
746422,0,0,0,0,689225.0,669203.0
746987,0,1,1,1,544150.0,605483.0
745941,0,0,0,0,593423.0,663372.0
745360,0,0,0,0,527048.0,623167.0
746743,0,0,0,0,686563.0,686799.0
744879,0,3,3,1,621244.0,670124.0
745606,0,0,0,0,669372.0,543037.0
746496,0,0,0,0,663372.0,607455.0
744805,3,0,3,1,680730.0,670766.0
745288,0,0,0,0,806185.0,593423.0
746426,0,0,0,0,689225.0,681867.0
746657,0,1,1,1,668881.0,694973.0
744970,1,0,1,1,679156.0,687765.0
745121,0,0,0,0,543243.0,663765.0
746180,0,0,0,0,702674.0,669854.0
746820,0,0,0,0,668873.0,668881.0
747061,0,3,3,1,450203.0,679525.0
745044,0,0,0,0,669358.0,601713.0
745779,0,0,0,0,622663.0,678394.0
744801,0,0,0,0,669022.0,670124.0
745287,0,0,0,0,694738.0,527048.0
746174,0,0,0,0,686799.0,543135.0
745774,0,0,0,0,622663.0,687924.0
746660,0,0,0,0,695076.0,683003.0
746742,0,0,0,0,663436.0,660761.0
745857,1,1,2,1,805673.0,686799.0
745691,0,0,0,0,543037.0,669203.0
745770,2,0,2,1,656849.0,650911.0
746098,0,0,0,0,656427.0,676440.0
745280,0,1,1,1,694738.0,571945.0
745127,0,0,0,0,458681.0,682227.0
745118,0,0,0,0,669467.0,668909.0
745536,0,0,0,0,605400.0,680885.0
746905,0,0,0,0,690916.0,701581.0
746254,1,0,1,1,679525.0,669373.0
744882,0,2,2,1,592332.0,607200.0
745124,0,0,0,0,571945.0,571510.0
745935,0,0,0,0,593423.0,554430.0
745778,0,0,0,0,656849.0,676710.0
745768,0,1,1,1,640455.0,624133.0
746019,0,0,0,0,678368.0,669022.0
745292,1,0,1,1,657277.0,670766.0
746579,1,0,1,1,676282.0,680573.0
746991,3,0,3,1,700249.0,680897.0
746819,0,0,0,0,543294.0,695076.0
746427,0,0,0,0,669373.0,663372.0
745689,0,0,0,0,543037.0,678394.0
745686,2,0,2,1,657376.0,663559.0
746176,0,0,0,0,656288.0,663436.0
746336,1,0,1,1,664285.0,669302.0
746830,0,2,2,1,696136.0,687765.0
745692,0,0,0,0,607074.0,683003.0
745128,0,5,5,1,571945.0,622491.0
745441,0,0,0,0,663559.0,668964.0
745454,1,0,1,1,694973.0,678368.0
745693,0,0,0,0,607074.0,676710.0
745526,1,0,1,1,621383.0,657006.0
745207,0,2,2,1,676106.0,594798.0
747153,1,0,1,1,593958.0,642547.0
746177,1,1,2,1,542881.0,434378.0
745042,0,0,0,0,671737.0,641154.0
746259,0,0,0,0,679525.0,641927.0
746013,3,0,3,1,678368.0,450203.0
746502,0,2,2,1,622608.0,518876.0
744964,1,0,1,1,543135.0,573186.0
746173,1,3,4,1,672282.0,594798.0
745205,0,2,2,1,693433.0,661563.0
746592,2,0,2,1,502171.0,656605.0
746663,0,0,0,0,687924.0,519242.0
746499,1,0,1,1,622608.0,808967.0
746341,0,1,1,1,579328.0,660761.0
744958,0,2,2,1,641540.0,676106.0
745856,0,0,0,0,641154.0,656288.0
747064,0,0,0,0,656550.0,664192.0
746419,0,0,0,0,672456.0,700249.0
745369,1,0,1,1,527048.0,663554.0
746669,0,0,0,0,682227.0,668964.0
745607,0,3,3,1,669620.0,674003.0
745852,0,0,0,0,701581.0,695076.0
745773,0,0,0,0,640455.0,663623.0
745775,0,0,0,0,500779.0,596001.0
747074,0,0,0,0,608331.0,592332.0
745535,1,0,1,1,624133.0,671737.0
745208,0,0,0,0,682243.0,677958.0
746831,0,0,0,0,657006.0,669620.0
745131,0,0,0,0,607200.0,682243.0
744960,0,0,0,0,594798.0,669923.0
744881,0,0,0,0,670102.0,640455.0
746258,0,0,0,0,608379.0,680573.0
745528,0,1,1,1,663465.0,622663.0
745846,0,0,0,0,641927.0,544150.0
746503,0,0,0,0,663372.0,656756.0
745210,1,0,1,1,669923.0,506433.0
745367,1,0,1,1,506433.0,681293.0
745615,1,2,3,1,669372.0,622491.0
746583,1,0,1,1,689958.0,596001.0
746581,3,0,3,1,676440.0,686730.0
744888,0,0,0,0,621114.0,656731.0
745858,1,0,1,1,680573.0,607259.0
745364,0,0,0,0,605397.0,676979.0
745619,0,2,2,1,674370.0,669302.0
747070,1,0,1,1,519242.0,656427.0
746415,0,0,0,0,681857.0,641302.0
745697,0,0,0,0,661563.0,666142.0
744806,0,0,0,0,680730.0,696136.0
746986,0,1,1,1,621107.0,686752.0
746829,0,1,1,1,665871.0,657376.0
746983,0,0,0,0,700249.0,681857.0
745934,0,1,1,1,607067.0,668678.0
778352,1,0,1,1,606996.0,801403.0
778353,1,0,1,1,656876.0,700363.0
778150,0,3,3,1,607200.0,500779.0
778355,2,0,2,1,701542.0,663855.0
778226,0,0,0,0,592662.0,682990.0
778275,3,0,3,1,690928.0,527048.0
778377,0,0,0,0,621111.0,605135.0
778217,3,0,3,1,669854.0,605135.0
778142,0,0,0,0,669854.0,656427.0
778138,0,0,0,0,592866.0,656288.0
778342,0,0,0,0,594902.0,666142.0
778267,1,1,2,1,519242.0,623437.0
778409,2,0,2,1,695418.0,680736.0
778151,1,2,3,1,663855.0,683004.0
778133,0,5,5,1,502043.0,607074.0
778452,3,0,3,1,680730.0,593958.0
778414,0,3,3,1,622663.0,650633.0
778256,0,0,0,0,673540.0,669461.0
778351,0,2,2,1,687473.0,542881.0
778457,3,1,4,1,663623.0,694297.0
778398,0,0,0,0,622491.0,664285.0
778491,0,0,0,0,621244.0,592866.0
778437,3,1,4,1,686799.0,676440.0
778395,6,3,9,1,605488.0,656302.0
778177,0,0,0,0,668678.0,519242.0
778423,2,2,4,1,801403.0,683155.0
778323,0,2,2,1,641302.0,669373.0
778122,0,0,0,0,594798.0,682052.0
778325,0,0,0,0,543243.0,664285.0
778485,0,0,0,0,650633.0,671106.0
778469,0,0,0,0,622491.0,669373.0
778238,0,1,1,1,621111.0,686563.0
778360,1,0,1,1,682243.0,594798.0
778493,3,0,3,1,669358.0,802419.0
778458,1,0,1,1,656427.0,686563.0
778268,0,0,0,0,607067.0,669203.0
778219,1,0,1,1,665795.0,607259.0
778447,1,1,2,1,667755.0,668909.0
778157,0,0,0,0,671106.0,678394.0
778148,0,3,3,1,687134.0,666157.0
778145,4,2,6,1,607192.0,663559.0
778214,0,1,1,1,693821.0,571945.0
778147,1,0,1,1,694297.0,680885.0
778299,0,0,0,0,701581.0,623211.0
778206,1,2,3,1,682847.0,607074.0
778337,0,0,0,0,615698.0,669022.0
778481,0,1,1,1,687362.0,605280.0
778384,1,0,1,1,680885.0,666200.0
778379,0,0,0,0,622608.0,641302.0
778468,0,0,0,0,641482.0,666157.0
778264,0,0,0,0,676979.0,681343.0
778259,0,0,0,0,669713.0,650633.0
778255,0,2,2,1,669358.0,471911.0
778386,1,1,2,1,656557.0,592332.0
778269,0,0,0,0,687473.0,606996.0
778375,0,0,0,0,676440.0,663460.0
778418,0,0,0,0,669022.0,669160.0
778124,0,1,1,1,687473.0,681857.0
778339,1,0,1,1,607074.0,657277.0
778463,5,0,5,1,621111.0,607200.0
778165,0,4,4,1,605488.0,656457.0
778435,0,0,0,0,656849.0,670102.0
778426,0,0,0,0,690916.0,621244.0
778453,0,0,0,0,641302.0,607259.0
778190,2,1,3,1,666142.0,608566.0
778387,0,0,0,0,656427.0,608331.0
778419,3,1,4,1,663978.0,669854.0
778356,0,0,0,0,808967.0,571510.0
778357,0,0,0,0,671096.0,571760.0
778294,0,0,0,0,686563.0,674370.0
778186,1,0,1,1,641154.0,543294.0
778202,0,0,0,0,686799.0,571760.0
778309,3,3,6,1,680732.0,605488.0
778433,0,2,2,1,695549.0,527048.0
778346,0,0,0,0,669372.0,656849.0
778161,0,0,0,0,622608.0,668881.0
778227,0,0,0,0,668909.0,657376.0
778319,0,1,1,1,686752.0,621111.0
778301,0,0,0,0,665152.0,668909.0
778478,1,0,1,1,687922.0,669022.0
778132,1,0,1,1,669160.0,665795.0
778393,0,0,0,0,656550.0,592836.0
778198,0,0,0,0,657277.0,642547.0
778412,1,0,1,1,547179.0,680573.0
778443,0,0,0,0,656794.0,669467.0
778428,0,1,1,1,571760.0,701542.0
778476,0,0,0,0,656302.0,594902.0
778408,0,0,0,0,694973.0,543243.0
778149,1,1,2,1,674370.0,685126.0
778358,0,0,0,0,676664.0,656288.0
778182,0,0,0,0,607067.0,592836.0
778253,0,0,0,0,694477.0,622663.0
778276,0,0,0,0,700249.0,671096.0
778164,0,0,0,0,543243.0,682990.0
778465,2,0,2,1,656731.0,592332.0
778175,0,0,0,0,669302.0,615698.0
778171,0,0,0,0,434378.0,543135.0
778304,0,1,1,1,607259.0,682243.0
778195,0,0,0,0,547179.0,801403.0
778330,4,0,4,1,650633.0,607536.0
778266,0,1,1,1,622608.0,695418.0
778191,0,2,2,1,542881.0,669387.0
778405,0,0,0,0,669302.0,669713.0
778306,0,0,0,0,641816.0,579328.0
778315,0,0,0,0,656302.0,592791.0
778187,0,0,0,0,607625.0,669713.0
778320,3,0,3,1,592836.0,694738.0
778162,0,1,1,1,518876.0,656550.0
778117,0,0,0,0,623211.0,669203.0
778341,0,1,1,1,693433.0,677958.0
778210,0,0,0,0,663855.0,500779.0
778112,1,0,1,1,669387.0,571510.0
778459,1,0,1,1,666200.0,808967.0
778390,0,0,0,0,656731.0,676974.0
778381,0,0,0,0,674370.0,681190.0
778224,1,1,2,1,678394.0,682243.0
778233,0,0,0,0,680885.0,607200.0
778140,0,0,0,0,608372.0,701542.0
778484,0,2,2,1,607074.0,668678.0
778333,0,0,0,0,622663.0,673540.0
778336,0,0,0,0,669461.0,554430.0
778348,0,1,1,1,663978.0,695549.0
778371,1,0,1,1,663372.0,682990.0
778415,1,0,1,1,669387.0,669461.0
778322,0,2,2,1,687922.0,656550.0
778400,0,0,0,0,666142.0,641154.0
778494,2,3,5,1,622663.0,657006.0
778479,0,0,0,0,686752.0,694973.0
778293,0,0,0,0,663559.0,680730.0
778489,0,0,0,0,669713.0,657277.0
778120,0,0,0,0,608566.0,700363.0
778125,2,1,3,1,656457.0,642547.0
778455,1,0,1,1,607625.0,665152.0
778498,0,1,1,1,686730.0,543135.0
778335,1,0,1,1,680573.0,663554.0
778295,0,0,0,0,500779.0,672456.0
778439,0,1,1,1,660730.0,663903.0
778209,1,0,1,1,681857.0,606996.0
778283,0,1,1,1,663436.0,676664.0
778380,1,0,1,1,694297.0,665152.0
778143,0,0,0,0,571578.0,676664.0
778249,2,0,2,1,656550.0,657746.0
778438,4,0,4,1,594798.0,671737.0
778178,0,0,0,0,622663.0,656457.0
778235,0,0,0,0,607536.0,663623.0
778313,0,0,0,0,666200.0,434378.0
778240,0,1,1,1,686752.0,608331.0
778106,0,0,0,0,543135.0,622663.0
778289,0,0,0,0,571578.0,667755.0
778329,0,1,1,1,669713.0,543294.0
778389,0,0,0,0,656605.0,607200.0
778467,0,0,0,0,592836.0,622608.0
778223,1,0,1,1,656288.0,650911.0
778497,2,0,2,1,645261.0,673540.0
778159,0,1,1,1,592662.0,641816.0
778477,1,0,1,1,642547.0,666142.0
778246,0,0,0,0,669373.0,608379.0
778316,0,1,1,1,666157.0,622491.0
778383,0,0,0,0,622379.0,686613.0
778239,4,0,4,1,701656.0,605488.0
778135,0,0,0,0,571760.0,684007.0
778332,0,2,2,1,668678.0,642547.0
778475,0,2,2,1,664285.0,694738.0
778037,0,1,1,1,608337.0,543135.0
777724,0,0,0,0,641816.0,687606.0
778008,1,0,1,1,663460.0,663436.0
777850,0,1,1,1,677960.0,592791.0
777717,0,1,1,1,615698.0,690986.0
777813,1,0,1,1,519242.0,601713.0
777832,2,2,4,1,671737.0,686613.0
777917,1,0,1,1,808967.0,680684.0
778050,0,0,0,0,686799.0,681857.0
777819,0,1,1,1,657277.0,663738.0
778084,1,0,1,1,543243.0,605280.0
778100,1,0,1,1,694973.0,607067.0
777760,0,1,1,1,547179.0,607259.0
777823,1,2,3,1,687223.0,592836.0
778000,2,0,2,1,667755.0,605135.0
777867,1,0,1,1,434378.0,605488.0
777848,0,0,0,0,641793.0,687888.0
777826,0,0,0,0,694477.0,608372.0
777721,0,0,0,0,682847.0,667755.0
777838,0,0,0,0,808967.0,669194.0
777965,0,0,0,0,607625.0,608337.0
777773,2,1,3,1,673540.0,689017.0
777708,1,1,2,1,664062.0,608331.0
777887,3,3,6,1,668678.0,608566.0
777731,1,0,1,1,571510.0,685299.0
777842,0,3,3,1,622608.0,666200.0
778075,0,1,1,1,676974.0,674370.0
777705,0,0,0,0,665795.0,592662.0
777736,0,0,0,0,642547.0,678394.0
777901,0,0,0,0,666142.0,669467.0
777928,0,0,0,0,666157.0,663436.0
777907,0,0,0,0,700249.0,669022.0
777932,0,1,1,1,656302.0,667755.0
777885,0,0,0,0,702070.0,571945.0
777976,0,5,5,1,687134.0,663568.0
777771,1,0,1,1,450203.0,607200.0
777949,0,0,0,0,641816.0,801403.0
777958,0,0,0,0,682243.0,570632.0
778016,0,0,0,0,543243.0,656605.0
777804,0,1,1,1,682052.0,554430.0
778059,1,0,1,1,624133.0,593958.0
778046,0,0,0,0,695418.0,594902.0
778021,0,0,0,0,669358.0,650911.0
777696,0,10,10,1,694297.0,647336.0
777998,0,0,0,0,663559.0,693821.0
778017,0,0,0,0,678368.0,689017.0
777808,0,0,0,0,656288.0,477132.0
777966,0,0,0,0,680732.0,645261.0
777822,0,1,1,1,621121.0,669923.0
777869,0,0,0,0,683004.0,664285.0
777740,0,0,0,0,700249.0,571945.0
778010,3,0,3,1,680684.0,693433.0
777898,0,2,2,1,694477.0,657746.0
777974,0,0,0,0,657746.0,657277.0
778019,0,0,0,0,608331.0,656302.0
777786,1,0,1,1,669461.0,518876.0
778072,0,0,0,0,608372.0,663460.0
778002,0,1,1,1,641793.0,500779.0
778052,0,0,0,0,594798.0,688138.0
778076,0,0,0,0,680885.0,808963.0
778095,0,0,0,0,621244.0,656557.0
777864,0,0,0,0,608379.0,669461.0
778007,1,0,1,1,641927.0,665152.0
777831,0,0,0,0,676979.0,656731.0
777990,0,0,0,0,547179.0,690928.0
777829,0,0,0,0,663978.0,668909.0
778036,0,2,2,1,571945.0,669387.0
777858,0,0,0,0,686752.0,676467.0
777886,0,0,0,0,641778.0,681857.0
778078,0,0,0,0,605400.0,694297.0
778012,0,0,0,0,608379.0,686563.0
777843,0,0,0,0,680684.0,543294.0
777891,0,0,0,0,657277.0,676664.0
777971,0,0,0,0,682847.0,554430.0
777986,0,1,1,1,543294.0,608372.0
777897,0,0,0,0,669203.0,687223.0
777952,0,0,0,0,607067.0,615698.0
777700,4,1,5,1,673540.0,622608.0
777950,0,0,0,0,656849.0,694973.0
777937,0,0,0,0,689017.0,605488.0
777712,0,2,2,1,607067.0,671096.0
777714,0,1,1,1,664285.0,686752.0
777942,0,1,1,1,680885.0,647336.0
777807,0,2,2,1,695549.0,677944.0
777809,2,2,4,1,690928.0,621107.0
778060,2,0,2,1,693821.0,669160.0
777841,3,0,3,1,680730.0,675911.0
777844,0,0,0,0,701656.0,669211.0
777959,0,0,0,0,656550.0,663623.0
778079,1,0,1,1,686563.0,664285.0
777730,0,0,0,0,669923.0,592866.0
777812,2,0,2,1,622663.0,542881.0
777818,0,0,0,0,607074.0,543135.0
777815,0,0,0,0,678394.0,700249.0
777997,0,0,0,0,668909.0,605400.0
777762,0,0,0,0,641793.0,663978.0
777888,0,0,0,0,657376.0,656288.0
778064,1,0,1,1,592332.0,668909.0
777732,0,0,0,0,656876.0,641154.0
777757,1,0,1,1,592791.0,687223.0
777849,0,0,0,0,701542.0,571578.0
777926,0,0,0,0,693433.0,608331.0
777769,0,1,1,1,668909.0,808967.0
777879,0,0,0,0,694738.0,622663.0
777777,0,0,0,0,663436.0,571578.0
777915,0,0,0,0,622491.0,701542.0
777783,0,1,1,1,680885.0,656302.0
777772,1,0,1,1,641927.0,663460.0
777925,0,0,0,0,668909.0,701656.0
777876,0,2,2,1,678394.0,680885.0
778066,3,0,3,1,663436.0,686613.0
777994,0,0,0,0,674370.0,701542.0
778022,0,0,0,0,647336.0,671106.0
777957,0,0,0,0,,
777916,0,1,1,1,663855.0,593958.0
777778,0,0,0,0,647336.0,592662.0
777947,0,0,0,0,650633.0,579328.0
778070,0,1,1,1,571578.0,622491.0
777882,0,1,1,1,641816.0,669854.0
777782,0,1,1,1,607536.0,608331.0
777784,0,2,2,1,605488.0,650911.0
777703,0,0,0,0,677944.0,543294.0
777814,1,3,4,1,,
778087,2,0,2,1,668881.0,680730.0
777983,0,0,0,0,676440.0,624133.0
777996,0,0,0,0,669373.0,571578.0
777817,0,0,0,0,608566.0,624133.0
778057,0,0,0,0,701542.0,671737.0
777856,2,0,2,1,690928.0,673540.0
777767,0,0,0,0,543294.0,665795.0
778096,0,1,1,1,641816.0,605488.0
777793,2,0,2,1,663623.0,690986.0
778024,1,1,2,1,605488.0,676106.0
778074,1,0,1,1,642232.0,641793.0
777801,0,0,0,0,669022.0,694738.0
777975,0,0,0,0,669203.0,669160.0
777753,0,0,0,0,676440.0,669160.0
778025,2,2,4,1,542881.0,570632.0
777880,0,0,0,0,690953.0,694973.0
777866,0,3,3,1,,
777940,1,0,1,1,663947.0,678394.0
777874,0,0,0,0,671096.0,682847.0
777894,1,0,1,1,554430.0,669387.0
777789,0,0,0,0,656849.0,664062.0
777921,0,0,0,0,592791.0,677960.0
778088,0,0,0,0,608331.0,686752.0
778031,4,0,4,1,694477.0,669713.0
778058,0,0,0,0,607259.0,669022.0
778068,0,0,0,0,669467.0,656731.0
777972,0,0,0,0,676664.0,607074.0
777747,0,0,0,0,650644.0,690916.0
777751,0,0,0,0,690990.0,608566.0
778038,1,0,1,1,622663.0,682243.0
777827,0,0,0,0,669467.0,676428.0
777962,0,1,1,1,669022.0,571945.0
777715,0,2,2,1,592836.0,669084.0
778014,0,0,0,0,518876.0,673540.0
777726,0,0,0,0,606996.0,645261.0
777824,0,0,0,0,669160.0,669203.0
778101,0,0,0,0,579328.0,663554.0
778061,0,0,0,0,665795.0,676664.0
777933,5,1,6,1,605400.0,543243.0
777779,4,2,6,1,666157.0,676962.0
777792,0,1,1,1,669060.0,683004.0
777741,0,0,0,0,543135.0,670102.0
777978,1,0,1,1,681343.0,665795.0
777980,0,0,0,0,592866.0,669467.0
777872,1,0,1,1,607067.0,686563.0
777800,0,0,0,0,687473.0,676106.0
778033,0,0,0,0,607625.0,680732.0
777938,0,1,1,1,694646.0,680573.0
777946,3,1,4,1,669422.0,674370.0
777315,0,0,0,0,543294.0,647336.0
777659,1,0,1,1,592866.0,690990.0
777507,2,0,2,1,669923.0,676440.0
777684,0,0,0,0,450203.0,605288.0
777534,0,0,0,0,622608.0,806185.0
777455,0,0,0,0,675911.0,605280.0
777632,0,2,2,1,663623.0,519141.0
777364,0,0,0,0,434378.0,615698.0
777634,0,0,0,0,680732.0,663554.0
777401,2,1,3,1,543056.0,682990.0
777677,0,0,0,0,663460.0,672456.0
777399,0,0,0,0,622608.0,694297.0
777623,0,0,0,0,666157.0,593958.0
777446,0,0,0,0,656876.0,450203.0
777644,0,0,0,0,608331.0,677944.0
777508,0,0,0,0,594798.0,678024.0
777669,0,0,0,0,622663.0,657746.0
777396,0,0,0,0,681190.0,607625.0
777562,0,0,0,0,621107.0,663554.0
777420,4,0,4,1,686752.0,676428.0
777356,0,0,0,0,680573.0,676106.0
777582,0,0,0,0,700241.0,477132.0
777685,0,1,1,1,592332.0,676664.0
777518,0,0,0,0,656731.0,656876.0
777329,0,1,1,1,677944.0,571945.0
777522,0,1,1,1,808967.0,657277.0
777344,0,0,0,0,596295.0,477132.0
777464,0,0,0,0,663947.0,694973.0
777649,5,4,9,1,608337.0,667755.0
777683,0,0,0,0,668909.0,686799.0
777403,1,2,3,1,607067.0,669302.0
777607,1,1,2,1,571760.0,624133.0
777553,3,0,3,1,666200.0,676962.0
777637,0,0,0,0,605135.0,666200.0
777584,0,0,0,0,678394.0,669358.0
777494,0,0,0,0,687888.0,680573.0
777504,0,0,0,0,656550.0,596295.0
777358,0,0,0,0,801403.0,808967.0
777557,0,0,0,0,680573.0,641816.0
777422,1,0,1,1,657376.0,621107.0
777418,1,0,1,1,621244.0,650644.0
777692,1,3,4,1,693821.0,676979.0
777554,0,0,0,0,694477.0,680885.0
777602,0,0,0,0,663903.0,668678.0
777498,1,0,1,1,669160.0,663546.0
777561,1,0,1,1,621111.0,641793.0
777604,0,0,0,0,608566.0,605280.0
777354,0,0,0,0,676440.0,592332.0
777456,0,0,0,0,622663.0,664285.0
777323,3,0,3,1,608337.0,605135.0
777564,0,0,0,0,667755.0,687765.0
777476,0,0,0,0,701542.0,543294.0
777645,0,0,0,0,676106.0,700249.0
777503,1,1,2,1,669022.0,691587.0
777421,0,0,0,0,656605.0,677958.0
777657,4,1,5,1,477132.0,656731.0
777371,0,0,0,0,656427.0,682052.0
777662,0,0,0,0,656876.0,641816.0
777633,0,0,0,0,592662.0,656302.0
777462,1,0,1,1,641778.0,593958.0
777305,1,0,1,1,686799.0,680730.0
777438,2,2,4,1,608331.0,608372.0
777567,0,0,0,0,621121.0,681343.0
777486,0,1,1,1,669302.0,608337.0
777552,0,0,0,0,663559.0,615698.0
777331,0,0,0,0,667755.0,663623.0
777661,0,0,0,0,681343.0,689225.0
777665,0,6,6,1,670102.0,650911.0
777414,0,0,0,0,667755.0,687888.0
777391,0,1,1,1,694477.0,677952.0
777373,0,0,0,0,700241.0,592791.0
777666,0,0,0,0,645261.0,801403.0
777451,1,0,1,1,669373.0,571760.0
777394,0,0,0,0,669432.0,571578.0
777535,1,2,3,1,693821.0,608566.0
777471,0,1,1,1,676263.0,681190.0
777390,0,1,1,1,666157.0,642216.0
777622,0,0,0,0,671106.0,676467.0
777460,2,0,2,1,571578.0,663460.0
777321,2,0,2,1,682990.0,622608.0
777395,0,1,1,1,592662.0,608337.0
777447,0,1,1,1,680732.0,607200.0
777545,1,0,1,1,669461.0,641778.0
777333,1,0,1,1,680885.0,666200.0
777655,0,1,1,1,669923.0,608372.0
777355,1,0,1,1,657277.0,665795.0
777588,1,0,1,1,682052.0,608372.0
777678,0,1,1,1,594798.0,607200.0
777660,0,2,2,1,669467.0,547179.0
777490,0,1,1,1,660271.0,656302.0
777605,0,0,0,0,642232.0,676979.0
777643,0,1,1,1,686993.0,805673.0
777362,0,2,2,1,579328.0,690916.0
777412,0,2,2,1,680573.0,500779.0
777350,0,0,0,0,686613.0,650911.0
777617,0,0,0,0,694477.0,681190.0
777345,0,1,1,1,678394.0,621244.0
777600,0,1,1,1,663978.0,592332.0
777443,0,2,2,1,542888.0,608379.0
777385,0,0,0,0,695505.0,607074.0
777478,0,0,0,0,671096.0,701581.0
777336,0,0,0,0,687888.0,690990.0
777400,0,0,0,0,676664.0,677944.0
777335,1,1,2,1,702070.0,669160.0
777501,2,1,3,1,656240.0,579328.0
777629,0,0,0,0,686752.0,683004.0
777457,0,0,0,0,686218.0,663568.0
777296,0,3,3,1,656876.0,682052.0
777314,1,0,1,1,669373.0,663978.0
777337,0,0,0,0,701542.0,687765.0
777342,0,1,1,1,693821.0,690953.0
777383,0,1,1,1,673929.0,669194.0
777577,1,0,1,1,518876.0,676106.0
777619,3,0,3,1,806185.0,680885.0
777654,0,0,0,0,519242.0,518876.0
777603,0,3,3,1,686799.0,622491.0
777376,0,0,0,0,542881.0,676979.0
777357,0,1,1,1,607200.0,571510.0
777526,0,0,0,0,690990.0,694973.0
777609,0,1,1,1,663947.0,592791.0
777624,0,0,0,0,647336.0,571578.0
777670,0,6,6,1,690916.0,542881.0
777419,2,0,2,1,690990.0,676106.0
777318,1,2,3,1,694297.0,645261.0
777656,0,0,0,0,694738.0,686701.0
777369,0,0,0,0,605280.0,800311.0
777681,1,0,1,1,681190.0,571760.0
777437,0,0,0,0,554430.0,694918.0
777375,0,0,0,0,663978.0,622491.0
777586,0,0,0,0,642547.0,686701.0
777449,1,1,2,1,607074.0,542881.0
777551,0,0,0,0,663460.0,657376.0
777466,0,1,1,1,642232.0,686799.0
777367,0,0,0,0,663903.0,608331.0
777481,0,0,0,0,615698.0,666200.0
777667,0,0,0,0,678394.0,579328.0
777663,0,0,0,0,694973.0,621121.0
777597,0,0,0,0,500779.0,663568.0
777469,0,2,2,1,676664.0,669920.0
777566,0,0,0,0,656605.0,645261.0
777359,0,0,0,0,608379.0,656876.0
777527,3,0,3,1,676467.0,663978.0
777641,0,2,2,1,690986.0,601713.0
777472,1,0,1,1,592662.0,677944.0
777381,5,3,8,1,686799.0,621111.0
777509,0,0,0,0,650911.0,670102.0
777439,0,0,0,0,676083.0,800311.0
777513,0,1,1,1,571510.0,681347.0
777326,0,0,0,0,657376.0,676664.0
777427,0,1,1,1,477132.0,669022.0
777680,0,0,0,0,622491.0,663978.0
777569,0,0,0,0,677944.0,671096.0
777608,0,0,0,0,668909.0,686613.0
777642,0,1,1,1,571945.0,702070.0
777436,3,1,4,1,571510.0,669923.0
777576,0,0,0,0,,
777638,0,3,3,1,664062.0,656288.0
777320,0,1,1,1,621121.0,607067.0
777424,0,1,1,1,691587.0,656550.0
777482,0,0,0,0,676962.0,694477.0
777330,0,4,4,1,,
777548,0,1,1,1,593958.0,693433.0
777540,0,0,0,0,669211.0,669373.0
777627,5,0,5,1,701542.0,621111.0
777630,0,0,0,0,656605.0,664285.0
777585,0,0,0,0,657746.0,670102.0
777441,0,0,0,0,682052.0,676467.0
777048,0,0,0,0,656876.0,663436.0
776997,0,0,0,0,657746.0,680730.0
776950,1,0,1,1,669920.0,647336.0
777005,0,0,0,0,571945.0,601713.0
777012,0,0,0,0,678394.0,686218.0
777011,0,0,0,0,805673.0,669022.0
777059,0,0,0,0,669358.0,680732.0
777051,2,1,3,1,660271.0,701581.0
777174,0,2,2,1,687888.0,677944.0
777234,0,0,0,0,669194.0,608379.0
777118,0,0,0,0,543243.0,669721.0
777225,0,0,0,0,622491.0,681347.0
777093,1,0,1,1,615698.0,608379.0
776958,0,0,0,0,686799.0,594798.0
777144,0,0,0,0,676979.0,669358.0
777116,0,0,0,0,605488.0,621244.0
777013,0,0,0,0,607259.0,641793.0
777095,0,2,2,1,641793.0,665152.0
776955,1,0,1,1,607625.0,607200.0
777004,1,2,3,1,657277.0,605280.0
777054,0,0,0,0,593423.0,543294.0
777176,0,4,4,1,687765.0,693821.0
777102,4,0,4,1,607536.0,663978.0
777277,0,0,0,0,657514.0,607259.0
777132,0,0,0,0,682052.0,592332.0
777035,0,0,0,0,669302.0,694819.0
777076,0,1,1,1,686752.0,669432.0
777268,0,0,0,0,543135.0,608372.0
776944,0,0,0,0,622663.0,688138.0
777071,4,0,4,1,518876.0,571945.0
776962,0,0,0,0,687064.0,641778.0
777263,3,0,3,1,691587.0,701581.0
777085,0,0,0,0,686218.0,642547.0
776994,0,0,0,0,650644.0,690990.0
777205,0,0,0,0,669923.0,694973.0
776987,0,0,0,0,656427.0,453286.0
777154,1,2,3,1,621121.0,683004.0
777160,0,0,0,0,695505.0,608566.0
776995,0,0,0,0,542881.0,669923.0
777135,0,0,0,0,605540.0,829272.0
777018,1,0,1,1,579328.0,688138.0
777028,0,0,0,0,685299.0,669467.0
777224,0,0,0,0,665795.0,605540.0
777273,0,0,0,0,690953.0,601713.0
777246,2,0,2,1,607067.0,571945.0
777104,0,0,0,0,671106.0,622663.0
777242,0,0,0,0,641778.0,543294.0
777156,3,0,3,1,676664.0,675911.0
777066,0,0,0,0,592332.0,607074.0
777210,0,1,1,1,682052.0,806185.0
776948,3,0,3,1,665152.0,621244.0
777039,0,0,0,0,808967.0,680573.0
776967,1,1,2,1,695505.0,808967.0
777231,1,1,2,1,453286.0,686799.0
777063,0,1,1,1,554430.0,621111.0
777145,1,0,1,1,663554.0,669923.0
776992,0,0,0,0,669461.0,681190.0
777128,1,0,1,1,607259.0,596295.0
777274,7,0,7,1,621244.0,701542.0
776933,0,0,0,0,657277.0,681347.0
777016,0,0,0,0,672456.0,621244.0
776969,0,0,0,0,664285.0,695418.0
777056,1,0,1,1,676282.0,687064.0
777287,0,0,0,0,571510.0,668909.0
776986,0,0,0,0,608372.0,596295.0
777060,0,0,0,0,694973.0,656427.0
776993,0,1,1,1,677958.0,656550.0
777032,1,0,1,1,694297.0,687888.0
777257,0,0,0,0,656849.0,500779.0
776935,0,0,0,0,805673.0,678394.0
777120,0,0,0,0,650644.0,676282.0
776939,0,0,0,0,641302.0,592836.0
777021,1,0,1,1,681857.0,641778.0
777047,0,0,0,0,571510.0,448179.0
776981,3,0,3,1,683004.0,693821.0
776980,0,2,2,1,700241.0,663568.0
777233,0,0,0,0,624133.0,666157.0
777217,0,0,0,0,554430.0,695505.0
777168,1,0,1,1,,
777141,0,0,0,0,669432.0,676083.0
777271,0,1,1,1,686752.0,687765.0
777288,0,0,0,0,694973.0,669467.0
776978,0,1,1,1,605540.0,691587.0
777220,1,0,1,1,657746.0,656876.0
777276,0,0,0,0,623211.0,694819.0
777294,2,0,2,1,690916.0,663903.0
777223,0,1,1,1,663568.0,571578.0
777252,0,0,0,0,675911.0,450203.0
777006,2,1,3,1,667755.0,693433.0
777167,1,0,1,1,571945.0,647336.0
777218,0,0,0,0,543101.0,547179.0
776963,0,0,0,0,666157.0,607192.0
777096,2,0,2,1,684007.0,678394.0
777196,0,0,0,0,678394.0,607536.0
776984,0,0,0,0,694973.0,668678.0
777131,1,0,1,1,579328.0,668678.0
777237,2,0,2,1,607481.0,665152.0
777286,0,0,0,0,669358.0,605488.0
776983,1,0,1,1,621111.0,669160.0
776929,1,1,2,1,642547.0,684007.0
777170,0,0,0,0,621111.0,671737.0
777062,0,0,0,0,,
777228,0,2,2,1,680730.0,621111.0
777178,1,3,4,1,669467.0,669022.0
777270,0,2,2,1,518876.0,694738.0
777281,0,1,1,1,676106.0,547179.0
777192,1,2,3,1,686613.0,676282.0
776954,0,0,0,0,701487.0,608337.0
777256,0,2,2,1,694297.0,592662.0
776988,0,0,0,0,607074.0,554430.0
777239,0,0,0,0,681190.0,677958.0
777191,0,0,0,0,543243.0,663623.0
777031,0,2,2,1,607067.0,607625.0
777227,0,2,2,1,622663.0,657277.0
777130,0,0,0,0,678394.0,686752.0
777023,1,2,3,1,543243.0,506433.0
777137,1,1,2,1,664285.0,594798.0
777159,0,2,2,1,686799.0,571578.0
777153,0,0,0,0,607074.0,623167.0
777001,0,1,1,1,573186.0,624133.0
776956,0,0,0,0,682990.0,607067.0
777193,0,1,1,1,694819.0,477132.0
777185,0,0,0,0,601713.0,518876.0
777072,0,0,0,0,608566.0,657746.0
777258,5,3,8,1,663623.0,608650.0
777198,0,0,0,0,687064.0,605280.0
777161,0,0,0,0,669373.0,622491.0
776959,0,0,0,0,656302.0,593423.0
777169,0,0,0,0,573186.0,693433.0
777213,0,4,4,1,829272.0,676979.0
777045,2,0,2,1,650911.0,690916.0
777034,1,0,1,1,640455.0,656271.0
777208,0,0,0,0,663903.0,676083.0
777084,1,0,1,1,668909.0,605488.0
776998,0,2,2,1,,
777101,3,0,3,1,607067.0,608337.0
777165,0,0,0,0,450203.0,656849.0
777179,0,0,0,0,608337.0,622608.0
777044,0,0,0,0,656605.0,663554.0
777073,0,0,0,0,656641.0,669373.0
777140,1,0,1,1,663903.0,687134.0
777293,0,0,0,0,665795.0,657746.0
776996,0,0,0,0,,
777151,0,0,0,0,,
777149,0,0,0,0,669084.0,680730.0
776750,0,0,0,0,608372.0,688138.0
776755,0,0,0,0,605540.0,656605.0
776818,0,2,2,1,669467.0,607067.0
776774,1,1,2,1,607074.0,701519.0
776878,0,0,0,0,647336.0,666157.0
776928,0,0,0,0,671096.0,471911.0
777079,1,1,2,1,621244.0,592662.0
776957,0,0,0,0,676664.0,622491.0
777026,0,0,0,0,647336.0,666157.0
777214,0,1,1,1,592332.0,542881.0
777107,0,3,3,1,663559.0,686563.0
777253,1,0,1,1,669160.0,650644.0
777229,0,2,2,1,519141.0,669461.0
776972,0,0,0,0,663436.0,650911.0
777077,0,5,5,1,669022.0,601713.0
776783,0,0,0,0,571945.0,801403.0
776858,2,0,2,1,686218.0,571945.0
776892,2,4,6,1,676282.0,570632.0
776646,0,3,3,1,687473.0,669456.0
776690,1,0,1,1,608379.0,683004.0
776669,0,0,0,0,694462.0,527048.0
776706,0,0,0,0,671106.0,607200.0
776904,0,1,1,1,596295.0,694973.0
776536,1,0,1,1,671096.0,700241.0
776526,0,1,1,1,685326.0,665871.0
776742,0,3,3,1,687134.0,593958.0
776917,1,0,1,1,680730.0,500779.0
776575,3,0,3,1,571578.0,579328.0
776530,0,0,0,0,671737.0,601713.0
776600,0,0,0,0,665795.0,675911.0
776795,0,0,0,0,543243.0,684007.0
776621,0,0,0,0,642547.0,657277.0
776562,0,0,0,0,660271.0,666157.0
776924,1,0,1,1,668909.0,657746.0
776733,0,0,0,0,664285.0,687064.0
776623,0,0,0,0,683004.0,671106.0
776712,1,0,1,1,547179.0,680732.0
776799,0,2,2,1,682990.0,640455.0
776603,0,1,1,1,601713.0,808967.0
776853,1,0,1,1,675911.0,500779.0
776714,0,0,0,0,676979.0,676083.0
776920,1,0,1,1,592332.0,608379.0
776608,0,0,0,0,694477.0,592662.0
776674,0,0,0,0,657746.0,682052.0
776919,1,9,10,1,622608.0,571760.0
776616,0,0,0,0,607074.0,669160.0
776842,2,0,2,1,471911.0,691587.0
776572,0,0,0,0,676879.0,669194.0
776534,0,0,0,0,605483.0,668678.0
776905,0,0,0,0,676440.0,641927.0
776708,0,1,1,1,680730.0,605400.0
776556,0,2,2,1,663436.0,701542.0
776723,0,0,0,0,641778.0,571578.0
776515,3,2,5,1,453286.0,605540.0
776591,0,0,0,0,680694.0,608337.0
776734,1,0,1,1,678022.0,579328.0
776899,0,1,1,1,669372.0,668678.0
776578,0,5,5,1,669467.0,656605.0
776908,0,0,0,0,669302.0,683004.0
776535,1,5,6,1,656849.0,665795.0
776533,4,1,5,1,592662.0,665152.0
776791,4,0,4,1,693433.0,605288.0
776916,0,0,0,0,542881.0,681343.0
776570,1,0,1,1,608331.0,676917.0
776725,0,0,0,0,676917.0,592836.0
776609,1,0,1,1,668678.0,663903.0
776876,0,0,0,0,640455.0,677944.0
776869,0,0,0,0,666214.0,642547.0
776907,1,0,1,1,695505.0,680735.0
776785,0,0,0,0,543135.0,669194.0
776576,0,0,0,0,434378.0,571510.0
776696,0,0,0,0,675911.0,672782.0
776554,0,1,1,1,571945.0,677952.0
776826,0,0,0,0,700241.0,571510.0
776683,0,4,4,1,641482.0,592662.0
776614,0,0,0,0,691587.0,592332.0
776523,0,0,0,0,607192.0,593958.0
776775,0,0,0,0,669461.0,607536.0
776622,3,0,3,1,656222.0,671096.0
776519,0,1,1,1,673540.0,645261.0
776796,0,1,1,1,570632.0,686701.0
776558,2,1,3,1,605280.0,800049.0
776884,0,0,0,0,656302.0,669467.0
776756,3,0,3,1,656849.0,471911.0
776803,0,0,0,0,666214.0,615698.0
776809,1,0,1,1,593958.0,687134.0
776586,1,0,1,1,694819.0,694297.0
776557,1,0,1,1,687931.0,607067.0
776620,0,0,0,0,669923.0,605488.0
776634,0,1,1,1,500779.0,687931.0
776532,0,0,0,0,650911.0,519242.0
776675,1,1,2,1,607625.0,518876.0
776841,2,0,2,1,669923.0,686563.0
776587,0,0,0,0,686613.0,685299.0
776825,3,0,3,1,668678.0,596295.0
776767,1,1,2,1,592662.0,641482.0
776667,1,1,2,1,601713.0,678906.0
776715,0,1,1,1,801403.0,669194.0
776788,2,1,3,1,607192.0,641778.0
776629,3,5,8,1,665152.0,664299.0
776693,0,0,0,0,607536.0,808967.0
776618,0,0,0,0,682989.0,690990.0
776713,1,2,3,1,543243.0,608331.0
776828,0,1,1,1,605540.0,673540.0
776793,0,0,0,0,434378.0,669022.0
776516,1,0,1,1,693313.0,669432.0
776645,0,0,0,0,666214.0,690997.0
776762,0,0,0,0,682052.0,669358.0
776840,3,0,3,1,694973.0,663903.0
776864,0,0,0,0,676979.0,686701.0
776872,0,1,1,1,685299.0,641778.0
776510,0,0,0,0,686613.0,667755.0
776790,1,0,1,1,701542.0,805673.0
776644,1,2,3,1,801403.0,477132.0
776508,0,2,2,1,669372.0,594798.0
776565,0,1,1,1,687473.0,666214.0
776883,0,0,0,0,688138.0,594798.0
776792,1,0,1,1,671096.0,592836.0
776700,0,0,0,0,641672.0,663978.0
776859,0,2,2,1,656427.0,701487.0
776776,0,1,1,1,665152.0,669923.0
776732,0,5,5,1,701487.0,450203.0
776786,1,0,1,1,500779.0,571760.0
776580,0,0,0,0,677944.0,656876.0
776890,0,0,0,0,650911.0,450203.0
776521,0,0,0,0,676440.0,682243.0
776625,0,0,0,0,663978.0,608379.0
776550,2,1,3,1,657277.0,684007.0
776770,1,0,1,1,608379.0,680730.0
776607,3,0,3,1,672782.0,671737.0
776817,0,0,0,0,668964.0,657585.0
776802,0,1,1,1,687931.0,695418.0
776692,0,0,0,0,656427.0,681293.0
776597,1,0,1,1,693645.0,695418.0
776850,0,0,0,0,676917.0,605488.0
776666,3,1,4,1,702070.0,676961.0
776658,1,1,2,1,694297.0,800048.0
776758,0,0,0,0,700241.0,596295.0
776709,0,0,0,0,671096.0,500779.0
776633,1,0,1,1,605288.0,571945.0
776673,6,0,6,1,450203.0,664285.0
776514,0,1,1,1,527048.0,661563.0
776915,0,0,0,0,690990.0,669432.0
776832,0,0,0,0,669373.0,543294.0
776784,0,2,2,1,663559.0,676917.0
776768,1,0,1,1,621244.0,665871.0
776716,0,1,1,1,805673.0,663554.0
776879,1,2,3,1,670912.0,434378.0
776688,1,0,1,1,691587.0,669461.0
778431,0,0,0,0,694462.0,687473.0
776704,0,0,0,0,665871.0,669387.0
776789,0,0,0,0,656302.0,678394.0
776911,3,0,3,1,673540.0,678906.0
776807,0,1,1,1,650633.0,608337.0
776566,0,0,0,0,690997.0,592836.0
776844,1,0,1,1,571760.0,592662.0
776655,0,2,2,1,687064.0,669920.0
776747,0,0,0,0,453286.0,571510.0
776836,1,0,1,1,607536.0,592332.0
776520,0,0,0,0,695418.0,693855.0
776542,0,0,0,0,608566.0,690990.0
776862,0,2,2,1,615698.0,595345.0
776561,0,0,0,0,693433.0,506433.0
776649,0,0,0,0,663554.0,686701.0
776538,0,0,0,0,605488.0,683004.0
776764,0,0,0,0,683004.0,543101.0
776563,4,1,5,1,656641.0,686799.0
776630,0,0,0,0,676083.0,621244.0
776680,1,0,1,1,650911.0,682243.0
776806,2,0,2,1,663554.0,686799.0
776664,0,1,1,1,656876.0,693645.0
776517,0,0,0,0,608337.0,656605.0
776564,0,1,1,1,700249.0,676979.0
776873,1,0,1,1,694297.0,676664.0
776779,2,0,2,1,667755.0,808967.0
776810,1,0,1,1,594798.0,666200.0
776678,0,0,0,0,663623.0,656849.0
776672,0,0,0,0,593958.0,676440.0
776815,2,1,3,1,661563.0,664285.0
776781,0,0,0,0,665625.0,663978.0
776617,0,0,0,0,641482.0,607192.0
776902,0,0,0,0,571510.0,608372.0
776638,0,1,1,1,693433.0,806960.0
776698,0,0,0,0,571945.0,701542.0
776546,0,0,0,0,669456.0,642547.0
776771,1,0,1,1,642547.0,694973.0
776895,0,0,0,0,608337.0,664285.0
776383,0,0,0,0,607074.0,656427.0
776275,0,0,0,0,669373.0,676440.0
776153,0,0,0,0,688107.0,671096.0
776197,0,0,0,0,579328.0,663568.0
776398,1,0,1,1,701542.0,663554.0
776431,0,0,0,0,685326.0,681190.0
776238,0,0,0,0,663554.0,675911.0
776420,0,0,0,0,519141.0,674841.0
776472,0,0,0,0,669920.0,701542.0
776202,0,0,0,0,668881.0,694973.0
776220,1,0,1,1,434378.0,700241.0
776200,0,1,1,1,693821.0,674841.0
776309,1,0,1,1,668678.0,678906.0
776174,2,0,2,1,701542.0,669432.0
776419,0,4,4,1,696149.0,694819.0
776401,1,1,2,1,680694.0,681347.0
776435,1,0,1,1,669373.0,527048.0
776273,0,0,0,0,669432.0,701542.0
776257,0,3,3,1,608372.0,607074.0
776173,0,2,2,1,645261.0,687075.0
776347,1,0,1,1,676083.0,450203.0
776487,0,0,0,0,684007.0,666214.0
776330,6,0,6,1,676979.0,701542.0
776460,1,0,1,1,519242.0,669302.0
776338,0,0,0,0,607067.0,656876.0
776167,1,0,1,1,607067.0,571945.0
776343,0,2,2,1,453286.0,608372.0
776445,0,2,2,1,700241.0,693313.0
776237,0,0,0,0,640455.0,663623.0
776444,4,2,6,1,667755.0,686930.0
776205,0,0,0,0,571510.0,804636.0
776353,0,0,0,0,605135.0,669432.0
776228,0,0,0,0,669920.0,669302.0
776159,0,0,0,0,702056.0,671212.0
776491,1,4,5,1,605130.0,621244.0
776459,0,0,0,0,642547.0,624133.0
776241,0,0,0,0,608566.0,543294.0
776194,3,0,3,1,622491.0,685299.0
776449,0,0,0,0,518876.0,676467.0
776497,0,0,0,0,543243.0,806960.0
776148,0,0,0,0,665795.0,640455.0
776412,3,0,3,1,693821.0,684007.0
776409,0,0,0,0,676083.0,676917.0
776484,1,0,1,1,680573.0,663436.0
776282,0,0,0,0,668881.0,607067.0
776329,1,1,2,1,666214.0,664285.0
776301,1,0,1,1,805123.0,518876.0
776477,3,0,3,1,680730.0,691587.0
776163,0,1,1,1,624133.0,690953.0
776363,0,1,1,1,608337.0,661563.0
776262,0,1,1,1,686613.0,693433.0
776328,4,1,5,1,657277.0,477132.0
776227,0,0,0,0,686218.0,686790.0
776442,0,0,0,0,607536.0,601713.0
776503,0,0,0,0,668881.0,605135.0
776478,0,0,0,0,663554.0,605280.0
776188,1,0,1,1,621111.0,676083.0
776421,0,0,0,0,656876.0,800048.0
776413,1,0,1,1,677944.0,686701.0
776402,0,1,1,1,675911.0,690990.0
776334,2,0,2,1,605400.0,702070.0
776499,0,0,0,0,677651.0,579328.0
776323,3,0,3,1,506433.0,608566.0
776196,0,0,0,0,664141.0,543243.0
776281,1,3,4,1,678394.0,669372.0
776249,0,0,0,0,696149.0,806960.0
776417,0,2,2,1,685299.0,656302.0
776295,1,0,1,1,642547.0,702674.0
776489,0,0,0,0,664285.0,608331.0
776325,0,0,0,0,592662.0,607192.0
776440,0,1,1,1,571510.0,695418.0
776457,0,3,3,1,693645.0,592332.0
776394,3,0,3,1,592662.0,668678.0
776411,0,0,0,0,702674.0,680573.0
776171,0,0,0,0,682990.0,641793.0
776260,7,1,8,1,547179.0,453286.0
776242,0,0,0,0,683004.0,800049.0
776214,4,0,4,1,681190.0,669145.0
776470,0,0,0,0,669461.0,605488.0
776495,2,0,2,1,669194.0,571578.0
776399,0,0,0,0,657277.0,622503.0
776253,2,0,2,1,687134.0,815083.0
776342,2,3,5,1,592836.0,686701.0
776446,0,0,0,0,608379.0,641154.0
776236,3,0,3,1,671212.0,813349.0
776162,1,0,1,1,693645.0,608372.0
776209,2,1,3,1,690990.0,656849.0
776390,3,0,3,1,543294.0,805673.0
776337,0,0,0,0,657746.0,669194.0
776312,0,0,0,0,669461.0,641793.0
776298,1,2,3,1,805673.0,693645.0
776366,1,0,1,1,645261.0,669373.0
776468,1,0,1,1,668678.0,683004.0
776290,1,0,1,1,693855.0,592332.0
776416,0,0,0,0,543243.0,678906.0
776311,0,1,1,1,607455.0,624133.0
776365,0,0,0,0,681190.0,685326.0
776157,0,0,0,0,813349.0,672456.0
776255,2,0,2,1,669194.0,592836.0
776391,0,0,0,0,669923.0,669461.0
776331,0,0,0,0,677944.0,672782.0
776137,1,0,1,1,657277.0,685326.0
776373,0,1,1,1,669302.0,700241.0
776340,0,0,0,0,622663.0,668881.0
776367,2,0,2,1,677960.0,669022.0
776354,0,1,1,1,621111.0,547179.0
776395,0,0,0,0,683004.0,694477.0
776252,0,1,1,1,690997.0,676917.0
776436,0,0,0,0,661563.0,605135.0
776465,0,1,1,1,641482.0,700249.0
776269,0,0,0,0,669358.0,605135.0
776350,1,0,1,1,434378.0,808967.0
776408,0,0,0,0,607192.0,801403.0
776310,0,0,0,0,813349.0,605488.0
776184,1,0,1,1,607074.0,663436.0
776326,0,0,0,0,500779.0,571945.0
776274,0,0,0,0,682990.0,579328.0
776447,0,2,2,1,694462.0,682243.0
776183,0,1,1,1,641816.0,641927.0
776203,0,1,1,1,669330.0,669358.0
776344,0,2,2,1,678394.0,608331.0
776479,1,0,1,1,677952.0,686218.0
776265,1,0,1,1,543243.0,694819.0
776453,0,1,1,1,670912.0,682990.0
776308,1,2,3,1,694973.0,690990.0
776393,0,2,2,1,669456.0,677651.0
776204,0,0,0,0,676440.0,656427.0
776481,0,0,0,0,622503.0,656641.0
776142,0,0,0,0,665871.0,681517.0
776156,0,0,0,0,675911.0,696149.0
776405,0,0,0,0,605400.0,690997.0
776358,1,0,1,1,669372.0,663903.0
776245,0,0,0,0,702070.0,669456.0
776475,0,0,0,0,641793.0,669456.0
776471,5,0,5,1,500779.0,605400.0
776386,0,0,0,0,691587.0,663623.0
776451,0,0,0,0,643377.0,668909.0
776316,1,0,1,1,671212.0,702056.0
776443,0,0,0,0,669432.0,808967.0
776375,0,2,2,1,518876.0,642547.0
776346,0,0,0,0,693821.0,686613.0
776195,0,0,0,0,622663.0,686613.0
776355,0,1,1,1,641154.0,694297.0
776335,0,0,0,0,690997.0,656641.0
776304,5,0,5,1,605280.0,650633.0
776175,2,4,6,1,677944.0,683004.0
776232,0,1,1,1,607536.0,702674.0
776300,1,0,1,1,700241.0,671096.0
776169,0,0,0,0,543294.0,669920.0
776360,0,0,0,0,694462.0,681151.0
776215,1,0,1,1,650911.0,665795.0
776240,0,0,0,0,680694.0,693645.0
776293,0,0,0,0,607536.0,691587.0
776280,0,0,0,0,605483.0,666200.0
776185,0,0,0,0,656222.0,808967.0
776369,2,0,2,1,592332.0,664299.0
776247,0,0,0,0,605288.0,690986.0
